train_number,station_id,initial_delay_minutes,cascade_depth,affected_trains_count,delay_spread_minutes,cross_zone_propagation,event_id,frontier_checks
12163,JHS,1.0,0,0,1.0,0,EVT000001,[]
12119,BZA,27.0,4,1,60.1,1,EVT000002,[]
12247,AGC,46.0,0,0,46.0,0,EVT000003,[]
12006,NDLS,23.0,2,1,49.6,1,EVT000004,[]
12031,LDH,1.0,0,0,1.0,0,EVT000005,[]
12163,NDLS,44.0,1,0,84.8,1,EVT000006,[]
12119,BPL,29.0,5,1,87.3,1,EVT000007,[]
12116,HWH,57.0,4,1,169.7,1,EVT000008,[]
12173,PRYJ,12.0,0,0,12.0,0,EVT000009,[]
12226,NGP,65.0,6,1,263.9,1,EVT000010,[]
12070,BPL,77.0,8,1,331.1,1,EVT000011,[]
12184,ROU,37.0,2,0,100.9,1,EVT000012,[]
12014,ADI,48.0,3,0,168.0,1,EVT000013,[]
12015,MS,4.0,0,0,4.0,0,EVT000014,[]
12240,ERS,21.0,2,0,55.2,1,EVT000015,[]
12025,AII,90.0,3,0,323.8,1,EVT000016,[]
12223,BZA,16.0,2,0,41.0,0,EVT000017,[]
12028,BPL,39.0,3,0,134.6,1,EVT000018,[]
12152,KYN,59.0,6,1,229.1,1,EVT000019,[]
12031,LDH,18.0,0,0,18.0,0,EVT000020,[]
12208,ASN,8.0,1,0,13.7,1,EVT000021,[]
12137,MAS,45.0,2,0,123.7,1,EVT000022,[]
12290,NJP,9.0,1,0,15.6,1,EVT000023,[]
12066,VSKP,36.0,4,1,129.7,1,EVT000024,[]
12179,AGC,15.0,4,0,49.8,1,EVT000025,[]
12097,PRYJ,29.0,3,0,97.5,1,EVT000026,[]
12137,SBC,11.0,0,0,11.0,0,EVT000027,[]
12234,PRYJ,32.0,1,0,61.5,1,EVT000028,[]
12173,PRYJ,28.0,0,0,28.0,0,EVT000029,[]
12124,SC,25.0,1,0,47.8,1,EVT000030,[]
12310,BPL,32.0,1,0,61.5,0,EVT000031,[]
12232,BZA,9.0,0,0,9.0,0,EVT000032,[]
12177,KGP,4.0,0,0,4.0,0,EVT000033,[]
12085,MLDT,10.0,1,0,18.5,0,EVT000034,[]
12120,BBS,54.0,5,1,185.5,1,EVT000035,[]
12217,MAS,30.0,2,0,80.9,1,EVT000036,[]
12068,CSMT,22.0,0,0,22.0,0,EVT000037,[]
12108,MAS,12.0,0,0,12.0,0,EVT000038,[]
12111,VSKP,49.0,5,1,161.2,1,EVT000039,[]
12156,COR,34.0,0,0,34.0,0,EVT000040,[]
12053,JP,45.0,5,0,212.7,1,EVT000041,[]
12147,UBL,17.0,3,0,53.0,1,EVT000042,[]
12153,BZA,48.0,5,1,155.9,1,EVT000043,[]
12208,AGC,45.0,0,0,45.0,0,EVT000044,[]
12198,PRYJ,5.0,0,0,5.0,0,EVT000045,[]
12104,MAS,13.0,1,0,24.4,1,EVT000046,[]
12291,NJP,30.0,0,0,30.0,0,EVT000047,[]
12188,JBP,31.0,4,1,111.8,1,EVT000048,[]
12245,DLI,76.0,1,0,147.2,0,EVT000049,[]
12087,MAS,3.0,0,0,3.0,0,EVT000050,[]
12257,SC,12.0,1,0,22.4,1,EVT000051,[]
12196,BSP,41.0,4,0,168.4,1,EVT000052,[]
12036,KGP,7.0,0,0,7.0,0,EVT000053,[]
12013,COR,43.0,3,0,149.4,1,EVT000054,[]
12228,TVC,66.0,0,0,66.0,0,EVT000055,[]
12018,BWN,57.0,5,0,276.3,1,EVT000056,[]
12042,KGP,72.0,3,0,257.0,1,EVT000057,[]
12097,PNBE,62.0,8,1,305.1,1,EVT000058,[]
12246,NDLS,41.0,1,0,79.0,0,EVT000059,[]
12068,CSMT,1.0,0,0,1.0,0,EVT000060,[]
12135,BSP,16.0,2,0,41.0,1,EVT000061,[]
12316,MS,25.0,4,0,96.0,1,EVT000062,[]
12016,GHY,39.0,4,0,159.3,1,EVT000063,[]
12200,SBC,34.0,1,0,65.3,0,EVT000064,[]
12273,JHS,25.0,3,1,60.7,1,EVT000065,[]
12306,CSMT,7.0,1,0,12.7,1,EVT000066,[]
12240,ERS,72.0,2,0,200.7,1,EVT000067,[]
12117,HWH,1.0,0,0,1.0,0,EVT000068,[]
12307,BCT,42.0,3,0,145.7,1,EVT000069,[]
12051,COR,8.0,1,0,13.7,0,EVT000070,[]
12274,PRYJ,36.0,6,1,159.4,1,EVT000071,[]
12174,VSKP,1.0,0,0,1.0,0,EVT000072,[]
12209,BPL,1.0,0,0,1.0,0,EVT000073,[]
12182,ST,56.0,6,1,244.3,1,EVT000074,[]
12167,NGP,34.0,1,0,65.3,1,EVT000075,[]
12084,NGP,37.0,7,1,144.2,1,EVT000076,[]
12269,MAS,43.0,0,0,43.0,0,EVT000077,[]
12178,HWH,44.0,5,1,149.8,1,EVT000078,[]
12123,SC,26.0,2,0,69.5,1,EVT000079,[]
12228,TVC,48.0,0,0,48.0,0,EVT000080,[]
12234,PRYJ,43.0,3,1,99.7,1,EVT000081,[]
12079,ROU,16.0,3,0,49.3,1,EVT000082,[]
12234,PRYJ,23.0,1,0,43.9,1,EVT000083,[]
12245,NGP,22.0,2,0,58.1,1,EVT000084,[]
12219,SDAH,38.0,7,1,151.0,1,EVT000085,[]
12030,KYN,63.0,2,0,175.1,1,EVT000086,[]
12224,JU,29.0,6,0,139.2,1,EVT000087,[]
12144,MAS,40.0,0,0,40.0,0,EVT000088,[]
12113,NDLS,8.0,1,0,13.7,1,EVT000089,[]
12126,BCT,62.0,2,1,93.2,1,EVT000090,[]
12066,BCT,39.0,6,1,128.6,1,EVT000091,[]
12203,GHY,47.0,0,0,47.0,0,EVT000092,[]
12269,SC,2.0,0,0,2.0,0,EVT000093,[]
12308,ADI,30.0,4,0,118.6,1,EVT000094,[]
12052,PUNE,39.0,2,1,54.1,1,EVT000095,[]
12103,SDAH,34.0,3,0,116.1,1,EVT000096,[]
12191,JP,9.0,2,0,21.0,1,EVT000097,[]
12092,KYN,26.0,2,0,69.5,1,EVT000098,[]
12241,BBS,44.0,4,1,151.7,1,EVT000099,[]
12123,SC,34.0,2,0,92.3,1,EVT000100,[]
12234,NDLS,31.0,0,0,31.0,0,EVT000101,[]
12182,JP,55.0,3,1,133.4,1,EVT000102,[]
12258,ST,43.0,0,0,43.0,0,EVT000103,[]
12025,KYN,1.0,0,0,1.0,0,EVT000104,[]
12105,BBS,1.0,0,0,1.0,0,EVT000105,[]
12042,DURG,20.0,0,0,20.0,0,EVT000106,[]
12266,SBC,36.0,7,1,154.4,1,EVT000107,[]
12221,MYS,2.0,0,0,2.0,0,EVT000108,[]
12144,MAS,21.0,0,0,21.0,0,EVT000109,[]
12244,AII,20.0,0,0,20.0,0,EVT000110,[]
12125,PNBE,15.0,0,0,15.0,0,EVT000111,[]
12027,RTM,6.0,0,0,6.0,0,EVT000112,[]
12086,VSKP,47.0,1,0,90.7,1,EVT000113,[]
12236,MDU,33.0,0,0,33.0,0,EVT000114,[]
12135,DURG,1.0,0,0,1.0,0,EVT000115,[]
12183,PNBE,10.0,2,0,23.9,1,EVT000116,[]
12298,SUR,23.0,0,0,23.0,0,EVT000117,[]
12221,SBC,10.0,1,0,18.5,0,EVT000118,[]
12132,TVC,54.0,4,0,227.2,1,EVT000119,[]
12275,ASR,74.0,4,0,317.7,1,EVT000120,[]
12301,SDAH,11.0,0,0,11.0,0,EVT000121,[]
12231,NJP,16.0,2,0,41.0,1,EVT000122,[]
12250,MAS,81.0,6,1,385.6,1,EVT000123,[]
12158,SC,14.0,1,0,26.4,1,EVT000124,[]
12253,ST,34.0,0,0,34.0,0,EVT000125,[]
12113,CBE,24.0,5,0,101.4,1,EVT000126,[]
12044,BSP,16.0,1,0,30.2,1,EVT000127,[]
12091,NDLS,47.0,3,0,164.3,1,EVT000128,[]
12287,BCT,18.0,2,0,46.7,1,EVT000129,[]
12026,AGC,2.0,0,0,2.0,0,EVT000130,[]
12183,UMB,21.0,5,0,85.5,1,EVT000131,[]
12215,JP,7.0,0,0,7.0,0,EVT000132,[]
12122,HYB,31.0,5,1,83.1,1,EVT000133,[]
12189,HWH,48.0,0,0,48.0,0,EVT000134,[]
12106,ERS,46.0,3,1,121.4,1,EVT000135,[]
12076,SC,28.0,1,0,53.6,1,EVT000136,[]
12074,MS,52.0,0,0,52.0,0,EVT000137,[]
12248,MLDT,14.0,1,0,26.4,1,EVT000138,[]
12101,PNBE,37.0,3,1,79.4,1,EVT000139,[]
12104,KGP,26.0,3,1,51.8,1,EVT000140,[]
12288,ST,29.0,0,0,29.0,0,EVT000141,[]
12207,DLI,48.0,1,0,92.7,1,EVT000142,[]
12199,CBE,30.0,4,1,73.0,1,EVT000143,[]
12238,DLI,19.0,2,0,49.5,1,EVT000144,[]
12177,HWH,74.0,2,0,206.4,1,EVT000145,[]
12096,JHS,31.0,0,0,31.0,0,EVT000146,[]
12232,MAS,28.0,2,0,75.2,1,EVT000147,[]
12000,JBP,15.0,3,0,45.6,1,EVT000148,[]
12081,BCT,32.0,1,0,61.5,1,EVT000149,[]
12227,BZA,42.0,3,1,96.0,1,EVT000150,[]
12117,COR,19.0,3,0,60.4,1,EVT000151,[]
12124,BBS,36.0,4,0,145.8,1,EVT000152,[]
12298,CSMT,94.0,1,0,182.3,0,EVT000153,[]
12032,RTM,23.0,0,0,23.0,0,EVT000154,[]
12248,NJP,36.0,0,0,36.0,0,EVT000155,[]
12117,COR,14.0,3,0,41.9,1,EVT000156,[]
12259,DD,63.0,7,2,301.1,1,EVT000157,[]
12005,KYN,81.0,2,0,226.4,1,EVT000158,[]
12088,BBS,16.0,1,0,30.2,0,EVT000159,[]
12111,NDLS,107.0,9,1,655.5,1,EVT000160,[]
12102,BBS,29.0,0,0,29.0,0,EVT000161,[]
12231,ADI,17.0,0,0,17.0,0,EVT000162,[]
12127,GHY,1.0,0,0,1.0,0,EVT000163,[]
12203,NDLS,29.0,4,0,114.1,1,EVT000164,[]
12309,PNBE,51.0,3,0,179.1,1,EVT000165,[]
12037,PNBE,63.0,5,1,215.8,1,EVT000166,[]
12211,COR,30.0,2,0,80.9,1,EVT000167,[]
12177,HWH,70.0,2,0,195.0,1,EVT000168,[]
12290,ERS,23.0,0,0,23.0,0,EVT000169,[]
12156,COR,87.0,0,0,87.0,0,EVT000170,[]
12131,TPJ,1.0,0,0,1.0,0,EVT000171,[]
12121,PUNE,42.0,1,0,80.9,0,EVT000172,[]
12174,MAS,83.0,2,0,232.1,1,EVT000173,[]
12188,BPL,15.0,4,0,50.7,1,EVT000174,[]
12096,SBC,1.0,0,0,1.0,0,EVT000175,[]
12007,JP,15.0,3,0,45.6,1,EVT000176,[]
12235,NGP,63.0,6,1,314.6,1,EVT000177,[]
12271,CBE,56.0,4,0,236.2,1,EVT000178,[]
12071,JP,76.0,10,1,415.7,1,EVT000179,[]
12080,NDLS,1.0,0,0,1.0,0,EVT000180,[]
12244,UBL,1.0,0,0,1.0,0,EVT000181,[]
12151,CSMT,51.0,2,0,140.8,1,EVT000182,[]
12247,ERS,58.0,5,0,281.6,1,EVT000183,[]
12166,NGP,50.0,8,1,252.9,1,EVT000184,[]
12244,MAO,8.0,1,0,13.7,1,EVT000185,[]
12128,MFP,47.0,0,0,47.0,0,EVT000186,[]
12217,MAS,1.0,0,0,1.0,0,EVT000187,[]
12264,KYN,21.0,0,0,21.0,0,EVT000188,[]
12108,BBS,16.0,2,0,41.0,1,EVT000189,[]
12139,CTC,21.0,1,1,26.8,0,EVT000190,[]
12167,NGP,40.0,1,0,77.0,1,EVT000191,[]
12311,TATA,30.0,0,0,30.0,0,EVT000192,[]
12036,BWN,79.0,6,1,356.5,1,EVT000193,[]
12259,PNBE,47.0,8,1,247.3,1,EVT000194,[]
12158,SBC,30.0,3,1,66.8,1,EVT000195,[]
12309,MAS,55.0,1,0,106.3,0,EVT000196,[]
12193,BSP,32.0,0,0,32.0,0,EVT000197,[]
12277,ASR,41.0,0,0,41.0,0,EVT000198,[]
12034,SUR,59.0,4,1,189.3,1,EVT000199,[]
12007,JP,9.0,1,0,15.6,1,EVT000200,[]
12092,KYN,1.0,0,0,1.0,0,EVT000201,[]
12126,NDLS,1.0,0,0,1.0,0,EVT000202,[]
12199,MYS,54.0,10,1,319.1,1,EVT000203,[]
12103,NDLS,29.0,2,0,78.1,1,EVT000204,[]
12313,COR,1.0,0,0,1.0,0,EVT000205,[]
12270,PRYJ,20.0,3,0,64.1,1,EVT000206,[]
12291,ASR,2.0,0,0,2.0,0,EVT000207,[]
12197,MS,3.0,0,0,3.0,0,EVT000208,[]
12062,NDLS,1.0,0,0,1.0,0,EVT000209,[]
12039,BPL,18.0,3,0,56.7,1,EVT000210,[]
12229,GHY,1.0,0,0,1.0,0,EVT000211,[]
12116,KGP,31.0,2,0,83.8,1,EVT000212,[]
12138,ADI,1.0,0,0,1.0,0,EVT000213,[]
12213,NGP,1.0,0,0,1.0,0,EVT000214,[]
12304,SC,26.0,2,0,69.5,1,EVT000215,[]
12174,BBS,63.0,0,0,63.0,0,EVT000216,[]
12295,HWH,66.0,5,1,267.9,1,EVT000217,[]
12117,COR,17.0,3,0,53.0,1,EVT000218,[]
12153,BZA,47.0,4,1,145.8,1,EVT000219,[]
12214,BBS,1.0,0,0,1.0,0,EVT000220,[]
12057,BZA,70.0,8,1,388.5,1,EVT000221,[]
12221,JHS,16.0,3,0,49.3,1,EVT000222,[]
12163,PRYJ,27.0,2,0,72.4,1,EVT000223,[]
12211,BPL,1.0,0,0,1.0,0,EVT000224,[]
12107,SC,34.0,2,0,92.3,1,EVT000225,[]
12163,PRYJ,56.0,2,0,155.1,1,EVT000226,[]
12176,JBP,30.0,2,0,80.9,1,EVT000227,[]
12153,SC,46.0,3,0,160.6,1,EVT000228,[]
12231,GHY,8.0,1,0,14.6,1,EVT000229,[]
12068,NGP,77.0,1,0,149.2,0,EVT000230,[]
12137,SC,53.0,1,0,102.4,1,EVT000231,[]
12261,HWH,14.0,4,0,46.2,1,EVT000232,[]
12213,CSMT,113.0,6,1,581.5,1,EVT000233,[]
12284,SDAH,4.0,0,0,4.0,0,EVT000234,[]
12094,BSP,1.0,0,0,1.0,0,EVT000235,[]
12292,HYB,8.0,0,0,8.0,0,EVT000236,[]
12114,NDLS,13.0,3,0,38.2,1,EVT000237,[]
12123,SC,1.0,0,0,1.0,0,EVT000238,[]
12184,BWN,21.0,5,0,85.5,1,EVT000239,[]
12271,MAS,77.0,3,0,275.6,1,EVT000240,[]
12026,LDH,25.0,0,0,25.0,0,EVT000241,[]
12243,DLI,33.0,0,0,33.0,0,EVT000242,[]
12228,TVC,6.0,0,0,6.0,0,EVT000243,[]
12299,NDLS,22.0,1,0,42.0,0,EVT000244,[]
12187,PRYJ,44.0,2,0,120.9,1,EVT000245,[]
12149,KYN,57.0,2,0,157.9,1,EVT000246,[]
12268,SUR,13.0,3,0,37.2,1,EVT000247,[]
12224,JP,25.0,5,0,106.7,1,EVT000248,[]
12239,DLI,33.0,3,0,112.4,1,EVT000249,[]
12283,ASR,46.0,3,0,160.6,1,EVT000250,[]
12201,MLDT,32.0,4,1,82.9,1,EVT000251,[]
12311,TATA,11.0,0,0,11.0,0,EVT000252,[]
12292,BZA,1.0,0,0,1.0,0,EVT000253,[]
12017,UMB,67.0,0,0,67.0,0,EVT000254,[]
12210,PUNE,1.0,0,0,1.0,0,EVT000255,[]
12162,TPJ,60.0,5,0,292.2,1,EVT000256,[]
12315,MAS,43.0,7,1,184.0,1,EVT000257,[]
12053,PRYJ,25.0,2,0,66.7,1,EVT000258,[]
12018,VSKP,36.0,1,0,69.2,0,EVT000259,[]
12199,SC,1.0,0,0,1.0,0,EVT000260,[]
12053,JP,21.0,5,0,85.5,1,EVT000261,[]
12194,NDLS,15.0,1,0,28.3,1,EVT000262,[]
12012,MAO,1.0,0,0,1.0,0,EVT000263,[]
12038,MAS,31.0,1,0,59.5,0,EVT000264,[]
12108,BBS,36.0,2,0,98.0,1,EVT000265,[]
12034,BZA,48.0,7,1,218.0,1,EVT000266,[]
12264,KYN,31.0,0,0,31.0,0,EVT000267,[]
12222,BSP,66.0,2,0,183.6,1,EVT000268,[]
12101,KGP,31.0,3,1,73.7,1,EVT000269,[]
12033,CSMT,10.0,2,0,23.9,1,EVT000270,[]
12296,AGC,36.0,4,1,101.5,1,EVT000271,[]
12092,JU,15.0,0,0,15.0,0,EVT000272,[]
12056,JP,28.0,2,0,75.2,1,EVT000273,[]
12220,MAS,31.0,3,0,104.9,1,EVT000274,[]
12116,NGP,29.0,5,0,127.9,1,EVT000275,[]
12027,RTM,1.0,0,0,1.0,0,EVT000276,[]
12086,VSKP,18.0,1,0,34.1,1,EVT000277,[]
12144,MS,38.0,1,0,73.2,0,EVT000278,[]
12201,NDLS,2.0,0,0,2.0,0,EVT000279,[]
12268,NDLS,10.0,1,0,18.5,1,EVT000280,[]
12130,CTC,1.0,0,0,1.0,0,EVT000281,[]
12163,PRYJ,17.0,2,0,43.8,1,EVT000282,[]
12054,COR,36.0,0,0,36.0,0,EVT000283,[]
12087,SC,19.0,2,0,49.5,1,EVT000284,[]
12131,KGP,31.0,2,0,83.8,1,EVT000285,[]
12128,MFP,41.0,0,0,41.0,0,EVT000286,[]
12201,NDLS,9.0,1,0,15.6,1,EVT000287,[]
12249,NJP,29.0,5,0,127.9,1,EVT000288,[]
12193,ROU,46.0,1,0,88.8,1,EVT000289,[]
12134,VSKP,48.0,2,0,132.3,0,EVT000290,[]
12223,BPL,15.0,3,0,45.6,1,EVT000291,[]
12156,COR,29.0,0,0,29.0,0,EVT000292,[]
12009,NDLS,33.0,3,0,112.4,1,EVT000293,[]
12220,HWH,7.0,1,0,12.7,0,EVT000294,[]
12050,BCT,20.0,2,0,52.4,1,EVT000295,[]
12283,ASR,31.0,3,0,104.9,1,EVT000296,[]
12080,PNBE,47.0,1,0,90.7,1,EVT000297,[]
12319,HYB,24.0,0,0,24.0,0,EVT000298,[]
12203,PNBE,7.0,0,0,7.0,0,EVT000299,[]
12148,ADI,24.0,0,0,24.0,0,EVT000300,[]
12308,GHY,6.0,0,0,6.0,0,EVT000301,[]
12230,JP,95.0,7,1,309.2,1,EVT000302,[]
12213,SC,11.0,0,0,11.0,0,EVT000303,[]
12245,NDLS,15.0,0,0,15.0,0,EVT000304,[]
12102,BBS,57.0,0,0,57.0,0,EVT000305,[]
12265,MDU,33.0,3,0,112.4,1,EVT000306,[]
12219,HWH,34.0,6,1,105.9,1,EVT000307,[]
12257,SBC,25.0,2,0,66.7,1,EVT000308,[]
12217,HYB,8.0,0,0,8.0,0,EVT000309,[]
12210,PUNE,16.0,2,0,41.0,1,EVT000310,[]
12275,BAM,85.0,1,0,164.8,0,EVT000311,[]
12197,MS,28.0,0,0,28.0,0,EVT000312,[]
12073,NDLS,38.0,7,1,151.0,1,EVT000313,[]
12084,NGP,17.0,1,0,32.2,1,EVT000314,[]
12207,DLI,19.0,1,0,36.1,1,EVT000315,[]
12098,HWH,68.0,2,0,189.3,1,EVT000316,[]
12233,MAS,45.0,1,0,86.8,0,EVT000317,[]
12252,SBC,45.0,3,0,156.9,1,EVT000318,[]
12280,NDLS,64.0,0,0,64.0,0,EVT000319,[]
12139,CTC,53.0,6,1,222.6,1,EVT000320,[]
12122,CSMT,58.0,8,1,312.8,1,EVT000321,[]
12248,KGP,58.0,3,0,205.1,1,EVT000322,[]
12287,BCT,8.0,1,0,13.7,1,EVT000323,[]
12136,KYN,68.0,1,0,131.7,0,EVT000324,[]
12058,VSKP,55.0,1,0,106.3,0,EVT000325,[]
12164,CSMT,16.0,2,0,41.0,1,EVT000326,[]
12124,SBC,38.0,4,1,74.7,1,EVT000327,[]
12073,VSKP,33.0,5,1,117.2,1,EVT000328,[]
12253,ADI,12.0,1,0,22.4,0,EVT000329,[]
12148,JBP,65.0,6,1,243.8,1,EVT000330,[]
12179,MAS,49.0,1,0,94.6,0,EVT000331,[]
12203,PRYJ,37.0,3,0,127.2,1,EVT000332,[]
12224,JP,54.0,5,0,260.4,1,EVT000333,[]
12224,COR,7.0,0,0,7.0,0,EVT000334,[]
12091,PNBE,1.0,0,0,1.0,0,EVT000335,[]
12262,NGP,15.0,0,0,15.0,0,EVT000336,[]
12203,GHY,55.0,0,0,55.0,0,EVT000337,[]
12126,UMB,75.0,6,1,340.1,1,EVT000338,[]
12261,HWH,25.0,4,0,96.0,1,EVT000339,[]
12196,NGP,58.0,5,0,281.6,1,EVT000340,[]
12022,COR,11.0,0,0,11.0,0,EVT000341,[]
12179,PRYJ,12.0,2,0,28.6,1,EVT000342,[]
12131,BSP,49.0,4,0,204.6,1,EVT000343,[]
12028,JHS,9.0,1,0,15.6,1,EVT000344,[]
12207,CSMT,48.0,0,0,48.0,0,EVT000345,[]
12058,VSKP,30.0,1,0,57.5,0,EVT000346,[]
12114,COR,70.0,2,0,195.0,1,EVT000347,[]
12006,COR,21.0,1,1,26.8,1,EVT000348,[]
12231,HWH,37.0,4,0,150.3,1,EVT000349,[]
12182,ST,72.0,6,1,341.6,1,EVT000350,[]
12061,NDLS,53.0,6,1,214.3,1,EVT000351,[]
12080,PNBE,28.0,1,0,53.6,1,EVT000352,[]
12252,BPL,26.0,2,0,69.5,1,EVT000353,[]
12088,VSKP,42.0,6,1,159.6,1,EVT000354,[]
12126,NDLS,65.0,4,1,237.1,1,EVT000355,[]
12187,BSP,37.0,3,0,127.2,1,EVT000356,[]
12185,BCT,45.0,4,1,166.0,1,EVT000357,[]
12034,SUR,78.0,4,1,276.6,1,EVT000358,[]
12171,PRYJ,12.0,2,0,29.6,1,EVT000359,[]
12101,KGP,1.0,0,0,1.0,0,EVT000360,[]
12192,ADI,71.0,7,1,325.1,1,EVT000361,[]
12072,ADI,12.0,0,0,12.0,0,EVT000362,[]
12261,HWH,49.0,4,0,204.6,1,EVT000363,[]
12226,BSL,30.0,0,0,30.0,0,EVT000364,[]
12307,NGP,29.0,2,0,78.1,1,EVT000365,[]
12205,MAS,57.0,3,0,201.4,1,EVT000366,[]
12007,JHS,16.0,0,0,16.0,0,EVT000367,[]
12260,KYN,57.0,0,0,57.0,0,EVT000368,[]
12144,MS,26.0,1,0,49.8,0,EVT000369,[]
12024,TPJ,35.0,6,1,143.3,1,EVT000370,[]
12265,MAS,1.0,0,0,1.0,0,EVT000371,[]
12120,BBS,48.0,5,1,153.3,1,EVT000372,[]
12011,ASN,20.0,4,0,73.4,1,EVT000373,[]
12216,LDH,18.0,0,0,18.0,0,EVT000374,[]
12177,MLDT,45.0,1,0,86.8,1,EVT000375,[]
12260,PUNE,70.0,1,0,135.6,0,EVT000376,[]
12038,MAS,62.0,5,1,228.4,1,EVT000377,[]
12132,MAS,30.0,3,0,101.2,1,EVT000378,[]
12061,DLI,1.0,0,0,1.0,0,EVT000379,[]
12011,ADI,68.0,0,0,68.0,0,EVT000380,[]
12120,BCT,18.0,2,0,46.7,1,EVT000381,[]
12180,GHY,7.0,0,0,7.0,0,EVT000382,[]
12066,VSKP,34.0,3,0,116.1,1,EVT000383,[]
12130,KYN,57.0,2,0,157.9,1,EVT000384,[]
12291,ASR,51.0,5,1,218.9,1,EVT000385,[]
12258,ST,20.0,0,0,20.0,0,EVT000386,[]
12125,PNBE,47.0,4,1,116.1,1,EVT000387,[]
12242,PUNE,33.0,2,0,89.5,1,EVT000388,[]
12088,VSKP,11.0,2,0,26.7,0,EVT000389,[]
12306,KYN,46.0,2,0,126.6,1,EVT000390,[]
12122,SC,43.0,7,1,185.1,1,EVT000391,[]
12272,VSKP,37.0,2,0,100.9,1,EVT000392,[]
12240,ERS,29.0,2,0,78.1,1,EVT000393,[]
12232,BZA,1.0,0,0,1.0,0,EVT000394,[]
12151,SC,71.0,1,0,137.5,0,EVT000395,[]
12232,MAS,34.0,2,0,92.3,1,EVT000396,[]
12144,MAS,66.0,1,1,71.8,1,EVT000397,[]
12220,MAS,48.0,3,0,168.0,1,EVT000398,[]
12216,BPL,29.0,3,0,97.5,1,EVT000399,[]
12049,ST,1.0,0,0,1.0,0,EVT000400,[]
12117,COR,27.0,3,0,90.1,1,EVT000401,[]
12279,KGP,1.0,0,0,1.0,0,EVT000402,[]
12113,CBE,29.0,5,0,127.9,1,EVT000403,[]
12115,BSP,9.0,2,0,21.0,1,EVT000404,[]
12252,COR,41.0,1,0,79.0,1,EVT000405,[]
12084,BCT,55.0,8,1,290.4,1,EVT000406,[]
12047,MFP,25.0,0,0,25.0,0,EVT000407,[]
12271,KGP,51.0,2,0,140.8,1,EVT000408,[]
12258,BBS,31.0,2,0,83.8,1,EVT000409,[]
12169,MFP,25.0,0,0,25.0,0,EVT000410,[]
12257,MAO,3.0,0,0,3.0,0,EVT000411,[]
12301,MAS,39.0,3,0,134.6,1,EVT000412,[]
12162,MDU,53.0,4,0,222.7,1,EVT000413,[]
12148,JBP,1.0,0,0,1.0,0,EVT000414,[]
12034,SC,1.0,0,0,1.0,0,EVT000415,[]
12040,JP,11.0,2,0,26.7,1,EVT000416,[]
12167,BPL,27.0,0,0,27.0,0,EVT000417,[]
12224,JBP,21.0,3,0,67.8,1,EVT000418,[]
12316,MS,1.0,0,0,1.0,0,EVT000419,[]
12298,SBC,31.0,3,0,104.9,1,EVT000420,[]
12237,JBP,1.0,0,0,1.0,0,EVT000421,[]
12281,NDLS,34.0,1,0,65.3,0,EVT000422,[]
12130,BBS,8.0,1,0,14.6,0,EVT000423,[]
12043,BCT,44.0,4,0,181.9,1,EVT000424,[]
12298,SBC,67.0,3,0,238.5,1,EVT000425,[]
12261,NDLS,40.0,2,0,109.4,1,EVT000426,[]
12247,VSKP,38.0,3,0,130.9,1,EVT000427,[]
12301,MDU,42.0,4,0,172.9,1,EVT000428,[]
12152,PUNE,67.0,5,1,234.2,1,EVT000429,[]
12300,SBC,1.0,0,0,1.0,0,EVT000430,[]
12111,LDH,46.0,4,0,191.0,1,EVT000431,[]
12191,MDU,87.0,0,0,87.0,0,EVT000432,[]
12128,PNBE,40.0,1,0,77.0,0,EVT000433,[]
12024,MAS,7.0,0,0,7.0,0,EVT000434,[]
12047,MFP,38.0,0,0,38.0,0,EVT000435,[]
12015,SBC,24.0,3,0,79.0,1,EVT000436,[]
12135,BSP,23.0,2,0,61.0,1,EVT000437,[]
12077,NGP,5.0,0,0,5.0,0,EVT000438,[]
12061,NDLS,25.0,1,0,47.8,0,EVT000439,[]
12025,JP,47.0,2,0,129.4,1,EVT000440,[]
12190,JP,10.0,1,0,18.5,0,EVT000441,[]
12105,PURI,53.0,8,1,261.5,1,EVT000442,[]
12028,COR,12.0,2,0,29.6,1,EVT000443,[]
12137,MAS,27.0,2,0,72.4,1,EVT000444,[]
12193,MAS,15.0,3,0,45.6,1,EVT000445,[]
12121,BZA,1.0,0,0,1.0,0,EVT000446,[]
12201,NJP,38.0,3,1,83.1,1,EVT000447,[]
12309,MDU,79.0,0,0,79.0,0,EVT000448,[]
12031,LDH,1.0,0,0,1.0,0,EVT000449,[]
12039,SBC,55.0,4,0,231.7,1,EVT000450,[]
12028,TVC,40.0,0,0,40.0,0,EVT000451,[]
12243,DLI,23.0,0,0,23.0,0,EVT000452,[]
12212,PRYJ,1.0,0,0,1.0,0,EVT000453,[]
12278,RTM,33.0,4,0,132.2,1,EVT000454,[]
12184,BWN,1.0,0,0,1.0,0,EVT000455,[]
12300,CSMT,8.0,1,0,13.7,1,EVT000456,[]
12149,CTC,88.0,5,1,259.6,1,EVT000457,[]
12126,DLI,20.0,2,0,52.4,1,EVT000458,[]
12200,BPL,10.0,2,0,23.9,1,EVT000459,[]
12222,COR,33.0,0,0,33.0,0,EVT000460,[]
12255,HWH,52.0,0,0,52.0,0,EVT000461,[]
12191,TVC,55.0,1,0,106.3,0,EVT000462,[]
12223,HYB,8.0,0,0,8.0,0,EVT000463,[]
12188,BSP,54.0,6,1,250.8,1,EVT000464,[]
12251,PRYJ,56.0,2,0,155.1,1,EVT000465,[]
12280,NGP,28.0,2,0,75.2,1,EVT000466,[]
12182,ST,48.0,6,1,195.7,1,EVT000467,[]
12099,HWH,5.0,0,0,5.0,0,EVT000468,[]
12248,KGP,8.0,1,0,13.7,1,EVT000469,[]
12141,DLI,26.0,2,0,69.5,1,EVT000470,[]
12125,GKP,41.0,5,1,115.7,1,EVT000471,[]
12279,SC,24.0,4,0,91.5,1,EVT000472,[]
12158,TVC,26.0,3,0,86.4,1,EVT000473,[]
12006,NDLS,34.0,6,1,119.0,1,EVT000474,[]
12304,UBL,28.0,4,0,109.6,1,EVT000475,[]
12272,VSKP,59.0,2,0,163.6,1,EVT000476,[]
12196,BWN,12.0,0,0,12.0,0,EVT000477,[]
12227,BZA,44.0,4,1,109.3,1,EVT000478,[]
12245,NGP,56.0,2,0,155.1,1,EVT000479,[]
12257,MAO,65.0,9,1,399.6,1,EVT000480,[]
12111,MDU,1.0,0,0,1.0,0,EVT000481,[]
12165,NGP,19.0,1,0,36.1,1,EVT000482,[]
12001,BCT,30.0,3,0,101.2,1,EVT000483,[]
12304,UBL,24.0,4,0,91.5,1,EVT000484,[]
12209,BPL,1.0,0,0,1.0,0,EVT000485,[]
12285,NJP,21.0,0,0,21.0,0,EVT000486,[]
12223,BPL,1.0,0,0,1.0,0,EVT000487,[]
12259,BSL,41.0,4,1,124.5,1,EVT000488,[]
12059,MAS,9.0,1,0,16.6,0,EVT000489,[]
12222,BSP,7.0,0,0,7.0,0,EVT000490,[]
12128,PNBE,25.0,1,0,47.8,0,EVT000491,[]
12259,GKP,56.0,9,1,335.3,1,EVT000492,[]
12317,VSKP,31.0,1,0,59.5,0,EVT000493,[]
12303,HWH,1.0,0,0,1.0,0,EVT000494,[]
12095,JP,26.0,1,0,49.8,1,EVT000495,[]
12146,SDAH,25.0,0,0,25.0,0,EVT000496,[]
12281,DLI,15.0,0,0,15.0,0,EVT000497,[]
12094,JP,59.0,4,1,136.4,1,EVT000498,[]
12068,BPL,30.0,2,0,80.9,1,EVT000499,[]
12103,VSKP,81.0,1,0,157.0,1,EVT000500,[]
12241,BZA,46.0,6,1,211.2,1,EVT000501,[]
12257,SBC,1.0,0,0,1.0,0,EVT000502,[]
12268,SUR,31.0,4,0,123.1,1,EVT000503,[]
12243,NDLS,7.0,1,0,12.7,0,EVT000504,[]
12240,MAS,10.0,1,0,18.5,1,EVT000505,[]
12013,TVC,6.0,0,0,6.0,0,EVT000506,[]
12005,KYN,63.0,2,0,175.1,1,EVT000507,[]
12071,AII,42.0,4,0,172.9,1,EVT000508,[]
12041,PRYJ,1.0,0,0,1.0,0,EVT000509,[]
12075,TVC,4.0,0,0,4.0,0,EVT000510,[]
12008,MAO,10.0,1,0,18.5,1,EVT000511,[]
12234,PRYJ,1.0,0,0,1.0,0,EVT000512,[]
12142,HWH,1.0,0,0,1.0,0,EVT000513,[]
12017,UMB,16.0,0,0,16.0,0,EVT000514,[]
12161,JBP,28.0,2,0,75.2,1,EVT000515,[]
12316,BWN,29.0,0,0,29.0,0,EVT000516,[]
12189,HWH,26.0,0,0,26.0,0,EVT000517,[]
12209,SUR,1.0,0,0,1.0,0,EVT000518,[]
12054,COR,31.0,0,0,31.0,0,EVT000519,[]
12170,DLI,57.0,6,1,269.1,1,EVT000520,[]
12147,MAO,23.0,2,0,61.0,1,EVT000521,[]
12218,MAO,46.0,2,0,126.6,1,EVT000522,[]
12110,NDLS,26.0,3,0,86.4,1,EVT000523,[]
12226,NGP,86.0,6,1,392.0,1,EVT000524,[]
12211,JP,6.0,0,0,6.0,0,EVT000525,[]
12124,SBC,33.0,2,1,46.2,1,EVT000526,[]
12001,KYN,31.0,1,0,59.5,1,EVT000527,[]
12006,COR,1.0,0,0,1.0,0,EVT000528,[]
12276,TVC,17.0,0,0,17.0,0,EVT000529,[]
12149,BBS,54.0,2,1,109.5,1,EVT000530,[]
12269,HYB,34.0,2,0,92.3,1,EVT000531,[]
12239,DLI,28.0,3,0,93.8,1,EVT000532,[]
12207,CSMT,17.0,0,0,17.0,0,EVT000533,[]
12187,PRYJ,6.0,0,0,6.0,0,EVT000534,[]
12145,ST,1.0,0,0,1.0,0,EVT000535,[]
12171,PNBE,43.0,1,0,82.9,0,EVT000536,[]
12244,KYN,57.0,4,1,220.7,1,EVT000537,[]
12310,COR,8.0,0,0,8.0,0,EVT000538,[]
12178,KGP,66.0,6,1,306.0,1,EVT000539,[]
12201,VSKP,1.0,0,0,1.0,0,EVT000540,[]
12084,NGP,37.0,7,1,144.2,1,EVT000541,[]
12113,MAS,1.0,0,0,1.0,0,EVT000542,[]
12139,BBS,37.0,7,1,144.2,1,EVT000543,[]
12126,DLI,1.0,0,0,1.0,0,EVT000544,[]
12182,ST,59.0,6,1,262.6,1,EVT000545,[]
12084,BCT,19.0,2,0,49.5,1,EVT000546,[]
12224,JP,2.0,0,0,2.0,0,EVT000547,[]
12256,NDLS,29.0,3,0,97.5,1,EVT000548,[]
12009,PRYJ,6.0,0,0,6.0,0,EVT000549,[]
12049,ST,23.0,0,0,23.0,0,EVT000550,[]
12209,SUR,17.0,3,0,53.0,1,EVT000551,[]
12055,MAS,43.0,4,1,156.6,1,EVT000552,[]
12088,ERS,43.0,6,1,192.4,1,EVT000553,[]
12299,JHS,1.0,0,0,1.0,0,EVT000554,[]
12030,BBS,1.0,0,0,1.0,0,EVT000555,[]
12112,COR,28.0,1,0,53.6,0,EVT000556,[]
12018,SDAH,1.0,0,0,1.0,0,EVT000557,[]
12044,BSP,70.0,1,0,135.6,1,EVT000558,[]
12189,HWH,25.0,0,0,25.0,0,EVT000559,[]
12212,JHS,52.0,5,1,197.3,1,EVT000560,[]
12293,HYB,59.0,0,0,59.0,0,EVT000561,[]
12304,KGP,1.0,0,0,1.0,0,EVT000562,[]
12096,BPL,36.0,1,0,69.2,1,EVT000563,[]
12088,MAS,47.0,7,1,211.2,1,EVT000564,[]
12061,DLI,59.0,7,2,229.5,1,EVT000565,[]
12063,DHN,1.0,0,0,1.0,0,EVT000566,[]
12174,VSKP,44.0,1,0,84.8,0,EVT000567,[]
12106,MAS,73.0,2,1,162.8,1,EVT000568,[]
12037,PNBE,20.0,1,0,38.0,0,EVT000569,[]
12246,LDH,12.0,0,0,12.0,0,EVT000570,[]
12140,KGP,64.0,4,1,229.5,1,EVT000571,[]
12077,NGP,11.0,1,0,20.5,1,EVT000572,[]
12316,KGP,67.0,2,0,186.5,1,EVT000573,[]
12081,R,14.0,3,0,41.9,1,EVT000574,[]
12228,JP,5.0,0,0,5.0,0,EVT000575,[]
12149,CTC,39.0,0,0,39.0,0,EVT000576,[]
12298,SUR,12.0,0,0,12.0,0,EVT000577,[]
12213,CSMT,21.0,1,0,40.0,1,EVT000578,[]
12206,SC,21.0,4,0,77.9,1,EVT000579,[]
12207,DLI,1.0,0,0,1.0,0,EVT000580,[]
12016,NJP,58.0,5,0,281.6,1,EVT000581,[]
12230,JP,57.0,1,0,110.2,0,EVT000582,[]
12283,COR,34.0,1,0,65.3,0,EVT000583,[]
12008,UBL,40.0,0,0,40.0,0,EVT000584,[]
12127,MLDT,41.0,1,0,79.0,0,EVT000585,[]
12036,KGP,34.0,4,1,105.4,1,EVT000586,[]
12247,AGC,18.0,0,0,18.0,0,EVT000587,[]
12043,BBS,44.0,5,1,166.9,1,EVT000588,[]
12215,BPL,25.0,1,0,47.8,1,EVT000589,[]
12210,JP,7.0,0,0,7.0,0,EVT000590,[]
12282,BCT,64.0,1,0,123.8,1,EVT000591,[]
12050,JBP,74.0,4,0,317.7,1,EVT000592,[]
12064,COR,27.0,1,0,51.7,1,EVT000593,[]
12009,PNBE,39.0,1,0,75.1,0,EVT000594,[]
12288,JP,1.0,0,0,1.0,0,EVT000595,[]
12191,JBP,69.0,4,0,295.1,1,EVT000596,[]
12285,JBP,41.0,3,0,142.0,1,EVT000597,[]
12100,NDLS,24.0,2,0,63.8,1,EVT000598,[]
12296,AGC,82.0,4,1,313.0,1,EVT000599,[]
12200,PNBE,33.0,5,0,149.1,1,EVT000600,[]
12090,UBL,1.0,0,0,1.0,0,EVT000601,[]
12267,GKP,31.0,0,0,31.0,0,EVT000602,[]
12118,MAS,1.0,0,0,1.0,0,EVT000603,[]
12069,NDLS,19.0,1,0,36.1,0,EVT000604,[]
12019,PNBE,12.0,1,0,22.4,1,EVT000605,[]
12188,JBP,1.0,0,0,1.0,0,EVT000606,[]
12184,R,21.0,0,0,21.0,0,EVT000607,[]
12138,JP,27.0,3,0,90.1,1,EVT000608,[]
12179,PNBE,8.0,1,0,13.7,1,EVT000609,[]
12252,COR,1.0,0,0,1.0,0,EVT000610,[]
12237,BSP,45.0,3,1,108.2,1,EVT000611,[]
12039,RTM,35.0,1,0,67.3,0,EVT000612,[]
12098,HYB,38.0,6,0,193.5,1,EVT000613,[]
12009,BBS,7.0,0,0,7.0,0,EVT000614,[]
12316,MAS,45.0,3,0,156.9,1,EVT000615,[]
12089,NGP,21.0,1,0,40.0,1,EVT000616,[]
12198,NDLS,31.0,2,0,83.8,1,EVT000617,[]
12194,MFP,4.0,0,0,4.0,0,EVT000618,[]
12053,DHN,53.0,7,1,151.8,1,EVT000619,[]
12238,DLI,43.0,2,0,118.0,1,EVT000620,[]
12293,SC,77.0,1,0,149.2,0,EVT000621,[]
12225,MAS,53.0,0,0,53.0,0,EVT000622,[]
12115,BCT,68.0,0,0,68.0,0,EVT000623,[]
12056,AII,53.0,3,0,186.5,1,EVT000624,[]
12192,ADI,54.0,7,1,208.9,1,EVT000625,[]
12150,R,38.0,3,0,130.9,1,EVT000626,[]
12227,BZA,27.0,1,0,51.7,1,EVT000627,[]
12098,MLDT,37.0,1,0,71.2,1,EVT000628,[]
12178,BWN,52.0,4,1,157.1,1,EVT000629,[]
12283,ASR,51.0,3,0,179.1,1,EVT000630,[]
12047,GHY,27.0,2,0,72.4,1,EVT000631,[]
12156,PURI,17.0,4,0,59.8,1,EVT000632,[]
12038,ERS,71.0,6,2,241.2,1,EVT000633,[]
12209,NGP,1.0,0,0,1.0,0,EVT000634,[]
12180,GHY,49.0,7,1,189.3,1,EVT000635,[]
12206,KGP,30.0,2,0,80.9,1,EVT000636,[]
12105,JP,58.0,5,1,207.6,1,EVT000637,[]
12267,PURI,54.0,5,0,260.4,1,EVT000638,[]
12125,GHY,1.0,0,0,1.0,0,EVT000639,[]
12032,BPL,72.0,5,1,299.1,1,EVT000640,[]
12066,NGP,79.0,5,1,320.8,1,EVT000641,[]
12038,ERS,48.0,4,1,120.7,1,EVT000642,[]
12088,ERS,17.0,4,0,59.8,1,EVT000643,[]
12162,TVC,1.0,0,0,1.0,0,EVT000644,[]
12270,PNBE,38.0,2,0,103.7,1,EVT000645,[]
12037,MAS,27.0,3,0,90.1,1,EVT000646,[]
12028,TVC,62.0,0,0,62.0,0,EVT000647,[]
12076,SC,19.0,1,0,36.1,1,EVT000648,[]
12075,JP,3.0,0,0,3.0,0,EVT000649,[]
12221,MYS,30.0,0,0,30.0,0,EVT000650,[]
12017,LDH,35.0,1,0,67.3,0,EVT000651,[]
12053,DHN,19.0,0,0,19.0,0,EVT000652,[]
12123,SUR,5.0,0,0,5.0,0,EVT000653,[]
12247,AGC,1.0,0,0,1.0,0,EVT000654,[]
12192,GHY,39.0,4,1,78.4,1,EVT000655,[]
12165,BCT,1.0,0,0,1.0,0,EVT000656,[]
12156,NDLS,32.0,1,0,61.5,1,EVT000657,[]
12221,BPL,68.0,2,0,189.3,1,EVT000658,[]
12184,ROU,17.0,2,0,43.8,1,EVT000659,[]
12024,SBC,44.0,6,1,167.3,1,EVT000660,[]
12009,PNBE,46.0,1,0,88.8,0,EVT000661,[]
12009,MFP,44.0,0,0,44.0,0,EVT000662,[]
12181,GHY,1.0,0,0,1.0,0,EVT000663,[]
12078,SC,33.0,2,0,89.5,1,EVT000664,[]
12310,COR,34.0,0,0,34.0,0,EVT000665,[]
12177,HWH,38.0,2,0,103.7,1,EVT000666,[]
12249,KGP,34.0,4,1,105.4,1,EVT000667,[]
12257,SC,26.0,3,1,64.4,1,EVT000668,[]
12060,JBP,23.0,2,0,61.0,1,EVT000669,[]
12123,SC,41.0,2,0,112.3,1,EVT000670,[]
12177,MLDT,25.0,1,0,47.8,1,EVT000671,[]
12217,SC,13.0,1,0,24.4,0,EVT000672,[]
12097,BSL,1.0,0,0,1.0,0,EVT000673,[]
12251,BSP,30.0,1,0,57.5,0,EVT000674,[]
12158,SBC,17.0,0,0,17.0,0,EVT000675,[]
12133,JP,19.0,2,0,49.5,1,EVT000676,[]
12315,KGP,77.0,6,1,373.1,1,EVT000677,[]
12168,JBP,45.0,0,0,45.0,0,EVT000678,[]
12186,GHY,27.0,3,0,90.1,1,EVT000679,[]
12151,NGP,1.0,0,0,1.0,0,EVT000680,[]
12178,BWN,1.0,0,0,1.0,0,EVT000681,[]
12298,CSMT,25.0,1,0,47.8,0,EVT000682,[]
12037,DHN,35.0,0,0,35.0,0,EVT000683,[]
12022,JBP,31.0,1,0,59.5,0,EVT000684,[]
12147,UBL,43.0,3,0,149.4,1,EVT000685,[]
12116,ASN,40.0,3,1,63.0,1,EVT000686,[]
12268,SDAH,17.0,0,0,17.0,0,EVT000687,[]
12299,JHS,1.0,0,0,1.0,0,EVT000688,[]
12180,HWH,46.0,5,0,218.0,1,EVT000689,[]
12057,SC,25.0,2,0,66.7,1,EVT000690,[]
12192,ADI,112.0,12,2,687.8,1,EVT000691,[]
12190,JU,33.0,0,0,33.0,0,EVT000692,[]
12306,MAO,32.0,3,0,108.6,1,EVT000693,[]
12142,KGP,11.0,2,0,26.7,1,EVT000694,[]
12114,UMB,47.0,4,0,195.5,1,EVT000695,[]
12187,NDLS,37.0,1,0,71.2,1,EVT000696,[]
12164,KYN,7.0,0,0,7.0,0,EVT000697,[]
12135,PRYJ,58.0,6,1,223.0,1,EVT000698,[]
12284,SDAH,19.0,0,0,19.0,0,EVT000699,[]
12273,AGC,15.0,2,0,38.1,1,EVT000700,[]
12263,SBC,31.0,3,0,104.9,1,EVT000701,[]
12164,CSMT,39.0,2,0,106.6,1,EVT000702,[]
12008,MAO,17.0,1,0,32.2,1,EVT000703,[]
12119,BZA,3.0,0,0,3.0,0,EVT000704,[]
12047,GKP,10.0,1,0,18.5,1,EVT000705,[]
12105,JP,17.0,0,0,17.0,0,EVT000706,[]
12249,SC,33.0,4,1,68.8,1,EVT000707,[]
12212,SDAH,29.0,4,1,102.7,1,EVT000708,[]
12146,SDAH,49.0,0,0,49.0,0,EVT000709,[]
12138,JP,50.0,6,1,207.8,1,EVT000710,[]
12286,NDLS,30.0,3,0,101.2,1,EVT000711,[]
12168,VSKP,53.0,3,0,186.5,1,EVT000712,[]
12112,BPL,62.0,3,1,159.7,1,EVT000713,[]
12081,NGP,17.0,2,0,43.8,1,EVT000714,[]
12280,DLI,1.0,0,0,1.0,0,EVT000715,[]
12275,VSKP,1.0,0,0,1.0,0,EVT000716,[]
12164,KYN,3.0,0,0,3.0,0,EVT000717,[]
12228,TVC,1.0,0,0,1.0,0,EVT000718,[]
12028,TVC,23.0,0,0,23.0,0,EVT000719,[]
12247,MAS,38.0,4,0,154.8,1,EVT000720,[]
12059,MAS,8.0,1,0,14.6,0,EVT000721,[]
12012,MAO,30.0,0,0,30.0,0,EVT000722,[]
12017,UMB,5.0,0,0,5.0,0,EVT000723,[]
12139,VSKP,24.0,2,0,63.8,0,EVT000724,[]
12025,BBS,28.0,0,0,28.0,0,EVT000725,[]
12128,PNBE,35.0,1,0,67.3,0,EVT000726,[]
12274,NDLS,42.0,8,1,201.2,1,EVT000727,[]
12202,NDLS,52.0,5,1,210.7,1,EVT000728,[]
12098,HWH,7.0,0,0,7.0,0,EVT000729,[]
12054,NDLS,34.0,1,0,65.3,1,EVT000730,[]
12285,SBC,1.0,0,0,1.0,0,EVT000731,[]
12011,ASN,16.0,4,0,55.3,1,EVT000732,[]
12036,HWH,20.0,1,0,38.0,0,EVT000733,[]
12051,ADI,90.0,6,1,470.4,1,EVT000734,[]
12126,DLI,22.0,2,0,58.1,1,EVT000735,[]
12211,JHS,34.0,0,0,34.0,0,EVT000736,[]
12214,GHY,58.0,0,0,58.0,0,EVT000737,[]
12157,BSP,20.0,0,0,20.0,0,EVT000738,[]
12034,SC,35.0,4,1,110.0,1,EVT000739,[]
12142,TATA,12.0,3,0,34.4,1,EVT000740,[]
12234,PRYJ,40.0,2,1,83.9,1,EVT000741,[]
12294,ASN,28.0,1,0,53.6,0,EVT000742,[]
12173,JHS,1.0,0,0,1.0,0,EVT000743,[]
12148,ADI,15.0,0,0,15.0,0,EVT000744,[]
12009,PRYJ,30.0,2,0,80.9,1,EVT000745,[]
12130,KYN,1.0,0,0,1.0,0,EVT000746,[]
12023,CSMT,44.0,5,1,166.9,1,EVT000747,[]
12216,COR,11.0,2,0,26.7,1,EVT000748,[]
12222,R,1.0,0,0,1.0,0,EVT000749,[]
12061,VSKP,57.0,7,1,266.7,1,EVT000750,[]
12064,NDLS,19.0,2,0,49.5,1,EVT000751,[]
12271,MAS,16.0,3,0,49.3,1,EVT000752,[]
12059,ROU,45.0,3,0,156.9,1,EVT000753,[]
12023,NDLS,7.0,1,0,12.7,0,EVT000754,[]
12056,MDU,46.0,0,0,46.0,0,EVT000755,[]
12009,PRYJ,1.0,0,0,1.0,0,EVT000756,[]
12144,MAS,38.0,0,0,38.0,0,EVT000757,[]
12165,SUR,1.0,0,0,1.0,0,EVT000758,[]
12136,CSMT,27.0,0,0,27.0,0,EVT000759,[]
12209,NGP,52.0,8,1,242.2,1,EVT000760,[]
12001,MAO,1.0,0,0,1.0,0,EVT000761,[]
12230,TVC,116.0,8,1,516.0,1,EVT000762,[]
12073,BAM,16.0,3,0,49.3,1,EVT000763,[]
12284,NDLS,56.0,1,0,108.2,1,EVT000764,[]
12011,NJP,1.0,0,0,1.0,0,EVT000765,[]
12222,COR,45.0,0,0,45.0,0,EVT000766,[]
12307,NGP,21.0,2,0,55.2,1,EVT000767,[]
12203,PNBE,67.0,2,0,186.5,1,EVT000768,[]
12239,DLI,48.0,8,1,224.1,1,EVT000769,[]
12057,MAS,52.0,6,1,208.2,1,EVT000770,[]
12241,BCT,12.0,0,0,12.0,0,EVT000771,[]
12218,MYS,15.0,0,0,15.0,0,EVT000772,[]
12027,RTM,38.0,6,1,135.2,1,EVT000773,[]
12296,AGC,31.0,4,1,78.5,1,EVT000774,[]
12091,VSKP,1.0,0,0,1.0,0,EVT000775,[]
12282,BBS,12.0,2,0,29.6,1,EVT000776,[]
12313,RTM,18.0,2,0,46.7,1,EVT000777,[]
12126,BCT,1.0,0,0,1.0,0,EVT000778,[]
12048,SC,15.0,4,0,50.7,1,EVT000779,[]
12096,JHS,48.0,0,0,48.0,0,EVT000780,[]
12308,BCT,5.0,0,0,5.0,0,EVT000781,[]
12293,NGP,40.0,3,0,138.3,1,EVT000782,[]
12246,NDLS,6.0,0,0,6.0,0,EVT000783,[]
12124,BZA,1.0,0,0,1.0,0,EVT000784,[]
12124,SBC,23.0,0,0,23.0,0,EVT000785,[]
12294,PNBE,1.0,0,0,1.0,0,EVT000786,[]
12168,BPL,1.0,0,0,1.0,0,EVT000787,[]
12261,NDLS,45.0,2,0,123.7,1,EVT000788,[]
12249,SC,24.0,0,0,24.0,0,EVT000789,[]
12040,KYN,1.0,0,0,1.0,0,EVT000790,[]
12259,BSL,1.0,0,0,1.0,0,EVT000791,[]
12150,NGP,30.0,2,0,80.9,1,EVT000792,[]
12195,CSMT,29.0,0,0,29.0,0,EVT000793,[]
12263,KGP,18.0,0,0,18.0,0,EVT000794,[]
12004,BBS,17.0,2,0,43.8,1,EVT000795,[]
12127,BWN,24.0,0,0,24.0,0,EVT000796,[]
12224,NJP,23.0,0,0,23.0,0,EVT000797,[]
12040,KYN,54.0,5,1,203.5,1,EVT000798,[]
12058,BBS,21.0,0,0,21.0,0,EVT000799,[]
12244,UBL,53.0,6,1,263.5,1,EVT000800,[]
12236,KGP,81.0,2,0,226.4,1,EVT000801,[]
12119,BPL,63.0,8,2,312.3,1,EVT000802,[]
12232,MAS,1.0,0,0,1.0,0,EVT000803,[]
12050,BCT,4.0,0,0,4.0,0,EVT000804,[]
12080,PNBE,64.0,1,0,123.8,1,EVT000805,[]
12000,GHY,25.0,1,0,47.8,0,EVT000806,[]
12303,HWH,82.0,6,1,216.2,1,EVT000807,[]
12174,MAS,48.0,2,0,132.3,1,EVT000808,[]
12032,COR,78.0,4,1,279.7,1,EVT000809,[]
12042,KGP,1.0,0,0,1.0,0,EVT000810,[]
12167,BPL,74.0,0,0,74.0,0,EVT000811,[]
12246,PRYJ,1.0,0,0,1.0,0,EVT000812,[]
12248,TATA,51.0,4,0,213.6,1,EVT000813,[]
12076,SBC,36.0,0,0,36.0,0,EVT000814,[]
12158,SC,31.0,4,1,92.2,1,EVT000815,[]
12251,BSP,5.0,0,0,5.0,0,EVT000816,[]
12255,HWH,20.0,0,0,20.0,0,EVT000817,[]
12188,BPL,60.0,8,1,344.2,1,EVT000818,[]
12169,GKP,44.0,1,0,84.8,1,EVT000819,[]
12023,ASR,33.0,2,1,46.2,1,EVT000820,[]
12070,BPL,29.0,3,0,97.5,1,EVT000821,[]
12275,BAM,43.0,1,0,82.9,0,EVT000822,[]
12063,GAYA,4.0,0,0,4.0,0,EVT000823,[]
12129,TVC,28.0,4,1,64.7,1,EVT000824,[]
12130,BBS,2.0,0,0,2.0,0,EVT000825,[]
12195,ASR,18.0,3,0,56.7,1,EVT000826,[]
12219,PURI,27.0,5,0,117.3,1,EVT000827,[]
12115,NGP,56.0,1,0,108.2,1,EVT000828,[]
12053,NDLS,29.0,3,0,97.5,1,EVT000829,[]
12014,CTC,80.0,0,0,80.0,0,EVT000830,[]
12056,JP,31.0,2,0,83.8,1,EVT000831,[]
12259,GKP,28.0,5,0,122.6,1,EVT000832,[]
12271,KGP,1.0,0,0,1.0,0,EVT000833,[]
12047,GHY,34.0,2,0,92.3,1,EVT000834,[]
12300,SBC,46.0,2,1,84.8,1,EVT000835,[]
12081,R,88.0,7,1,471.8,1,EVT000836,[]
12113,CBE,56.0,8,1,294.9,1,EVT000837,[]
12295,BSP,1.0,0,0,1.0,0,EVT000838,[]
12299,JHS,23.0,3,0,75.3,1,EVT000839,[]
12090,MFP,57.0,5,1,158.4,1,EVT000840,[]
12272,VSKP,27.0,2,0,72.4,1,EVT000841,[]
12251,BSP,1.0,0,0,1.0,0,EVT000842,[]
12086,MAS,7.0,0,0,7.0,0,EVT000843,[]
12172,SDAH,1.0,0,0,1.0,0,EVT000844,[]
12063,GAYA,22.0,1,0,42.0,0,EVT000845,[]
12207,CSMT,36.0,0,0,36.0,0,EVT000846,[]
12098,MAS,71.0,4,0,304.1,1,EVT000847,[]
12073,PURI,44.0,8,1,224.0,1,EVT000848,[]
12184,KGP,85.0,5,1,319.3,1,EVT000849,[]
12313,RTM,27.0,2,0,72.4,1,EVT000850,[]
12286,COR,42.0,2,0,115.2,1,EVT000851,[]
12028,JP,1.0,0,0,1.0,0,EVT000852,[]
12149,BBS,92.0,6,1,343.2,1,EVT000853,[]
12002,CSMT,14.0,1,0,26.4,0,EVT000854,[]
12212,PRYJ,1.0,0,0,1.0,0,EVT000855,[]
12141,DLI,1.0,0,0,1.0,0,EVT000856,[]
12319,ASN,19.0,5,0,74.9,1,EVT000857,[]
12283,COR,80.0,1,0,155.1,0,EVT000858,[]
12250,MAS,78.0,6,1,367.3,1,EVT000859,[]
12096,SBC,37.0,2,0,100.9,1,EVT000860,[]
12025,KYN,54.0,1,0,104.3,1,EVT000861,[]
12246,BSP,10.0,2,0,22.9,1,EVT000862,[]
12248,HWH,38.0,2,0,103.7,1,EVT000863,[]
12176,BPL,42.0,1,0,80.9,1,EVT000864,[]
12184,ROU,24.0,2,0,63.8,1,EVT000865,[]
12239,VSKP,36.0,5,1,105.9,1,EVT000866,[]
12176,BPL,81.0,7,1,290.6,1,EVT000867,[]
12136,CSMT,79.0,6,1,150.9,1,EVT000868,[]
12052,PUNE,19.0,0,0,19.0,0,EVT000869,[]
12191,JP,1.0,0,0,1.0,0,EVT000870,[]
12078,SC,1.0,0,0,1.0,0,EVT000871,[]
12115,BSP,1.0,0,0,1.0,0,EVT000872,[]
12077,CTC,50.0,4,0,209.1,1,EVT000873,[]
12101,KGP,2.0,0,0,2.0,0,EVT000874,[]
12063,GAYA,13.0,1,0,24.4,0,EVT000875,[]
12035,MAO,16.0,2,0,41.0,1,EVT000876,[]
12220,HWH,1.0,0,0,1.0,0,EVT000877,[]
12161,BSP,46.0,5,1,124.6,1,EVT000878,[]
12282,NGP,60.0,0,0,60.0,0,EVT000879,[]
12119,BPL,36.0,5,1,124.8,1,EVT000880,[]
12281,DLI,14.0,0,0,14.0,0,EVT000881,[]
12004,BCT,39.0,1,0,75.1,0,EVT000882,[]
12265,MDU,32.0,3,0,108.6,1,EVT000883,[]
12013,MDU,66.0,4,1,131.5,1,EVT000884,[]
12132,DLI,14.0,0,0,14.0,0,EVT000885,[]
12263,MAS,70.0,1,0,135.6,1,EVT000886,[]
12021,UBL,13.0,1,0,24.4,0,EVT000887,[]
12211,JP,67.0,3,0,238.5,1,EVT000888,[]
12029,ADI,1.0,0,0,1.0,0,EVT000889,[]
12235,BCT,19.0,4,0,68.8,1,EVT000890,[]
12237,TATA,20.0,3,0,64.1,1,EVT000891,[]
12053,PNBE,8.0,1,0,14.6,0,EVT000892,[]
12206,ASN,45.0,0,0,45.0,0,EVT000893,[]
12278,MYS,28.0,2,1,41.2,1,EVT000894,[]
12258,ST,80.0,0,0,80.0,0,EVT000895,[]
12083,BBS,51.0,2,0,140.8,1,EVT000896,[]
12257,MAO,20.0,4,0,73.4,1,EVT000897,[]
12146,RTM,27.0,3,0,90.1,1,EVT000898,[]
12111,MAS,45.0,4,1,113.8,1,EVT000899,[]
12279,KGP,36.0,2,0,98.0,1,EVT000900,[]
12271,MAS,74.0,3,0,264.5,1,EVT000901,[]
12130,JP,42.0,3,0,145.7,1,EVT000902,[]
12234,PRYJ,35.0,1,0,67.3,1,EVT000903,[]
12258,BCT,36.0,1,0,69.2,0,EVT000904,[]
12028,JHS,4.0,0,0,4.0,0,EVT000905,[]
12012,MAO,9.0,0,0,9.0,0,EVT000906,[]
12268,DLI,15.0,2,0,38.1,1,EVT000907,[]
12064,RTM,12.0,0,0,12.0,0,EVT000908,[]
12147,MAO,34.0,2,0,92.3,1,EVT000909,[]
12225,MAS,8.0,0,0,8.0,0,EVT000910,[]
12173,MYS,25.0,4,0,96.0,1,EVT000911,[]
12100,SDAH,63.0,8,1,336.2,1,EVT000912,[]
12019,PNBE,10.0,1,0,18.5,1,EVT000913,[]
12225,NDLS,12.0,2,0,29.6,1,EVT000914,[]
12058,BBS,11.0,0,0,11.0,0,EVT000915,[]
12162,KYN,93.0,3,1,259.6,1,EVT000916,[]
12153,BZA,5.0,0,0,5.0,0,EVT000917,[]
12310,BZA,20.0,2,0,52.4,1,EVT000918,[]
12315,ASN,24.0,0,0,24.0,0,EVT000919,[]
12264,KYN,20.0,0,0,20.0,0,EVT000920,[]
12275,NDLS,31.0,3,0,104.9,1,EVT000921,[]
12079,MAS,43.0,1,0,82.9,0,EVT000922,[]
12288,ST,38.0,0,0,38.0,0,EVT000923,[]
12137,SBC,29.0,0,0,29.0,0,EVT000924,[]
12040,JP,32.0,3,1,92.6,1,EVT000925,[]
12187,SDAH,15.0,0,0,15.0,0,EVT000926,[]
12219,BAM,51.0,10,1,293.0,1,EVT000927,[]
12145,JP,1.0,0,0,1.0,0,EVT000928,[]
12305,ASR,7.0,0,0,7.0,0,EVT000929,[]
12159,JP,59.0,5,1,194.3,1,EVT000930,[]
12265,TATA,1.0,0,0,1.0,0,EVT000931,[]
12080,NDLS,51.0,3,0,179.1,1,EVT000932,[]
12066,VSKP,1.0,0,0,1.0,0,EVT000933,[]
12255,MDU,20.0,3,0,64.1,1,EVT000934,[]
12191,MDU,1.0,0,0,1.0,0,EVT000935,[]
12272,MS,60.0,4,0,254.3,1,EVT000936,[]
12047,MFP,29.0,0,0,29.0,0,EVT000937,[]
12138,JBP,65.0,4,1,220.2,1,EVT000938,[]
12158,SBC,17.0,0,0,17.0,0,EVT000939,[]
12182,JP,64.0,3,1,167.3,1,EVT000940,[]
12134,NDLS,17.0,3,0,53.0,1,EVT000941,[]
12281,UMB,37.0,2,0,100.9,0,EVT000942,[]
12288,ST,67.0,0,0,67.0,0,EVT000943,[]
12271,PNBE,44.0,1,0,84.8,1,EVT000944,[]
12050,PURI,27.0,0,0,27.0,0,EVT000945,[]
12068,CSMT,47.0,0,0,47.0,0,EVT000946,[]
12147,UBL,27.0,3,0,90.1,1,EVT000947,[]
12233,KGP,16.0,2,0,41.0,1,EVT000948,[]
12027,RTM,77.0,6,1,373.1,1,EVT000949,[]
12140,HYB,1.0,0,0,1.0,0,EVT000950,[]
12151,ST,57.0,5,0,276.3,1,EVT000951,[]
12016,NGP,31.0,1,0,59.5,0,EVT000952,[]
12314,COR,21.0,1,0,40.0,1,EVT000953,[]
12065,DLI,26.0,0,0,26.0,0,EVT000954,[]
12240,MAS,67.0,1,0,129.7,1,EVT000955,[]
12175,BZA,9.0,0,0,9.0,0,EVT000956,[]
12270,NDLS,23.0,4,0,86.9,1,EVT000957,[]
12075,TVC,104.0,5,1,411.6,1,EVT000958,[]
12239,NDLS,33.0,3,1,96.3,1,EVT000959,[]
12122,CSMT,4.0,0,0,4.0,0,EVT000960,[]
12230,TVC,18.0,2,0,46.7,1,EVT000961,[]
12241,VSKP,13.0,2,0,32.4,1,EVT000962,[]
12083,BCT,34.0,1,0,65.3,0,EVT000963,[]
12261,HWH,14.0,4,0,46.2,1,EVT000964,[]
12233,KGP,25.0,2,0,66.7,1,EVT000965,[]
12010,MAS,34.0,1,0,65.3,0,EVT000966,[]
12227,BPL,28.0,0,0,28.0,0,EVT000967,[]
12171,PUNE,66.0,3,0,234.8,1,EVT000968,[]
12251,PRYJ,1.0,0,0,1.0,0,EVT000969,[]
12309,MDU,1.0,0,0,1.0,0,EVT000970,[]
12097,PUNE,1.0,0,0,1.0,0,EVT000971,[]
12153,SC,48.0,4,1,174.5,1,EVT000972,[]
12185,RTM,41.0,5,1,170.7,1,EVT000973,[]
12309,PNBE,20.0,3,0,64.1,1,EVT000974,[]
12308,ADI,58.0,4,0,245.3,1,EVT000975,[]
12184,BSP,79.0,6,1,197.9,1,EVT000976,[]
12228,TVC,36.0,0,0,36.0,0,EVT000977,[]
12168,BPL,73.0,1,0,141.4,0,EVT000978,[]
12048,JBP,24.0,1,0,45.8,1,EVT000979,[]
12087,CSMT,36.0,6,1,132.2,1,EVT000980,[]
12237,ROU,8.0,1,0,13.7,1,EVT000981,[]
12215,COR,58.0,2,0,160.8,1,EVT000982,[]
12253,ST,47.0,0,0,47.0,0,EVT000983,[]
12294,PUNE,28.0,5,0,122.6,1,EVT000984,[]
12197,SBC,6.0,0,0,6.0,0,EVT000985,[]
12045,CSMT,48.0,3,0,168.0,1,EVT000986,[]
12275,BAM,14.0,1,0,26.4,0,EVT000987,[]
12049,GHY,7.0,0,0,7.0,0,EVT000988,[]
12303,SDAH,18.0,2,0,46.7,0,EVT000989,[]
12134,HWH,11.0,2,0,25.8,1,EVT000990,[]
12228,JP,45.0,1,0,86.8,1,EVT000991,[]
12169,GHY,7.0,0,0,7.0,0,EVT000992,[]
12079,ROU,66.0,3,0,234.8,1,EVT000993,[]
12066,BBS,5.0,0,0,5.0,0,EVT000994,[]
12191,JBP,59.0,4,0,249.8,1,EVT000995,[]
12192,GHY,11.0,0,0,11.0,0,EVT000996,[]
12138,TVC,40.0,4,0,163.9,1,EVT000997,[]
12232,MAS,30.0,2,0,80.9,1,EVT000998,[]
12202,PNBE,59.0,7,1,310.7,1,EVT000999,[]
12154,DLI,2.0,0,0,2.0,0,EVT001000,[]
12166,NGP,30.0,4,1,96.6,1,EVT001001,[]
12152,PUNE,1.0,0,0,1.0,0,EVT001002,[]
12159,AII,55.0,4,1,134.9,1,EVT001003,[]
12236,KGP,33.0,2,0,89.5,1,EVT001004,[]
12151,NGP,59.0,3,0,208.8,1,EVT001005,[]
12296,PRYJ,30.0,5,1,92.6,1,EVT001006,[]
12180,BCT,66.0,7,1,270.2,1,EVT001007,[]
12309,PRYJ,60.0,4,0,254.3,1,EVT001008,[]
12295,NGP,56.0,9,1,317.3,1,EVT001009,[]
12311,TATA,54.0,0,0,54.0,0,EVT001010,[]
12226,SUR,3.0,0,0,3.0,0,EVT001011,[]
12215,COR,4.0,0,0,4.0,0,EVT001012,[]
12262,NGP,9.0,0,0,9.0,0,EVT001013,[]
12110,BPL,24.0,5,0,101.4,1,EVT001014,[]
12220,ERS,29.0,4,0,114.1,1,EVT001015,[]
12291,MLDT,59.0,6,1,207.1,1,EVT001016,[]
12170,ASR,75.0,8,2,362.3,1,EVT001017,[]
12077,BSP,34.0,0,0,34.0,0,EVT001018,[]
12267,ADI,1.0,0,0,1.0,0,EVT001019,[]
12311,KGP,17.0,1,0,32.2,0,EVT001020,[]
12040,JP,48.0,6,1,196.2,1,EVT001021,[]
12054,VSKP,36.0,2,0,98.0,1,EVT001022,[]
12275,PURI,56.0,0,0,56.0,0,EVT001023,[]
12262,NDLS,54.0,7,1,202.4,1,EVT001024,[]
12141,BCT,55.0,0,0,55.0,0,EVT001025,[]
12177,NJP,37.0,0,0,37.0,0,EVT001026,[]
12114,UMB,47.0,4,0,195.5,1,EVT001027,[]
12082,MLDT,56.0,1,0,108.2,0,EVT001028,[]
12319,KGP,1.0,0,0,1.0,0,EVT001029,[]
12157,BSP,46.0,0,0,46.0,0,EVT001030,[]
12199,MYS,32.0,4,0,127.7,1,EVT001031,[]
12001,KYN,1.0,0,0,1.0,0,EVT001032,[]
12265,MAS,10.0,2,0,23.9,1,EVT001033,[]
12245,NDLS,23.0,0,0,23.0,0,EVT001034,[]
12247,MAS,48.0,4,0,200.0,1,EVT001035,[]
12266,COR,30.0,5,1,92.6,1,EVT001036,[]
12077,BBS,10.0,2,0,22.9,1,EVT001037,[]
12138,ERS,84.0,8,1,504.2,1,EVT001038,[]
12185,RTM,33.0,5,1,128.1,1,EVT001039,[]
12134,PURI,30.0,0,0,30.0,0,EVT001040,[]
12242,PRYJ,1.0,0,0,1.0,0,EVT001041,[]
12315,MAS,7.0,0,0,7.0,0,EVT001042,[]
12142,KGP,37.0,5,1,124.7,1,EVT001043,[]
12160,BSP,46.0,1,0,88.8,1,EVT001044,[]
12189,HWH,37.0,0,0,37.0,0,EVT001045,[]
12080,PRYJ,60.0,2,0,166.5,1,EVT001046,[]
12110,BWN,46.0,0,0,46.0,0,EVT001047,[]
12112,NDLS,44.0,5,1,149.3,1,EVT001048,[]
12104,KGP,27.0,3,1,55.5,1,EVT001049,[]
12084,NGP,1.0,0,0,1.0,0,EVT001050,[]
12006,PNBE,43.0,9,1,213.1,1,EVT001051,[]
12265,MAS,12.0,2,0,29.6,1,EVT001052,[]
12277,ASR,45.0,0,0,45.0,0,EVT001053,[]
12096,BPL,67.0,4,1,174.0,1,EVT001054,[]
12184,R,12.0,0,0,12.0,0,EVT001055,[]
12180,HWH,34.0,5,0,154.4,1,EVT001056,[]
12103,BZA,52.0,0,0,52.0,0,EVT001057,[]
12043,BBS,42.0,4,1,152.1,1,EVT001058,[]
12012,UBL,26.0,1,0,49.8,1,EVT001059,[]
12172,MAS,40.0,3,0,138.3,1,EVT001060,[]
12249,KGP,1.0,0,0,1.0,0,EVT001061,[]
12015,SBC,42.0,3,0,145.7,1,EVT001062,[]
12094,BSP,1.0,0,0,1.0,0,EVT001063,[]
12114,UMB,3.0,0,0,3.0,0,EVT001064,[]
12186,GHY,2.0,0,0,2.0,0,EVT001065,[]
12058,BBS,1.0,0,0,1.0,0,EVT001066,[]
12078,MAS,42.0,3,0,145.7,1,EVT001067,[]
12137,SC,18.0,1,0,34.1,1,EVT001068,[]
12107,SC,63.0,6,1,269.7,1,EVT001069,[]
12303,SDAH,47.0,2,0,129.4,0,EVT001070,[]
12038,PNBE,13.0,3,0,38.2,1,EVT001071,[]
12072,GHY,4.0,0,0,4.0,0,EVT001072,[]
12156,PURI,1.0,0,0,1.0,0,EVT001073,[]
12215,JHS,28.0,0,0,28.0,0,EVT001074,[]
12170,DLI,31.0,5,1,106.5,1,EVT001075,[]
12297,GHY,1.0,0,0,1.0,0,EVT001076,[]
12086,MAS,1.0,0,0,1.0,0,EVT001077,[]
12268,SUR,5.0,0,0,5.0,0,EVT001078,[]
12144,MAS,44.0,0,0,44.0,0,EVT001079,[]
12261,COR,21.0,1,0,40.0,1,EVT001080,[]
12139,CTC,1.0,0,0,1.0,0,EVT001081,[]
12253,GKP,33.0,3,0,112.4,1,EVT001082,[]
12300,CSMT,1.0,0,0,1.0,0,EVT001083,[]
12123,CSMT,28.0,1,0,53.6,0,EVT001084,[]
12192,GHY,29.0,0,0,29.0,0,EVT001085,[]
12269,HYB,42.0,2,0,115.2,1,EVT001086,[]
12046,PRYJ,39.0,0,0,39.0,0,EVT001087,[]
12225,ASR,22.0,3,0,71.5,1,EVT001088,[]
12108,BCT,17.0,3,0,53.0,1,EVT001089,[]
12125,GHY,30.0,2,0,80.9,1,EVT001090,[]
12272,MAS,42.0,3,0,145.7,1,EVT001091,[]
12176,JBP,52.0,2,0,143.7,1,EVT001092,[]
12290,MAS,23.0,1,0,43.9,0,EVT001093,[]
12308,ADI,39.0,4,0,159.3,1,EVT001094,[]
12203,NDLS,47.0,4,0,195.5,1,EVT001095,[]
12229,NJP,56.0,2,0,155.1,1,EVT001096,[]
12159,COR,47.0,4,1,145.8,1,EVT001097,[]
12120,BCT,19.0,2,0,49.5,1,EVT001098,[]
12251,BSP,28.0,1,0,53.6,0,EVT001099,[]
12104,MAS,6.0,0,0,6.0,0,EVT001100,[]
12105,BBS,67.0,7,1,334.8,1,EVT001101,[]
12018,BWN,18.0,5,0,69.6,1,EVT001102,[]
12248,KGP,59.0,3,0,208.8,1,EVT001103,[]
12105,KYN,7.0,1,0,12.7,1,EVT001104,[]
12103,BZA,73.0,0,0,73.0,0,EVT001105,[]
12244,AII,10.0,0,0,10.0,0,EVT001106,[]
12214,BCT,30.0,2,0,80.9,1,EVT001107,[]
12264,MAO,37.0,1,0,71.2,1,EVT001108,[]
12051,COR,1.0,0,0,1.0,0,EVT001109,[]
12200,JHS,28.0,3,0,93.8,1,EVT001110,[]
12158,SBC,18.0,0,0,18.0,0,EVT001111,[]
12295,HWH,14.0,1,0,26.4,0,EVT001112,[]
12148,ADI,26.0,0,0,26.0,0,EVT001113,[]
12306,KYN,44.0,2,0,120.9,1,EVT001114,[]
12178,BWN,1.0,0,0,1.0,0,EVT001115,[]
12057,BZA,19.0,3,0,60.4,1,EVT001116,[]
12061,DLI,16.0,0,0,16.0,0,EVT001117,[]
12181,GHY,22.0,1,0,42.0,0,EVT001118,[]
12081,BCT,10.0,1,0,18.5,1,EVT001119,[]
12217,HYB,7.0,0,0,7.0,0,EVT001120,[]
12005,JU,27.0,0,0,27.0,0,EVT001121,[]
12116,NGP,96.0,8,1,579.6,1,EVT001122,[]
12192,GHY,29.0,0,0,29.0,0,EVT001123,[]
12298,SBC,73.0,3,0,260.7,1,EVT001124,[]
12151,HYB,1.0,0,0,1.0,0,EVT001125,[]
12316,BWN,79.0,3,1,126.9,1,EVT001126,[]
12240,ERS,1.0,0,0,1.0,0,EVT001127,[]
12130,JP,55.0,3,0,194.0,1,EVT001128,[]
12266,NDLS,13.0,0,0,13.0,0,EVT001129,[]
12152,KYN,62.0,6,1,247.4,1,EVT001130,[]
12225,MAS,54.0,0,0,54.0,0,EVT001131,[]
12171,PUNE,39.0,3,0,134.6,1,EVT001132,[]
12130,BBS,1.0,0,0,1.0,0,EVT001133,[]
12035,UBL,67.0,3,0,238.5,1,EVT001134,[]
12126,NDLS,11.0,2,0,25.8,1,EVT001135,[]
12096,BPL,55.0,2,1,112.4,1,EVT001136,[]
12052,LDH,80.0,8,1,419.3,1,EVT001137,[]
12181,NJP,16.0,0,0,16.0,0,EVT001138,[]
12197,SBC,89.0,5,1,341.5,1,EVT001139,[]
12182,RTM,1.0,0,0,1.0,0,EVT001140,[]
12029,BPL,1.0,0,0,1.0,0,EVT001141,[]
12239,DLI,1.0,0,0,1.0,0,EVT001142,[]
12221,PNBE,1.0,0,0,1.0,0,EVT001143,[]
12270,PRYJ,25.0,3,0,82.7,1,EVT001144,[]
12005,KYN,74.0,2,0,206.4,1,EVT001145,[]
12060,ADI,7.0,0,0,7.0,0,EVT001146,[]
12095,JP,45.0,4,1,113.8,1,EVT001147,[]
12007,AII,1.0,0,0,1.0,0,EVT001148,[]
12116,ASN,27.0,0,0,27.0,0,EVT001149,[]
12205,SC,41.0,2,0,112.3,1,EVT001150,[]
12008,UBL,18.0,0,0,18.0,0,EVT001151,[]
12150,R,30.0,3,0,101.2,1,EVT001152,[]
12223,SC,82.0,6,1,413.7,1,EVT001153,[]
12241,VSKP,28.0,4,1,87.5,1,EVT001154,[]
12162,TVC,7.0,0,0,7.0,0,EVT001155,[]
12083,VSKP,43.0,3,0,149.4,1,EVT001156,[]
12243,NDLS,28.0,1,0,53.6,0,EVT001157,[]
12315,SBC,47.0,7,1,237.9,1,EVT001158,[]
12164,BSP,75.0,0,0,75.0,0,EVT001159,[]
12097,PUNE,67.0,6,1,276.1,1,EVT001160,[]
12295,ROU,1.0,0,0,1.0,0,EVT001161,[]
12181,NJP,55.0,3,1,77.1,1,EVT001162,[]
12003,KYN,37.0,3,0,127.2,1,EVT001163,[]
12110,NDLS,46.0,3,0,160.6,1,EVT001164,[]
12269,HYB,50.0,2,0,138.0,1,EVT001165,[]
12287,BCT,40.0,2,0,109.4,1,EVT001166,[]
12195,NDLS,46.0,2,0,126.6,1,EVT001167,[]
12176,JBP,32.0,2,0,86.6,1,EVT001168,[]
12156,NDLS,39.0,1,0,75.1,1,EVT001169,[]
12090,SBC,29.0,5,0,127.9,1,EVT001170,[]
12279,MAS,45.0,5,1,172.2,1,EVT001171,[]
12152,JP,17.0,2,0,43.8,1,EVT001172,[]
12191,TVC,1.0,0,0,1.0,0,EVT001173,[]
12260,KYN,22.0,0,0,22.0,0,EVT001174,[]
12145,RTM,23.0,3,0,75.3,1,EVT001175,[]
12239,BZA,1.0,0,0,1.0,0,EVT001176,[]
12222,JBP,28.0,1,0,53.6,0,EVT001177,[]
12231,HWH,46.0,4,0,191.0,1,EVT001178,[]
12003,BCT,28.0,1,0,53.6,0,EVT001179,[]
12290,MAS,28.0,1,0,53.6,0,EVT001180,[]
12130,CTC,1.0,0,0,1.0,0,EVT001181,[]
12119,BPL,34.0,5,1,114.1,1,EVT001182,[]
12249,SC,1.0,0,0,1.0,0,EVT001183,[]
12296,PRYJ,18.0,1,0,34.1,0,EVT001184,[]
12089,R,4.0,0,0,4.0,0,EVT001185,[]
12159,COR,32.0,2,0,86.6,1,EVT001186,[]
12006,COR,1.0,0,0,1.0,0,EVT001187,[]
12128,PNBE,104.0,3,1,214.8,1,EVT001188,[]
12300,CSMT,14.0,2,0,35.3,1,EVT001189,[]
12312,BBS,26.0,3,0,86.4,1,EVT001190,[]
12290,ERS,73.0,6,2,254.5,1,EVT001191,[]
12264,KYN,28.0,0,0,28.0,0,EVT001192,[]
12162,TPJ,3.0,0,0,3.0,0,EVT001193,[]
12224,NJP,44.0,0,0,44.0,0,EVT001194,[]
12043,MAS,66.0,6,1,271.9,1,EVT001195,[]
12199,CBE,1.0,0,0,1.0,0,EVT001196,[]
12251,R,17.0,0,0,17.0,0,EVT001197,[]
12150,SBC,100.0,0,0,100.0,0,EVT001198,[]
12103,NDLS,24.0,2,0,63.8,1,EVT001199,[]
12109,NGP,56.0,6,1,232.7,1,EVT001200,[]
12035,UBL,34.0,3,0,116.1,1,EVT001201,[]
12212,SDAH,17.0,3,0,53.0,1,EVT001202,[]
12033,CSMT,1.0,0,0,1.0,0,EVT001203,[]
12149,CSMT,12.0,3,0,34.4,1,EVT001204,[]
12112,BPL,46.0,3,1,99.5,1,EVT001205,[]
12043,VSKP,22.0,2,0,58.1,1,EVT001206,[]
12246,NDLS,1.0,0,0,1.0,0,EVT001207,[]
12258,BBS,30.0,2,0,80.9,1,EVT001208,[]
12149,CSMT,16.0,3,0,49.3,1,EVT001209,[]
12144,MAS,23.0,0,0,23.0,0,EVT001210,[]
12199,SC,70.0,8,1,402.7,1,EVT001211,[]
12170,ASR,90.0,8,2,476.1,1,EVT001212,[]
12055,MAS,33.0,3,0,112.4,1,EVT001213,[]
12114,COR,69.0,2,0,192.2,1,EVT001214,[]
12109,NGP,11.0,1,0,20.5,1,EVT001215,[]
12192,GHY,11.0,0,0,11.0,0,EVT001216,[]
12314,COR,31.0,1,0,59.5,1,EVT001217,[]
12105,BBS,29.0,2,0,78.1,1,EVT001218,[]
12085,NJP,16.0,2,0,41.0,1,EVT001219,[]
12191,TVC,45.0,1,0,86.8,0,EVT001220,[]
12193,ERS,1.0,0,0,1.0,0,EVT001221,[]
12001,BBS,7.0,0,0,7.0,0,EVT001222,[]
12107,VSKP,33.0,4,0,132.2,1,EVT001223,[]
12014,ADI,1.0,0,0,1.0,0,EVT001224,[]
12034,CSMT,56.0,5,1,214.2,1,EVT001225,[]
12149,BBS,27.0,1,0,51.7,0,EVT001226,[]
12043,CBE,33.0,2,1,46.2,1,EVT001227,[]
12234,PRYJ,1.0,0,0,1.0,0,EVT001228,[]
12196,NGP,32.0,5,0,143.8,1,EVT001229,[]
12268,NDLS,14.0,1,0,26.4,1,EVT001230,[]
12204,BSP,1.0,0,0,1.0,0,EVT001231,[]
12238,CSMT,17.0,1,0,32.2,0,EVT001232,[]
12148,ADI,14.0,0,0,14.0,0,EVT001233,[]
12170,NDLS,38.0,5,1,135.6,1,EVT001234,[]
12123,CSMT,44.0,1,0,84.8,0,EVT001235,[]
12307,BCT,35.0,3,0,119.8,1,EVT001236,[]
12083,ST,22.0,0,0,22.0,0,EVT001237,[]
12312,ST,78.0,5,0,387.5,1,EVT001238,[]
12205,CSMT,49.0,1,0,94.6,0,EVT001239,[]
12107,MYS,4.0,0,0,4.0,0,EVT001240,[]
12037,CBE,64.0,8,1,320.0,1,EVT001241,[]
12248,NJP,57.0,0,0,57.0,0,EVT001242,[]
12103,VSKP,48.0,1,0,92.7,1,EVT001243,[]
12239,BZA,24.0,0,0,24.0,0,EVT001244,[]
12298,SUR,63.0,0,0,63.0,0,EVT001245,[]
12275,PURI,36.0,0,0,36.0,0,EVT001246,[]
12286,AII,60.0,0,0,60.0,0,EVT001247,[]
12120,BBS,66.0,6,2,255.8,1,EVT001248,[]
12309,MDU,50.0,0,0,50.0,0,EVT001249,[]
12289,HWH,8.0,1,0,13.7,0,EVT001250,[]
12299,UMB,46.0,0,0,46.0,0,EVT001251,[]
12133,JBP,17.0,0,0,17.0,0,EVT001252,[]
12185,BBS,25.0,3,1,61.6,1,EVT001253,[]
12171,PRYJ,1.0,0,0,1.0,0,EVT001254,[]
12028,BPL,59.0,3,0,208.8,1,EVT001255,[]
12003,BCT,48.0,1,0,92.7,0,EVT001256,[]
12160,PRYJ,1.0,0,0,1.0,0,EVT001257,[]
12253,ST,7.0,0,0,7.0,0,EVT001258,[]
12015,MAS,10.0,1,0,18.5,0,EVT001259,[]
12201,MLDT,1.0,0,0,1.0,0,EVT001260,[]
12201,NJP,32.0,3,1,60.5,1,EVT001261,[]
12208,PNBE,1.0,0,0,1.0,0,EVT001262,[]
12206,MAS,34.0,3,0,116.1,1,EVT001263,[]
12005,PURI,61.0,4,0,258.9,1,EVT001264,[]
12314,COR,48.0,1,0,92.7,1,EVT001265,[]
12249,NJP,33.0,5,0,149.1,1,EVT001266,[]
12137,ERS,28.0,3,0,93.8,1,EVT001267,[]
12055,KGP,62.0,6,1,263.6,1,EVT001268,[]
12090,SBC,30.0,5,0,133.2,1,EVT001269,[]
12301,VSKP,49.0,2,0,135.1,1,EVT001270,[]
12013,JP,8.0,1,0,13.7,1,EVT001271,[]
12040,PUNE,45.0,4,1,124.9,1,EVT001272,[]
12068,BPL,80.0,2,0,223.5,1,EVT001273,[]
12263,SC,13.0,2,0,32.4,1,EVT001274,[]
12264,KYN,68.0,3,1,168.5,1,EVT001275,[]
12115,NGP,55.0,1,0,106.3,1,EVT001276,[]
12010,MAS,29.0,1,0,55.6,0,EVT001277,[]
12089,SBC,51.0,3,0,179.1,1,EVT001278,[]
12212,NDLS,36.0,7,1,145.6,1,EVT001279,[]
12092,KYN,60.0,2,0,166.5,1,EVT001280,[]
12219,NDLS,46.0,8,1,222.9,1,EVT001281,[]
12031,UMB,17.0,1,0,32.2,0,EVT001282,[]
12088,BBS,25.0,1,0,47.8,0,EVT001283,[]
12261,NDLS,21.0,2,0,55.2,1,EVT001284,[]
12108,MAS,1.0,0,0,1.0,0,EVT001285,[]
12272,MS,1.0,0,0,1.0,0,EVT001286,[]
12261,HWH,30.0,4,0,118.6,1,EVT001287,[]
12037,CBE,92.0,8,1,528.8,1,EVT001288,[]
12139,VSKP,44.0,8,1,208.0,1,EVT001289,[]
12133,JBP,14.0,0,0,14.0,0,EVT001290,[]
12179,AGC,25.0,5,0,106.7,1,EVT001291,[]
12049,ADI,33.0,1,0,63.4,0,EVT001292,[]
12225,NDLS,34.0,2,0,92.3,1,EVT001293,[]
12158,TVC,12.0,3,0,34.4,1,EVT001294,[]
12280,NDLS,29.0,0,0,29.0,0,EVT001295,[]
12294,ASN,34.0,1,0,65.3,0,EVT001296,[]
12007,JHS,16.0,0,0,16.0,0,EVT001297,[]
12107,VSKP,1.0,0,0,1.0,0,EVT001298,[]
12012,UBL,4.0,0,0,4.0,0,EVT001299,[]
12258,BCT,59.0,1,0,114.1,0,EVT001300,[]
12226,NGP,53.0,6,1,190.7,1,EVT001301,[]
12036,BWN,1.0,0,0,1.0,0,EVT001302,[]
12280,NGP,49.0,2,0,135.1,1,EVT001303,[]
12092,KYN,77.0,2,0,215.0,1,EVT001304,[]
12101,PNBE,60.0,3,1,166.0,1,EVT001305,[]
12009,PRYJ,44.0,2,0,120.9,1,EVT001306,[]
12163,JHS,28.0,3,0,93.8,1,EVT001307,[]
12273,JHS,28.0,4,1,77.5,1,EVT001308,[]
12027,COR,55.0,5,1,208.9,1,EVT001309,[]
12064,COR,3.0,0,0,3.0,0,EVT001310,[]
12147,UBL,1.0,0,0,1.0,0,EVT001311,[]
12253,PNBE,1.0,0,0,1.0,0,EVT001312,[]
12130,KYN,25.0,2,0,66.7,1,EVT001313,[]
12247,VSKP,67.0,3,0,238.5,1,EVT001314,[]
12034,CSMT,38.0,5,1,117.6,1,EVT001315,[]
12202,PNBE,53.0,7,1,269.9,1,EVT001316,[]
12200,PNBE,28.0,5,0,122.6,1,EVT001317,[]
12093,KGP,39.0,2,1,81.0,1,EVT001318,[]
12126,NGP,64.0,3,1,151.0,1,EVT001319,[]
12197,SC,5.0,0,0,5.0,0,EVT001320,[]
12169,MFP,38.0,0,0,38.0,0,EVT001321,[]
12196,NGP,26.0,5,0,112.0,1,EVT001322,[]
12281,UMB,20.0,2,0,52.4,0,EVT001323,[]
12251,R,60.0,0,0,60.0,0,EVT001324,[]
12129,TVC,37.0,4,1,106.1,1,EVT001325,[]
12121,KYN,31.0,0,0,31.0,0,EVT001326,[]
12130,JP,56.0,3,0,197.7,1,EVT001327,[]
12131,ROU,36.0,3,0,123.5,1,EVT001328,[]
12053,PNBE,51.0,6,1,157.2,1,EVT001329,[]
12219,VSKP,38.0,7,1,167.1,1,EVT001330,[]
12230,JP,36.0,1,0,69.2,0,EVT001331,[]
12163,JHS,70.0,3,0,249.6,1,EVT001332,[]
12042,DURG,47.0,0,0,47.0,0,EVT001333,[]
12247,PRYJ,1.0,0,0,1.0,0,EVT001334,[]
12111,MAS,51.0,7,1,162.7,1,EVT001335,[]
12012,MAO,30.0,0,0,30.0,0,EVT001336,[]
12016,BCT,1.0,0,0,1.0,0,EVT001337,[]
12177,NJP,56.0,0,0,56.0,0,EVT001338,[]
12045,JBP,7.0,0,0,7.0,0,EVT001339,[]
12103,SDAH,25.0,3,0,82.7,1,EVT001340,[]
12243,NDLS,92.0,1,0,178.4,0,EVT001341,[]
12027,COR,22.0,1,0,42.0,1,EVT001342,[]
12263,SBC,25.0,3,0,82.7,1,EVT001343,[]
12155,DLI,18.0,0,0,18.0,0,EVT001344,[]
12237,TATA,41.0,3,0,142.0,1,EVT001345,[]
12054,VSKP,37.0,2,0,100.9,1,EVT001346,[]
12219,NDLS,45.0,8,1,215.5,1,EVT001347,[]
12231,ADI,46.0,0,0,46.0,0,EVT001348,[]
12210,KYN,18.0,1,0,34.1,1,EVT001349,[]
12242,BSP,106.0,2,1,258.3,1,EVT001350,[]
12281,UMB,16.0,2,0,41.0,0,EVT001351,[]
12235,SC,14.0,1,0,26.4,0,EVT001352,[]
12246,LDH,16.0,0,0,16.0,0,EVT001353,[]
12114,COR,1.0,0,0,1.0,0,EVT001354,[]
12245,DLI,60.0,1,0,116.0,0,EVT001355,[]
12031,UMB,52.0,1,0,100.4,0,EVT001356,[]
12049,ADI,2.0,0,0,2.0,0,EVT001357,[]
12029,BPL,55.0,3,0,194.0,1,EVT001358,[]
12302,DHN,59.0,9,1,329.1,1,EVT001359,[]
12117,COR,49.0,7,1,242.8,1,EVT001360,[]
12064,HWH,16.0,4,0,55.3,1,EVT001361,[]
12280,NDLS,1.0,0,0,1.0,0,EVT001362,[]
12027,RTM,34.0,4,1,105.4,1,EVT001363,[]
12042,DURG,26.0,0,0,26.0,0,EVT001364,[]
12104,KGP,21.0,1,1,26.8,1,EVT001365,[]
12315,HWH,33.0,4,1,86.6,1,EVT001366,[]
12074,MYS,27.0,4,0,105.0,1,EVT001367,[]
12274,VSKP,68.0,7,1,363.6,1,EVT001368,[]
12255,MAS,21.0,2,0,55.2,1,EVT001369,[]
12247,ERS,19.0,5,0,74.9,1,EVT001370,[]
12215,COR,28.0,2,0,75.2,1,EVT001371,[]
12079,KGP,23.0,2,0,61.0,1,EVT001372,[]
12095,JP,59.0,8,1,225.2,1,EVT001373,[]
12206,KGP,61.0,4,1,182.2,1,EVT001374,[]
12129,TVC,7.0,0,0,7.0,0,EVT001375,[]
12312,ST,34.0,5,0,154.4,1,EVT001376,[]
12091,MFP,40.0,0,0,40.0,0,EVT001377,[]
12283,BPL,35.0,0,0,35.0,0,EVT001378,[]
12167,BCT,1.0,0,0,1.0,0,EVT001379,[]
12269,MAS,71.0,0,0,71.0,0,EVT001380,[]
12152,KYN,23.0,1,0,43.9,0,EVT001381,[]
12274,BBS,19.0,1,0,36.1,0,EVT001382,[]
12090,SBC,40.0,5,0,186.2,1,EVT001383,[]
12274,CTC,1.0,0,0,1.0,0,EVT001384,[]
12127,NJP,1.0,0,0,1.0,0,EVT001385,[]
12050,BBS,51.0,1,0,98.5,0,EVT001386,[]
12051,COR,12.0,2,0,28.6,1,EVT001387,[]
12086,MAS,34.0,0,0,34.0,0,EVT001388,[]
12266,COR,69.0,5,1,302.0,1,EVT001389,[]
12243,DLI,25.0,0,0,25.0,0,EVT001390,[]
12197,SC,5.0,0,0,5.0,0,EVT001391,[]
12230,TVC,69.0,2,0,192.2,1,EVT001392,[]
12001,BBS,47.0,2,0,129.4,1,EVT001393,[]
12289,DLI,1.0,0,0,1.0,0,EVT001394,[]
12316,BWN,10.0,0,0,10.0,0,EVT001395,[]
12215,JP,22.0,3,0,71.5,1,EVT001396,[]
12231,MLDT,46.0,3,0,160.6,1,EVT001397,[]
12091,PNBE,22.0,1,0,42.0,0,EVT001398,[]
12296,PRYJ,63.0,5,1,269.8,1,EVT001399,[]
12126,UMB,1.0,0,0,1.0,0,EVT001400,[]
12078,SC,57.0,6,1,215.1,1,EVT001401,[]
12097,BSL,1.0,0,0,1.0,0,EVT001402,[]
12292,HYB,55.0,0,0,55.0,0,EVT001403,[]
12200,PNBE,73.0,5,0,361.0,1,EVT001404,[]
12034,SC,31.0,3,1,88.8,1,EVT001405,[]
12068,CSMT,30.0,0,0,30.0,0,EVT001406,[]
12286,NDLS,1.0,0,0,1.0,0,EVT001407,[]
12199,MYS,18.0,4,0,64.3,1,EVT001408,[]
12137,MAS,23.0,2,0,61.0,1,EVT001409,[]
12184,ROU,24.0,2,0,63.8,1,EVT001410,[]
12263,MAS,15.0,1,0,28.3,1,EVT001411,[]
12041,PNBE,40.0,1,0,77.0,1,EVT001412,[]
12106,ERS,45.0,3,1,117.6,1,EVT001413,[]
12312,CBE,50.0,0,0,50.0,0,EVT001414,[]
12080,PRYJ,1.0,0,0,1.0,0,EVT001415,[]
12168,JBP,39.0,0,0,39.0,0,EVT001416,[]
12315,SBC,40.0,5,0,186.2,1,EVT001417,[]
12247,NDLS,47.0,2,0,129.4,1,EVT001418,[]
12094,JBP,4.0,0,0,4.0,0,EVT001419,[]
12094,DURG,27.0,5,0,117.3,1,EVT001420,[]
12233,MLDT,3.0,0,0,3.0,0,EVT001421,[]
12164,BSP,17.0,0,0,17.0,0,EVT001422,[]
12176,JBP,32.0,2,0,86.6,1,EVT001423,[]
12280,NGP,1.0,0,0,1.0,0,EVT001424,[]
12053,AII,17.0,4,0,58.8,1,EVT001425,[]
12095,KYN,25.0,0,0,25.0,0,EVT001426,[]
12019,PNBE,40.0,7,1,164.6,1,EVT001427,[]
12229,NJP,23.0,2,0,61.0,1,EVT001428,[]
12318,COR,67.0,2,0,186.5,1,EVT001429,[]
12245,NDLS,20.0,0,0,20.0,0,EVT001430,[]
12272,NDLS,50.0,1,0,96.5,1,EVT001431,[]
12029,ADI,52.0,1,0,100.4,1,EVT001432,[]
12235,HYB,16.0,0,0,16.0,0,EVT001433,[]
12078,SUR,3.0,0,0,3.0,0,EVT001434,[]
12233,HWH,34.0,3,0,116.1,1,EVT001435,[]
12245,DLI,3.0,0,0,3.0,0,EVT001436,[]
12071,KYN,1.0,0,0,1.0,0,EVT001437,[]
12218,MYS,9.0,0,0,9.0,0,EVT001438,[]
12205,ERS,17.0,4,0,59.8,1,EVT001439,[]
12175,COR,29.0,2,0,78.1,1,EVT001440,[]
12122,UMB,16.0,4,0,54.3,1,EVT001441,[]
12233,KGP,29.0,2,0,78.1,1,EVT001442,[]
12018,SDAH,1.0,0,0,1.0,0,EVT001443,[]
12171,MFP,58.0,0,0,58.0,0,EVT001444,[]
12201,VSKP,3.0,0,0,3.0,0,EVT001445,[]
12288,RTM,24.0,1,0,45.8,0,EVT001446,[]
12097,PUNE,17.0,2,0,43.8,0,EVT001447,[]
12044,BSP,13.0,1,0,24.4,1,EVT001448,[]
12235,SC,32.0,4,1,96.8,1,EVT001449,[]
12266,NDLS,37.0,4,1,106.1,1,EVT001450,[]
12212,SDAH,1.0,0,0,1.0,0,EVT001451,[]
12199,MAS,47.0,7,1,212.5,1,EVT001452,[]
12258,BBS,22.0,2,0,58.1,1,EVT001453,[]
12196,BWN,21.0,0,0,21.0,0,EVT001454,[]
12149,CTC,3.0,0,0,3.0,0,EVT001455,[]
12228,JP,5.0,0,0,5.0,0,EVT001456,[]
12099,ASN,34.0,0,0,34.0,0,EVT001457,[]
12031,UMB,29.0,1,0,55.6,0,EVT001458,[]
12318,COR,56.0,2,0,155.1,1,EVT001459,[]
12048,SC,24.0,4,0,91.5,1,EVT001460,[]
12253,GKP,38.0,3,0,130.9,1,EVT001461,[]
12297,BSP,21.0,4,0,77.9,1,EVT001462,[]
12133,JP,37.0,2,0,100.9,1,EVT001463,[]
12092,JP,43.0,1,0,82.9,0,EVT001464,[]
12196,BWN,1.0,0,0,1.0,0,EVT001465,[]
12064,SDAH,39.0,5,1,149.7,1,EVT001466,[]
12028,JP,1.0,0,0,1.0,0,EVT001467,[]
12194,NDLS,37.0,1,0,71.2,1,EVT001468,[]
12151,BCT,25.0,4,0,96.0,1,EVT001469,[]
12125,GKP,55.0,5,1,190.9,1,EVT001470,[]
12091,NDLS,14.0,3,0,41.9,1,EVT001471,[]
12048,JBP,4.0,0,0,4.0,0,EVT001472,[]
12116,ROU,49.0,5,1,184.1,1,EVT001473,[]
12187,PRYJ,9.0,2,0,21.0,1,EVT001474,[]
12186,ASN,2.0,0,0,2.0,0,EVT001475,[]
12147,UBL,1.0,0,0,1.0,0,EVT001476,[]
12163,NDLS,1.0,0,0,1.0,0,EVT001477,[]
12059,TVC,65.0,0,0,65.0,0,EVT001478,[]
12271,MAS,1.0,0,0,1.0,0,EVT001479,[]
12259,GKP,38.0,6,1,182.2,1,EVT001480,[]
12171,MFP,5.0,0,0,5.0,0,EVT001481,[]
12078,CSMT,47.0,5,1,129.9,1,EVT001482,[]
12271,MAS,23.0,3,0,75.3,1,EVT001483,[]
12106,ERS,27.0,1,0,51.7,0,EVT001484,[]
12319,HWH,9.0,1,0,15.6,1,EVT001485,[]
12155,NGP,43.0,5,1,126.4,1,EVT001486,[]
12232,MAS,11.0,2,0,26.7,1,EVT001487,[]
12304,MAO,62.0,5,0,302.8,1,EVT001488,[]
12273,JHS,1.0,0,0,1.0,0,EVT001489,[]
12103,BZA,2.0,0,0,2.0,0,EVT001490,[]
12031,LDH,40.0,0,0,40.0,0,EVT001491,[]
12126,UMB,34.0,4,0,136.7,1,EVT001492,[]
12046,PRYJ,20.0,0,0,20.0,0,EVT001493,[]
12068,CSMT,1.0,0,0,1.0,0,EVT001494,[]
12061,NDLS,34.0,4,1,91.1,1,EVT001495,[]
12074,SC,1.0,0,0,1.0,0,EVT001496,[]
12011,ASN,56.0,4,0,236.2,1,EVT001497,[]
12066,VSKP,58.0,8,1,298.8,1,EVT001498,[]
12120,BBS,5.0,0,0,5.0,0,EVT001499,[]
12117,BPL,15.0,4,0,50.7,1,EVT001500,[]
12248,MLDT,22.0,1,0,42.0,1,EVT001501,[]
12249,MLDT,70.0,9,1,418.1,1,EVT001502,[]
12296,AGC,1.0,0,0,1.0,0,EVT001503,[]
12238,KYN,68.0,0,0,68.0,0,EVT001504,[]
12028,COR,34.0,2,0,92.3,1,EVT001505,[]
12083,ST,41.0,0,0,41.0,0,EVT001506,[]
12300,SBC,44.0,2,1,79.0,1,EVT001507,[]
12100,PRYJ,1.0,0,0,1.0,0,EVT001508,[]
12257,UBL,1.0,0,0,1.0,0,EVT001509,[]
12114,SBC,43.0,0,0,43.0,0,EVT001510,[]
12166,BCT,36.0,7,1,137.3,1,EVT001511,[]
12014,GHY,63.0,4,0,267.9,1,EVT001512,[]
12049,ADI,40.0,1,0,77.0,0,EVT001513,[]
12189,HWH,50.0,0,0,50.0,0,EVT001514,[]
12116,BSP,25.0,4,0,96.0,1,EVT001515,[]
12235,CSMT,24.0,2,0,63.8,1,EVT001516,[]
12119,BZA,1.0,0,0,1.0,0,EVT001517,[]
12312,BBS,41.0,3,0,142.0,1,EVT001518,[]
12287,BCT,13.0,2,0,32.4,1,EVT001519,[]
12115,NGP,54.0,1,0,104.3,1,EVT001520,[]
12246,PRYJ,36.0,2,0,98.0,1,EVT001521,[]
12152,KYN,23.0,1,0,43.9,0,EVT001522,[]
12317,MAS,30.0,2,0,80.9,1,EVT001523,[]
12284,NDLS,53.0,1,0,102.4,1,EVT001524,[]
12000,NJP,45.0,0,0,45.0,0,EVT001525,[]
12052,PUNE,1.0,0,0,1.0,0,EVT001526,[]
12210,PUNE,43.0,2,0,118.0,1,EVT001527,[]
12259,PNBE,28.0,4,0,109.6,1,EVT001528,[]
12160,BSP,11.0,1,0,20.5,1,EVT001529,[]
12166,RTM,31.0,5,1,83.1,1,EVT001530,[]
12163,PRYJ,28.0,2,0,75.2,1,EVT001531,[]
12112,NDLS,16.0,2,0,41.0,1,EVT001532,[]
12036,SC,40.0,5,1,170.1,1,EVT001533,[]
12033,SC,13.0,1,0,24.4,1,EVT001534,[]
12015,MAS,28.0,1,0,53.6,0,EVT001535,[]
12186,GHY,11.0,2,0,25.8,1,EVT001536,[]
12227,BZA,3.0,0,0,3.0,0,EVT001537,[]
12144,MAS,36.0,0,0,36.0,0,EVT001538,[]
12015,SC,26.0,2,0,69.5,1,EVT001539,[]
12150,NGP,1.0,0,0,1.0,0,EVT001540,[]
12310,SC,38.0,3,0,130.9,1,EVT001541,[]
12300,SBC,38.0,2,1,61.6,1,EVT001542,[]
12031,LDH,33.0,0,0,33.0,0,EVT001543,[]
12145,JU,38.0,0,0,38.0,0,EVT001544,[]
12028,COR,35.0,2,0,95.2,1,EVT001545,[]
12105,KYN,36.0,5,1,105.9,1,EVT001546,[]
12045,BSP,1.0,0,0,1.0,0,EVT001547,[]
12220,BWN,27.0,0,0,27.0,0,EVT001548,[]
12059,ROU,24.0,3,0,79.0,1,EVT001549,[]
12136,KYN,37.0,1,0,71.2,0,EVT001550,[]
12079,ROU,33.0,3,0,112.4,1,EVT001551,[]
12040,TVC,54.0,7,1,258.7,1,EVT001552,[]
12131,MAS,15.0,1,0,28.3,0,EVT001553,[]
12215,BPL,16.0,1,0,30.2,1,EVT001554,[]
12162,KYN,33.0,1,0,63.4,1,EVT001555,[]
12074,MAS,24.0,1,0,45.8,0,EVT001556,[]
12156,VSKP,29.0,2,0,78.1,1,EVT001557,[]
12017,UMB,8.0,0,0,8.0,0,EVT001558,[]
12117,SDAH,66.0,5,1,285.9,1,EVT001559,[]
12302,SC,39.0,5,1,105.3,1,EVT001560,[]
12304,UBL,65.0,4,0,277.0,1,EVT001561,[]
12056,AII,61.0,3,0,216.2,1,EVT001562,[]
12266,NDLS,26.0,3,1,50.8,1,EVT001563,[]
12076,SBC,39.0,0,0,39.0,0,EVT001564,[]
12169,GKP,13.0,1,0,24.4,1,EVT001565,[]
12221,PNBE,40.0,5,0,186.2,1,EVT001566,[]
12032,RTM,1.0,0,0,1.0,0,EVT001567,[]
12239,VSKP,83.0,6,1,397.9,1,EVT001568,[]
12241,BBS,32.0,4,1,96.8,1,EVT001569,[]
12252,BPL,54.0,2,0,149.4,1,EVT001570,[]
12257,MAS,23.0,2,1,36.2,1,EVT001571,[]
12049,ADI,22.0,1,0,42.0,0,EVT001572,[]
12127,MLDT,64.0,1,0,123.8,0,EVT001573,[]
12228,JP,49.0,1,0,94.6,1,EVT001574,[]
12059,KGP,1.0,0,0,1.0,0,EVT001575,[]
12216,NDLS,1.0,0,0,1.0,0,EVT001576,[]
12122,SC,1.0,0,0,1.0,0,EVT001577,[]
12110,SDAH,14.0,2,0,35.3,0,EVT001578,[]
12105,KYN,1.0,0,0,1.0,0,EVT001579,[]
12207,DLI,1.0,0,0,1.0,0,EVT001580,[]
12010,MDU,16.0,0,0,16.0,0,EVT001581,[]
12111,NDLS,11.0,2,0,25.8,1,EVT001582,[]
12302,KGP,99.0,13,2,689.1,1,EVT001583,[]
12039,COR,45.0,2,0,123.7,1,EVT001584,[]
12108,BBS,33.0,2,0,89.5,1,EVT001585,[]
12204,ROU,31.0,1,0,59.5,1,EVT001586,[]
12158,MAS,37.0,5,1,139.5,1,EVT001587,[]
12068,BPL,58.0,2,0,160.8,1,EVT001588,[]
12047,GKP,9.0,1,0,16.6,1,EVT001589,[]
12096,SBC,38.0,2,0,103.7,1,EVT001590,[]
12228,JP,23.0,1,0,43.9,1,EVT001591,[]
12275,ASR,18.0,4,0,64.3,1,EVT001592,[]
12030,KYN,23.0,2,0,61.0,1,EVT001593,[]
12188,ROU,55.0,5,1,226.9,1,EVT001594,[]
12127,MLDT,58.0,1,0,112.2,0,EVT001595,[]
12000,GHY,26.0,1,0,49.8,0,EVT001596,[]
12013,MDU,31.0,0,0,31.0,0,EVT001597,[]
12257,MAO,30.0,4,0,118.6,1,EVT001598,[]
12305,PRYJ,9.0,2,0,21.0,1,EVT001599,[]
12205,MAS,19.0,3,0,60.4,1,EVT001600,[]
12159,COR,46.0,4,1,141.2,1,EVT001601,[]
12038,PNBE,35.0,3,0,119.8,1,EVT001602,[]
12227,BZA,49.0,5,1,140.7,1,EVT001603,[]
12195,DLI,32.0,1,0,61.5,1,EVT001604,[]
12182,COR,36.0,3,1,83.0,1,EVT001605,[]
12276,SBC,38.0,3,0,130.9,1,EVT001606,[]
12299,PRYJ,1.0,0,0,1.0,0,EVT001607,[]
12119,BZA,70.0,7,2,325.9,1,EVT001608,[]
12155,DLI,24.0,0,0,24.0,0,EVT001609,[]
12193,ERS,1.0,0,0,1.0,0,EVT001610,[]
12168,BZA,34.0,2,0,92.3,1,EVT001611,[]
12053,AII,2.0,0,0,2.0,0,EVT001612,[]
12293,HYB,22.0,0,0,22.0,0,EVT001613,[]
12103,VSKP,62.0,1,0,119.9,1,EVT001614,[]
12081,R,7.0,0,0,7.0,0,EVT001615,[]
12045,JBP,41.0,0,0,41.0,0,EVT001616,[]
12318,COR,41.0,2,0,112.3,1,EVT001617,[]
12282,BCT,48.0,1,0,92.7,1,EVT001618,[]
12021,UBL,23.0,2,1,49.6,1,EVT001619,[]
12281,UMB,1.0,0,0,1.0,0,EVT001620,[]
12199,MAS,1.0,0,0,1.0,0,EVT001621,[]
12070,COR,16.0,2,0,41.0,1,EVT001622,[]
12284,SDAH,45.0,0,0,45.0,0,EVT001623,[]
12008,MAO,12.0,1,0,22.4,1,EVT001624,[]
12269,SC,25.0,1,0,47.8,1,EVT001625,[]
12141,NGP,32.0,1,0,61.5,1,EVT001626,[]
12128,MFP,44.0,0,0,44.0,0,EVT001627,[]
12251,R,38.0,0,0,38.0,0,EVT001628,[]
12234,PRYJ,38.0,1,0,73.2,1,EVT001629,[]
12030,BBS,77.0,1,0,149.2,0,EVT001630,[]
12228,TVC,73.0,0,0,73.0,0,EVT001631,[]
12196,NGP,30.0,5,0,133.2,1,EVT001632,[]
12111,VSKP,38.0,2,0,103.7,1,EVT001633,[]
12222,BSP,47.0,2,0,129.4,1,EVT001634,[]
12032,COR,62.0,4,1,206.5,1,EVT001635,[]
12123,SC,1.0,0,0,1.0,0,EVT001636,[]
12082,GHY,11.0,2,0,25.8,1,EVT001637,[]
12133,JP,52.0,2,0,143.7,1,EVT001638,[]
12130,KYN,25.0,2,0,66.7,1,EVT001639,[]
12301,NDLS,33.0,1,0,63.4,1,EVT001640,[]
12168,BZA,71.0,2,0,197.9,1,EVT001641,[]
12285,JBP,7.0,0,0,7.0,0,EVT001642,[]
12068,CSMT,72.0,0,0,72.0,0,EVT001643,[]
12231,ADI,29.0,0,0,29.0,0,EVT001644,[]
12182,JP,38.0,3,1,69.3,1,EVT001645,[]
12192,GHY,1.0,0,0,1.0,0,EVT001646,[]
12174,BBS,73.0,0,0,73.0,0,EVT001647,[]
12229,ADI,33.0,0,0,33.0,0,EVT001648,[]
12152,JP,33.0,2,0,89.5,1,EVT001649,[]
12169,GHY,37.0,2,0,100.9,1,EVT001650,[]
12102,BBS,35.0,0,0,35.0,0,EVT001651,[]
12310,BPL,1.0,0,0,1.0,0,EVT001652,[]
12276,MYS,60.0,4,0,254.3,1,EVT001653,[]
12265,MDU,70.0,6,1,273.2,1,EVT001654,[]
12067,KGP,19.0,2,0,49.5,1,EVT001655,[]
12138,JP,4.0,0,0,4.0,0,EVT001656,[]
12315,HWH,26.0,1,0,49.8,0,EVT001657,[]
12217,SC,82.0,5,1,263.8,1,EVT001658,[]
12231,HWH,45.0,4,0,186.5,1,EVT001659,[]
12157,PRYJ,18.0,1,0,34.1,1,EVT001660,[]
12281,NDLS,36.0,1,0,69.2,0,EVT001661,[]
12080,KGP,1.0,0,0,1.0,0,EVT001662,[]
12120,BCT,20.0,2,0,52.4,1,EVT001663,[]
12291,NJP,30.0,0,0,30.0,0,EVT001664,[]
12061,VSKP,29.0,2,0,78.1,1,EVT001665,[]
12201,MLDT,1.0,0,0,1.0,0,EVT001666,[]
12159,RTM,19.0,3,0,60.4,1,EVT001667,[]
12282,NGP,18.0,0,0,18.0,0,EVT001668,[]
12226,SUR,1.0,0,0,1.0,0,EVT001669,[]
12233,HWH,26.0,3,0,86.4,1,EVT001670,[]
12305,NDLS,73.0,6,1,314.7,1,EVT001671,[]
12226,SUR,29.0,1,0,55.6,0,EVT001672,[]
12049,ADI,1.0,0,0,1.0,0,EVT001673,[]
12057,MAS,101.0,6,1,508.0,1,EVT001674,[]
12000,JP,4.0,0,0,4.0,0,EVT001675,[]
12107,SC,41.0,4,1,127.9,1,EVT001676,[]
12283,NDLS,41.0,2,0,112.3,1,EVT001677,[]
12125,GKP,20.0,1,0,38.0,1,EVT001678,[]
12045,BSP,18.0,1,0,34.1,1,EVT001679,[]
12035,MAO,48.0,2,0,132.3,1,EVT001680,[]
12229,GHY,67.0,1,0,129.7,1,EVT001681,[]
12064,RTM,55.0,5,1,191.5,1,EVT001682,[]
12110,NDLS,1.0,0,0,1.0,0,EVT001683,[]
12261,SDAH,65.0,3,0,231.1,1,EVT001684,[]
12214,ADI,18.0,1,0,34.1,1,EVT001685,[]
12206,SC,65.0,4,0,277.0,1,EVT001686,[]
12098,HWH,75.0,2,0,209.3,1,EVT001687,[]
12297,GHY,37.0,1,0,71.2,0,EVT001688,[]
12314,COR,1.0,0,0,1.0,0,EVT001689,[]
12220,HWH,50.0,1,0,96.5,0,EVT001690,[]
12296,AGC,1.0,0,0,1.0,0,EVT001691,[]
12261,SDAH,36.0,3,0,123.5,1,EVT001692,[]
12305,BSP,53.0,8,1,239.5,1,EVT001693,[]
12178,MAS,36.0,4,1,129.7,1,EVT001694,[]
12031,UMB,24.0,1,0,45.8,0,EVT001695,[]
12015,MAS,34.0,1,0,65.3,0,EVT001696,[]
12266,SBC,24.0,3,0,79.0,1,EVT001697,[]
12213,SC,14.0,0,0,14.0,0,EVT001698,[]
12052,LDH,83.0,8,1,441.8,1,EVT001699,[]
12319,SC,79.0,1,0,153.1,0,EVT001700,[]
12055,KGP,81.0,6,1,379.5,1,EVT001701,[]
12034,CSMT,27.0,1,0,51.7,0,EVT001702,[]
12291,NDLS,42.0,3,0,145.7,1,EVT001703,[]
12012,MAO,9.0,0,0,9.0,0,EVT001704,[]
12006,NDLS,1.0,0,0,1.0,0,EVT001705,[]
12319,ASN,89.0,5,0,445.8,1,EVT001706,[]
12100,PRYJ,16.0,1,0,30.2,1,EVT001707,[]
12059,TVC,19.0,0,0,19.0,0,EVT001708,[]
12112,UMB,15.0,3,0,45.6,1,EVT001709,[]
12305,NDLS,52.0,6,1,186.2,1,EVT001710,[]
12182,COR,14.0,1,0,26.4,1,EVT001711,[]
12230,ERS,22.0,3,0,71.5,1,EVT001712,[]
12289,DLI,1.0,0,0,1.0,0,EVT001713,[]
12202,GKP,15.0,4,0,50.7,1,EVT001714,[]
12184,HWH,1.0,0,0,1.0,0,EVT001715,[]
12021,UBL,27.0,3,1,69.1,1,EVT001716,[]
12302,KGP,40.0,6,1,146.4,1,EVT001717,[]
12276,MYS,1.0,0,0,1.0,0,EVT001718,[]
12278,COR,57.0,9,1,301.1,1,EVT001719,[]
12188,TATA,34.0,4,1,92.3,1,EVT001720,[]
12181,NJP,1.0,0,0,1.0,0,EVT001721,[]
12011,ADI,38.0,0,0,38.0,0,EVT001722,[]
12007,COR,40.0,2,0,109.4,1,EVT001723,[]
12253,GKP,35.0,3,0,119.8,1,EVT001724,[]
12055,MS,43.0,4,0,177.4,1,EVT001725,[]
12053,DHN,27.0,0,0,27.0,0,EVT001726,[]
12162,KYN,22.0,1,0,42.0,1,EVT001727,[]
12139,BZA,6.0,0,0,6.0,0,EVT001728,[]
12032,RTM,1.0,0,0,1.0,0,EVT001729,[]
12130,BBS,6.0,0,0,6.0,0,EVT001730,[]
12157,BSP,52.0,0,0,52.0,0,EVT001731,[]
12175,JP,64.0,3,0,227.4,1,EVT001732,[]
12067,DURG,49.0,5,0,233.9,1,EVT001733,[]
12030,CTC,1.0,0,0,1.0,0,EVT001734,[]
12011,MLDT,8.0,1,0,13.7,1,EVT001735,[]
12237,ROU,18.0,2,0,46.7,1,EVT001736,[]
12258,BBS,31.0,2,0,83.8,1,EVT001737,[]
12011,ADI,50.0,0,0,50.0,0,EVT001738,[]
12102,KYN,50.0,1,0,96.5,1,EVT001739,[]
12314,COR,4.0,0,0,4.0,0,EVT001740,[]
12268,DLI,5.0,0,0,5.0,0,EVT001741,[]
12043,VSKP,23.0,2,0,61.0,1,EVT001742,[]
12062,NDLS,60.0,3,1,183.3,1,EVT001743,[]
12260,KYN,17.0,0,0,17.0,0,EVT001744,[]
12172,VSKP,1.0,0,0,1.0,0,EVT001745,[]
12217,HYB,8.0,0,0,8.0,0,EVT001746,[]
12247,NDLS,23.0,2,0,61.0,1,EVT001747,[]
12273,JHS,48.0,5,1,189.3,1,EVT001748,[]
12234,NDLS,35.0,0,0,35.0,0,EVT001749,[]
12016,ADI,1.0,0,0,1.0,0,EVT001750,[]
12054,COR,31.0,0,0,31.0,0,EVT001751,[]
12111,MAS,5.0,0,0,5.0,0,EVT001752,[]
12007,BPL,54.0,4,1,156.0,1,EVT001753,[]
12144,MAS,40.0,0,0,40.0,0,EVT001754,[]
12171,PRYJ,38.0,2,0,103.7,1,EVT001755,[]
12064,NDLS,40.0,6,1,146.4,1,EVT001756,[]
12318,COR,1.0,0,0,1.0,0,EVT001757,[]
12206,KGP,3.0,0,0,3.0,0,EVT001758,[]
12108,MAS,4.0,0,0,4.0,0,EVT001759,[]
12085,MLDT,38.0,1,0,73.2,0,EVT001760,[]
12210,PUNE,41.0,2,0,112.3,1,EVT001761,[]
12160,BSP,33.0,1,0,63.4,1,EVT001762,[]
12023,ASR,62.0,6,1,226.4,1,EVT001763,[]
12065,NDLS,1.0,0,0,1.0,0,EVT001764,[]
12070,COR,48.0,2,0,132.3,1,EVT001765,[]
12220,KGP,40.0,2,0,109.4,1,EVT001766,[]
12157,BSP,23.0,0,0,23.0,0,EVT001767,[]
12056,JP,26.0,2,0,69.5,1,EVT001768,[]
12298,SC,7.0,0,0,7.0,0,EVT001769,[]
12093,ROU,30.0,2,0,80.9,1,EVT001770,[]
12154,NGP,1.0,0,0,1.0,0,EVT001771,[]
12035,PUNE,13.0,0,0,13.0,0,EVT001772,[]
12013,RTM,6.0,0,0,6.0,0,EVT001773,[]
12270,PRYJ,60.0,3,0,212.5,1,EVT001774,[]
12249,KGP,10.0,2,0,23.9,1,EVT001775,[]
12311,TATA,28.0,0,0,28.0,0,EVT001776,[]
12158,MAS,39.0,5,1,150.2,1,EVT001777,[]
12034,CSMT,1.0,0,0,1.0,0,EVT001778,[]
12112,NDLS,1.0,0,0,1.0,0,EVT001779,[]
12064,HWH,37.0,4,0,150.3,1,EVT001780,[]
12264,KYN,8.0,0,0,8.0,0,EVT001781,[]
12109,ROU,27.0,3,0,90.1,1,EVT001782,[]
12224,JU,44.0,6,0,229.7,1,EVT001783,[]
12226,BSL,1.0,0,0,1.0,0,EVT001784,[]
12107,MYS,44.0,4,1,102.3,1,EVT001785,[]
12241,BCT,37.0,3,1,93.2,1,EVT001786,[]
12093,HWH,12.0,0,0,12.0,0,EVT001787,[]
12187,BSP,51.0,3,0,179.1,1,EVT001788,[]
12053,COR,14.0,4,0,46.2,1,EVT001789,[]
12079,MAS,12.0,1,0,22.4,0,EVT001790,[]
12079,ERS,31.0,0,0,31.0,0,EVT001791,[]
12001,KYN,24.0,1,0,45.8,1,EVT001792,[]
12082,MLDT,16.0,1,0,30.2,0,EVT001793,[]
12142,KGP,1.0,0,0,1.0,0,EVT001794,[]
12118,JP,61.0,0,0,61.0,0,EVT001795,[]
12318,KYN,36.0,0,0,36.0,0,EVT001796,[]
12177,NJP,1.0,0,0,1.0,0,EVT001797,[]
12266,BPL,7.0,0,0,7.0,0,EVT001798,[]
12128,MFP,78.0,0,0,78.0,0,EVT001799,[]
12275,PURI,53.0,0,0,53.0,0,EVT001800,[]
12029,GHY,67.0,0,0,67.0,0,EVT001801,[]
12238,LDH,77.0,4,0,331.3,1,EVT001802,[]
12208,ASN,13.0,3,0,37.2,1,EVT001803,[]
12091,PRYJ,37.0,2,0,100.9,1,EVT001804,[]
12040,KYN,55.0,5,1,208.9,1,EVT001805,[]
12316,MAS,18.0,3,0,56.7,1,EVT001806,[]
12204,KGP,50.0,2,0,138.0,1,EVT001807,[]
12241,BBS,64.0,4,1,243.3,1,EVT001808,[]
12053,AII,52.0,6,0,277.9,1,EVT001809,[]
12271,KGP,34.0,2,0,92.3,1,EVT001810,[]
12252,SBC,23.0,3,0,75.3,1,EVT001811,[]
12095,JP,59.0,8,1,225.2,1,EVT001812,[]
12128,PNBE,61.0,1,0,118.0,0,EVT001813,[]
12202,NDLS,1.0,0,0,1.0,0,EVT001814,[]
12239,DLI,12.0,3,0,34.4,1,EVT001815,[]
12195,DLI,2.0,0,0,2.0,0,EVT001816,[]
12242,PRYJ,91.0,3,1,290.0,1,EVT001817,[]
12150,R,50.0,3,0,175.4,1,EVT001818,[]
12238,DLI,10.0,2,0,23.9,1,EVT001819,[]
12105,PURI,12.0,3,0,34.4,1,EVT001820,[]
12095,JP,8.0,1,0,14.6,1,EVT001821,[]
12275,BAM,1.0,0,0,1.0,0,EVT001822,[]
12303,ASN,19.0,0,0,19.0,0,EVT001823,[]
12206,SBC,52.0,5,0,249.8,1,EVT001824,[]
12260,KYN,7.0,0,0,7.0,0,EVT001825,[]
12039,MYS,62.0,5,0,302.8,1,EVT001826,[]
12072,GHY,20.0,1,0,38.0,1,EVT001827,[]
12044,PRYJ,27.0,0,0,27.0,0,EVT001828,[]
12132,SC,10.0,2,0,23.9,1,EVT001829,[]
12221,PNBE,52.0,5,0,249.8,1,EVT001830,[]
12144,MAS,25.0,0,0,25.0,0,EVT001831,[]
12057,BZA,1.0,0,0,1.0,0,EVT001832,[]
12267,GHY,1.0,0,0,1.0,0,EVT001833,[]
12171,PNBE,26.0,1,0,49.8,0,EVT001834,[]
12186,NJP,16.0,2,0,41.0,1,EVT001835,[]
12316,HWH,1.0,0,0,1.0,0,EVT001836,[]
12135,BSP,36.0,2,0,98.0,1,EVT001837,[]
12116,BSP,57.0,7,1,264.7,1,EVT001838,[]
12257,MAO,12.0,2,0,28.6,1,EVT001839,[]
12126,NGP,21.0,1,0,40.0,1,EVT001840,[]
12158,MAS,55.0,5,1,235.8,1,EVT001841,[]
12257,SBC,79.0,11,2,504.8,1,EVT001842,[]
12256,DLI,1.0,0,0,1.0,0,EVT001843,[]
12009,PRYJ,28.0,2,0,75.2,1,EVT001844,[]
12075,COR,23.0,2,0,61.0,1,EVT001845,[]
12199,SBC,41.0,8,1,192.8,1,EVT001846,[]
12094,JP,56.0,2,1,115.3,0,EVT001847,[]
12049,ST,1.0,0,0,1.0,0,EVT001848,[]
12226,SUR,61.0,5,1,205.1,1,EVT001849,[]
12002,BSP,48.0,3,0,168.0,1,EVT001850,[]
12115,NGP,1.0,0,0,1.0,0,EVT001851,[]
12076,SBC,47.0,0,0,47.0,0,EVT001852,[]
12033,SBC,77.0,0,0,77.0,0,EVT001853,[]
12079,DURG,58.0,5,0,281.6,1,EVT001854,[]
12134,NDLS,24.0,3,0,79.0,1,EVT001855,[]
12260,AGC,36.0,3,0,123.5,1,EVT001856,[]
12215,BPL,8.0,1,0,14.6,1,EVT001857,[]
12194,MFP,57.0,6,1,259.4,1,EVT001858,[]
12094,COR,26.0,2,0,69.5,1,EVT001859,[]
12053,AII,51.0,6,0,271.9,1,EVT001860,[]
12137,SBC,29.0,0,0,29.0,0,EVT001861,[]
12220,MAS,44.0,3,0,153.2,1,EVT001862,[]
12139,CTC,43.0,6,1,161.2,1,EVT001863,[]
12302,KGP,39.0,5,1,135.4,1,EVT001864,[]
12131,ROU,18.0,3,0,56.7,1,EVT001865,[]
12121,KYN,33.0,0,0,33.0,0,EVT001866,[]
12086,VSKP,24.0,1,0,45.8,1,EVT001867,[]
12218,MAO,46.0,2,0,126.6,1,EVT001868,[]
12033,SC,63.0,1,0,121.9,1,EVT001869,[]
12100,SDAH,47.0,8,1,216.6,1,EVT001870,[]
12183,GKP,48.0,5,1,189.3,1,EVT001871,[]
12154,DLI,28.0,0,0,28.0,0,EVT001872,[]
12075,TVC,1.0,0,0,1.0,0,EVT001873,[]
12282,CTC,22.0,3,0,71.5,1,EVT001874,[]
12235,NGP,1.0,0,0,1.0,0,EVT001875,[]
12090,PNBE,60.0,6,1,213.3,1,EVT001876,[]
12154,NGP,20.0,1,0,38.0,1,EVT001877,[]
12114,BPL,35.0,1,0,67.3,1,EVT001878,[]
12051,GHY,22.0,1,0,42.0,0,EVT001879,[]
12121,KYN,46.0,0,0,46.0,0,EVT001880,[]
12002,BSP,50.0,3,0,175.4,1,EVT001881,[]
12232,BZA,17.0,0,0,17.0,0,EVT001882,[]
12198,PNBE,51.0,5,1,148.0,1,EVT001883,[]
12045,JBP,55.0,0,0,55.0,0,EVT001884,[]
12054,COR,1.0,0,0,1.0,0,EVT001885,[]
12285,JBP,49.0,3,0,171.7,1,EVT001886,[]
12311,KGP,17.0,1,0,32.2,0,EVT001887,[]
12000,ADI,44.0,2,0,120.9,1,EVT001888,[]
12119,BZA,46.0,5,2,153.6,1,EVT001889,[]
12193,KGP,18.0,2,0,46.7,1,EVT001890,[]
12029,ADI,28.0,1,0,53.6,1,EVT001891,[]
12100,SDAH,53.0,8,1,261.5,1,EVT001892,[]
12164,NGP,13.0,1,0,24.4,1,EVT001893,[]
12262,NDLS,27.0,2,0,72.4,1,EVT001894,[]
12274,BBS,8.0,1,0,14.6,0,EVT001895,[]
12209,SUR,54.0,9,1,276.7,1,EVT001896,[]
12171,PUNE,47.0,3,0,164.3,1,EVT001897,[]
12207,SDAH,28.0,3,0,93.8,1,EVT001898,[]
12223,BZA,52.0,7,1,254.6,1,EVT001899,[]
12310,BZA,25.0,2,0,66.7,1,EVT001900,[]
12290,KGP,1.0,0,0,1.0,0,EVT001901,[]
12031,UMB,29.0,1,0,55.6,0,EVT001902,[]
12170,CSMT,25.0,3,0,82.7,1,EVT001903,[]
12043,BCT,56.0,9,1,282.8,1,EVT001904,[]
12036,KGP,17.0,2,0,43.8,1,EVT001905,[]
12199,MAS,1.0,0,0,1.0,0,EVT001906,[]
12133,COR,52.0,1,0,100.4,0,EVT001907,[]
12238,KYN,22.0,0,0,22.0,0,EVT001908,[]
12220,HWH,35.0,1,0,67.3,0,EVT001909,[]
12311,TATA,12.0,0,0,12.0,0,EVT001910,[]
12014,CTC,2.0,0,0,2.0,0,EVT001911,[]
12249,MAS,66.0,9,2,321.1,1,EVT001912,[]
12185,BBS,60.0,4,2,199.4,1,EVT001913,[]
12077,NGP,57.0,1,0,110.2,1,EVT001914,[]
12107,SBC,46.0,5,1,142.6,1,EVT001915,[]
12225,VSKP,64.0,1,0,123.8,1,EVT001916,[]
12292,SC,52.0,1,0,100.4,0,EVT001917,[]
12316,MS,29.0,4,0,114.1,1,EVT001918,[]
12149,CSMT,10.0,2,0,22.9,1,EVT001919,[]
12107,MYS,24.0,0,0,24.0,0,EVT001920,[]
12212,PRYJ,44.0,6,1,181.2,1,EVT001921,[]
12286,JP,21.0,1,0,40.0,0,EVT001922,[]
12025,AII,39.0,3,0,134.6,1,EVT001923,[]
12187,PRYJ,1.0,0,0,1.0,0,EVT001924,[]
12247,MAS,46.0,4,0,191.0,1,EVT001925,[]
12021,UBL,27.0,3,1,69.1,1,EVT001926,[]
12077,CTC,8.0,1,0,13.7,0,EVT001927,[]
12096,SBC,8.0,1,0,13.7,1,EVT001928,[]
12266,MYS,5.0,0,0,5.0,0,EVT001929,[]
12277,NGP,1.0,0,0,1.0,0,EVT001930,[]
12071,AII,37.0,4,0,150.3,1,EVT001931,[]
12216,BPL,3.0,0,0,3.0,0,EVT001932,[]
12149,BBS,19.0,1,0,36.1,0,EVT001933,[]
12156,COR,1.0,0,0,1.0,0,EVT001934,[]
12073,PURI,7.0,0,0,7.0,0,EVT001935,[]
12310,BZA,33.0,2,0,89.5,1,EVT001936,[]
12186,ADI,5.0,0,0,5.0,0,EVT001937,[]
12295,KGP,26.0,2,0,69.5,1,EVT001938,[]
12246,BSP,43.0,3,0,149.4,1,EVT001939,[]
12276,SBC,22.0,3,0,71.5,1,EVT001940,[]
12199,MAS,16.0,1,0,30.2,0,EVT001941,[]
12169,GHY,23.0,2,0,61.0,1,EVT001942,[]
12186,GHY,34.0,3,0,116.1,1,EVT001943,[]
12228,JP,1.0,0,0,1.0,0,EVT001944,[]
12096,MYS,59.0,3,0,208.8,1,EVT001945,[]
12176,BPL,51.0,1,0,98.5,1,EVT001946,[]
12038,ERS,30.0,0,0,30.0,0,EVT001947,[]
12249,KGP,32.0,3,1,92.6,1,EVT001948,[]
12232,BZA,41.0,0,0,41.0,0,EVT001949,[]
12109,BSP,5.0,0,0,5.0,0,EVT001950,[]
12108,BCT,34.0,3,0,116.1,1,EVT001951,[]
12223,HYB,15.0,0,0,15.0,0,EVT001952,[]
12250,MAS,43.0,6,1,153.1,1,EVT001953,[]
12090,KGP,39.0,2,0,106.6,1,EVT001954,[]
12081,R,57.0,7,1,261.1,1,EVT001955,[]
12290,NJP,81.0,9,1,501.4,1,EVT001956,[]
12106,MAS,53.0,2,1,105.0,1,EVT001957,[]
12213,BCT,1.0,0,0,1.0,0,EVT001958,[]
12254,BBS,6.0,0,0,6.0,0,EVT001959,[]
12002,BSP,58.0,3,0,205.1,1,EVT001960,[]
12237,BSP,1.0,0,0,1.0,0,EVT001961,[]
12191,TVC,2.0,0,0,2.0,0,EVT001962,[]
12211,TVC,24.0,4,0,91.5,1,EVT001963,[]
12182,COR,43.0,4,1,119.5,1,EVT001964,[]
12203,PRYJ,17.0,3,0,53.0,1,EVT001965,[]
12190,COR,1.0,0,0,1.0,0,EVT001966,[]
12169,GHY,19.0,2,0,49.5,1,EVT001967,[]
12171,PRYJ,19.0,2,0,49.5,1,EVT001968,[]
12297,JBP,22.0,3,0,71.5,1,EVT001969,[]
12124,VSKP,68.0,7,1,335.9,1,EVT001970,[]
12302,KGP,61.0,7,1,294.0,1,EVT001971,[]
12189,NDLS,50.0,2,0,138.0,1,EVT001972,[]
12116,ROU,12.0,3,0,34.4,1,EVT001973,[]
12302,DHN,2.0,0,0,2.0,0,EVT001974,[]
12068,CSMT,17.0,0,0,17.0,0,EVT001975,[]
12280,NDLS,11.0,0,0,11.0,0,EVT001976,[]
12032,UBL,50.0,7,1,231.1,1,EVT001977,[]
12277,ASR,13.0,0,0,13.0,0,EVT001978,[]
12001,MAO,30.0,0,0,30.0,0,EVT001979,[]
12231,MLDT,1.0,0,0,1.0,0,EVT001980,[]
12185,BBS,32.0,3,1,87.8,1,EVT001981,[]
12307,BSP,13.0,1,0,24.4,1,EVT001982,[]
12008,MAO,27.0,1,0,51.7,1,EVT001983,[]
12138,ERS,40.0,5,0,186.2,1,EVT001984,[]
12166,SUR,21.0,3,0,67.8,1,EVT001985,[]
12104,KGP,39.0,3,1,100.8,1,EVT001986,[]
12296,AGC,78.0,4,1,294.6,1,EVT001987,[]
12141,DLI,39.0,2,0,106.6,1,EVT001988,[]
12134,PURI,43.0,0,0,43.0,0,EVT001989,[]
12081,R,76.0,7,1,390.2,1,EVT001990,[]
12317,VSKP,52.0,1,0,100.4,0,EVT001991,[]
12288,ST,55.0,0,0,55.0,0,EVT001992,[]
12010,BSL,41.0,4,0,168.4,1,EVT001993,[]
12115,BCT,53.0,0,0,53.0,0,EVT001994,[]
12132,TVC,23.0,4,0,86.9,1,EVT001995,[]
12133,COR,6.0,0,0,6.0,0,EVT001996,[]
12216,LDH,1.0,0,0,1.0,0,EVT001997,[]
12043,CBE,68.0,5,1,239.6,1,EVT001998,[]
12057,KGP,4.0,0,0,4.0,0,EVT001999,[]
12118,TVC,3.0,0,0,3.0,0,EVT002000,[]
12103,BZA,35.0,0,0,35.0,0,EVT002001,[]
12238,DLI,38.0,2,0,103.7,1,EVT002002,[]
12248,TATA,32.0,4,0,127.7,1,EVT002003,[]
12035,UBL,71.0,3,0,253.3,1,EVT002004,[]
12072,ADI,19.0,0,0,19.0,0,EVT002005,[]
12057,BZA,58.0,8,1,298.8,1,EVT002006,[]
12130,BBS,62.0,1,0,119.9,0,EVT002007,[]
12174,BBS,57.0,0,0,57.0,0,EVT002008,[]
12150,R,32.0,3,0,108.6,1,EVT002009,[]
12048,ADI,1.0,0,0,1.0,0,EVT002010,[]
12017,LDH,69.0,1,0,133.6,0,EVT002011,[]
12087,MAS,3.0,0,0,3.0,0,EVT002012,[]
12114,BPL,11.0,1,0,20.5,1,EVT002013,[]
12041,PRYJ,27.0,2,0,72.4,1,EVT002014,[]
12214,BBS,26.0,3,0,86.4,1,EVT002015,[]
12027,RTM,45.0,6,1,177.9,1,EVT002016,[]
12137,MAS,33.0,2,0,89.5,1,EVT002017,[]
12109,TATA,5.0,0,0,5.0,0,EVT002018,[]
12125,PNBE,77.0,8,2,292.6,1,EVT002019,[]
12310,BPL,43.0,1,0,82.9,0,EVT002020,[]
12302,MAS,70.0,10,2,360.9,1,EVT002021,[]
12139,BBS,53.0,7,1,253.5,1,EVT002022,[]
12180,GHY,62.0,9,1,301.4,1,EVT002023,[]
12156,NDLS,72.0,1,0,139.4,1,EVT002024,[]
12291,MLDT,72.0,8,2,300.8,1,EVT002025,[]
12132,DLI,13.0,0,0,13.0,0,EVT002026,[]
12264,MAO,29.0,1,0,55.6,1,EVT002027,[]
12194,NDLS,15.0,1,0,28.3,1,EVT002028,[]
12128,PNBE,1.0,0,0,1.0,0,EVT002029,[]
12050,JBP,34.0,4,0,136.7,1,EVT002030,[]
12133,JP,36.0,2,0,98.0,1,EVT002031,[]
12062,SDAH,58.0,2,1,128.9,1,EVT002032,[]
12084,DLI,31.0,5,1,83.1,1,EVT002033,[]
12050,PURI,29.0,0,0,29.0,0,EVT002034,[]
12074,SBC,58.0,3,0,205.1,1,EVT002035,[]
12026,PRYJ,12.0,2,0,29.6,1,EVT002036,[]
12107,VSKP,72.0,8,1,397.7,1,EVT002037,[]
12235,HYB,95.0,4,2,318.8,1,EVT002038,[]
12115,BCT,9.0,0,0,9.0,0,EVT002039,[]
12031,UMB,26.0,1,0,49.8,0,EVT002040,[]
12062,SDAH,63.0,2,1,143.4,1,EVT002041,[]
12286,PNBE,20.0,5,0,80.2,1,EVT002042,[]
12130,JP,66.0,3,0,234.8,1,EVT002043,[]
12158,MAS,9.0,2,0,21.0,1,EVT002044,[]
12050,ADI,32.0,3,0,108.6,1,EVT002045,[]
12149,CSMT,32.0,3,0,108.6,1,EVT002046,[]
12313,GHY,27.0,4,0,105.0,1,EVT002047,[]
12113,MAS,1.0,0,0,1.0,0,EVT002048,[]
12156,COR,32.0,0,0,32.0,0,EVT002049,[]
12042,HWH,62.0,4,0,263.4,1,EVT002050,[]
12039,SBC,49.0,4,0,204.6,1,EVT002051,[]
12083,BBS,3.0,0,0,3.0,0,EVT002052,[]
12225,NDLS,23.0,2,0,61.0,1,EVT002053,[]
12046,PNBE,22.0,1,0,42.0,1,EVT002054,[]
12218,MAO,79.0,2,0,220.7,1,EVT002055,[]
12190,COR,1.0,0,0,1.0,0,EVT002056,[]
12199,MAS,41.0,7,1,171.5,1,EVT002057,[]
12188,BSP,16.0,2,0,41.0,1,EVT002058,[]
12210,PUNE,8.0,1,0,13.7,0,EVT002059,[]
12138,ERS,33.0,5,0,149.1,1,EVT002060,[]
12257,SC,31.0,5,1,97.1,1,EVT002061,[]
12039,RTM,37.0,1,0,71.2,0,EVT002062,[]
12169,GHY,53.0,2,0,146.5,1,EVT002063,[]
12044,BSP,58.0,1,0,112.2,1,EVT002064,[]
12185,RTM,9.0,1,0,15.6,0,EVT002065,[]
12078,MAS,35.0,3,0,119.8,1,EVT002066,[]
12142,TATA,40.0,5,1,155.0,1,EVT002067,[]
12304,SBC,5.0,0,0,5.0,0,EVT002068,[]
12181,NJP,41.0,0,0,41.0,0,EVT002069,[]
12130,KYN,20.0,2,0,52.4,1,EVT002070,[]
12209,SUR,7.0,0,0,7.0,0,EVT002071,[]
12182,ST,48.0,6,1,195.7,1,EVT002072,[]
12087,MAS,8.0,1,0,13.7,1,EVT002073,[]
12230,ERS,14.0,3,0,41.9,1,EVT002074,[]
12316,HWH,15.0,1,0,28.3,0,EVT002075,[]
12261,RTM,9.0,0,0,9.0,0,EVT002076,[]
12023,CSMT,40.0,3,0,138.3,1,EVT002077,[]
12047,MFP,14.0,0,0,14.0,0,EVT002078,[]
12093,ROU,8.0,1,0,13.7,0,EVT002079,[]
12031,LDH,60.0,0,0,60.0,0,EVT002080,[]
12262,HWH,25.0,4,0,96.0,1,EVT002081,[]
12133,JP,6.0,0,0,6.0,0,EVT002082,[]
12229,GHY,32.0,1,0,61.5,1,EVT002083,[]
12297,JBP,1.0,0,0,1.0,0,EVT002084,[]
12271,KGP,16.0,2,0,41.0,1,EVT002085,[]
12231,MLDT,56.0,3,0,197.7,1,EVT002086,[]
12162,JP,7.0,0,0,7.0,0,EVT002087,[]
12267,GHY,28.0,1,0,53.6,1,EVT002088,[]
12055,GAYA,72.0,4,1,231.1,1,EVT002089,[]
12246,PRYJ,1.0,0,0,1.0,0,EVT002090,[]
12172,NDLS,34.0,1,0,65.3,1,EVT002091,[]
12318,JBP,27.0,3,0,90.1,1,EVT002092,[]
12162,MAO,3.0,0,0,3.0,0,EVT002093,[]
12092,KYN,19.0,2,0,49.5,1,EVT002094,[]
12010,MAS,37.0,1,0,71.2,0,EVT002095,[]
12288,RTM,11.0,1,0,20.5,0,EVT002096,[]
12218,MYS,53.0,0,0,53.0,0,EVT002097,[]
12268,SUR,22.0,4,0,82.4,1,EVT002098,[]
12039,RTM,48.0,1,0,92.7,0,EVT002099,[]
12235,HYB,33.0,3,1,78.1,1,EVT002100,[]
12238,KYN,31.0,0,0,31.0,0,EVT002101,[]
12073,BAM,47.0,9,1,245.6,1,EVT002102,[]
12024,SBC,64.0,6,1,290.1,1,EVT002103,[]
12149,BBS,23.0,1,0,43.9,0,EVT002104,[]
12262,NGP,3.0,0,0,3.0,0,EVT002105,[]
12004,ADI,2.0,0,0,2.0,0,EVT002106,[]
12020,GKP,35.0,5,0,159.7,1,EVT002107,[]
12059,MAS,19.0,1,0,36.1,0,EVT002108,[]
12049,GHY,76.0,2,0,212.1,1,EVT002109,[]
12193,ERS,75.0,4,0,322.2,1,EVT002110,[]
12195,CSMT,1.0,0,0,1.0,0,EVT002111,[]
12144,MS,1.0,0,0,1.0,0,EVT002112,[]
12286,AII,8.0,0,0,8.0,0,EVT002113,[]
12197,MAS,54.0,1,0,104.3,0,EVT002114,[]
12010,SC,37.0,2,0,100.9,1,EVT002115,[]
12167,BPL,12.0,0,0,12.0,0,EVT002116,[]
12042,BSP,43.0,1,0,82.9,0,EVT002117,[]
12238,CSMT,26.0,1,0,49.8,0,EVT002118,[]
12150,SBC,22.0,0,0,22.0,0,EVT002119,[]
12116,ROU,18.0,3,0,56.7,1,EVT002120,[]
12226,SUR,65.0,5,1,226.6,1,EVT002121,[]
12205,CSMT,1.0,0,0,1.0,0,EVT002122,[]
12120,CTC,7.0,0,0,7.0,0,EVT002123,[]
12265,MAS,43.0,2,0,118.0,1,EVT002124,[]
12005,PURI,24.0,4,0,91.5,1,EVT002125,[]
12016,SUR,25.0,0,0,25.0,0,EVT002126,[]
12223,HYB,44.0,5,1,154.1,1,EVT002127,[]
12159,AII,32.0,0,0,32.0,0,EVT002128,[]
12252,NDLS,4.0,0,0,4.0,0,EVT002129,[]
12257,SC,113.0,10,2,777.3,1,EVT002130,[]
12236,MAS,31.0,1,0,59.5,0,EVT002131,[]
12101,KGP,75.0,4,1,279.8,1,EVT002132,[]
12089,R,13.0,0,0,13.0,0,EVT002133,[]
12218,MYS,33.0,0,0,33.0,0,EVT002134,[]
12255,KGP,1.0,0,0,1.0,0,EVT002135,[]
12140,SC,5.0,0,0,5.0,0,EVT002136,[]
12014,BBS,40.0,1,0,77.0,0,EVT002137,[]
12103,VSKP,15.0,1,0,28.3,1,EVT002138,[]
12156,VSKP,27.0,2,0,72.4,1,EVT002139,[]
12268,SUR,12.0,2,0,28.6,1,EVT002140,[]
12188,JBP,5.0,0,0,5.0,0,EVT002141,[]
12103,BZA,2.0,0,0,2.0,0,EVT002142,[]
12313,RTM,16.0,2,0,41.0,1,EVT002143,[]
12058,NDLS,4.0,0,0,4.0,0,EVT002144,[]
12194,PRYJ,46.0,4,1,142.2,1,EVT002145,[]
12183,PNBE,37.0,6,1,147.1,1,EVT002146,[]
12295,NGP,40.0,5,0,186.2,1,EVT002147,[]
12188,ROU,62.0,5,1,264.4,1,EVT002148,[]
12189,ASR,59.0,3,0,208.8,1,EVT002149,[]
12296,PRYJ,17.0,1,0,32.2,0,EVT002150,[]
12235,SC,30.0,4,1,87.6,1,EVT002151,[]
12228,TVC,1.0,0,0,1.0,0,EVT002152,[]
12269,HYB,34.0,2,0,92.3,1,EVT002153,[]
12115,BCT,44.0,0,0,44.0,0,EVT002154,[]
12031,LDH,48.0,0,0,48.0,0,EVT002155,[]
12055,PNBE,7.0,1,0,12.7,0,EVT002156,[]
12303,HWH,1.0,0,0,1.0,0,EVT002157,[]
12144,MAS,86.0,5,1,183.0,1,EVT002158,[]
12254,BPL,50.0,4,0,209.1,1,EVT002159,[]
12182,RTM,53.0,5,1,197.4,1,EVT002160,[]
12298,SBC,7.0,0,0,7.0,0,EVT002161,[]
12156,PURI,68.0,4,0,290.5,1,EVT002162,[]
12147,KYN,18.0,1,0,34.1,1,EVT002163,[]
12004,ADI,68.0,2,1,81.2,1,EVT002164,[]
12056,AII,1.0,0,0,1.0,0,EVT002165,[]
12289,DLI,35.0,2,0,95.2,1,EVT002166,[]
12317,BBS,92.0,0,0,92.0,0,EVT002167,[]
12121,BZA,2.0,0,0,2.0,0,EVT002168,[]
12065,MFP,20.0,4,0,73.4,1,EVT002169,[]
12189,ASR,43.0,3,0,149.4,1,EVT002170,[]
12089,BPL,18.0,2,0,46.7,1,EVT002171,[]
12113,AGC,58.0,4,1,166.7,1,EVT002172,[]
12062,SDAH,38.0,2,1,71.1,1,EVT002173,[]
12090,PNBE,60.0,6,1,213.3,1,EVT002174,[]
12112,UMB,20.0,3,0,64.1,1,EVT002175,[]
12311,KGP,27.0,1,0,51.7,0,EVT002176,[]
12179,PRYJ,1.0,0,0,1.0,0,EVT002177,[]
12247,ERS,19.0,5,0,74.9,1,EVT002178,[]
12103,BZA,42.0,0,0,42.0,0,EVT002179,[]
12215,BPL,37.0,1,0,71.2,1,EVT002180,[]
12150,BPL,7.0,1,0,12.7,1,EVT002181,[]
12225,ASR,33.0,3,0,112.4,1,EVT002182,[]
12181,NJP,6.0,0,0,6.0,0,EVT002183,[]
12279,SC,53.0,8,1,256.0,1,EVT002184,[]
12140,HWH,22.0,0,0,22.0,0,EVT002185,[]
12163,VSKP,61.0,0,0,61.0,0,EVT002186,[]
12014,ADI,36.0,3,0,123.5,1,EVT002187,[]
12125,GKP,20.0,1,0,38.0,1,EVT002188,[]
12189,ASR,23.0,3,0,75.3,1,EVT002189,[]
12181,NJP,43.0,0,0,43.0,0,EVT002190,[]
12123,SC,39.0,2,0,106.6,1,EVT002191,[]
12164,CSMT,27.0,2,0,72.4,1,EVT002192,[]
12237,TATA,10.0,2,0,22.9,1,EVT002193,[]
12148,ADI,62.0,5,1,185.3,1,EVT002194,[]
12256,KYN,31.0,0,0,31.0,0,EVT002195,[]
12221,MYS,72.0,0,0,72.0,0,EVT002196,[]
12258,BCT,49.0,1,0,94.6,0,EVT002197,[]
12233,KGP,10.0,2,0,23.9,1,EVT002198,[]
12294,PUNE,88.0,5,0,440.5,1,EVT002199,[]
12024,MAS,37.0,7,1,151.4,1,EVT002200,[]
12107,VSKP,59.0,8,1,300.8,1,EVT002201,[]
12092,JU,25.0,0,0,25.0,0,EVT002202,[]
12223,SC,42.0,6,1,168.9,1,EVT002203,[]
12002,BSP,11.0,2,0,25.8,1,EVT002204,[]
12262,HWH,9.0,1,0,15.6,0,EVT002205,[]
12297,R,7.0,0,0,7.0,0,EVT002206,[]
12303,HWH,1.0,0,0,1.0,0,EVT002207,[]
12065,PNBE,12.0,3,0,34.4,1,EVT002208,[]
12185,BBS,59.0,4,2,194.8,1,EVT002209,[]
12163,VSKP,31.0,0,0,31.0,0,EVT002210,[]
12044,PRYJ,12.0,0,0,12.0,0,EVT002211,[]
12172,SDAH,27.0,0,0,27.0,0,EVT002212,[]
12105,PURI,33.0,3,0,112.4,1,EVT002213,[]
12122,NDLS,2.0,0,0,2.0,0,EVT002214,[]
12218,MAO,37.0,2,0,100.9,1,EVT002215,[]
12189,ASR,8.0,1,0,13.7,0,EVT002216,[]
12217,MAS,43.0,2,0,118.0,1,EVT002217,[]
12048,BZA,41.0,3,0,142.0,1,EVT002218,[]
12088,BBS,25.0,1,0,47.8,0,EVT002219,[]
12012,MAO,1.0,0,0,1.0,0,EVT002220,[]
12303,HWH,56.0,1,0,108.2,0,EVT002221,[]
12161,BSP,23.0,1,0,43.9,1,EVT002222,[]
12250,MAS,15.0,1,0,28.3,0,EVT002223,[]
12261,SDAH,24.0,3,0,79.0,1,EVT002224,[]
12029,JBP,20.0,2,0,52.4,1,EVT002225,[]
12027,RTM,44.0,6,1,171.8,1,EVT002226,[]
12288,TVC,29.0,4,0,114.1,1,EVT002227,[]
12251,PRYJ,1.0,0,0,1.0,0,EVT002228,[]
12122,SC,59.0,7,1,294.5,1,EVT002229,[]
12044,PRYJ,1.0,0,0,1.0,0,EVT002230,[]
12317,MAS,42.0,2,0,115.2,1,EVT002231,[]
12255,HWH,9.0,0,0,9.0,0,EVT002232,[]
12192,ADI,10.0,1,0,18.5,1,EVT002233,[]
12286,COR,31.0,2,0,83.8,1,EVT002234,[]
12095,KYN,67.0,7,1,247.7,1,EVT002235,[]
12125,PNBE,32.0,1,1,38.8,1,EVT002236,[]
12058,BBS,42.0,0,0,42.0,0,EVT002237,[]
12005,KYN,68.0,2,0,189.3,1,EVT002238,[]
12256,DLI,1.0,0,0,1.0,0,EVT002239,[]
12281,DLI,28.0,0,0,28.0,0,EVT002240,[]
12182,JP,18.0,0,0,18.0,0,EVT002241,[]
12308,ADI,31.0,4,0,123.1,1,EVT002242,[]
12301,SDAH,37.0,0,0,37.0,0,EVT002243,[]
12010,MDU,46.0,0,0,46.0,0,EVT002244,[]
12252,BPL,5.0,0,0,5.0,0,EVT002245,[]
12009,BBS,48.0,5,0,228.6,1,EVT002246,[]
12116,ROU,46.0,3,0,160.6,1,EVT002247,[]
12226,SUR,20.0,1,0,38.0,0,EVT002248,[]
12091,MFP,7.0,0,0,7.0,0,EVT002249,[]
12036,BWN,13.0,0,0,13.0,0,EVT002250,[]
12302,KGP,32.0,3,1,92.6,1,EVT002251,[]
12035,MAO,13.0,2,0,32.4,1,EVT002252,[]
12192,GHY,1.0,0,0,1.0,0,EVT002253,[]
12034,BZA,1.0,0,0,1.0,0,EVT002254,[]
12101,KGP,13.0,1,0,24.4,1,EVT002255,[]
12033,CSMT,28.0,2,0,75.2,1,EVT002256,[]
12169,MFP,4.0,0,0,4.0,0,EVT002257,[]
12230,ERS,91.0,7,1,365.3,1,EVT002258,[]
12251,PRYJ,48.0,2,0,132.3,1,EVT002259,[]
12149,CSMT,39.0,3,0,134.6,1,EVT002260,[]
12083,BBS,1.0,0,0,1.0,0,EVT002261,[]
12072,GHY,36.0,1,0,69.2,1,EVT002262,[]
12253,PNBE,25.0,4,0,96.0,1,EVT002263,[]
12245,SUR,72.0,3,0,257.0,1,EVT002264,[]
12290,ERS,33.0,2,1,46.2,1,EVT002265,[]
12199,MYS,49.0,10,1,275.5,1,EVT002266,[]
12312,VSKP,10.0,2,0,23.9,1,EVT002267,[]
12272,NDLS,32.0,1,0,61.5,1,EVT002268,[]
12109,BSP,20.0,2,0,52.4,1,EVT002269,[]
12091,VSKP,4.0,0,0,4.0,0,EVT002270,[]
12194,PNBE,79.0,5,1,345.0,1,EVT002271,[]
12065,DLI,30.0,0,0,30.0,0,EVT002272,[]
12141,BCT,1.0,0,0,1.0,0,EVT002273,[]
12005,JU,56.0,0,0,56.0,0,EVT002274,[]
12146,RTM,12.0,3,0,34.4,1,EVT002275,[]
12276,SC,57.0,2,0,157.9,1,EVT002276,[]
12139,VSKP,29.0,4,1,92.1,0,EVT002277,[]
12193,BSP,27.0,0,0,27.0,0,EVT002278,[]
12105,KYN,70.0,6,1,318.3,1,EVT002279,[]
12167,BCT,22.0,2,0,58.1,1,EVT002280,[]
12002,BSP,29.0,3,0,97.5,1,EVT002281,[]
12066,BBS,3.0,0,0,3.0,0,EVT002282,[]
12038,ERS,1.0,0,0,1.0,0,EVT002283,[]
12143,SBC,55.0,5,0,265.7,1,EVT002284,[]
12050,JBP,66.0,4,0,281.5,1,EVT002285,[]
12129,JP,80.0,5,1,361.1,1,EVT002286,[]
12257,UBL,37.0,6,1,155.5,1,EVT002287,[]
12057,MAS,33.0,4,1,86.6,1,EVT002288,[]
12244,MYS,60.0,7,1,336.2,1,EVT002289,[]
12258,BBS,1.0,0,0,1.0,0,EVT002290,[]
12262,NDLS,38.0,2,0,103.7,1,EVT002291,[]
12262,DLI,1.0,0,0,1.0,0,EVT002292,[]
12052,NDLS,6.0,0,0,6.0,0,EVT002293,[]
12308,ADI,63.0,4,0,267.9,1,EVT002294,[]
12251,R,22.0,0,0,22.0,0,EVT002295,[]
12264,MAO,39.0,2,1,81.0,1,EVT002296,[]
12100,PUNE,21.0,0,0,21.0,0,EVT002297,[]
12277,ASR,62.0,0,0,62.0,0,EVT002298,[]
12222,COR,51.0,0,0,51.0,0,EVT002299,[]
12211,JHS,13.0,0,0,13.0,0,EVT002300,[]
12272,VSKP,64.0,2,0,177.9,1,EVT002301,[]
12293,SC,40.0,1,0,77.0,0,EVT002302,[]
12248,TATA,1.0,0,0,1.0,0,EVT002303,[]
12120,BBS,60.0,5,1,217.7,1,EVT002304,[]
12096,JHS,10.0,0,0,10.0,0,EVT002305,[]
12041,KGP,26.0,0,0,26.0,0,EVT002306,[]
12186,NJP,1.0,0,0,1.0,0,EVT002307,[]
12075,BPL,39.0,3,0,134.6,1,EVT002308,[]
12005,JU,65.0,0,0,65.0,0,EVT002309,[]
12004,ADI,13.0,0,0,13.0,0,EVT002310,[]
12291,NDLS,65.0,8,1,307.2,1,EVT002311,[]
12033,SC,24.0,1,0,45.8,1,EVT002312,[]
12114,UMB,10.0,2,0,22.9,1,EVT002313,[]
12195,ASR,31.0,3,0,104.9,1,EVT002314,[]
12031,LDH,59.0,0,0,59.0,0,EVT002315,[]
12082,GHY,13.0,3,0,38.2,1,EVT002316,[]
12123,SUR,59.0,3,1,93.1,1,EVT002317,[]
12030,CTC,31.0,0,0,31.0,0,EVT002318,[]
12223,BPL,53.0,8,1,283.4,1,EVT002319,[]
12183,GKP,1.0,0,0,1.0,0,EVT002320,[]
12222,JBP,68.0,1,0,131.7,0,EVT002321,[]
12003,ST,48.0,0,0,48.0,0,EVT002322,[]
12187,SDAH,11.0,0,0,11.0,0,EVT002323,[]
12132,DLI,56.0,0,0,56.0,0,EVT002324,[]
12092,JP,28.0,1,0,53.6,0,EVT002325,[]
12097,BSL,1.0,0,0,1.0,0,EVT002326,[]
12043,CBE,14.0,0,0,14.0,0,EVT002327,[]
12222,R,23.0,3,0,75.3,1,EVT002328,[]
12178,HWH,32.0,3,1,77.4,1,EVT002329,[]
12106,ERS,1.0,0,0,1.0,0,EVT002330,[]
12248,KGP,42.0,3,0,145.7,1,EVT002331,[]
12192,GHY,1.0,0,0,1.0,0,EVT002332,[]
12141,NGP,1.0,0,0,1.0,0,EVT002333,[]
12258,BCT,64.0,1,0,123.8,0,EVT002334,[]
12146,COR,51.0,2,0,140.8,1,EVT002335,[]
12097,PNBE,40.0,4,0,163.9,1,EVT002336,[]
12134,PURI,1.0,0,0,1.0,0,EVT002337,[]
12313,JP,102.0,0,0,102.0,0,EVT002338,[]
12304,MAO,74.0,5,0,366.3,1,EVT002339,[]
12318,JP,13.0,1,0,24.4,1,EVT002340,[]
12190,JBP,20.0,3,0,64.1,1,EVT002341,[]
12115,NGP,56.0,1,0,108.2,1,EVT002342,[]
12200,PRYJ,49.0,4,0,204.6,1,EVT002343,[]
12049,GHY,29.0,2,0,78.1,1,EVT002344,[]
12026,NDLS,12.0,1,0,22.4,0,EVT002345,[]
12178,ERS,47.0,8,1,229.3,1,EVT002346,[]
12234,PRYJ,1.0,0,0,1.0,0,EVT002347,[]
12049,ADI,22.0,1,0,42.0,0,EVT002348,[]
12077,NGP,1.0,0,0,1.0,0,EVT002349,[]
12290,MLDT,8.0,1,0,13.7,0,EVT002350,[]
12070,JU,35.0,0,0,35.0,0,EVT002351,[]
12116,NGP,1.0,0,0,1.0,0,EVT002352,[]
12223,HYB,21.0,1,1,26.8,1,EVT002353,[]
12127,GHY,13.0,3,0,38.2,1,EVT002354,[]
12189,NDLS,1.0,0,0,1.0,0,EVT002355,[]
12111,MAS,20.0,1,0,38.0,0,EVT002356,[]
12078,SUR,2.0,0,0,2.0,0,EVT002357,[]
12272,VSKP,88.0,2,0,246.4,1,EVT002358,[]
12025,KYN,1.0,0,0,1.0,0,EVT002359,[]
12059,KGP,17.0,2,0,43.8,1,EVT002360,[]
12138,ERS,71.0,8,1,407.5,1,EVT002361,[]
12025,BBS,26.0,0,0,26.0,0,EVT002362,[]
12054,COR,1.0,0,0,1.0,0,EVT002363,[]
12058,BBS,24.0,0,0,24.0,0,EVT002364,[]
12056,TVC,77.0,1,0,149.2,0,EVT002365,[]
12202,GKP,31.0,4,0,123.1,1,EVT002366,[]
12170,NDLS,13.0,1,0,24.4,0,EVT002367,[]
12184,ROU,11.0,2,0,26.7,1,EVT002368,[]
12117,SDAH,31.0,5,1,98.0,1,EVT002369,[]
12092,KYN,16.0,2,0,41.0,1,EVT002370,[]
12055,GAYA,50.0,4,1,129.9,1,EVT002371,[]
12111,MAS,44.0,4,1,109.3,1,EVT002372,[]
12102,BBS,44.0,0,0,44.0,0,EVT002373,[]
12058,VSKP,38.0,1,0,73.2,0,EVT002374,[]
12259,PNBE,21.0,4,0,77.9,1,EVT002375,[]
12087,CSMT,56.0,6,1,254.6,1,EVT002376,[]
12194,MFP,55.0,6,1,247.2,1,EVT002377,[]
12279,MAS,25.0,3,0,82.7,1,EVT002378,[]
12110,BWN,15.0,0,0,15.0,0,EVT002379,[]
12229,ADI,64.0,0,0,64.0,0,EVT002380,[]
12244,UBL,1.0,0,0,1.0,0,EVT002381,[]
12248,HWH,49.0,2,0,135.1,1,EVT002382,[]
12259,DD,26.0,3,1,64.4,1,EVT002383,[]
12161,BSP,43.0,3,1,99.7,1,EVT002384,[]
12053,PRYJ,3.0,0,0,3.0,0,EVT002385,[]
12034,CSMT,27.0,1,0,51.7,0,EVT002386,[]
12194,PNBE,45.0,3,0,156.9,1,EVT002387,[]
12178,MAS,44.0,7,1,190.8,1,EVT002388,[]
12048,JBP,18.0,1,0,34.1,1,EVT002389,[]
12116,BSP,8.0,1,0,13.7,1,EVT002390,[]
12316,BWN,56.0,0,0,56.0,0,EVT002391,[]
12056,AII,42.0,3,0,145.7,1,EVT002392,[]
12052,NDLS,56.0,7,1,216.0,1,EVT002393,[]
12272,VSKP,49.0,2,0,135.1,1,EVT002394,[]
12018,BWN,8.0,1,0,13.7,0,EVT002395,[]
12131,BSP,15.0,4,0,50.7,1,EVT002396,[]
12159,JP,15.0,1,0,28.3,0,EVT002397,[]
12309,PNBE,33.0,3,0,112.4,1,EVT002398,[]
12128,MFP,32.0,0,0,32.0,0,EVT002399,[]
12063,GAYA,30.0,1,0,57.5,0,EVT002400,[]
12245,DLI,58.0,1,0,112.2,0,EVT002401,[]
12071,AII,35.0,4,0,141.2,1,EVT002402,[]
12113,AGC,35.0,3,1,57.1,1,EVT002403,[]
12197,SBC,23.0,3,0,75.3,1,EVT002404,[]
12119,BPL,38.0,5,1,135.6,1,EVT002405,[]
12301,SDAH,17.0,0,0,17.0,0,EVT002406,[]
12239,BZA,21.0,0,0,21.0,0,EVT002407,[]
12300,SC,52.0,3,1,143.9,1,EVT002408,[]
12013,MDU,26.0,0,0,26.0,0,EVT002409,[]
12132,CSMT,15.0,1,0,28.3,1,EVT002410,[]
12035,KYN,44.0,1,0,84.8,0,EVT002411,[]
12025,JP,38.0,2,0,103.7,1,EVT002412,[]
12088,ERS,3.0,0,0,3.0,0,EVT002413,[]
12096,MYS,46.0,3,0,160.6,1,EVT002414,[]
12305,PRYJ,14.0,2,0,35.3,1,EVT002415,[]
12166,SUR,78.0,9,1,497.2,1,EVT002416,[]
12305,PRYJ,5.0,0,0,5.0,0,EVT002417,[]
12262,SDAH,36.0,3,0,123.5,1,EVT002418,[]
12274,CTC,10.0,0,0,10.0,0,EVT002419,[]
12001,MAO,42.0,0,0,42.0,0,EVT002420,[]
12264,KYN,40.0,3,1,63.0,1,EVT002421,[]
12154,NGP,71.0,1,0,137.5,1,EVT002422,[]
12169,MFP,22.0,0,0,22.0,0,EVT002423,[]
12217,HYB,58.0,4,1,94.7,1,EVT002424,[]
12077,NGP,37.0,1,0,71.2,1,EVT002425,[]
12088,ERS,64.0,8,1,356.0,1,EVT002426,[]
12215,JHS,54.0,0,0,54.0,0,EVT002427,[]
12130,JP,20.0,3,0,64.1,1,EVT002428,[]
12053,DHN,24.0,0,0,24.0,0,EVT002429,[]
12091,PRYJ,21.0,2,0,55.2,1,EVT002430,[]
12054,COR,43.0,0,0,43.0,0,EVT002431,[]
12284,SDAH,1.0,0,0,1.0,0,EVT002432,[]
12209,NGP,57.0,8,1,279.6,1,EVT002433,[]
12135,DURG,60.0,8,1,291.8,1,EVT002434,[]
12018,BBS,42.0,0,0,42.0,0,EVT002435,[]
12256,NDLS,8.0,1,0,13.7,0,EVT002436,[]
12180,NJP,36.0,3,0,123.5,1,EVT002437,[]
12201,NJP,55.0,5,2,160.2,1,EVT002438,[]
12020,DD,1.0,0,0,1.0,0,EVT002439,[]
12174,VSKP,56.0,1,0,108.2,0,EVT002440,[]
12280,DLI,22.0,1,0,42.0,0,EVT002441,[]
12082,GHY,41.0,3,0,142.0,1,EVT002442,[]
12219,SDAH,21.0,1,0,40.0,0,EVT002443,[]
12310,SC,13.0,3,0,38.2,1,EVT002444,[]
12287,KYN,7.0,0,0,7.0,0,EVT002445,[]
12268,NDLS,19.0,1,0,36.1,1,EVT002446,[]
12290,MLDT,45.0,5,1,191.9,1,EVT002447,[]
12120,BBS,1.0,0,0,1.0,0,EVT002448,[]
12072,GHY,14.0,1,0,26.4,1,EVT002449,[]
12231,GHY,54.0,2,1,109.5,1,EVT002450,[]
12066,NGP,8.0,0,0,8.0,0,EVT002451,[]
12188,ROU,16.0,1,0,30.2,0,EVT002452,[]
12045,CSMT,66.0,3,0,234.8,1,EVT002453,[]
12156,BAM,46.0,3,0,160.6,1,EVT002454,[]
12206,SBC,40.0,5,0,186.2,1,EVT002455,[]
12224,JBP,1.0,0,0,1.0,0,EVT002456,[]
12073,SDAH,2.0,0,0,2.0,0,EVT002457,[]
12196,HWH,46.0,1,0,88.8,0,EVT002458,[]
12130,CTC,56.0,0,0,56.0,0,EVT002459,[]
12051,NJP,48.0,4,1,156.7,1,EVT002460,[]
12217,MAS,32.0,2,0,86.6,1,EVT002461,[]
12022,COR,1.0,0,0,1.0,0,EVT002462,[]
12063,GAYA,29.0,1,0,55.6,0,EVT002463,[]
12040,TVC,9.0,1,0,15.6,1,EVT002464,[]
12082,NJP,66.0,2,0,183.6,1,EVT002465,[]
12210,PUNE,6.0,0,0,6.0,0,EVT002466,[]
12112,COR,43.0,4,1,119.5,1,EVT002467,[]
12148,ADI,14.0,0,0,14.0,0,EVT002468,[]
12141,BCT,32.0,0,0,32.0,0,EVT002469,[]
12172,SDAH,62.0,4,1,167.1,1,EVT002470,[]
12291,SDAH,15.0,2,0,38.1,1,EVT002471,[]
12132,CSMT,25.0,1,0,47.8,1,EVT002472,[]
12249,HWH,1.0,0,0,1.0,0,EVT002473,[]
12222,COR,1.0,0,0,1.0,0,EVT002474,[]
12039,SBC,19.0,4,0,68.8,1,EVT002475,[]
12179,PRYJ,15.0,4,0,50.7,1,EVT002476,[]
12272,VSKP,44.0,2,0,120.9,1,EVT002477,[]
12235,SC,19.0,1,0,36.1,0,EVT002478,[]
12070,JU,21.0,0,0,21.0,0,EVT002479,[]
12172,MAS,46.0,3,0,160.6,1,EVT002480,[]
12128,MFP,49.0,0,0,49.0,0,EVT002481,[]
12304,SBC,80.0,3,0,286.7,1,EVT002482,[]
12072,GHY,37.0,1,0,71.2,1,EVT002483,[]
12314,RTM,52.0,0,0,52.0,0,EVT002484,[]
12291,NJP,14.0,0,0,14.0,0,EVT002485,[]
12254,CTC,49.0,0,0,49.0,0,EVT002486,[]
12042,KGP,22.0,3,0,71.5,1,EVT002487,[]
12071,AII,44.0,4,0,181.9,1,EVT002488,[]
12095,JP,1.0,0,0,1.0,0,EVT002489,[]
12208,PNBE,41.0,2,0,112.3,1,EVT002490,[]
12113,VSKP,15.0,3,0,45.6,1,EVT002491,[]
12221,JHS,4.0,0,0,4.0,0,EVT002492,[]
12143,PNBE,28.0,1,0,53.6,1,EVT002493,[]
12007,AII,57.0,7,1,264.7,1,EVT002494,[]
12137,SBC,33.0,0,0,33.0,0,EVT002495,[]
12203,NDLS,32.0,4,0,127.7,1,EVT002496,[]
12078,SC,51.0,6,1,178.5,1,EVT002497,[]
12103,SDAH,16.0,3,0,49.3,1,EVT002498,[]
12221,JHS,2.0,0,0,2.0,0,EVT002499,[]
12263,SC,52.0,2,0,143.7,1,EVT002500,[]
12112,NDLS,36.0,2,0,98.0,1,EVT002501,[]
12231,MLDT,1.0,0,0,1.0,0,EVT002502,[]
12308,ADI,20.0,4,0,73.4,1,EVT002503,[]
12157,BSP,62.0,0,0,62.0,0,EVT002504,[]
12021,MYS,17.0,0,0,17.0,0,EVT002505,[]
12214,KYN,89.0,4,0,385.5,1,EVT002506,[]
12160,PRYJ,26.0,0,0,26.0,0,EVT002507,[]
12035,KYN,39.0,1,0,75.1,0,EVT002508,[]
12172,MAS,22.0,3,0,71.5,1,EVT002509,[]
12216,BPL,28.0,3,0,93.8,1,EVT002510,[]
12247,ERS,24.0,5,0,101.4,1,EVT002511,[]
12070,JU,1.0,0,0,1.0,0,EVT002512,[]
12270,PNBE,8.0,1,0,13.7,1,EVT002513,[]
12071,SUR,54.0,7,1,158.7,1,EVT002514,[]
12100,SDAH,31.0,3,0,104.9,1,EVT002515,[]
12276,MAS,70.0,2,1,140.9,1,EVT002516,[]
12317,VSKP,26.0,1,0,49.8,0,EVT002517,[]
12080,KGP,1.0,0,0,1.0,0,EVT002518,[]
12080,PRYJ,3.0,0,0,3.0,0,EVT002519,[]
12168,BPL,1.0,0,0,1.0,0,EVT002520,[]
12235,HYB,41.0,3,1,108.3,1,EVT002521,[]
12285,BPL,21.0,4,0,77.9,1,EVT002522,[]
12258,BCT,75.0,1,0,145.3,0,EVT002523,[]
12005,KYN,44.0,2,0,120.9,1,EVT002524,[]
12061,NDLS,2.0,0,0,2.0,0,EVT002525,[]
12210,PUNE,14.0,2,0,35.3,1,EVT002526,[]
12232,MAS,9.0,2,0,21.0,1,EVT002527,[]
12087,NGP,20.0,0,0,20.0,0,EVT002528,[]
12285,GHY,69.0,1,0,133.6,0,EVT002529,[]
12209,BPL,31.0,3,1,73.7,1,EVT002530,[]
12139,CTC,27.0,3,1,54.6,1,EVT002531,[]
12067,HWH,1.0,0,0,1.0,0,EVT002532,[]
12163,VSKP,28.0,0,0,28.0,0,EVT002533,[]
12212,NDLS,36.0,7,1,145.6,1,EVT002534,[]
12167,BPL,52.0,0,0,52.0,0,EVT002535,[]
12119,BPL,8.0,1,0,14.6,1,EVT002536,[]
12142,KGP,38.0,5,1,130.1,1,EVT002537,[]
12317,BBS,12.0,0,0,12.0,0,EVT002538,[]
12051,COR,37.0,6,1,165.5,1,EVT002539,[]
12282,BBS,1.0,0,0,1.0,0,EVT002540,[]
12146,COR,44.0,2,0,120.9,1,EVT002541,[]
12083,BCT,68.0,5,1,188.7,1,EVT002542,[]
12058,NDLS,31.0,2,0,83.8,1,EVT002543,[]
12195,NDLS,56.0,2,0,155.1,1,EVT002544,[]
12298,SUR,55.0,0,0,55.0,0,EVT002545,[]
12279,HYB,10.0,2,0,22.9,1,EVT002546,[]
12255,KGP,29.0,1,0,55.6,1,EVT002547,[]
12119,BZA,6.0,0,0,6.0,0,EVT002548,[]
12084,BCT,37.0,7,1,151.4,1,EVT002549,[]
12047,GKP,36.0,1,0,69.2,1,EVT002550,[]
12151,HYB,1.0,0,0,1.0,0,EVT002551,[]
12211,JP,37.0,3,0,127.2,1,EVT002552,[]
12302,PNBE,23.0,3,0,75.3,1,EVT002553,[]
12031,UMB,1.0,0,0,1.0,0,EVT002554,[]
12022,COR,38.0,2,1,51.2,1,EVT002555,[]
12054,NDLS,1.0,0,0,1.0,0,EVT002556,[]
12159,COR,23.0,2,0,61.0,1,EVT002557,[]
12271,KGP,18.0,2,0,46.7,1,EVT002558,[]
12199,MYS,57.0,10,1,345.2,1,EVT002559,[]
12189,NDLS,63.0,4,1,190.4,1,EVT002560,[]
12087,NGP,34.0,5,1,100.3,1,EVT002561,[]
12013,COR,4.0,0,0,4.0,0,EVT002562,[]
12139,CTC,26.0,3,1,50.8,1,EVT002563,[]
12034,SUR,41.0,4,1,106.5,1,EVT002564,[]
12199,MAS,6.0,0,0,6.0,0,EVT002565,[]
12279,MAS,25.0,3,0,82.7,1,EVT002566,[]
12262,DLI,22.0,1,0,42.0,1,EVT002567,[]
12187,BSP,1.0,0,0,1.0,0,EVT002568,[]
12198,PNBE,46.0,5,1,121.0,1,EVT002569,[]
12199,SBC,18.0,3,0,56.7,1,EVT002570,[]
12060,SBC,18.0,0,0,18.0,0,EVT002571,[]
12172,MAS,30.0,3,0,101.2,1,EVT002572,[]
12216,COR,46.0,2,0,126.6,1,EVT002573,[]
12173,MYS,1.0,0,0,1.0,0,EVT002574,[]
12121,KYN,50.0,0,0,50.0,0,EVT002575,[]
12024,SBC,1.0,0,0,1.0,0,EVT002576,[]
12264,MAO,30.0,1,0,57.5,1,EVT002577,[]
12303,ASN,1.0,0,0,1.0,0,EVT002578,[]
12066,NGP,29.0,2,1,44.1,1,EVT002579,[]
12278,MYS,28.0,2,1,41.2,1,EVT002580,[]
12003,BBS,76.0,2,0,212.1,1,EVT002581,[]
12290,NJP,8.0,1,0,13.7,1,EVT002582,[]
12221,MYS,43.0,0,0,43.0,0,EVT002583,[]
12306,DLI,48.0,0,0,48.0,0,EVT002584,[]
12236,HWH,54.0,3,0,190.3,1,EVT002585,[]
12294,ASN,31.0,1,0,59.5,0,EVT002586,[]
12271,CBE,11.0,2,0,25.8,1,EVT002587,[]
12099,MDU,47.0,4,0,195.5,1,EVT002588,[]
12234,PRYJ,1.0,0,0,1.0,0,EVT002589,[]
12092,KYN,60.0,2,0,166.5,1,EVT002590,[]
12276,SC,57.0,2,0,157.9,1,EVT002591,[]
12070,COR,15.0,2,0,38.1,1,EVT002592,[]
12185,RTM,39.0,5,1,160.1,1,EVT002593,[]
12220,HWH,3.0,0,0,3.0,0,EVT002594,[]
12274,VSKP,53.0,7,1,261.4,1,EVT002595,[]
12051,JBP,16.0,3,0,49.3,1,EVT002596,[]
12236,KGP,22.0,2,0,58.1,1,EVT002597,[]
12123,SUR,68.0,3,1,127.0,1,EVT002598,[]
12282,NGP,1.0,0,0,1.0,0,EVT002599,[]
12199,SBC,17.0,3,0,53.0,1,EVT002600,[]
12225,NDLS,37.0,2,0,100.9,1,EVT002601,[]
12256,DLI,66.0,2,0,183.6,1,EVT002602,[]
12158,MAS,18.0,2,0,46.7,1,EVT002603,[]
12021,MYS,82.0,2,1,207.8,1,EVT002604,[]
12214,BBS,41.0,3,0,142.0,1,EVT002605,[]
12317,BBS,1.0,0,0,1.0,0,EVT002606,[]
12228,TVC,62.0,0,0,62.0,0,EVT002607,[]
12179,PNBE,33.0,3,0,112.4,1,EVT002608,[]
12203,NDLS,69.0,4,0,295.1,1,EVT002609,[]
12013,JP,24.0,2,0,63.8,1,EVT002610,[]
12011,MLDT,31.0,3,0,104.9,1,EVT002611,[]
12121,PUNE,9.0,1,0,16.6,0,EVT002612,[]
12254,BCT,47.0,2,0,129.4,1,EVT002613,[]
12230,TVC,1.0,0,0,1.0,0,EVT002614,[]
12011,NJP,70.0,2,0,195.0,1,EVT002615,[]
12014,CTC,37.0,0,0,37.0,0,EVT002616,[]
12142,HWH,45.0,6,1,165.3,1,EVT002617,[]
12187,BSP,70.0,6,1,273.2,1,EVT002618,[]
12279,KGP,34.0,2,0,92.3,1,EVT002619,[]
12214,GHY,41.0,0,0,41.0,0,EVT002620,[]
12225,MAS,16.0,0,0,16.0,0,EVT002621,[]
12224,JBP,14.0,3,0,41.9,1,EVT002622,[]
12297,ADI,12.0,2,0,29.6,1,EVT002623,[]
12315,MAS,35.0,4,1,125.1,1,EVT002624,[]
12073,NDLS,1.0,0,0,1.0,0,EVT002625,[]
12239,BZA,33.0,4,1,68.8,1,EVT002626,[]
12145,JU,16.0,0,0,16.0,0,EVT002627,[]
12228,JP,6.0,0,0,6.0,0,EVT002628,[]
12274,NDLS,92.0,8,1,574.8,1,EVT002629,[]
12214,BCT,29.0,2,0,78.1,1,EVT002630,[]
12144,MAS,51.0,0,0,51.0,0,EVT002631,[]
12273,AGC,23.0,2,0,61.0,1,EVT002632,[]
12134,NDLS,63.0,3,0,223.6,1,EVT002633,[]
12119,BZA,51.0,7,2,194.8,1,EVT002634,[]
12266,BPL,1.0,0,0,1.0,0,EVT002635,[]
12260,PRYJ,29.0,2,0,78.1,1,EVT002636,[]
12209,SUR,37.0,4,1,134.2,1,EVT002637,[]
12121,KYN,1.0,0,0,1.0,0,EVT002638,[]
12084,NGP,41.0,7,1,171.5,1,EVT002639,[]
12307,BCT,36.0,3,0,123.5,1,EVT002640,[]
12058,VSKP,68.0,1,0,131.7,0,EVT002641,[]
12063,GAYA,75.0,6,1,239.2,1,EVT002642,[]
12073,NDLS,23.0,2,1,49.6,1,EVT002643,[]
12161,PRYJ,25.0,0,0,25.0,0,EVT002644,[]
12148,JBP,39.0,2,1,81.0,1,EVT002645,[]
12065,NDLS,42.0,1,0,80.9,0,EVT002646,[]
12199,SBC,64.0,9,1,383.6,1,EVT002647,[]
12139,VSKP,28.0,4,1,87.5,0,EVT002648,[]
12295,HWH,22.0,1,0,42.0,0,EVT002649,[]
12054,COR,48.0,0,0,48.0,0,EVT002650,[]
12153,VSKP,7.0,1,0,12.7,0,EVT002651,[]
12031,LDH,26.0,0,0,26.0,0,EVT002652,[]
12268,DLI,35.0,2,0,95.2,1,EVT002653,[]
12169,MFP,17.0,0,0,17.0,0,EVT002654,[]
12137,SBC,1.0,0,0,1.0,0,EVT002655,[]
12271,KGP,70.0,2,0,195.0,1,EVT002656,[]
12088,BBS,30.0,3,1,69.9,1,EVT002657,[]
12040,TVC,62.0,7,1,313.1,1,EVT002658,[]
12049,ST,19.0,0,0,19.0,0,EVT002659,[]
12166,NGP,29.0,4,1,92.1,1,EVT002660,[]
12117,BPL,35.0,5,1,148.4,1,EVT002661,[]
12039,RTM,1.0,0,0,1.0,0,EVT002662,[]
12220,BWN,18.0,0,0,18.0,0,EVT002663,[]
12082,SDAH,79.0,0,0,79.0,0,EVT002664,[]
12139,BZA,37.0,6,1,155.5,1,EVT002665,[]
12278,BPL,1.0,0,0,1.0,0,EVT002666,[]
12222,BSP,52.0,2,0,143.7,1,EVT002667,[]
12317,BBS,37.0,0,0,37.0,0,EVT002668,[]
12076,SC,41.0,1,0,79.0,1,EVT002669,[]
12187,PRYJ,37.0,2,0,100.9,1,EVT002670,[]
12315,HWH,61.0,5,1,241.1,1,EVT002671,[]
12239,VSKP,34.0,4,1,91.1,1,EVT002672,[]
12317,KGP,65.0,3,0,231.1,1,EVT002673,[]
12175,COR,23.0,2,0,61.0,1,EVT002674,[]
12052,NDLS,1.0,0,0,1.0,0,EVT002675,[]
12059,TVC,59.0,0,0,59.0,0,EVT002676,[]
12162,JP,13.0,2,0,32.4,1,EVT002677,[]
12262,HWH,37.0,4,0,150.3,1,EVT002678,[]
12177,KGP,1.0,0,0,1.0,0,EVT002679,[]
12242,PRYJ,29.0,1,0,55.6,1,EVT002680,[]
12079,DURG,32.0,5,0,143.8,1,EVT002681,[]
12264,KYN,31.0,0,0,31.0,0,EVT002682,[]
12157,BSP,64.0,0,0,64.0,0,EVT002683,[]
12059,KGP,39.0,2,0,106.6,1,EVT002684,[]
12122,HYB,38.0,6,1,130.5,1,EVT002685,[]
12061,VSKP,50.0,7,1,219.0,1,EVT002686,[]
12022,COR,40.0,3,1,62.1,1,EVT002687,[]
12085,SDAH,18.0,0,0,18.0,0,EVT002688,[]
12025,AII,55.0,3,0,194.0,1,EVT002689,[]
12047,GKP,34.0,1,0,65.3,1,EVT002690,[]
12180,ADI,22.0,1,0,42.0,0,EVT002691,[]
12022,COR,1.0,0,0,1.0,0,EVT002692,[]
12271,MAS,3.0,0,0,3.0,0,EVT002693,[]
12100,PUNE,59.0,5,1,213.0,1,EVT002694,[]
12156,COR,76.0,0,0,76.0,0,EVT002695,[]
12178,BWN,34.0,4,1,74.3,1,EVT002696,[]
12131,MAS,28.0,1,0,53.6,0,EVT002697,[]
12239,DLI,3.0,0,0,3.0,0,EVT002698,[]
12314,COR,23.0,1,0,43.9,1,EVT002699,[]
12006,NDLS,68.0,7,1,356.0,1,EVT002700,[]
12229,ADI,29.0,0,0,29.0,0,EVT002701,[]
12092,JP,25.0,1,0,47.8,0,EVT002702,[]
12246,PRYJ,59.0,2,0,163.6,1,EVT002703,[]
12168,BPL,9.0,1,0,16.6,0,EVT002704,[]
12207,DLI,121.0,1,0,235.0,1,EVT002705,[]
12025,BBS,29.0,0,0,29.0,0,EVT002706,[]
12271,MAS,17.0,3,0,53.0,1,EVT002707,[]
12105,BBS,14.0,2,0,35.3,1,EVT002708,[]
12065,NDLS,14.0,1,0,26.4,0,EVT002709,[]
12177,NJP,10.0,0,0,10.0,0,EVT002710,[]
12246,PRYJ,18.0,2,0,46.7,1,EVT002711,[]
12114,SBC,48.0,0,0,48.0,0,EVT002712,[]
12275,NDLS,1.0,0,0,1.0,0,EVT002713,[]
12101,PNBE,67.0,3,1,192.4,1,EVT002714,[]
12152,PUNE,44.0,5,1,110.3,1,EVT002715,[]
12143,SBC,24.0,5,0,101.4,1,EVT002716,[]
12117,SDAH,25.0,3,1,60.7,1,EVT002717,[]
12022,COR,22.0,0,0,22.0,0,EVT002718,[]
12094,COR,36.0,2,0,98.0,1,EVT002719,[]
12246,LDH,33.0,0,0,33.0,0,EVT002720,[]
12011,MLDT,1.0,0,0,1.0,0,EVT002721,[]
12206,MAS,48.0,3,0,168.0,1,EVT002722,[]
12295,BSP,9.0,1,0,15.6,1,EVT002723,[]
12112,UMB,1.0,0,0,1.0,0,EVT002724,[]
12114,COR,50.0,2,0,138.0,1,EVT002725,[]
12048,BPL,89.0,2,0,249.2,1,EVT002726,[]
12202,PNBE,29.0,4,1,102.7,1,EVT002727,[]
12086,VSKP,51.0,1,0,98.5,1,EVT002728,[]
12175,BZA,45.0,0,0,45.0,0,EVT002729,[]
12282,NGP,35.0,0,0,35.0,0,EVT002730,[]
12148,JBP,34.0,1,0,65.3,1,EVT002731,[]
12285,ADI,24.0,2,0,63.8,1,EVT002732,[]
12083,BCT,80.0,5,1,253.1,1,EVT002733,[]
12254,CTC,10.0,0,0,10.0,0,EVT002734,[]
12040,PUNE,8.0,0,0,8.0,0,EVT002735,[]
12048,JBP,48.0,1,0,92.7,1,EVT002736,[]
12251,PRYJ,49.0,2,0,135.1,1,EVT002737,[]
12314,COR,38.0,1,0,73.2,1,EVT002738,[]
12031,LDH,37.0,0,0,37.0,0,EVT002739,[]
12060,JBP,22.0,2,0,58.1,1,EVT002740,[]
12040,TVC,67.0,7,1,347.1,1,EVT002741,[]
12181,GHY,1.0,0,0,1.0,0,EVT002742,[]
12076,SBC,48.0,0,0,48.0,0,EVT002743,[]
12215,COR,22.0,2,0,58.1,1,EVT002744,[]
12287,KYN,3.0,0,0,3.0,0,EVT002745,[]
12203,PRYJ,57.0,3,0,201.4,1,EVT002746,[]
12022,COR,41.0,3,1,65.8,1,EVT002747,[]
12094,BSP,27.0,4,0,105.0,1,EVT002748,[]
12267,BBS,29.0,4,0,114.1,1,EVT002749,[]
12297,ADI,6.0,0,0,6.0,0,EVT002750,[]
12210,PUNE,59.0,2,0,163.6,1,EVT002751,[]
12234,PRYJ,57.0,6,1,194.9,1,EVT002752,[]
12192,ADI,47.0,7,1,161.1,1,EVT002753,[]
12305,ASR,18.0,0,0,18.0,0,EVT002754,[]
12222,COR,7.0,0,0,7.0,0,EVT002755,[]
12162,KYN,1.0,0,0,1.0,0,EVT002756,[]
12127,GHY,39.0,3,0,134.6,1,EVT002757,[]
12047,GHY,14.0,2,0,35.3,1,EVT002758,[]
12256,DLI,4.0,0,0,4.0,0,EVT002759,[]
12206,MAS,38.0,3,0,130.9,1,EVT002760,[]
12235,BCT,42.0,7,1,204.5,1,EVT002761,[]
12224,COR,44.0,4,0,181.9,1,EVT002762,[]
12080,NDLS,5.0,0,0,5.0,0,EVT002763,[]
12111,MDU,65.0,6,1,219.2,1,EVT002764,[]
12016,GHY,21.0,4,0,77.9,1,EVT002765,[]
12065,DLI,25.0,0,0,25.0,0,EVT002766,[]
12144,MAS,27.0,0,0,27.0,0,EVT002767,[]
12001,KYN,39.0,1,0,75.1,1,EVT002768,[]
12063,GAYA,30.0,1,0,57.5,0,EVT002769,[]
12193,ROU,15.0,1,0,28.3,1,EVT002770,[]
12128,MFP,54.0,0,0,54.0,0,EVT002771,[]
12136,CSMT,59.0,0,0,59.0,0,EVT002772,[]
12042,DURG,37.0,0,0,37.0,0,EVT002773,[]
12031,UMB,39.0,1,0,75.1,0,EVT002774,[]
12237,JBP,38.0,2,1,52.2,1,EVT002775,[]
12023,ASR,1.0,0,0,1.0,0,EVT002776,[]
12088,BBS,63.0,5,1,251.8,1,EVT002777,[]
12097,BSL,28.0,0,0,28.0,0,EVT002778,[]
12121,BZA,82.0,2,0,229.2,1,EVT002779,[]
12176,JHS,22.0,0,0,22.0,0,EVT002780,[]
12174,MAS,1.0,0,0,1.0,0,EVT002781,[]
12210,PUNE,67.0,2,0,186.5,1,EVT002782,[]
12119,BZA,21.0,1,1,26.8,0,EVT002783,[]
12134,NDLS,53.0,3,0,186.5,1,EVT002784,[]
12290,MAS,32.0,1,0,61.5,0,EVT002785,[]
12218,MYS,49.0,0,0,49.0,0,EVT002786,[]
12259,GKP,41.0,7,1,206.8,1,EVT002787,[]
12141,BCT,13.0,0,0,13.0,0,EVT002788,[]
12161,BSP,34.0,1,0,65.3,1,EVT002789,[]
12038,PNBE,30.0,3,0,101.2,1,EVT002790,[]
12078,SC,13.0,2,0,32.4,1,EVT002791,[]
12043,MAS,10.0,1,0,18.5,0,EVT002792,[]
12219,BAM,46.0,9,1,244.8,1,EVT002793,[]
12013,COR,18.0,3,0,56.7,1,EVT002794,[]
12008,MAO,1.0,0,0,1.0,0,EVT002795,[]
12077,BCT,1.0,0,0,1.0,0,EVT002796,[]
12298,SUR,7.0,0,0,7.0,0,EVT002797,[]
12311,KGP,22.0,1,0,42.0,0,EVT002798,[]
12261,HWH,30.0,4,0,118.6,1,EVT002799,[]
12272,MAS,28.0,3,0,93.8,1,EVT002800,[]
12186,MLDT,3.0,0,0,3.0,0,EVT002801,[]
12251,R,17.0,0,0,17.0,0,EVT002802,[]
12076,SC,52.0,1,0,100.4,1,EVT002803,[]
12105,BBS,27.0,2,0,72.4,1,EVT002804,[]
12278,MYS,44.0,6,1,141.6,1,EVT002805,[]
12014,NJP,46.0,5,0,218.0,1,EVT002806,[]
12219,VSKP,14.0,3,0,41.9,1,EVT002807,[]
12146,SDAH,3.0,0,0,3.0,0,EVT002808,[]
12192,ADI,60.0,7,1,249.9,1,EVT002809,[]
12224,JU,30.0,6,0,145.2,1,EVT002810,[]
12070,JU,4.0,0,0,4.0,0,EVT002811,[]
12262,SDAH,41.0,3,0,142.0,1,EVT002812,[]
12175,BPL,40.0,1,0,77.0,1,EVT002813,[]
12312,BCT,1.0,0,0,1.0,0,EVT002814,[]
12217,MAS,29.0,2,0,78.1,1,EVT002815,[]
12017,LDH,32.0,1,0,61.5,0,EVT002816,[]
12296,AGC,24.0,2,1,39.1,1,EVT002817,[]
12191,JP,77.0,2,0,215.0,1,EVT002818,[]
12281,DLI,9.0,0,0,9.0,0,EVT002819,[]
12278,RTM,36.0,4,0,145.8,1,EVT002820,[]
12219,NDLS,30.0,4,1,96.6,1,EVT002821,[]
12013,COR,29.0,3,0,97.5,1,EVT002822,[]
12132,TVC,2.0,0,0,2.0,0,EVT002823,[]
12066,BCT,21.0,1,0,40.0,1,EVT002824,[]
12165,BCT,35.0,0,0,35.0,0,EVT002825,[]
12242,PUNE,36.0,2,0,98.0,1,EVT002826,[]
12018,MLDT,8.0,1,0,13.7,0,EVT002827,[]
12100,NDLS,57.0,7,1,266.7,1,EVT002828,[]
12025,AII,51.0,3,0,179.1,1,EVT002829,[]
12161,PRYJ,5.0,0,0,5.0,0,EVT002830,[]
12245,NGP,44.0,2,0,120.9,1,EVT002831,[]
12313,GHY,1.0,0,0,1.0,0,EVT002832,[]
12220,BWN,36.0,0,0,36.0,0,EVT002833,[]
12239,NDLS,43.0,7,1,171.3,1,EVT002834,[]
12053,AII,1.0,0,0,1.0,0,EVT002835,[]
12195,ASR,73.0,3,0,260.7,1,EVT002836,[]
12082,MLDT,2.0,0,0,2.0,0,EVT002837,[]
12261,HWH,83.0,4,0,358.4,1,EVT002838,[]
12148,ADI,63.0,5,1,190.7,1,EVT002839,[]
12207,CSMT,57.0,0,0,57.0,0,EVT002840,[]
12241,BZA,1.0,0,0,1.0,0,EVT002841,[]
12161,PRYJ,1.0,0,0,1.0,0,EVT002842,[]
12117,NDLS,1.0,0,0,1.0,0,EVT002843,[]
12251,BSP,15.0,1,0,28.3,0,EVT002844,[]
12317,KGP,31.0,3,0,104.9,1,EVT002845,[]
12254,CTC,7.0,0,0,7.0,0,EVT002846,[]
12024,MAS,38.0,7,1,158.3,1,EVT002847,[]
12240,MAS,75.0,1,0,145.3,1,EVT002848,[]
12164,CSMT,62.0,2,0,172.2,1,EVT002849,[]
12139,BZA,14.0,3,0,41.9,1,EVT002850,[]
12032,COR,86.0,4,1,316.4,1,EVT002851,[]
12131,R,1.0,0,0,1.0,0,EVT002852,[]
12197,SBC,15.0,3,0,45.6,1,EVT002853,[]
12156,PURI,54.0,4,0,227.2,1,EVT002854,[]
12135,DURG,28.0,3,0,93.8,1,EVT002855,[]
12055,PNBE,1.0,0,0,1.0,0,EVT002856,[]
12140,SC,42.0,6,1,173.0,1,EVT002857,[]
12263,UBL,49.0,4,0,204.6,1,EVT002858,[]
12169,MFP,63.0,0,0,63.0,0,EVT002859,[]
12296,PRYJ,28.0,4,1,77.5,1,EVT002860,[]
12187,SDAH,1.0,0,0,1.0,0,EVT002861,[]
12268,DLI,22.0,2,0,58.1,1,EVT002862,[]
12300,CSMT,1.0,0,0,1.0,0,EVT002863,[]
12043,BCT,21.0,4,0,77.9,1,EVT002864,[]
12147,UBL,39.0,3,0,134.6,1,EVT002865,[]
12172,MS,14.0,4,0,46.2,1,EVT002866,[]
12010,BSL,21.0,4,0,77.9,1,EVT002867,[]
12192,ADI,38.0,4,1,95.6,1,EVT002868,[]
12276,MAS,26.0,1,0,49.8,0,EVT002869,[]
12272,NDLS,9.0,1,0,16.6,1,EVT002870,[]
12222,JBP,4.0,0,0,4.0,0,EVT002871,[]
12054,VSKP,75.0,2,0,209.3,1,EVT002872,[]
12240,MAS,8.0,1,0,14.6,1,EVT002873,[]
12030,CSMT,6.0,0,0,6.0,0,EVT002874,[]
12251,R,59.0,0,0,59.0,0,EVT002875,[]
12171,PRYJ,58.0,2,0,160.8,1,EVT002876,[]
12225,MAS,66.0,0,0,66.0,0,EVT002877,[]
12136,BBS,1.0,0,0,1.0,0,EVT002878,[]
12009,MFP,22.0,0,0,22.0,0,EVT002879,[]
12161,JBP,18.0,2,0,46.7,1,EVT002880,[]
12279,HYB,1.0,0,0,1.0,0,EVT002881,[]
12200,PNBE,43.0,5,0,202.1,1,EVT002882,[]
12135,NDLS,25.0,0,0,25.0,0,EVT002883,[]
12292,VSKP,27.0,3,0,90.1,1,EVT002884,[]
12215,COR,58.0,2,0,160.8,1,EVT002885,[]
12024,SC,10.0,1,0,18.5,1,EVT002886,[]
12182,ST,29.0,3,0,97.5,1,EVT002887,[]
12246,PRYJ,50.0,2,0,138.0,1,EVT002888,[]
12033,SC,22.0,1,0,42.0,1,EVT002889,[]
12119,BZA,71.0,7,2,332.8,1,EVT002890,[]
12261,COR,1.0,0,0,1.0,0,EVT002891,[]
12087,CSMT,1.0,0,0,1.0,0,EVT002892,[]
12092,JP,104.0,1,0,201.8,0,EVT002893,[]
12171,PNBE,73.0,1,0,141.4,0,EVT002894,[]
12050,BBS,46.0,1,0,88.8,0,EVT002895,[]
12282,NGP,1.0,0,0,1.0,0,EVT002896,[]
12085,SDAH,27.0,0,0,27.0,0,EVT002897,[]
12158,SBC,23.0,2,1,36.2,1,EVT002898,[]
12119,BZA,18.0,0,0,18.0,0,EVT002899,[]
12090,UBL,47.0,6,0,247.8,1,EVT002900,[]
12098,HYB,1.0,0,0,1.0,0,EVT002901,[]
12147,KYN,28.0,1,0,53.6,1,EVT002902,[]
12186,ADI,30.0,4,0,118.6,1,EVT002903,[]
12024,MAS,5.0,0,0,5.0,0,EVT002904,[]
12262,DLI,42.0,3,1,96.0,1,EVT002905,[]
12250,BBS,38.0,5,1,144.3,1,EVT002906,[]
12188,TATA,14.0,0,0,14.0,0,EVT002907,[]
12007,JP,25.0,3,0,82.7,1,EVT002908,[]
12155,NGP,21.0,1,0,40.0,1,EVT002909,[]
12198,LDH,1.0,0,0,1.0,0,EVT002910,[]
12103,SDAH,52.0,3,0,182.8,1,EVT002911,[]
12156,PURI,47.0,4,0,195.5,1,EVT002912,[]
12227,BZA,75.0,5,1,280.2,1,EVT002913,[]
12024,MAS,24.0,2,0,63.8,1,EVT002914,[]
12230,TVC,16.0,2,0,41.0,1,EVT002915,[]
12182,ST,41.0,4,1,147.5,1,EVT002916,[]
12081,BCT,42.0,5,1,121.1,1,EVT002917,[]
12315,MYS,35.0,6,0,175.4,1,EVT002918,[]
12241,VSKP,54.0,5,1,230.4,1,EVT002919,[]
12047,GHY,55.0,2,0,152.2,1,EVT002920,[]
12020,GKP,34.0,5,0,154.4,1,EVT002921,[]
12024,SBC,25.0,3,1,47.1,1,EVT002922,[]
12174,VSKP,1.0,0,0,1.0,0,EVT002923,[]
12102,BBS,52.0,0,0,52.0,0,EVT002924,[]
12092,JP,21.0,1,0,40.0,0,EVT002925,[]
12307,PRYJ,1.0,0,0,1.0,0,EVT002926,[]
12137,MAS,33.0,2,0,89.5,1,EVT002927,[]
12236,MAS,26.0,1,0,49.8,0,EVT002928,[]
12180,ADI,19.0,1,0,36.1,0,EVT002929,[]
12151,NGP,26.0,3,0,86.4,1,EVT002930,[]
12033,CSMT,59.0,2,0,163.6,1,EVT002931,[]
12080,PRYJ,36.0,2,0,98.0,1,EVT002932,[]
12138,ADI,23.0,0,0,23.0,0,EVT002933,[]
12155,DLI,56.0,4,1,157.5,1,EVT002934,[]
12168,BZA,45.0,2,0,123.7,1,EVT002935,[]
12067,ASN,61.0,0,0,61.0,0,EVT002936,[]
12296,AGC,40.0,4,1,119.9,1,EVT002937,[]
12067,DURG,22.0,5,0,90.8,1,EVT002938,[]
12075,BPL,19.0,3,0,60.4,1,EVT002939,[]
12211,JP,24.0,3,0,79.0,1,EVT002940,[]
12317,BBS,78.0,0,0,78.0,0,EVT002941,[]
12204,KGP,38.0,2,0,103.7,1,EVT002942,[]
12108,VSKP,1.0,0,0,1.0,0,EVT002943,[]
12080,PNBE,5.0,0,0,5.0,0,EVT002944,[]
12164,BSP,14.0,0,0,14.0,0,EVT002945,[]
12185,RTM,15.0,3,0,45.6,1,EVT002946,[]
12044,PRYJ,1.0,0,0,1.0,0,EVT002947,[]
12036,KGP,37.0,5,1,124.7,1,EVT002948,[]
12236,MDU,13.0,0,0,13.0,0,EVT002949,[]
12185,RTM,72.0,7,2,349.2,1,EVT002950,[]
12308,ADI,24.0,4,0,91.5,1,EVT002951,[]
12278,BPL,22.0,2,0,58.1,1,EVT002952,[]
12064,COR,61.0,6,1,263.3,1,EVT002953,[]
12051,GHY,45.0,5,1,173.2,1,EVT002954,[]
12283,ASR,28.0,3,0,93.8,1,EVT002955,[]
12094,JBP,24.0,3,0,79.0,1,EVT002956,[]
12255,KGP,35.0,1,0,67.3,1,EVT002957,[]
12103,NDLS,3.0,0,0,3.0,0,EVT002958,[]
12209,JHS,28.0,2,1,41.2,1,EVT002959,[]
12113,MAS,25.0,4,0,96.0,1,EVT002960,[]
12187,BSP,27.0,3,0,90.1,1,EVT002961,[]
12186,MLDT,33.0,1,0,63.4,0,EVT002962,[]
12113,AGC,42.0,4,1,93.1,1,EVT002963,[]
12031,UMB,68.0,1,0,131.7,0,EVT002964,[]
12011,MLDT,28.0,3,0,93.8,1,EVT002965,[]
12252,COR,45.0,1,0,86.8,1,EVT002966,[]
12116,ROU,51.0,6,1,200.1,1,EVT002967,[]
12162,TPJ,1.0,0,0,1.0,0,EVT002968,[]
12007,COR,46.0,4,1,141.2,1,EVT002969,[]
12286,MFP,1.0,0,0,1.0,0,EVT002970,[]
12076,SBC,1.0,0,0,1.0,0,EVT002971,[]
12258,BBS,16.0,2,0,41.0,1,EVT002972,[]
12174,VSKP,41.0,1,0,79.0,0,EVT002973,[]
12100,SDAH,19.0,3,0,60.4,1,EVT002974,[]
12130,KYN,68.0,2,0,189.3,1,EVT002975,[]
12235,CSMT,56.0,5,1,241.1,1,EVT002976,[]
12023,ASR,56.0,6,1,189.6,1,EVT002977,[]
12317,KGP,6.0,0,0,6.0,0,EVT002978,[]
12226,SUR,19.0,1,0,36.1,0,EVT002979,[]
12051,JBP,29.0,4,1,102.7,1,EVT002980,[]
12087,MAS,4.0,0,0,4.0,0,EVT002981,[]
12053,COR,20.0,4,0,73.4,1,EVT002982,[]
12262,NGP,35.0,0,0,35.0,0,EVT002983,[]
12165,SUR,2.0,0,0,2.0,0,EVT002984,[]
12302,KGP,41.0,7,1,157.7,1,EVT002985,[]
12283,NDLS,63.0,2,0,175.1,1,EVT002986,[]
12120,BBS,1.0,0,0,1.0,0,EVT002987,[]
12305,PRYJ,1.0,0,0,1.0,0,EVT002988,[]
12154,R,52.0,2,0,143.7,1,EVT002989,[]
12221,SBC,21.0,1,0,40.0,0,EVT002990,[]
12192,ADI,1.0,0,0,1.0,0,EVT002991,[]
12193,MAS,13.0,3,0,38.2,1,EVT002992,[]
12207,SDAH,9.0,1,0,15.6,1,EVT002993,[]
12253,PNBE,17.0,4,0,59.8,1,EVT002994,[]
12083,ST,30.0,0,0,30.0,0,EVT002995,[]
12005,JP,70.0,1,0,135.6,0,EVT002996,[]
12060,BPL,25.0,1,0,47.8,1,EVT002997,[]
12066,VSKP,21.0,3,0,67.8,1,EVT002998,[]
12132,CSMT,68.0,1,0,131.7,1,EVT002999,[]
12140,KGP,28.0,2,1,59.1,1,EVT003000,[]
12034,BZA,40.0,5,1,155.0,1,EVT003001,[]
12012,UBL,1.0,0,0,1.0,0,EVT003002,[]
12185,RTM,43.0,5,1,181.4,1,EVT003003,[]
12158,TVC,66.0,6,1,332.8,1,EVT003004,[]
12163,NDLS,23.0,1,0,43.9,1,EVT003005,[]
12247,AGC,54.0,0,0,54.0,0,EVT003006,[]
12120,BCT,62.0,6,1,263.6,1,EVT003007,[]
12123,SUR,15.0,0,0,15.0,0,EVT003008,[]
12118,MAS,1.0,0,0,1.0,0,EVT003009,[]
12102,KYN,70.0,1,0,135.6,1,EVT003010,[]
12285,NJP,43.0,0,0,43.0,0,EVT003011,[]
12067,ASN,24.0,0,0,24.0,0,EVT003012,[]
12151,HYB,20.0,0,0,20.0,0,EVT003013,[]
12146,ADI,11.0,2,0,25.8,1,EVT003014,[]
12310,BPL,1.0,0,0,1.0,0,EVT003015,[]
12264,KYN,1.0,0,0,1.0,0,EVT003016,[]
12088,ERS,65.0,8,1,363.5,1,EVT003017,[]
12137,SC,31.0,1,0,59.5,1,EVT003018,[]
12075,BPL,36.0,3,0,123.5,1,EVT003019,[]
12010,SC,41.0,2,0,112.3,1,EVT003020,[]
12076,SC,43.0,1,0,82.9,1,EVT003021,[]
12029,BZA,46.0,4,0,191.0,1,EVT003022,[]
12278,RTM,22.0,4,0,82.4,1,EVT003023,[]
12098,MAS,88.0,4,0,381.0,1,EVT003024,[]
12061,NDLS,22.0,1,0,42.0,0,EVT003025,[]
12075,COR,32.0,2,0,86.6,1,EVT003026,[]
12162,TPJ,36.0,5,0,165.0,1,EVT003027,[]
12131,TPJ,21.0,0,0,21.0,0,EVT003028,[]
12264,MAO,15.0,1,0,28.3,1,EVT003029,[]
12089,SBC,1.0,0,0,1.0,0,EVT003030,[]
12111,NDLS,45.0,3,0,156.9,1,EVT003031,[]
12137,SC,11.0,1,0,20.5,1,EVT003032,[]
12002,CSMT,28.0,1,0,53.6,0,EVT003033,[]
12195,CSMT,29.0,0,0,29.0,0,EVT003034,[]
12047,GHY,27.0,2,0,72.4,1,EVT003035,[]
12113,VSKP,2.0,0,0,2.0,0,EVT003036,[]
12126,DLI,63.0,4,1,191.3,1,EVT003037,[]
12223,BPL,28.0,3,0,93.8,1,EVT003038,[]
12313,ADI,27.0,3,0,90.1,1,EVT003039,[]
12310,BPL,1.0,0,0,1.0,0,EVT003040,[]
12314,RTM,28.0,0,0,28.0,0,EVT003041,[]
12230,JP,43.0,1,0,82.9,0,EVT003042,[]
12243,NDLS,32.0,1,0,61.5,0,EVT003043,[]
12169,GKP,25.0,1,0,47.8,1,EVT003044,[]
12126,NDLS,51.0,3,0,179.1,1,EVT003045,[]
12309,PRYJ,12.0,2,0,28.6,1,EVT003046,[]
12251,PRYJ,1.0,0,0,1.0,0,EVT003047,[]
12009,NDLS,50.0,3,0,175.4,1,EVT003048,[]
12000,GHY,34.0,1,0,65.3,0,EVT003049,[]
12163,JHS,50.0,3,0,175.4,1,EVT003050,[]
12099,HWH,37.0,1,0,71.2,0,EVT003051,[]
12137,ERS,89.0,3,0,320.1,1,EVT003052,[]
12112,UMB,24.0,3,0,79.0,1,EVT003053,[]
12263,SC,6.0,0,0,6.0,0,EVT003054,[]
12277,NDLS,1.0,0,0,1.0,0,EVT003055,[]
12090,SC,1.0,0,0,1.0,0,EVT003056,[]
12302,MAS,34.0,4,1,91.1,1,EVT003057,[]
12295,ASN,74.0,4,1,258.2,1,EVT003058,[]
12219,HWH,15.0,0,0,15.0,0,EVT003059,[]
12296,PRYJ,38.0,5,1,135.6,1,EVT003060,[]
12020,PRYJ,10.0,2,0,22.9,1,EVT003061,[]
12140,HYB,1.0,0,0,1.0,0,EVT003062,[]
12054,VSKP,51.0,2,0,140.8,1,EVT003063,[]
12117,HWH,67.0,4,1,244.1,1,EVT003064,[]
12253,ST,14.0,0,0,14.0,0,EVT003065,[]
12243,DLI,76.0,0,0,76.0,0,EVT003066,[]
12190,BSP,1.0,0,0,1.0,0,EVT003067,[]
12035,UBL,81.0,3,0,290.4,1,EVT003068,[]
12197,MS,31.0,0,0,31.0,0,EVT003069,[]
12224,COR,44.0,4,0,181.9,1,EVT003070,[]
12013,COR,84.0,7,1,372.6,1,EVT003071,[]
12225,VSKP,1.0,0,0,1.0,0,EVT003072,[]
12118,JP,3.0,0,0,3.0,0,EVT003073,[]
12218,MYS,24.0,0,0,24.0,0,EVT003074,[]
12047,GKP,30.0,1,0,57.5,1,EVT003075,[]
12001,BBS,5.0,0,0,5.0,0,EVT003076,[]
12011,MLDT,20.0,3,0,64.1,1,EVT003077,[]
12209,NGP,1.0,0,0,1.0,0,EVT003078,[]
12024,MAS,33.0,5,1,117.2,1,EVT003079,[]
12319,HYB,37.0,0,0,37.0,0,EVT003080,[]
12135,PRYJ,26.0,1,0,49.8,1,EVT003081,[]
12265,TATA,9.0,0,0,9.0,0,EVT003082,[]
12224,NJP,7.0,0,0,7.0,0,EVT003083,[]
12208,ASN,1.0,0,0,1.0,0,EVT003084,[]
12002,BSP,50.0,3,0,175.4,1,EVT003085,[]
12231,MLDT,49.0,3,0,171.7,1,EVT003086,[]
12309,PNBE,82.0,3,0,294.1,1,EVT003087,[]
12014,GHY,13.0,3,0,37.2,1,EVT003088,[]
12082,SDAH,7.0,0,0,7.0,0,EVT003089,[]
12222,COR,80.0,3,1,130.7,1,EVT003090,[]
12166,RTM,43.0,6,1,161.2,1,EVT003091,[]
12147,KYN,39.0,1,0,75.1,1,EVT003092,[]
12130,JP,42.0,3,0,145.7,1,EVT003093,[]
12022,COR,38.0,2,1,51.2,1,EVT003094,[]
12080,PRYJ,45.0,2,0,123.7,1,EVT003095,[]
12214,BCT,43.0,2,0,118.0,1,EVT003096,[]
12098,HWH,13.0,2,0,32.4,1,EVT003097,[]
12179,AGC,18.0,5,0,69.6,1,EVT003098,[]
12057,KGP,56.0,5,1,196.9,1,EVT003099,[]
12148,JBP,50.0,6,1,152.1,1,EVT003100,[]
12139,SC,4.0,0,0,4.0,0,EVT003101,[]
12191,JBP,65.0,4,0,277.0,1,EVT003102,[]
12297,JBP,29.0,3,0,97.5,1,EVT003103,[]
12089,NGP,88.0,6,1,318.8,1,EVT003104,[]
12071,KYN,6.0,0,0,6.0,0,EVT003105,[]
12065,MFP,67.0,4,0,286.0,1,EVT003106,[]
12080,NDLS,44.0,3,0,153.2,1,EVT003107,[]
12006,PNBE,26.0,3,0,86.4,1,EVT003108,[]
12067,ASN,1.0,0,0,1.0,0,EVT003109,[]
12248,MLDT,58.0,1,0,112.2,1,EVT003110,[]
12208,AGC,17.0,0,0,17.0,0,EVT003111,[]
12311,TATA,39.0,0,0,39.0,0,EVT003112,[]
12238,DLI,1.0,0,0,1.0,0,EVT003113,[]
12007,JP,3.0,0,0,3.0,0,EVT003114,[]
12128,MFP,34.0,0,0,34.0,0,EVT003115,[]
12009,VSKP,39.0,4,0,159.3,1,EVT003116,[]
12153,VSKP,27.0,1,0,51.7,0,EVT003117,[]
12205,ERS,45.0,4,0,186.5,1,EVT003118,[]
12032,RTM,37.0,3,1,65.5,1,EVT003119,[]
12212,NDLS,1.0,0,0,1.0,0,EVT003120,[]
12275,NDLS,32.0,3,0,108.6,1,EVT003121,[]
12053,PNBE,30.0,1,0,57.5,0,EVT003122,[]
12216,SBC,34.0,4,0,136.7,1,EVT003123,[]
12102,KYN,25.0,1,0,47.8,1,EVT003124,[]
12302,DHN,39.0,5,1,164.8,1,EVT003125,[]
12171,PRYJ,50.0,2,0,138.0,1,EVT003126,[]
12261,HWH,22.0,4,0,82.4,1,EVT003127,[]
12039,ST,1.0,0,0,1.0,0,EVT003128,[]
12155,NGP,32.0,1,0,61.5,1,EVT003129,[]
12162,TPJ,19.0,5,0,74.9,1,EVT003130,[]
12203,NDLS,15.0,4,0,50.7,1,EVT003131,[]
12276,TVC,12.0,0,0,12.0,0,EVT003132,[]
12238,KYN,85.0,0,0,85.0,0,EVT003133,[]
12076,SC,61.0,1,0,118.0,1,EVT003134,[]
12082,MLDT,31.0,1,0,59.5,0,EVT003135,[]
12064,SDAH,1.0,0,0,1.0,0,EVT003136,[]
12285,BPL,30.0,4,0,118.6,1,EVT003137,[]
12204,ROU,41.0,1,0,79.0,1,EVT003138,[]
12122,NDLS,19.0,4,0,68.8,1,EVT003139,[]
12115,NGP,1.0,0,0,1.0,0,EVT003140,[]
12079,ERS,1.0,0,0,1.0,0,EVT003141,[]
12004,BCT,25.0,1,0,47.8,0,EVT003142,[]
12106,MAS,1.0,0,0,1.0,0,EVT003143,[]
12077,CTC,42.0,4,0,172.9,1,EVT003144,[]
12105,KYN,7.0,1,0,12.7,1,EVT003145,[]
12261,SDAH,42.0,3,0,145.7,1,EVT003146,[]
12073,VSKP,4.0,0,0,4.0,0,EVT003147,[]
12181,NJP,32.0,0,0,32.0,0,EVT003148,[]
12103,NDLS,14.0,2,0,35.3,1,EVT003149,[]
12303,ASN,59.0,0,0,59.0,0,EVT003150,[]
12085,MLDT,30.0,1,0,57.5,0,EVT003151,[]
12024,MAS,13.0,2,0,32.4,1,EVT003152,[]
12224,COR,47.0,4,0,195.5,1,EVT003153,[]
12286,COR,18.0,2,0,46.7,1,EVT003154,[]
12165,SUR,33.0,2,0,89.5,1,EVT003155,[]
12059,KGP,1.0,0,0,1.0,0,EVT003156,[]
12255,MAS,40.0,2,0,109.4,1,EVT003157,[]
12178,MAS,12.0,3,0,34.4,1,EVT003158,[]
12196,BWN,1.0,0,0,1.0,0,EVT003159,[]
12098,KGP,9.0,1,0,15.6,1,EVT003160,[]
12081,BBS,10.0,0,0,10.0,0,EVT003161,[]
12187,SDAH,1.0,0,0,1.0,0,EVT003162,[]
12033,PUNE,44.0,3,0,153.2,1,EVT003163,[]
12164,NGP,1.0,0,0,1.0,0,EVT003164,[]
12003,KYN,14.0,3,0,41.9,1,EVT003165,[]
12319,KGP,42.0,3,0,145.7,1,EVT003166,[]
12160,PRYJ,42.0,0,0,42.0,0,EVT003167,[]
12231,GHY,35.0,1,0,67.3,1,EVT003168,[]
12147,BBS,65.0,0,0,65.0,0,EVT003169,[]
12208,ASN,73.0,6,1,327.1,1,EVT003170,[]
12020,PUNE,24.0,2,0,63.8,0,EVT003171,[]
12169,MFP,55.0,0,0,55.0,0,EVT003172,[]
12093,HWH,64.0,5,1,196.1,1,EVT003173,[]
12235,SC,19.0,1,0,36.1,0,EVT003174,[]
12307,PRYJ,40.0,0,0,40.0,0,EVT003175,[]
12004,BCT,79.0,5,1,193.8,1,EVT003176,[]
12123,SUR,104.0,9,2,411.1,1,EVT003177,[]
12294,PNBE,12.0,3,0,34.4,1,EVT003178,[]
12186,MLDT,20.0,1,0,38.0,0,EVT003179,[]
12003,ST,57.0,0,0,57.0,0,EVT003180,[]
12087,NGP,3.0,0,0,3.0,0,EVT003181,[]
12119,BPL,22.0,1,0,42.0,1,EVT003182,[]
12029,JBP,37.0,2,0,100.9,1,EVT003183,[]
12001,BCT,59.0,3,0,208.8,1,EVT003184,[]
12186,GHY,60.0,3,0,212.5,1,EVT003185,[]
12151,BCT,35.0,4,0,141.2,1,EVT003186,[]
12108,BCT,55.0,3,0,194.0,1,EVT003187,[]
12138,TVC,1.0,0,0,1.0,0,EVT003188,[]
12300,SC,33.0,2,1,68.6,1,EVT003189,[]
12270,PRYJ,23.0,3,0,75.3,1,EVT003190,[]
12269,HYB,8.0,1,0,13.7,0,EVT003191,[]
12225,ASR,27.0,3,0,90.1,1,EVT003192,[]
12222,COR,12.0,0,0,12.0,0,EVT003193,[]
12174,BBS,93.0,0,0,93.0,0,EVT003194,[]
12208,PRYJ,19.0,1,0,36.1,0,EVT003195,[]
12197,SC,21.0,2,0,55.2,1,EVT003196,[]
12260,PUNE,25.0,1,0,47.8,0,EVT003197,[]
12011,ADI,61.0,0,0,61.0,0,EVT003198,[]
12255,MAS,43.0,2,0,118.0,1,EVT003199,[]
12196,BSP,43.0,4,0,177.4,1,EVT003200,[]
12251,BSP,41.0,1,0,79.0,0,EVT003201,[]
12239,VSKP,68.0,6,1,306.1,1,EVT003202,[]
12274,NDLS,1.0,0,0,1.0,0,EVT003203,[]
12300,SC,42.0,3,1,106.4,1,EVT003204,[]
12014,NJP,1.0,0,0,1.0,0,EVT003205,[]
12159,AII,31.0,0,0,31.0,0,EVT003206,[]
12272,MAS,10.0,2,0,22.9,1,EVT003207,[]
12050,BCT,10.0,2,0,23.9,1,EVT003208,[]
12022,COR,42.0,4,1,75.1,1,EVT003209,[]
12195,ASR,1.0,0,0,1.0,0,EVT003210,[]
12249,SC,17.0,0,0,17.0,0,EVT003211,[]
12095,JP,34.0,1,0,65.3,1,EVT003212,[]
12207,SDAH,29.0,3,0,97.5,1,EVT003213,[]
12206,SBC,38.0,5,0,175.6,1,EVT003214,[]
12136,KYN,44.0,1,0,84.8,0,EVT003215,[]
12152,PUNE,50.0,5,1,142.6,1,EVT003216,[]
12067,ROU,18.0,3,0,56.7,1,EVT003217,[]
12064,COR,30.0,3,1,69.9,1,EVT003218,[]
12092,KYN,35.0,2,0,95.2,1,EVT003219,[]
12209,SUR,14.0,3,0,41.9,1,EVT003220,[]
12070,JP,27.0,1,0,51.7,0,EVT003221,[]
12036,KGP,1.0,0,0,1.0,0,EVT003222,[]
12034,SUR,1.0,0,0,1.0,0,EVT003223,[]
12151,HYB,19.0,0,0,19.0,0,EVT003224,[]
12048,JBP,31.0,1,0,59.5,1,EVT003225,[]
12131,MAS,28.0,1,0,53.6,0,EVT003226,[]
12142,HWH,50.0,6,1,195.9,1,EVT003227,[]
12284,NDLS,14.0,1,0,26.4,1,EVT003228,[]
12209,SUR,37.0,4,1,134.2,1,EVT003229,[]
12004,ADI,49.0,0,0,49.0,0,EVT003230,[]
12128,MFP,14.0,0,0,14.0,0,EVT003231,[]
12090,KGP,3.0,0,0,3.0,0,EVT003232,[]
12002,BSP,56.0,3,0,197.7,1,EVT003233,[]
12090,SBC,27.0,5,0,117.3,1,EVT003234,[]
12138,TVC,62.0,7,1,312.4,1,EVT003235,[]
12152,JP,61.0,7,1,272.0,1,EVT003236,[]
12212,JHS,16.0,0,0,16.0,0,EVT003237,[]
12265,MDU,75.0,8,1,316.1,1,EVT003238,[]
12094,DURG,52.0,5,0,249.8,1,EVT003239,[]
12159,COR,27.0,2,0,72.4,1,EVT003240,[]
12082,NJP,55.0,2,0,152.2,1,EVT003241,[]
12229,ADI,1.0,0,0,1.0,0,EVT003242,[]
12117,BPL,42.0,8,1,210.0,1,EVT003243,[]
12252,SBC,17.0,3,0,53.0,1,EVT003244,[]
12083,BCT,60.0,4,1,141.0,1,EVT003245,[]
12156,VSKP,1.0,0,0,1.0,0,EVT003246,[]
12024,TPJ,43.0,9,1,213.1,1,EVT003247,[]
12107,BZA,4.0,0,0,4.0,0,EVT003248,[]
12160,PRYJ,31.0,0,0,31.0,0,EVT003249,[]
12096,MYS,46.0,3,0,160.6,1,EVT003250,[]
12036,HWH,1.0,0,0,1.0,0,EVT003251,[]
12158,SBC,16.0,0,0,16.0,0,EVT003252,[]
12082,SDAH,1.0,0,0,1.0,0,EVT003253,[]
12277,NGP,30.0,3,0,101.2,1,EVT003254,[]
12203,ASR,35.0,5,0,159.7,1,EVT003255,[]
12041,PNBE,75.0,1,0,145.3,1,EVT003256,[]
12088,BBS,27.0,1,0,51.7,0,EVT003257,[]
12293,CSMT,30.0,2,0,80.9,1,EVT003258,[]
12219,PURI,55.0,11,1,342.3,1,EVT003259,[]
12140,HYB,28.0,4,0,109.6,1,EVT003260,[]
12051,NJP,28.0,4,1,64.7,1,EVT003261,[]
12154,NGP,53.0,1,0,102.4,1,EVT003262,[]
12272,NDLS,46.0,1,0,88.8,1,EVT003263,[]
12205,SC,24.0,2,0,63.8,1,EVT003264,[]
12186,GHY,47.0,3,0,164.3,1,EVT003265,[]
12152,JU,40.0,3,0,138.3,1,EVT003266,[]
12104,KGP,19.0,0,0,19.0,0,EVT003267,[]
12304,MAS,40.0,1,0,77.0,1,EVT003268,[]
12024,TPJ,65.0,9,1,391.7,1,EVT003269,[]
12135,PRYJ,50.0,6,1,174.0,1,EVT003270,[]
12230,ERS,1.0,0,0,1.0,0,EVT003271,[]
12058,VSKP,38.0,1,0,73.2,0,EVT003272,[]
12042,DURG,21.0,0,0,21.0,0,EVT003273,[]
12292,HYB,31.0,0,0,31.0,0,EVT003274,[]
12039,SBC,44.0,4,0,181.9,1,EVT003275,[]
12062,SDAH,1.0,0,0,1.0,0,EVT003276,[]
12040,JP,46.0,6,1,184.0,1,EVT003277,[]
12085,MLDT,16.0,1,0,30.2,0,EVT003278,[]
12235,CSMT,47.0,5,1,193.0,1,EVT003279,[]
12044,PRYJ,35.0,0,0,35.0,0,EVT003280,[]
12298,SC,1.0,0,0,1.0,0,EVT003281,[]
12291,NDLS,57.0,8,1,247.5,1,EVT003282,[]
12116,ASN,39.0,3,1,59.2,1,EVT003283,[]
12027,RTM,33.0,3,1,96.3,1,EVT003284,[]
12229,GHY,34.0,1,0,65.3,1,EVT003285,[]
12270,PNBE,49.0,2,0,135.1,1,EVT003286,[]
12257,MAO,64.0,9,1,391.5,1,EVT003287,[]
12265,MDU,18.0,3,0,56.7,1,EVT003288,[]
12121,BZA,63.0,2,0,175.1,1,EVT003289,[]
12200,SBC,37.0,1,0,71.2,0,EVT003290,[]
12138,JBP,32.0,1,0,61.5,1,EVT003291,[]
12164,KYN,40.0,3,0,138.3,1,EVT003292,[]
12259,PRYJ,15.0,3,0,45.6,1,EVT003293,[]
12220,BWN,45.0,0,0,45.0,0,EVT003294,[]
12125,NJP,54.0,7,1,240.7,1,EVT003295,[]
12222,R,4.0,0,0,4.0,0,EVT003296,[]
12225,NDLS,31.0,2,0,83.8,1,EVT003297,[]
12313,COR,43.0,1,0,82.9,1,EVT003298,[]
12292,HYB,26.0,0,0,26.0,0,EVT003299,[]
12190,JBP,33.0,3,0,112.4,1,EVT003300,[]
12096,JHS,42.0,0,0,42.0,0,EVT003301,[]
12040,JP,68.0,6,1,318.2,1,EVT003302,[]
12145,COR,27.0,2,0,72.4,1,EVT003303,[]
12167,ST,23.0,3,0,75.3,1,EVT003304,[]
12107,MYS,19.0,0,0,19.0,0,EVT003305,[]
12071,JP,1.0,0,0,1.0,0,EVT003306,[]
12049,GHY,1.0,0,0,1.0,0,EVT003307,[]
12154,R,1.0,0,0,1.0,0,EVT003308,[]
12023,DLI,37.0,3,1,106.4,1,EVT003309,[]
12253,ST,44.0,0,0,44.0,0,EVT003310,[]
12091,PRYJ,47.0,2,0,129.4,1,EVT003311,[]
12119,BPL,1.0,0,0,1.0,0,EVT003312,[]
12136,VSKP,9.0,1,0,15.6,0,EVT003313,[]
12151,SC,22.0,1,0,42.0,0,EVT003314,[]
12079,KGP,47.0,2,0,129.4,1,EVT003315,[]
12122,HYB,11.0,0,0,11.0,0,EVT003316,[]
12122,UMB,67.0,11,1,453.6,1,EVT003317,[]
12222,BSP,34.0,2,0,92.3,1,EVT003318,[]
12153,BBS,22.0,0,0,22.0,0,EVT003319,[]
12215,JHS,66.0,0,0,66.0,0,EVT003320,[]
12056,JP,1.0,0,0,1.0,0,EVT003321,[]
12094,AII,67.0,5,1,146.4,1,EVT003322,[]
12258,BBS,57.0,2,0,157.9,1,EVT003323,[]
12075,BPL,1.0,0,0,1.0,0,EVT003324,[]
12246,PRYJ,28.0,2,0,75.2,1,EVT003325,[]
12225,NDLS,16.0,2,0,41.0,1,EVT003326,[]
12063,GAYA,9.0,1,0,16.6,0,EVT003327,[]
12127,GHY,25.0,3,0,82.7,1,EVT003328,[]
12253,GHY,26.0,2,0,69.5,1,EVT003329,[]
12066,NGP,71.0,5,1,277.7,1,EVT003330,[]
12033,PUNE,75.0,3,0,268.2,1,EVT003331,[]
12303,SDAH,50.0,2,0,138.0,0,EVT003332,[]
12046,GHY,77.0,3,0,275.6,1,EVT003333,[]
12164,CSMT,1.0,0,0,1.0,0,EVT003334,[]
12080,KGP,15.0,0,0,15.0,0,EVT003335,[]
12276,SC,81.0,5,1,249.4,1,EVT003336,[]
12273,JHS,6.0,0,0,6.0,0,EVT003337,[]
12300,SBC,19.0,0,0,19.0,0,EVT003338,[]
12047,GHY,27.0,2,0,72.4,1,EVT003339,[]
12303,SDAH,37.0,2,0,100.9,0,EVT003340,[]
12059,ROU,55.0,3,0,194.0,1,EVT003341,[]
12258,BCT,70.0,1,0,135.6,0,EVT003342,[]
12186,ADI,77.0,4,0,331.3,1,EVT003343,[]
12044,PRYJ,37.0,0,0,37.0,0,EVT003344,[]
12144,MAS,60.0,0,0,60.0,0,EVT003345,[]
12064,RTM,34.0,4,1,73.4,1,EVT003346,[]
12059,ROU,41.0,3,0,142.0,1,EVT003347,[]
12110,BPL,59.0,5,0,286.9,1,EVT003348,[]
12109,DLI,44.0,5,1,132.2,1,EVT003349,[]
12239,NDLS,72.0,7,1,368.9,1,EVT003350,[]
12260,AGC,36.0,3,0,123.5,1,EVT003351,[]
12049,ST,14.0,0,0,14.0,0,EVT003352,[]
12155,DLI,22.0,0,0,22.0,0,EVT003353,[]
12177,MLDT,1.0,0,0,1.0,0,EVT003354,[]
12151,ST,38.0,5,0,175.6,1,EVT003355,[]
12173,PRYJ,29.0,0,0,29.0,0,EVT003356,[]
12262,NDLS,80.0,7,1,379.5,1,EVT003357,[]
12274,VSKP,31.0,5,1,106.5,1,EVT003358,[]
12032,UBL,34.0,4,0,136.7,1,EVT003359,[]
12034,SUR,1.0,0,0,1.0,0,EVT003360,[]
12271,GKP,43.0,0,0,43.0,0,EVT003361,[]
12030,CTC,12.0,0,0,12.0,0,EVT003362,[]
12097,PNBE,32.0,4,0,127.7,1,EVT003363,[]
12304,MAO,1.0,0,0,1.0,0,EVT003364,[]
12166,SUR,9.0,1,0,15.6,0,EVT003365,[]
12058,BBS,1.0,0,0,1.0,0,EVT003366,[]
12232,SC,48.0,1,0,92.7,0,EVT003367,[]
12215,JP,21.0,3,0,67.8,1,EVT003368,[]
12225,NDLS,49.0,2,0,135.1,1,EVT003369,[]
12188,TATA,1.0,0,0,1.0,0,EVT003370,[]
12103,SDAH,8.0,1,0,13.7,1,EVT003371,[]
12094,COR,70.0,7,1,245.6,1,EVT003372,[]
12068,BPL,1.0,0,0,1.0,0,EVT003373,[]
12116,BSP,31.0,4,0,123.1,1,EVT003374,[]
12242,BZA,67.0,5,1,290.5,1,EVT003375,[]
12249,MAS,32.0,3,1,77.4,1,EVT003376,[]
12041,JHS,11.0,2,0,25.8,1,EVT003377,[]
12056,TVC,1.0,0,0,1.0,0,EVT003378,[]
12198,PRYJ,45.0,6,1,143.4,1,EVT003379,[]
12302,PNBE,17.0,3,0,53.0,1,EVT003380,[]
12101,KGP,31.0,3,1,73.7,1,EVT003381,[]
12238,DLI,27.0,2,0,72.4,1,EVT003382,[]
12118,TVC,29.0,1,0,55.6,1,EVT003383,[]
12199,CBE,49.0,6,1,198.0,1,EVT003384,[]
12252,SBC,44.0,3,0,153.2,1,EVT003385,[]
12010,BSL,42.0,4,0,172.9,1,EVT003386,[]
12003,BCT,62.0,1,0,119.9,0,EVT003387,[]
12292,VSKP,45.0,3,0,156.9,1,EVT003388,[]
12110,BPL,26.0,5,0,112.0,1,EVT003389,[]
12154,NGP,1.0,0,0,1.0,0,EVT003390,[]
12181,GHY,40.0,1,0,77.0,0,EVT003391,[]
12041,JHS,44.0,3,0,153.2,1,EVT003392,[]
12263,UBL,47.0,4,0,195.5,1,EVT003393,[]
12157,BSP,33.0,0,0,33.0,0,EVT003394,[]
12156,PURI,37.0,4,0,150.3,1,EVT003395,[]
12026,AGC,14.0,3,0,41.9,1,EVT003396,[]
12064,COR,15.0,1,0,28.3,1,EVT003397,[]
12149,CSMT,18.0,3,0,56.7,1,EVT003398,[]
12092,JP,43.0,1,0,82.9,0,EVT003399,[]
12014,GHY,23.0,4,0,86.9,1,EVT003400,[]
12274,VSKP,12.0,2,0,29.6,0,EVT003401,[]
12264,KYN,63.0,3,1,149.7,1,EVT003402,[]
12136,BBS,13.0,2,0,32.4,1,EVT003403,[]
12033,SBC,20.0,0,0,20.0,0,EVT003404,[]
12208,PNBE,18.0,2,0,46.7,1,EVT003405,[]
12133,JBP,1.0,0,0,1.0,0,EVT003406,[]
12086,VSKP,11.0,1,0,20.5,1,EVT003407,[]
12148,JBP,67.0,6,1,256.1,1,EVT003408,[]
12180,NJP,1.0,0,0,1.0,0,EVT003409,[]
12289,HWH,1.0,0,0,1.0,0,EVT003410,[]
12219,BAM,6.0,0,0,6.0,0,EVT003411,[]
12303,ASN,25.0,0,0,25.0,0,EVT003412,[]
12162,KYN,13.0,1,0,24.4,1,EVT003413,[]
12009,MFP,46.0,0,0,46.0,0,EVT003414,[]
12118,MS,33.0,3,0,112.4,1,EVT003415,[]
12050,PURI,6.0,0,0,6.0,0,EVT003416,[]
12029,BPL,1.0,0,0,1.0,0,EVT003417,[]
12076,SBC,21.0,0,0,21.0,0,EVT003418,[]
12163,JHS,26.0,3,0,86.4,1,EVT003419,[]
12201,NJP,49.0,3,1,124.6,1,EVT003420,[]
12266,COR,53.0,5,1,216.1,1,EVT003421,[]
12316,KGP,71.0,2,0,197.9,1,EVT003422,[]
12313,NJP,7.0,0,0,7.0,0,EVT003423,[]
12112,BPL,47.0,3,1,103.2,1,EVT003424,[]
12053,PRYJ,56.0,7,1,215.1,1,EVT003425,[]
12269,SC,66.0,1,0,127.8,1,EVT003426,[]
12244,JP,1.0,0,0,1.0,0,EVT003427,[]
12095,KYN,43.0,4,1,78.8,1,EVT003428,[]
12229,NJP,37.0,2,0,100.9,1,EVT003429,[]
12143,GKP,10.0,0,0,10.0,0,EVT003430,[]
12233,MAS,4.0,0,0,4.0,0,EVT003431,[]
12209,BPL,40.0,7,1,139.0,1,EVT003432,[]
12019,NGP,44.0,8,1,224.0,1,EVT003433,[]
12256,DLI,25.0,2,0,66.7,1,EVT003434,[]
12113,MAS,77.0,8,1,435.0,1,EVT003435,[]
12196,ROU,68.0,3,0,242.2,1,EVT003436,[]
12112,BPL,35.0,3,1,58.0,1,EVT003437,[]
12153,BBS,35.0,0,0,35.0,0,EVT003438,[]
12018,BBS,15.0,0,0,15.0,0,EVT003439,[]
12119,BZA,16.0,0,0,16.0,0,EVT003440,[]
12210,JP,22.0,0,0,22.0,0,EVT003441,[]
12067,DURG,1.0,0,0,1.0,0,EVT003442,[]
12218,UBL,4.0,0,0,4.0,0,EVT003443,[]
12190,BSP,37.0,4,0,150.3,1,EVT003444,[]
12184,BWN,61.0,5,0,297.5,1,EVT003445,[]
12118,MAS,31.0,2,0,83.8,1,EVT003446,[]
12162,TPJ,17.0,5,0,64.3,1,EVT003447,[]
12006,COR,26.0,3,1,50.8,1,EVT003448,[]
12264,KYN,22.0,0,0,22.0,0,EVT003449,[]
12001,BBS,5.0,0,0,5.0,0,EVT003450,[]
12091,PRYJ,44.0,2,0,120.9,1,EVT003451,[]
12242,PRYJ,7.0,1,0,12.7,1,EVT003452,[]
12093,ROU,75.0,7,1,345.5,1,EVT003453,[]
12292,VSKP,22.0,3,0,71.5,1,EVT003454,[]
12318,COR,39.0,2,0,106.6,1,EVT003455,[]
12130,JP,53.0,3,0,186.5,1,EVT003456,[]
12227,BZA,1.0,0,0,1.0,0,EVT003457,[]
12164,BSP,4.0,0,0,4.0,0,EVT003458,[]
12137,SBC,12.0,0,0,12.0,0,EVT003459,[]
12304,MAS,1.0,0,0,1.0,0,EVT003460,[]
12219,SDAH,1.0,0,0,1.0,0,EVT003461,[]
12040,PUNE,33.0,4,1,69.7,1,EVT003462,[]
12023,DLI,66.0,8,1,321.4,1,EVT003463,[]
12066,BBS,33.0,3,1,96.3,1,EVT003464,[]
12092,JU,24.0,0,0,24.0,0,EVT003465,[]
12055,MAS,43.0,4,1,156.6,1,EVT003466,[]
12132,SC,48.0,2,0,132.3,1,EVT003467,[]
12133,JP,33.0,2,0,89.5,1,EVT003468,[]
12199,MYS,16.0,4,0,55.3,1,EVT003469,[]
12306,CSMT,18.0,1,0,34.1,1,EVT003470,[]
12251,PRYJ,24.0,2,0,63.8,1,EVT003471,[]
12100,PUNE,1.0,0,0,1.0,0,EVT003472,[]
12261,RTM,60.0,0,0,60.0,0,EVT003473,[]
12298,UBL,18.0,4,0,64.3,1,EVT003474,[]
12289,DLI,35.0,2,0,95.2,1,EVT003475,[]
12049,ADI,21.0,1,0,40.0,0,EVT003476,[]
12276,SBC,68.0,3,0,242.2,1,EVT003477,[]
12160,DURG,20.0,2,0,52.4,1,EVT003478,[]
12235,CSMT,24.0,2,0,63.8,1,EVT003479,[]
12038,KGP,25.0,2,0,66.7,1,EVT003480,[]
12128,PNBE,1.0,0,0,1.0,0,EVT003481,[]
12252,SBC,13.0,3,0,38.2,1,EVT003482,[]
12046,PRYJ,35.0,0,0,35.0,0,EVT003483,[]
12312,CBE,16.0,0,0,16.0,0,EVT003484,[]
12068,NGP,32.0,1,0,61.5,0,EVT003485,[]
12279,KGP,33.0,2,0,89.5,1,EVT003486,[]
12132,DLI,46.0,0,0,46.0,0,EVT003487,[]
12145,JP,37.0,1,0,71.2,0,EVT003488,[]
12112,NDLS,60.0,5,1,234.9,1,EVT003489,[]
12233,MS,47.0,0,0,47.0,0,EVT003490,[]
12076,SC,1.0,0,0,1.0,0,EVT003491,[]
12236,MDU,46.0,0,0,46.0,0,EVT003492,[]
12019,BSP,55.0,9,1,310.5,1,EVT003493,[]
12250,MAS,13.0,1,0,24.4,0,EVT003494,[]
12134,SDAH,33.0,4,0,132.2,1,EVT003495,[]
12052,LDH,5.0,0,0,5.0,0,EVT003496,[]
12314,COR,18.0,1,0,34.1,1,EVT003497,[]
12015,MAS,22.0,1,0,42.0,0,EVT003498,[]
12263,SBC,1.0,0,0,1.0,0,EVT003499,[]
12257,MAS,30.0,5,1,78.7,1,EVT003500,[]
12293,NGP,1.0,0,0,1.0,0,EVT003501,[]
12277,NGP,5.0,0,0,5.0,0,EVT003502,[]
12020,GKP,4.0,0,0,4.0,0,EVT003503,[]
12225,VSKP,34.0,1,0,65.3,1,EVT003504,[]
12048,ADI,99.0,2,1,114.1,1,EVT003505,[]
12080,NDLS,55.0,3,0,194.0,1,EVT003506,[]
12040,PUNE,7.0,0,0,7.0,0,EVT003507,[]
12227,BZA,69.0,5,1,248.0,1,EVT003508,[]
12311,KGP,17.0,1,0,32.2,0,EVT003509,[]
12282,BBS,2.0,0,0,2.0,0,EVT003510,[]
12317,MAS,40.0,2,0,109.4,1,EVT003511,[]
12133,JBP,12.0,0,0,12.0,0,EVT003512,[]
12293,CSMT,2.0,0,0,2.0,0,EVT003513,[]
12278,BPL,14.0,2,0,35.3,1,EVT003514,[]
12019,PNBE,1.0,0,0,1.0,0,EVT003515,[]
12157,PRYJ,2.0,0,0,2.0,0,EVT003516,[]
12269,HYB,30.0,2,0,80.9,1,EVT003517,[]
12099,ASN,30.0,0,0,30.0,0,EVT003518,[]
12117,HWH,15.0,0,0,15.0,0,EVT003519,[]
12176,JBP,21.0,2,0,55.2,1,EVT003520,[]
12276,MAS,40.0,1,0,77.0,0,EVT003521,[]
12073,PURI,1.0,0,0,1.0,0,EVT003522,[]
12287,ADI,35.0,3,0,119.8,1,EVT003523,[]
12216,BPL,1.0,0,0,1.0,0,EVT003524,[]
12057,KGP,34.0,4,1,73.4,1,EVT003525,[]
12263,UBL,1.0,0,0,1.0,0,EVT003526,[]
12037,CBE,72.0,8,1,379.7,1,EVT003527,[]
12126,UMB,50.0,4,0,209.1,1,EVT003528,[]
12007,COR,1.0,0,0,1.0,0,EVT003529,[]
12228,TVC,1.0,0,0,1.0,0,EVT003530,[]
12124,SBC,20.0,0,0,20.0,0,EVT003531,[]
12081,BBS,11.0,0,0,11.0,0,EVT003532,[]
12158,SBC,26.0,3,1,51.8,1,EVT003533,[]
12008,UBL,53.0,0,0,53.0,0,EVT003534,[]
12217,HYB,18.0,0,0,18.0,0,EVT003535,[]
12123,SUR,47.0,0,0,47.0,0,EVT003536,[]
12048,ADI,23.0,0,0,23.0,0,EVT003537,[]
12268,SUR,38.0,4,0,154.8,1,EVT003538,[]
12194,PNBE,1.0,0,0,1.0,0,EVT003539,[]
12116,KGP,42.0,2,0,115.2,1,EVT003540,[]
12118,JP,20.0,0,0,20.0,0,EVT003541,[]
12264,MAO,6.0,0,0,6.0,0,EVT003542,[]
12210,PUNE,53.0,2,0,146.5,1,EVT003543,[]
12251,PRYJ,1.0,0,0,1.0,0,EVT003544,[]
12302,SC,1.0,0,0,1.0,0,EVT003545,[]
12002,NGP,7.0,0,0,7.0,0,EVT003546,[]
12010,CSMT,35.0,3,0,119.8,1,EVT003547,[]
12187,PRYJ,16.0,2,0,41.0,1,EVT003548,[]
12042,HWH,1.0,0,0,1.0,0,EVT003549,[]
12267,GHY,44.0,1,0,84.8,1,EVT003550,[]
12163,NDLS,53.0,1,0,102.4,1,EVT003551,[]
12152,PUNE,43.0,5,1,104.9,1,EVT003552,[]
12213,NGP,1.0,0,0,1.0,0,EVT003553,[]
12126,NDLS,53.0,3,0,186.5,1,EVT003554,[]
12237,BSP,1.0,0,0,1.0,0,EVT003555,[]
12111,MAS,54.0,7,1,183.2,1,EVT003556,[]
12145,JU,39.0,0,0,39.0,0,EVT003557,[]
12246,NDLS,1.0,0,0,1.0,0,EVT003558,[]
12086,VSKP,31.0,1,0,59.5,1,EVT003559,[]
12211,TVC,20.0,4,0,73.4,1,EVT003560,[]
12258,BCT,45.0,1,0,86.8,0,EVT003561,[]
12311,KGP,42.0,1,0,80.9,0,EVT003562,[]
12159,JP,3.0,0,0,3.0,0,EVT003563,[]
12046,PNBE,47.0,1,0,90.7,1,EVT003564,[]
12096,MYS,5.0,0,0,5.0,0,EVT003565,[]
12193,BSP,26.0,0,0,26.0,0,EVT003566,[]
12200,JHS,53.0,3,0,186.5,1,EVT003567,[]
12035,PUNE,1.0,0,0,1.0,0,EVT003568,[]
12065,PRYJ,4.0,0,0,4.0,0,EVT003569,[]
12003,BCT,32.0,1,0,61.5,0,EVT003570,[]
12077,NGP,8.0,1,0,14.6,1,EVT003571,[]
12286,AII,49.0,0,0,49.0,0,EVT003572,[]
12070,COR,25.0,2,0,66.7,1,EVT003573,[]
12009,VSKP,47.0,4,0,195.5,1,EVT003574,[]
12282,NGP,42.0,0,0,42.0,0,EVT003575,[]
12029,BZA,24.0,4,0,91.5,1,EVT003576,[]
12204,MAS,9.0,1,0,15.6,1,EVT003577,[]
12080,NDLS,43.0,3,0,149.4,1,EVT003578,[]
12269,MAS,61.0,0,0,61.0,0,EVT003579,[]
12056,JP,81.0,2,0,226.4,1,EVT003580,[]
12022,COR,1.0,0,0,1.0,0,EVT003581,[]
12314,COR,1.0,0,0,1.0,0,EVT003582,[]
12301,NDLS,43.0,1,0,82.9,1,EVT003583,[]
12282,NGP,4.0,0,0,4.0,0,EVT003584,[]
12123,SUR,53.0,2,1,66.2,1,EVT003585,[]
12100,PUNE,22.0,0,0,22.0,0,EVT003586,[]
12150,R,56.0,3,0,197.7,1,EVT003587,[]
12222,BSP,20.0,2,0,52.4,1,EVT003588,[]
12204,KGP,74.0,2,0,206.4,1,EVT003589,[]
12029,BPL,1.0,0,0,1.0,0,EVT003590,[]
12038,ERS,63.0,4,1,189.7,1,EVT003591,[]
12241,BBS,81.0,4,1,321.1,1,EVT003592,[]
12233,MAS,26.0,1,0,49.8,0,EVT003593,[]
12057,MAS,16.0,1,0,30.2,1,EVT003594,[]
12190,JU,46.0,0,0,46.0,0,EVT003595,[]
12284,VSKP,53.0,2,0,146.5,1,EVT003596,[]
12283,NDLS,52.0,2,0,143.7,1,EVT003597,[]
12200,JHS,1.0,0,0,1.0,0,EVT003598,[]
12294,BWN,73.0,0,0,73.0,0,EVT003599,[]
12033,SBC,15.0,0,0,15.0,0,EVT003600,[]
12067,KGP,39.0,2,0,106.6,1,EVT003601,[]
12116,HWH,25.0,1,0,47.8,0,EVT003602,[]
12046,PRYJ,33.0,0,0,33.0,0,EVT003603,[]
12230,JP,9.0,1,0,16.6,0,EVT003604,[]
12298,SBC,59.0,3,0,208.8,1,EVT003605,[]
12116,NGP,27.0,5,0,117.3,1,EVT003606,[]
12176,JHS,4.0,0,0,4.0,0,EVT003607,[]
12211,JP,32.0,3,0,108.6,1,EVT003608,[]
12093,KGP,11.0,1,0,20.5,1,EVT003609,[]
12122,NDLS,12.0,2,0,28.6,1,EVT003610,[]
12251,R,4.0,0,0,4.0,0,EVT003611,[]
12256,NDLS,45.0,3,0,156.9,1,EVT003612,[]
12242,BZA,5.0,0,0,5.0,0,EVT003613,[]
12044,PRYJ,38.0,0,0,38.0,0,EVT003614,[]
12080,KGP,1.0,0,0,1.0,0,EVT003615,[]
12182,COR,13.0,1,0,24.4,1,EVT003616,[]
12013,MDU,29.0,0,0,29.0,0,EVT003617,[]
12084,BCT,30.0,4,1,96.6,1,EVT003618,[]
12167,NGP,1.0,0,0,1.0,0,EVT003619,[]
12077,BBS,1.0,0,0,1.0,0,EVT003620,[]
12177,KGP,59.0,3,0,208.8,1,EVT003621,[]
12139,VSKP,9.0,2,0,21.0,0,EVT003622,[]
12146,NDLS,9.0,1,0,16.6,1,EVT003623,[]
12034,SUR,1.0,0,0,1.0,0,EVT003624,[]
12268,NDLS,66.0,1,0,127.8,1,EVT003625,[]
12312,VSKP,36.0,2,0,98.0,1,EVT003626,[]
12075,TVC,12.0,0,0,12.0,0,EVT003627,[]
12311,TATA,44.0,0,0,44.0,0,EVT003628,[]
12212,SDAH,10.0,2,0,22.9,1,EVT003629,[]
12078,MDU,1.0,0,0,1.0,0,EVT003630,[]
12014,CTC,54.0,0,0,54.0,0,EVT003631,[]
12308,ADI,1.0,0,0,1.0,0,EVT003632,[]
12280,NDLS,1.0,0,0,1.0,0,EVT003633,[]
12227,BZA,55.0,5,1,172.9,1,EVT003634,[]
12159,COR,80.0,6,1,355.4,1,EVT003635,[]
12197,SC,73.0,2,0,203.6,1,EVT003636,[]
12113,VSKP,35.0,3,0,119.8,1,EVT003637,[]
12300,CSMT,88.0,6,2,383.2,1,EVT003638,[]
12052,PRYJ,43.0,3,1,99.7,1,EVT003639,[]
12243,PRYJ,1.0,0,0,1.0,0,EVT003640,[]
12058,NDLS,12.0,2,0,29.6,1,EVT003641,[]
12174,BBS,27.0,0,0,27.0,0,EVT003642,[]
12307,BCT,33.0,3,0,112.4,1,EVT003643,[]
12187,PRYJ,28.0,2,0,75.2,1,EVT003644,[]
12056,AII,6.0,0,0,6.0,0,EVT003645,[]
12095,JP,39.0,2,1,81.0,1,EVT003646,[]
12012,UBL,42.0,1,0,80.9,1,EVT003647,[]
12309,PNBE,12.0,3,0,34.4,1,EVT003648,[]
12091,VSKP,28.0,4,0,109.6,1,EVT003649,[]
12043,MAS,79.0,6,1,351.5,1,EVT003650,[]
12026,AGC,48.0,7,1,200.0,1,EVT003651,[]
12282,NGP,1.0,0,0,1.0,0,EVT003652,[]
12301,NDLS,34.0,1,0,65.3,1,EVT003653,[]
12143,MAS,38.0,3,0,130.9,1,EVT003654,[]
12089,NGP,55.0,2,1,112.4,1,EVT003655,[]
12253,ST,36.0,0,0,36.0,0,EVT003656,[]
12100,NDLS,34.0,4,1,105.4,1,EVT003657,[]
12030,KYN,37.0,2,0,100.9,1,EVT003658,[]
12095,JP,13.0,1,0,24.4,1,EVT003659,[]
12000,NJP,30.0,0,0,30.0,0,EVT003660,[]
12224,JU,19.0,5,0,74.0,1,EVT003661,[]
12036,KGP,15.0,2,0,38.1,1,EVT003662,[]
12254,BPL,28.0,4,0,109.6,1,EVT003663,[]
12049,GHY,19.0,2,0,49.5,1,EVT003664,[]
12009,BBS,39.0,5,0,180.9,1,EVT003665,[]
12121,BZA,24.0,2,0,63.8,1,EVT003666,[]
12126,UMB,21.0,4,0,77.9,1,EVT003667,[]
12118,MS,1.0,0,0,1.0,0,EVT003668,[]
12270,GHY,79.0,5,1,145.3,1,EVT003669,[]
12118,MS,54.0,3,0,190.3,1,EVT003670,[]
12300,CSMT,72.0,6,2,285.0,1,EVT003671,[]
12080,KGP,12.0,0,0,12.0,0,EVT003672,[]
12236,KGP,41.0,2,0,112.3,1,EVT003673,[]
12268,NDLS,45.0,1,0,86.8,1,EVT003674,[]
12235,BCT,29.0,4,0,114.1,1,EVT003675,[]
12183,NDLS,67.0,8,1,396.4,1,EVT003676,[]
12133,JBP,7.0,0,0,7.0,0,EVT003677,[]
12004,BBS,52.0,2,0,143.7,1,EVT003678,[]
12049,GHY,19.0,2,0,49.5,1,EVT003679,[]
12308,GHY,12.0,3,0,34.4,1,EVT003680,[]
12203,PNBE,28.0,2,0,75.2,1,EVT003681,[]
12253,ADI,1.0,0,0,1.0,0,EVT003682,[]
12230,TVC,32.0,2,0,86.6,1,EVT003683,[]
12057,SC,46.0,7,1,191.8,1,EVT003684,[]
12058,NDLS,49.0,2,0,135.1,1,EVT003685,[]
12103,SDAH,9.0,1,0,15.6,1,EVT003686,[]
12037,CBE,55.0,6,1,246.3,1,EVT003687,[]
12174,BBS,52.0,0,0,52.0,0,EVT003688,[]
12012,UBL,1.0,0,0,1.0,0,EVT003689,[]
12139,SC,51.0,10,1,293.0,1,EVT003690,[]
12082,MLDT,61.0,1,0,118.0,0,EVT003691,[]
12195,NDLS,1.0,0,0,1.0,0,EVT003692,[]
12296,AGC,13.0,0,0,13.0,0,EVT003693,[]
12139,BZA,32.0,5,1,121.8,1,EVT003694,[]
12120,CTC,77.0,9,2,319.3,1,EVT003695,[]
12100,PRYJ,1.0,0,0,1.0,0,EVT003696,[]
12182,COR,1.0,0,0,1.0,0,EVT003697,[]
12246,LDH,30.0,0,0,30.0,0,EVT003698,[]
12254,CTC,1.0,0,0,1.0,0,EVT003699,[]
12192,GHY,26.0,0,0,26.0,0,EVT003700,[]
12184,KGP,1.0,0,0,1.0,0,EVT003701,[]
12136,BBS,1.0,0,0,1.0,0,EVT003702,[]
12189,ASR,30.0,3,0,101.2,1,EVT003703,[]
12174,BBS,29.0,0,0,29.0,0,EVT003704,[]
12283,NDLS,1.0,0,0,1.0,0,EVT003705,[]
12097,DD,1.0,0,0,1.0,0,EVT003706,[]
12018,VSKP,13.0,1,0,24.4,0,EVT003707,[]
12103,VSKP,50.0,1,0,96.5,1,EVT003708,[]
12279,HYB,1.0,0,0,1.0,0,EVT003709,[]
12138,JP,4.0,0,0,4.0,0,EVT003710,[]
12038,PNBE,64.0,7,1,308.7,1,EVT003711,[]
12018,BBS,40.0,0,0,40.0,0,EVT003712,[]
12235,NGP,17.0,3,0,53.0,1,EVT003713,[]
12114,NDLS,40.0,3,0,138.3,1,EVT003714,[]
12114,COR,65.0,2,0,180.8,1,EVT003715,[]
12060,ADI,4.0,0,0,4.0,0,EVT003716,[]
12014,CTC,42.0,0,0,42.0,0,EVT003717,[]
12266,COR,36.0,5,1,124.8,1,EVT003718,[]
12026,NDLS,73.0,5,1,287.5,1,EVT003719,[]
12295,ASN,83.0,4,1,299.6,1,EVT003720,[]
12136,KYN,2.0,0,0,2.0,0,EVT003721,[]
12079,ERS,1.0,0,0,1.0,0,EVT003722,[]
12127,NJP,68.0,2,0,189.3,1,EVT003723,[]
12207,CSMT,40.0,0,0,40.0,0,EVT003724,[]
12126,NGP,42.0,1,0,80.9,1,EVT003725,[]
12147,BBS,33.0,0,0,33.0,0,EVT003726,[]
12176,JHS,14.0,0,0,14.0,0,EVT003727,[]
12155,DLI,4.0,0,0,4.0,0,EVT003728,[]
12022,JBP,27.0,1,0,51.7,0,EVT003729,[]
12233,MS,68.0,0,0,68.0,0,EVT003730,[]
12164,BSP,16.0,0,0,16.0,0,EVT003731,[]
12207,SDAH,36.0,3,0,123.5,1,EVT003732,[]
12000,JP,61.0,5,0,297.5,1,EVT003733,[]
12284,SDAH,12.0,0,0,12.0,0,EVT003734,[]
12152,JP,112.0,7,1,619.5,1,EVT003735,[]
12003,KYN,5.0,0,0,5.0,0,EVT003736,[]
12139,VSKP,64.0,8,1,357.8,1,EVT003737,[]
12184,HWH,7.0,0,0,7.0,0,EVT003738,[]
12149,BBS,63.0,5,1,160.9,1,EVT003739,[]
12012,UBL,49.0,1,0,94.6,1,EVT003740,[]
12303,SDAH,35.0,2,0,95.2,0,EVT003741,[]
12094,DURG,39.0,5,0,180.9,1,EVT003742,[]
12012,UBL,15.0,1,0,28.3,1,EVT003743,[]
12233,HWH,77.0,3,0,275.6,1,EVT003744,[]
12122,SC,67.0,7,1,349.1,1,EVT003745,[]
12108,MAS,39.0,0,0,39.0,0,EVT003746,[]
12295,BSP,43.0,6,1,192.4,1,EVT003747,[]
12164,KYN,10.0,2,0,22.9,0,EVT003748,[]
12316,MS,25.0,4,0,96.0,1,EVT003749,[]
12147,MAO,40.0,2,0,109.4,1,EVT003750,[]
12276,TVC,31.0,0,0,31.0,0,EVT003751,[]
12153,BZA,1.0,0,0,1.0,0,EVT003752,[]
12195,ASR,34.0,3,0,116.1,1,EVT003753,[]
12167,ST,7.0,0,0,7.0,0,EVT003754,[]
12103,BZA,25.0,0,0,25.0,0,EVT003755,[]
12092,KYN,49.0,2,0,135.1,1,EVT003756,[]
12130,BBS,21.0,1,0,40.0,0,EVT003757,[]
12120,BBS,29.0,1,0,55.6,0,EVT003758,[]
12157,PRYJ,17.0,1,0,32.2,1,EVT003759,[]
12141,NGP,44.0,1,0,84.8,1,EVT003760,[]
12103,NDLS,16.0,2,0,41.0,1,EVT003761,[]
12014,GHY,42.0,4,0,172.9,1,EVT003762,[]
12147,KYN,1.0,0,0,1.0,0,EVT003763,[]
12317,KGP,72.0,3,0,257.0,1,EVT003764,[]
12063,GAYA,68.0,6,1,196.4,1,EVT003765,[]
12294,PNBE,43.0,3,0,149.4,1,EVT003766,[]
12213,BCT,41.0,6,1,166.0,1,EVT003767,[]
12079,BSP,61.0,4,0,258.9,1,EVT003768,[]
12020,GKP,1.0,0,0,1.0,0,EVT003769,[]
12228,TVC,40.0,0,0,40.0,0,EVT003770,[]
12206,MYS,26.0,6,0,121.1,1,EVT003771,[]
12260,PUNE,31.0,1,0,59.5,0,EVT003772,[]
12221,BPL,12.0,2,0,29.6,1,EVT003773,[]
12071,JP,25.0,3,0,82.7,1,EVT003774,[]
12027,JP,48.0,4,1,138.7,1,EVT003775,[]
12125,GKP,29.0,1,0,55.6,1,EVT003776,[]
12249,MLDT,29.0,4,0,114.1,1,EVT003777,[]
12188,ROU,26.0,3,1,64.4,1,EVT003778,[]
12104,KGP,33.0,3,1,78.1,1,EVT003779,[]
12274,NDLS,30.0,4,1,107.3,1,EVT003780,[]
12259,DD,14.0,1,0,26.4,0,EVT003781,[]
12238,CSMT,47.0,1,0,90.7,0,EVT003782,[]
12197,MAS,24.0,1,0,45.8,0,EVT003783,[]
12045,NGP,47.0,2,0,129.4,1,EVT003784,[]
12201,SDAH,75.0,10,2,384.6,1,EVT003785,[]
12269,HYB,64.0,2,0,177.9,1,EVT003786,[]
12076,SC,35.0,1,0,67.3,1,EVT003787,[]
12185,KYN,56.0,3,2,139.2,1,EVT003788,[]
12197,MS,1.0,0,0,1.0,0,EVT003789,[]
12030,BBS,31.0,1,0,59.5,0,EVT003790,[]
12128,PNBE,41.0,1,0,79.0,0,EVT003791,[]
12199,SC,1.0,0,0,1.0,0,EVT003792,[]
12278,RTM,40.0,5,1,170.1,1,EVT003793,[]
12047,GHY,38.0,2,0,103.7,1,EVT003794,[]
12076,SC,23.0,1,0,43.9,1,EVT003795,[]
12288,ST,24.0,0,0,24.0,0,EVT003796,[]
12056,AII,1.0,0,0,1.0,0,EVT003797,[]
12078,MAS,63.0,7,1,283.9,1,EVT003798,[]
12304,UBL,1.0,0,0,1.0,0,EVT003799,[]
12108,VSKP,74.0,7,1,242.8,1,EVT003800,[]
12113,VSKP,40.0,3,0,138.3,1,EVT003801,[]
12079,KGP,46.0,2,0,126.6,1,EVT003802,[]
12156,COR,53.0,0,0,53.0,0,EVT003803,[]
12133,COR,1.0,0,0,1.0,0,EVT003804,[]
12050,BCT,52.0,2,0,143.7,1,EVT003805,[]
12271,MAS,22.0,3,0,71.5,1,EVT003806,[]
12272,NDLS,1.0,0,0,1.0,0,EVT003807,[]
12016,BCT,60.0,2,0,166.5,1,EVT003808,[]
12190,JU,17.0,0,0,17.0,0,EVT003809,[]
12135,PRYJ,11.0,1,0,20.5,1,EVT003810,[]
12107,MYS,18.0,0,0,18.0,0,EVT003811,[]
12142,TATA,26.0,3,0,86.4,1,EVT003812,[]
12050,JBP,37.0,4,0,150.3,1,EVT003813,[]
12175,COR,46.0,2,0,126.6,1,EVT003814,[]
12118,MAS,55.0,2,0,152.2,1,EVT003815,[]
12188,TATA,30.0,4,1,73.9,1,EVT003816,[]
12200,JHS,48.0,3,0,168.0,1,EVT003817,[]
12074,MS,15.0,0,0,15.0,0,EVT003818,[]
12222,JBP,19.0,1,0,36.1,0,EVT003819,[]
12064,NDLS,31.0,3,1,88.8,1,EVT003820,[]
12102,BBS,1.0,0,0,1.0,0,EVT003821,[]
12050,PURI,55.0,0,0,55.0,0,EVT003822,[]
12014,BCT,36.0,2,0,98.0,1,EVT003823,[]
12009,BBS,70.0,5,0,345.2,1,EVT003824,[]
12054,NDLS,64.0,1,0,123.8,1,EVT003825,[]
12294,BWN,38.0,0,0,38.0,0,EVT003826,[]
12267,BCT,54.0,3,0,190.3,1,EVT003827,[]
12248,MLDT,42.0,1,0,80.9,1,EVT003828,[]
12294,BWN,1.0,0,0,1.0,0,EVT003829,[]
12217,HYB,49.0,0,0,49.0,0,EVT003830,[]
12264,KYN,27.0,0,0,27.0,0,EVT003831,[]
12042,ROU,38.0,2,0,103.7,1,EVT003832,[]
12054,VSKP,50.0,2,0,138.0,1,EVT003833,[]
12139,BBS,43.0,7,1,185.1,1,EVT003834,[]
12129,AII,48.0,6,1,214.2,1,EVT003835,[]
12194,PRYJ,9.0,2,0,21.0,1,EVT003836,[]
12102,BBS,67.0,0,0,67.0,0,EVT003837,[]
12316,HWH,21.0,1,0,40.0,0,EVT003838,[]
12011,GHY,10.0,1,0,18.5,1,EVT003839,[]
12138,ERS,23.0,5,0,96.1,1,EVT003840,[]
12227,BZA,1.0,0,0,1.0,0,EVT003841,[]
12238,DLI,1.0,0,0,1.0,0,EVT003842,[]
12202,PRYJ,52.0,6,1,238.6,1,EVT003843,[]
12178,MAS,80.0,7,1,435.4,1,EVT003844,[]
12226,BSL,55.0,4,1,134.9,1,EVT003845,[]
12227,BZA,1.0,0,0,1.0,0,EVT003846,[]
12237,BSP,56.0,3,1,149.4,1,EVT003847,[]
12008,UBL,5.0,0,0,5.0,0,EVT003848,[]
12191,JP,78.0,2,0,217.8,1,EVT003849,[]
12205,CSMT,1.0,0,0,1.0,0,EVT003850,[]
12026,NDLS,19.0,1,0,36.1,0,EVT003851,[]
12317,VSKP,3.0,0,0,3.0,0,EVT003852,[]
12231,NJP,31.0,2,0,83.8,1,EVT003853,[]
12085,SDAH,24.0,0,0,24.0,0,EVT003854,[]
12296,PRYJ,49.0,5,1,194.6,1,EVT003855,[]
12019,PRYJ,8.0,1,0,13.7,1,EVT003856,[]
12088,ERS,78.0,8,1,460.4,1,EVT003857,[]
12048,SC,59.0,4,0,249.8,1,EVT003858,[]
12018,NDLS,24.0,2,0,63.8,1,EVT003859,[]
12254,BBS,1.0,0,0,1.0,0,EVT003860,[]
12263,MAS,12.0,1,0,22.4,1,EVT003861,[]
12053,NDLS,24.0,3,0,79.0,1,EVT003862,[]
12169,GKP,5.0,0,0,5.0,0,EVT003863,[]
12183,NDLS,66.0,8,1,388.9,1,EVT003864,[]
12188,JBP,49.0,7,1,242.8,1,EVT003865,[]
12224,ADI,24.0,2,0,63.8,1,EVT003866,[]
12275,VSKP,28.0,2,0,75.2,0,EVT003867,[]
12236,KGP,76.0,2,0,212.1,1,EVT003868,[]
12071,KYN,43.0,3,1,123.9,0,EVT003869,[]
12222,COR,1.0,0,0,1.0,0,EVT003870,[]
12042,DURG,41.0,0,0,41.0,0,EVT003871,[]
12058,BBS,32.0,0,0,32.0,0,EVT003872,[]
12233,MAS,56.0,1,0,108.2,0,EVT003873,[]
12092,JU,49.0,0,0,49.0,0,EVT003874,[]
12009,PRYJ,44.0,2,0,120.9,1,EVT003875,[]
12131,KGP,71.0,6,1,246.5,1,EVT003876,[]
12176,BPL,5.0,0,0,5.0,0,EVT003877,[]
12063,GAYA,25.0,1,0,47.8,0,EVT003878,[]
12251,PRYJ,1.0,0,0,1.0,0,EVT003879,[]
12158,SBC,25.0,3,1,48.0,1,EVT003880,[]
12147,BBS,61.0,0,0,61.0,0,EVT003881,[]
12144,MAS,45.0,0,0,45.0,0,EVT003882,[]
12046,GKP,1.0,0,0,1.0,0,EVT003883,[]
12194,MFP,37.0,4,0,150.3,1,EVT003884,[]
12029,ADI,35.0,1,0,67.3,1,EVT003885,[]
12112,BPL,61.0,3,1,156.0,1,EVT003886,[]
12152,KYN,61.0,6,1,241.3,1,EVT003887,[]
12215,COR,65.0,2,0,180.8,1,EVT003888,[]
12292,SC,28.0,1,0,53.6,0,EVT003889,[]
12157,BSP,49.0,0,0,49.0,0,EVT003890,[]
12256,KYN,65.0,0,0,65.0,0,EVT003891,[]
12252,COR,73.0,4,1,201.5,1,EVT003892,[]
12139,BBS,51.0,7,1,239.8,1,EVT003893,[]
12216,SBC,12.0,2,0,28.6,1,EVT003894,[]
12047,MFP,5.0,0,0,5.0,0,EVT003895,[]
12108,VSKP,28.0,1,0,53.6,1,EVT003896,[]
12130,BBS,14.0,1,0,26.4,0,EVT003897,[]
12068,CSMT,1.0,0,0,1.0,0,EVT003898,[]
12292,HYB,36.0,0,0,36.0,0,EVT003899,[]
12287,ADI,27.0,3,0,90.1,1,EVT003900,[]
12029,JBP,76.0,2,0,212.1,1,EVT003901,[]
12317,VSKP,57.0,1,0,110.2,0,EVT003902,[]
12275,PURI,56.0,0,0,56.0,0,EVT003903,[]
12169,MFP,46.0,0,0,46.0,0,EVT003904,[]
12057,SC,36.0,4,1,114.5,1,EVT003905,[]
12076,SC,29.0,1,0,55.6,1,EVT003906,[]
12164,BSP,41.0,0,0,41.0,0,EVT003907,[]
12172,MAS,29.0,3,0,97.5,1,EVT003908,[]
12088,VSKP,9.0,2,0,21.0,0,EVT003909,[]
12110,BPL,13.0,3,0,37.2,1,EVT003910,[]
12240,MAS,35.0,1,0,67.3,1,EVT003911,[]
12275,PURI,35.0,0,0,35.0,0,EVT003912,[]
12318,KYN,35.0,0,0,35.0,0,EVT003913,[]
12279,KGP,37.0,3,1,106.4,1,EVT003914,[]
12255,HWH,51.0,0,0,51.0,0,EVT003915,[]
12191,JP,49.0,2,0,135.1,1,EVT003916,[]
12104,KGP,8.0,0,0,8.0,0,EVT003917,[]
12054,COR,17.0,0,0,17.0,0,EVT003918,[]
12101,PNBE,1.0,0,0,1.0,0,EVT003919,[]
12193,BSP,56.0,0,0,56.0,0,EVT003920,[]
12007,JP,83.0,6,1,394.7,1,EVT003921,[]
12067,ROU,58.0,3,0,205.1,1,EVT003922,[]
12231,MLDT,46.0,3,0,160.6,1,EVT003923,[]
12055,MAS,81.0,7,1,424.2,1,EVT003924,[]
12108,BCT,1.0,0,0,1.0,0,EVT003925,[]
12256,DLI,45.0,2,0,123.7,1,EVT003926,[]
12188,TATA,48.0,4,1,156.7,1,EVT003927,[]
12192,ADI,25.0,1,0,47.8,1,EVT003928,[]
12249,MAS,14.0,1,0,26.4,1,EVT003929,[]
12065,MFP,54.0,4,0,227.2,1,EVT003930,[]
12127,BWN,19.0,0,0,19.0,0,EVT003931,[]
12091,PRYJ,34.0,2,0,92.3,1,EVT003932,[]
12157,BSP,22.0,0,0,22.0,0,EVT003933,[]
12097,GKP,16.0,4,0,54.3,1,EVT003934,[]
12087,ERS,37.0,6,1,165.5,1,EVT003935,[]
12213,BCT,1.0,0,0,1.0,0,EVT003936,[]
12027,JP,9.0,0,0,9.0,0,EVT003937,[]
12277,ASR,34.0,0,0,34.0,0,EVT003938,[]
12301,NDLS,43.0,1,0,82.9,1,EVT003939,[]
12207,NDLS,14.0,2,0,35.3,1,EVT003940,[]
12114,COR,62.0,2,0,172.2,1,EVT003941,[]
12100,PUNE,16.0,0,0,16.0,0,EVT003942,[]
12070,JU,66.0,5,1,141.0,1,EVT003943,[]
12181,NJP,10.0,0,0,10.0,0,EVT003944,[]
12062,UMB,52.0,4,1,188.5,1,EVT003945,[]
12093,BSP,18.0,3,0,56.7,1,EVT003946,[]
12090,MAS,11.0,2,0,25.8,1,EVT003947,[]
12253,GKP,93.0,8,1,383.9,1,EVT003948,[]
12062,SDAH,26.0,1,1,31.8,1,EVT003949,[]
12228,JP,76.0,1,0,147.2,1,EVT003950,[]
12022,JBP,37.0,1,0,71.2,0,EVT003951,[]
12045,CSMT,3.0,0,0,3.0,0,EVT003952,[]
12073,NDLS,1.0,0,0,1.0,0,EVT003953,[]
12087,NGP,19.0,0,0,19.0,0,EVT003954,[]
12184,ROU,43.0,2,0,118.0,1,EVT003955,[]
12082,GHY,38.0,3,0,130.9,1,EVT003956,[]
12157,BSP,11.0,0,0,11.0,0,EVT003957,[]
12175,COR,48.0,2,0,132.3,1,EVT003958,[]
12234,NDLS,39.0,2,1,54.1,1,EVT003959,[]
12011,NJP,55.0,2,0,152.2,1,EVT003960,[]
12112,NDLS,1.0,0,0,1.0,0,EVT003961,[]
12169,MFP,26.0,0,0,26.0,0,EVT003962,[]
12093,BSP,33.0,3,0,112.4,1,EVT003963,[]
12119,BPL,35.0,5,1,119.5,1,EVT003964,[]
12080,PRYJ,44.0,2,0,120.9,1,EVT003965,[]
12299,PRYJ,52.0,2,0,143.7,1,EVT003966,[]
12145,JU,50.0,0,0,50.0,0,EVT003967,[]
12295,ASN,34.0,4,1,74.3,1,EVT003968,[]
12122,SC,12.0,1,0,22.4,0,EVT003969,[]
12110,NDLS,1.0,0,0,1.0,0,EVT003970,[]
12043,BCT,23.0,4,0,86.9,1,EVT003971,[]
12067,HWH,1.0,0,0,1.0,0,EVT003972,[]
12064,SDAH,17.0,3,0,53.0,1,EVT003973,[]
12192,GHY,1.0,0,0,1.0,0,EVT003974,[]
12008,UBL,32.0,0,0,32.0,0,EVT003975,[]
12197,MAS,79.0,3,1,178.8,1,EVT003976,[]
12257,MAO,47.0,9,1,253.8,1,EVT003977,[]
12279,KGP,32.0,2,0,86.6,1,EVT003978,[]
12063,DHN,26.0,0,0,26.0,0,EVT003979,[]
12000,ADI,55.0,2,0,152.2,1,EVT003980,[]
12230,TVC,10.0,2,0,23.9,1,EVT003981,[]
12289,NDLS,50.0,7,1,212.6,1,EVT003982,[]
12218,MYS,38.0,0,0,38.0,0,EVT003983,[]
12088,ERS,29.0,4,0,114.1,1,EVT003984,[]
12049,GHY,19.0,2,0,49.5,1,EVT003985,[]
12224,NJP,49.0,0,0,49.0,0,EVT003986,[]
12185,RTM,30.0,4,1,107.3,1,EVT003987,[]
12179,PRYJ,36.0,4,0,145.8,1,EVT003988,[]
12063,DHN,55.0,3,1,77.1,1,EVT003989,[]
12028,BPL,63.0,3,0,223.6,1,EVT003990,[]
12245,DLI,29.0,1,0,55.6,0,EVT003991,[]
12006,COR,12.0,0,0,12.0,0,EVT003992,[]
12219,PURI,28.0,5,0,122.6,1,EVT003993,[]
12048,BZA,21.0,3,0,67.8,1,EVT003994,[]
12049,ADI,24.0,1,0,45.8,0,EVT003995,[]
12289,KYN,57.0,5,1,180.3,1,EVT003996,[]
12232,BZA,47.0,0,0,47.0,0,EVT003997,[]
12079,ERS,9.0,0,0,9.0,0,EVT003998,[]
12040,JP,35.0,4,1,110.0,1,EVT003999,[]
12189,NDLS,19.0,2,0,49.5,1,EVT004000,[]
12122,HYB,65.0,6,1,296.2,1,EVT004001,[]
12013,RTM,21.0,4,0,77.9,1,EVT004002,[]
12207,NDLS,28.0,2,0,75.2,1,EVT004003,[]
12191,JP,38.0,2,0,103.7,1,EVT004004,[]
12053,PNBE,31.0,1,0,59.5,0,EVT004005,[]
12111,MAS,71.0,7,1,299.4,1,EVT004006,[]
12232,BZA,27.0,0,0,27.0,0,EVT004007,[]
12029,BZA,63.0,4,0,267.9,1,EVT004008,[]
12197,MAS,16.0,1,0,30.2,0,EVT004009,[]
12038,KGP,1.0,0,0,1.0,0,EVT004010,[]
12261,NDLS,61.0,2,0,169.3,1,EVT004011,[]
12270,GKP,5.0,0,0,5.0,0,EVT004012,[]
12260,PUNE,22.0,1,0,42.0,0,EVT004013,[]
12068,BPL,73.0,2,0,203.6,1,EVT004014,[]
12169,MFP,57.0,0,0,57.0,0,EVT004015,[]
12181,GHY,46.0,1,0,88.8,0,EVT004016,[]
12174,BBS,35.0,0,0,35.0,0,EVT004017,[]
12272,MS,15.0,4,0,50.7,1,EVT004018,[]
12215,COR,44.0,2,0,120.9,1,EVT004019,[]
12091,MFP,41.0,0,0,41.0,0,EVT004020,[]
12142,HWH,22.0,1,0,42.0,0,EVT004021,[]
12073,BAM,61.0,9,1,359.2,1,EVT004022,[]
12311,TATA,3.0,0,0,3.0,0,EVT004023,[]
12087,SC,39.0,7,1,166.0,1,EVT004024,[]
12163,VSKP,34.0,0,0,34.0,0,EVT004025,[]
12177,NJP,51.0,0,0,51.0,0,EVT004026,[]
12010,BSL,51.0,4,0,213.6,1,EVT004027,[]
12234,PRYJ,1.0,0,0,1.0,0,EVT004028,[]
12268,DLI,31.0,2,0,83.8,1,EVT004029,[]
12016,GHY,1.0,0,0,1.0,0,EVT004030,[]
12274,BBS,1.0,0,0,1.0,0,EVT004031,[]
12114,NDLS,1.0,0,0,1.0,0,EVT004032,[]
12127,MLDT,55.0,1,0,106.3,0,EVT004033,[]
12090,PNBE,8.0,1,0,14.6,0,EVT004034,[]
12281,NDLS,40.0,1,0,77.0,0,EVT004035,[]
12308,ADI,39.0,4,0,159.3,1,EVT004036,[]
12117,SDAH,21.0,1,0,40.0,0,EVT004037,[]
12277,DLI,26.0,2,0,69.5,0,EVT004038,[]
12206,SC,15.0,4,0,50.7,1,EVT004039,[]
12036,HWH,55.0,7,1,241.4,1,EVT004040,[]
12016,ADI,49.0,3,0,171.7,1,EVT004041,[]
12272,MS,50.0,4,0,209.1,1,EVT004042,[]
12159,RTM,72.0,7,1,345.1,1,EVT004043,[]
12207,DLI,36.0,1,0,69.2,1,EVT004044,[]
12048,SC,46.0,4,0,191.0,1,EVT004045,[]
12136,VSKP,36.0,3,0,123.5,1,EVT004046,[]
12202,PNBE,16.0,3,0,49.3,1,EVT004047,[]
12303,ASN,3.0,0,0,3.0,0,EVT004048,[]
12254,BBS,26.0,1,0,49.8,0,EVT004049,[]
12031,LDH,29.0,0,0,29.0,0,EVT004050,[]
12074,MYS,1.0,0,0,1.0,0,EVT004051,[]
12142,KGP,4.0,0,0,4.0,0,EVT004052,[]
12045,BSP,59.0,1,0,114.1,1,EVT004053,[]
12294,DHN,36.0,2,0,98.0,1,EVT004054,[]
12223,HYB,38.0,5,1,121.8,1,EVT004055,[]
12308,BCT,17.0,5,0,64.3,1,EVT004056,[]
12262,NGP,16.0,0,0,16.0,0,EVT004057,[]
12013,MDU,7.0,0,0,7.0,0,EVT004058,[]
12236,HWH,44.0,3,0,153.2,1,EVT004059,[]
12129,TVC,46.0,4,1,147.5,1,EVT004060,[]
12123,CSMT,44.0,1,0,84.8,0,EVT004061,[]
12170,CSMT,48.0,7,1,236.0,1,EVT004062,[]
12175,BPL,57.0,1,0,110.2,1,EVT004063,[]
12001,BCT,45.0,3,0,156.9,1,EVT004064,[]
12017,UMB,63.0,0,0,63.0,0,EVT004065,[]
12046,GKP,9.0,2,0,21.0,1,EVT004066,[]
12098,MAS,33.0,4,0,132.2,1,EVT004067,[]
12036,SC,9.0,1,0,15.6,1,EVT004068,[]
12154,NGP,22.0,1,0,42.0,1,EVT004069,[]
12198,PNBE,36.0,3,1,60.8,1,EVT004070,[]
12159,AII,27.0,0,0,27.0,0,EVT004071,[]
12279,MFP,20.0,0,0,20.0,0,EVT004072,[]
12120,BCT,56.0,6,1,227.0,1,EVT004073,[]
12116,KGP,17.0,2,0,43.8,1,EVT004074,[]
12151,SC,1.0,0,0,1.0,0,EVT004075,[]
12064,SDAH,14.0,3,0,41.9,1,EVT004076,[]
12253,GHY,26.0,2,0,69.5,1,EVT004077,[]
12163,VSKP,39.0,0,0,39.0,0,EVT004078,[]
12148,JBP,29.0,1,0,55.6,1,EVT004079,[]
12046,GKP,42.0,2,0,115.2,1,EVT004080,[]
12179,MAS,37.0,1,0,71.2,0,EVT004081,[]
12109,ROU,1.0,0,0,1.0,0,EVT004082,[]
12039,SBC,20.0,4,0,73.4,1,EVT004083,[]
12317,VSKP,2.0,0,0,2.0,0,EVT004084,[]
12189,NDLS,29.0,2,0,78.1,1,EVT004085,[]
12264,MAO,15.0,1,0,28.3,1,EVT004086,[]
12025,AII,1.0,0,0,1.0,0,EVT004087,[]
12264,KYN,7.0,0,0,7.0,0,EVT004088,[]
12082,GHY,43.0,3,0,149.4,1,EVT004089,[]
12259,GKP,3.0,0,0,3.0,0,EVT004090,[]
12162,MAO,49.0,0,0,49.0,0,EVT004091,[]
12258,ST,1.0,0,0,1.0,0,EVT004092,[]
12303,ASN,1.0,0,0,1.0,0,EVT004093,[]
12145,JU,38.0,0,0,38.0,0,EVT004094,[]
12271,GKP,26.0,0,0,26.0,0,EVT004095,[]
12241,BCT,10.0,0,0,10.0,0,EVT004096,[]
12130,KYN,81.0,2,0,226.4,1,EVT004097,[]
12154,R,5.0,0,0,5.0,0,EVT004098,[]
12097,DD,30.0,1,0,57.5,0,EVT004099,[]
12192,GHY,7.0,0,0,7.0,0,EVT004100,[]
12126,BCT,60.0,2,1,87.4,1,EVT004101,[]
12232,SC,1.0,0,0,1.0,0,EVT004102,[]
12097,PRYJ,26.0,3,0,86.4,1,EVT004103,[]
12183,PRYJ,22.0,3,0,71.5,1,EVT004104,[]
12149,CSMT,6.0,0,0,6.0,0,EVT004105,[]
12310,COR,49.0,0,0,49.0,0,EVT004106,[]
12247,AGC,71.0,0,0,71.0,0,EVT004107,[]
12173,MYS,58.0,9,1,298.1,1,EVT004108,[]
12179,MAS,20.0,1,0,38.0,0,EVT004109,[]
12304,SC,42.0,2,0,115.2,1,EVT004110,[]
12138,JP,60.0,6,1,268.7,1,EVT004111,[]
12033,SBC,26.0,0,0,26.0,0,EVT004112,[]
12161,PRYJ,55.0,4,1,134.9,1,EVT004113,[]
12018,SDAH,22.0,3,0,71.5,1,EVT004114,[]
12024,MAS,67.0,8,1,380.3,1,EVT004115,[]
12140,HYB,21.0,4,0,77.9,1,EVT004116,[]
12003,BBS,8.0,1,0,13.7,1,EVT004117,[]
12102,KYN,35.0,1,0,67.3,1,EVT004118,[]
12045,NGP,55.0,2,0,152.2,1,EVT004119,[]
12114,COR,58.0,2,0,160.8,1,EVT004120,[]
12131,MAS,20.0,1,0,38.0,0,EVT004121,[]
12266,MYS,38.0,6,1,171.5,1,EVT004122,[]
12086,VSKP,67.0,1,0,129.7,1,EVT004123,[]
12242,PRYJ,41.0,3,1,102.6,1,EVT004124,[]
12190,JP,68.0,1,0,131.7,0,EVT004125,[]
12261,SDAH,34.0,3,0,116.1,1,EVT004126,[]
12040,JP,57.0,6,1,251.1,1,EVT004127,[]
12131,TPJ,47.0,0,0,47.0,0,EVT004128,[]
12040,TVC,63.0,7,1,319.9,1,EVT004129,[]
12138,ERS,5.0,0,0,5.0,0,EVT004130,[]
12212,NDLS,38.0,7,1,159.2,1,EVT004131,[]
12053,JP,62.0,8,1,325.7,1,EVT004132,[]
12275,PURI,58.0,0,0,58.0,0,EVT004133,[]
12235,HYB,28.0,3,1,59.3,1,EVT004134,[]
12135,BSP,1.0,0,0,1.0,0,EVT004135,[]
12037,PNBE,45.0,5,1,119.2,1,EVT004136,[]
12074,MAS,1.0,0,0,1.0,0,EVT004137,[]
12125,GKP,76.0,7,2,318.7,1,EVT004138,[]
12052,PUNE,1.0,0,0,1.0,0,EVT004139,[]
12202,GKP,84.0,8,1,523.1,1,EVT004140,[]
12124,SC,8.0,1,0,14.6,1,EVT004141,[]
12007,BPL,35.0,1,0,67.3,1,EVT004142,[]
12266,SBC,28.0,3,0,93.8,1,EVT004143,[]
12213,NGP,31.0,3,1,88.8,1,EVT004144,[]
12104,KGP,28.0,3,1,59.3,1,EVT004145,[]
12016,ADI,1.0,0,0,1.0,0,EVT004146,[]
12290,ERS,85.0,6,2,328.5,1,EVT004147,[]
12295,KGP,6.0,0,0,6.0,0,EVT004148,[]
12055,MAS,19.0,3,0,60.4,1,EVT004149,[]
12312,BCT,37.0,4,0,150.3,1,EVT004150,[]
12202,VSKP,29.0,4,1,69.3,1,EVT004151,[]
12168,BZA,52.0,2,0,143.7,1,EVT004152,[]
12267,PURI,14.0,3,0,40.9,1,EVT004153,[]
12169,ADI,5.0,0,0,5.0,0,EVT004154,[]
12272,MS,37.0,4,0,150.3,1,EVT004155,[]
12151,HYB,74.0,0,0,74.0,0,EVT004156,[]
12257,MAO,34.0,5,1,143.1,1,EVT004157,[]
12139,CTC,11.0,0,0,11.0,0,EVT004158,[]
12292,SC,4.0,0,0,4.0,0,EVT004159,[]
12238,KYN,44.0,0,0,44.0,0,EVT004160,[]
12248,TATA,57.0,4,0,240.8,1,EVT004161,[]
12196,SUR,1.0,0,0,1.0,0,EVT004162,[]
12018,SDAH,63.0,3,0,223.6,1,EVT004163,[]
12273,BPL,11.0,0,0,11.0,0,EVT004164,[]
12315,MYS,44.0,6,0,229.7,1,EVT004165,[]
12187,BSP,28.0,3,0,93.8,1,EVT004166,[]
12019,BSP,1.0,0,0,1.0,0,EVT004167,[]
12303,HWH,23.0,1,0,43.9,0,EVT004168,[]
12262,ASN,33.0,5,0,149.1,1,EVT004169,[]
12130,CTC,22.0,0,0,22.0,0,EVT004170,[]
12191,MDU,52.0,0,0,52.0,0,EVT004171,[]
12114,SBC,10.0,0,0,10.0,0,EVT004172,[]
12039,RTM,52.0,1,0,100.4,0,EVT004173,[]
12291,NJP,76.0,8,2,298.3,1,EVT004174,[]
12061,NDLS,8.0,1,0,14.6,0,EVT004175,[]
12137,ERS,30.0,3,0,101.2,1,EVT004176,[]
12026,LDH,1.0,0,0,1.0,0,EVT004177,[]
12000,JP,1.0,0,0,1.0,0,EVT004178,[]
12091,MFP,57.0,0,0,57.0,0,EVT004179,[]
12165,NGP,16.0,1,0,30.2,1,EVT004180,[]
12062,SDAH,1.0,0,0,1.0,0,EVT004181,[]
12123,SUR,36.0,0,0,36.0,0,EVT004182,[]
12178,MAS,33.0,3,0,112.4,1,EVT004183,[]
12040,JP,41.0,6,1,153.5,1,EVT004184,[]
12286,MFP,49.0,6,0,259.8,1,EVT004185,[]
12015,SC,33.0,2,0,89.5,1,EVT004186,[]
12253,PNBE,5.0,0,0,5.0,0,EVT004187,[]
12233,MAS,56.0,1,0,108.2,0,EVT004188,[]
12161,BSP,19.0,1,0,36.1,1,EVT004189,[]
12036,HWH,4.0,0,0,4.0,0,EVT004190,[]
12009,PNBE,11.0,1,0,20.5,0,EVT004191,[]
12084,NGP,56.0,7,1,274.0,1,EVT004192,[]
12101,PNBE,1.0,0,0,1.0,0,EVT004193,[]
12294,PUNE,44.0,5,0,207.4,1,EVT004194,[]
12072,ADI,25.0,0,0,25.0,0,EVT004195,[]
12199,SC,49.0,8,1,245.4,1,EVT004196,[]
12031,LDH,1.0,0,0,1.0,0,EVT004197,[]
12058,VSKP,45.0,1,0,86.8,0,EVT004198,[]
12312,BCT,21.0,4,0,77.9,1,EVT004199,[]
12222,COR,33.0,0,0,33.0,0,EVT004200,[]
12074,MS,5.0,0,0,5.0,0,EVT004201,[]
12183,NDLS,47.0,8,1,247.3,1,EVT004202,[]
12070,JP,1.0,0,0,1.0,0,EVT004203,[]
12090,MFP,28.0,0,0,28.0,0,EVT004204,[]
12078,CSMT,11.0,1,0,20.5,0,EVT004205,[]
12130,CTC,43.0,0,0,43.0,0,EVT004206,[]
12315,HWH,5.0,0,0,5.0,0,EVT004207,[]
12176,BPL,15.0,1,0,28.3,1,EVT004208,[]
12288,JP,54.0,3,0,190.3,1,EVT004209,[]
12187,SDAH,59.0,4,1,99.3,1,EVT004210,[]
12050,JBP,13.0,3,0,37.2,1,EVT004211,[]
12067,KGP,1.0,0,0,1.0,0,EVT004212,[]
12256,KYN,40.0,0,0,40.0,0,EVT004213,[]
12112,UMB,19.0,3,0,60.4,1,EVT004214,[]
12290,NJP,60.0,9,1,331.7,1,EVT004215,[]
12222,JBP,24.0,1,0,45.8,0,EVT004216,[]
12172,VSKP,31.0,2,0,83.8,1,EVT004217,[]
12302,MAS,6.0,0,0,6.0,0,EVT004218,[]
12042,HWH,1.0,0,0,1.0,0,EVT004219,[]
12218,MAO,63.0,2,0,175.1,1,EVT004220,[]
12098,KGP,34.0,3,0,116.1,1,EVT004221,[]
12234,PRYJ,24.0,1,0,45.8,1,EVT004222,[]
12146,RTM,91.0,6,1,401.9,1,EVT004223,[]
12316,HWH,1.0,0,0,1.0,0,EVT004224,[]
12188,JBP,1.0,0,0,1.0,0,EVT004225,[]
12186,ASN,40.0,0,0,40.0,0,EVT004226,[]
12158,TVC,30.0,4,1,107.3,1,EVT004227,[]
12059,KGP,53.0,2,0,146.5,1,EVT004228,[]
12199,SC,41.0,8,1,185.5,1,EVT004229,[]
12116,KGP,19.0,2,0,49.5,1,EVT004230,[]
12161,JBP,42.0,2,0,115.2,1,EVT004231,[]
12229,ADI,58.0,0,0,58.0,0,EVT004232,[]
12126,UMB,37.0,4,0,150.3,1,EVT004233,[]
12196,NGP,32.0,5,0,143.8,1,EVT004234,[]
12171,MFP,73.0,0,0,73.0,0,EVT004235,[]
12185,RTM,9.0,1,0,15.6,0,EVT004236,[]
12201,SDAH,21.0,2,0,55.2,1,EVT004237,[]
12267,GHY,49.0,1,0,94.6,1,EVT004238,[]
12219,SDAH,36.0,7,1,137.3,1,EVT004239,[]
12066,NGP,53.0,5,1,180.7,1,EVT004240,[]
12050,BBS,22.0,1,0,42.0,0,EVT004241,[]
12172,SDAH,22.0,0,0,22.0,0,EVT004242,[]
12022,JBP,50.0,5,1,146.0,1,EVT004243,[]
12191,COR,61.0,3,0,216.2,1,EVT004244,[]
12221,JHS,54.0,3,0,190.3,1,EVT004245,[]
12130,KYN,1.0,0,0,1.0,0,EVT004246,[]
12065,PNBE,51.0,3,0,179.1,1,EVT004247,[]
12136,KYN,4.0,0,0,4.0,0,EVT004248,[]
12275,VSKP,11.0,2,0,26.7,0,EVT004249,[]
12296,AGC,39.0,4,1,115.3,1,EVT004250,[]
12036,SC,1.0,0,0,1.0,0,EVT004251,[]
12122,UMB,24.0,5,0,101.4,1,EVT004252,[]
12174,VSKP,1.0,0,0,1.0,0,EVT004253,[]
12306,DLI,1.0,0,0,1.0,0,EVT004254,[]
12291,ASR,17.0,4,0,59.8,1,EVT004255,[]
12292,BZA,62.0,2,0,172.2,0,EVT004256,[]
12301,NDLS,12.0,1,0,22.4,1,EVT004257,[]
12028,JHS,26.0,4,0,100.5,1,EVT004258,[]
12202,GKP,41.0,8,1,202.5,1,EVT004259,[]
12167,BPL,29.0,0,0,29.0,0,EVT004260,[]
12006,GKP,36.0,6,1,159.4,1,EVT004261,[]
12244,AII,1.0,0,0,1.0,0,EVT004262,[]
12271,GKP,39.0,0,0,39.0,0,EVT004263,[]
12235,BCT,1.0,0,0,1.0,0,EVT004264,[]
12290,ERS,9.0,0,0,9.0,0,EVT004265,[]
12277,ASR,1.0,0,0,1.0,0,EVT004266,[]
12224,GHY,1.0,0,0,1.0,0,EVT004267,[]
12202,PRYJ,1.0,0,0,1.0,0,EVT004268,[]
12265,MDU,5.0,0,0,5.0,0,EVT004269,[]
12024,TPJ,56.0,9,1,318.6,1,EVT004270,[]
12224,JP,31.0,5,0,138.5,1,EVT004271,[]
12286,MFP,40.0,6,0,205.5,1,EVT004272,[]
12292,HYB,1.0,0,0,1.0,0,EVT004273,[]
12017,LDH,43.0,1,0,82.9,0,EVT004274,[]
12078,CSMT,26.0,1,0,49.8,0,EVT004275,[]
12122,HYB,4.0,0,0,4.0,0,EVT004276,[]
12249,NJP,37.0,5,0,170.3,1,EVT004277,[]
12258,BCT,14.0,1,0,26.4,0,EVT004278,[]
12072,BWN,16.0,4,0,55.3,1,EVT004279,[]
12025,AII,65.0,3,0,231.1,1,EVT004280,[]
12015,SBC,18.0,3,0,56.7,1,EVT004281,[]
12156,BAM,8.0,1,0,13.7,0,EVT004282,[]
12186,ADI,20.0,4,0,73.4,1,EVT004283,[]
12217,HYB,30.0,0,0,30.0,0,EVT004284,[]
12040,TVC,34.0,3,0,116.1,1,EVT004285,[]
12254,NGP,38.0,3,0,130.9,1,EVT004286,[]
12277,DLI,46.0,2,0,126.6,0,EVT004287,[]
12022,COR,27.0,0,0,27.0,0,EVT004288,[]
12269,SC,64.0,1,0,123.8,1,EVT004289,[]
12039,RTM,69.0,1,0,133.6,0,EVT004290,[]
12081,BBS,61.0,4,1,180.5,1,EVT004291,[]
12177,KGP,1.0,0,0,1.0,0,EVT004292,[]
12193,ROU,1.0,0,0,1.0,0,EVT004293,[]
12106,ERS,36.0,3,1,83.9,1,EVT004294,[]
12007,AII,72.0,7,1,366.4,1,EVT004295,[]
12259,PRYJ,18.0,3,0,56.7,1,EVT004296,[]
12230,ERS,63.0,3,0,223.6,1,EVT004297,[]
12285,BPL,5.0,0,0,5.0,0,EVT004298,[]
12130,KYN,14.0,2,0,35.3,1,EVT004299,[]
12233,MLDT,21.0,4,0,77.9,1,EVT004300,[]
12261,SDAH,42.0,3,0,145.7,1,EVT004301,[]
12014,CTC,30.0,0,0,30.0,0,EVT004302,[]
12117,COR,1.0,0,0,1.0,0,EVT004303,[]
12004,ADI,2.0,0,0,2.0,0,EVT004304,[]
12020,BSL,9.0,0,0,9.0,0,EVT004305,[]
12100,PUNE,14.0,0,0,14.0,0,EVT004306,[]
12187,BSP,13.0,3,0,38.2,1,EVT004307,[]
12198,LDH,40.0,3,0,138.3,1,EVT004308,[]
12158,SBC,40.0,3,1,104.5,1,EVT004309,[]
12055,MS,41.0,4,0,168.4,1,EVT004310,[]
12292,SC,13.0,1,0,24.4,0,EVT004311,[]
12266,NDLS,29.0,4,1,69.3,1,EVT004312,[]
12131,BSP,10.0,2,0,22.9,1,EVT004313,[]
12255,MAS,23.0,2,0,61.0,1,EVT004314,[]
12060,JBP,1.0,0,0,1.0,0,EVT004315,[]
12111,MAS,57.0,7,1,203.7,1,EVT004316,[]
12212,NDLS,13.0,2,0,32.4,1,EVT004317,[]
12218,UBL,57.0,1,0,110.2,0,EVT004318,[]
12085,NJP,8.0,1,0,13.7,1,EVT004319,[]
12051,JBP,40.0,7,1,181.6,1,EVT004320,[]
12104,MAS,26.0,3,1,64.4,1,EVT004321,[]
12073,SDAH,1.0,0,0,1.0,0,EVT004322,[]
12214,GHY,42.0,0,0,42.0,0,EVT004323,[]
12125,NJP,66.0,7,1,322.3,1,EVT004324,[]
12097,PNBE,8.0,1,0,13.7,1,EVT004325,[]
12218,MAO,31.0,2,0,83.8,1,EVT004326,[]
12257,UBL,23.0,3,0,75.3,1,EVT004327,[]
12196,HWH,84.0,5,1,220.6,1,EVT004328,[]
12025,BBS,55.0,0,0,55.0,0,EVT004329,[]
12047,GHY,61.0,2,0,169.3,1,EVT004330,[]
12118,TVC,38.0,1,0,73.2,1,EVT004331,[]
12222,BSP,1.0,0,0,1.0,0,EVT004332,[]
12284,VSKP,29.0,2,0,78.1,1,EVT004333,[]
12156,COR,2.0,0,0,2.0,0,EVT004334,[]
12148,JBP,17.0,1,0,32.2,1,EVT004335,[]
12253,GHY,70.0,2,0,195.0,1,EVT004336,[]
12161,BSP,3.0,0,0,3.0,0,EVT004337,[]
12108,BCT,47.0,3,0,164.3,1,EVT004338,[]
12102,KYN,13.0,1,0,24.4,1,EVT004339,[]
12266,MYS,31.0,4,0,123.1,1,EVT004340,[]
12292,SC,48.0,1,0,92.7,0,EVT004341,[]
12312,BCT,54.0,4,0,227.2,1,EVT004342,[]
12259,DD,29.0,5,1,87.3,1,EVT004343,[]
12085,MLDT,50.0,1,0,96.5,0,EVT004344,[]
12018,NDLS,1.0,0,0,1.0,0,EVT004345,[]
12064,SDAH,82.0,8,1,478.2,1,EVT004346,[]
12112,COR,49.0,4,1,146.9,1,EVT004347,[]
12214,BCT,58.0,2,0,160.8,1,EVT004348,[]
12027,COR,56.0,5,1,214.2,1,EVT004349,[]
12186,ASN,25.0,0,0,25.0,0,EVT004350,[]
12231,NJP,33.0,2,0,89.5,1,EVT004351,[]
12284,VSKP,40.0,2,0,109.4,1,EVT004352,[]
12054,VSKP,20.0,2,0,52.4,1,EVT004353,[]
12258,BCT,1.0,0,0,1.0,0,EVT004354,[]
12219,SDAH,38.0,7,1,151.0,1,EVT004355,[]
12294,PNBE,59.0,3,0,208.8,1,EVT004356,[]
12004,BCT,83.0,5,1,215.2,1,EVT004357,[]
12222,JBP,36.0,1,0,69.2,0,EVT004358,[]
12019,NGP,75.0,10,1,502.0,1,EVT004359,[]
12154,R,1.0,0,0,1.0,0,EVT004360,[]
12235,CSMT,39.0,5,1,150.2,1,EVT004361,[]
12216,SBC,73.0,6,1,327.1,1,EVT004362,[]
12002,NGP,26.0,2,0,69.5,0,EVT004363,[]
12065,MFP,32.0,4,0,127.7,1,EVT004364,[]
12026,LDH,31.0,1,1,36.8,0,EVT004365,[]
12117,NDLS,43.0,6,1,183.7,1,EVT004366,[]
12257,MAO,42.0,8,1,209.1,1,EVT004367,[]
12186,GHY,31.0,3,0,104.9,1,EVT004368,[]
12219,VSKP,45.0,9,1,229.4,1,EVT004369,[]
12169,GHY,16.0,2,0,41.0,1,EVT004370,[]
12057,SC,1.0,0,0,1.0,0,EVT004371,[]
12265,KGP,11.0,1,0,20.5,0,EVT004372,[]
12234,PRYJ,38.0,1,0,73.2,1,EVT004373,[]
12146,RTM,1.0,0,0,1.0,0,EVT004374,[]
12165,BSL,26.0,3,0,86.4,1,EVT004375,[]
12017,UMB,41.0,0,0,41.0,0,EVT004376,[]
12314,COR,28.0,1,0,53.6,1,EVT004377,[]
12235,NGP,26.0,3,0,86.4,1,EVT004378,[]
12195,NDLS,22.0,2,0,58.1,1,EVT004379,[]
12310,BZA,72.0,2,0,200.7,1,EVT004380,[]
12109,NGP,69.0,6,1,312.2,1,EVT004381,[]
12230,JU,2.0,0,0,2.0,0,EVT004382,[]
12061,NDLS,5.0,0,0,5.0,0,EVT004383,[]
12123,CSMT,53.0,1,0,102.4,0,EVT004384,[]
12049,ADI,4.0,0,0,4.0,0,EVT004385,[]
12026,LDH,67.0,4,1,208.1,1,EVT004386,[]
12259,BSL,1.0,0,0,1.0,0,EVT004387,[]
12105,JP,40.0,5,1,110.6,1,EVT004388,[]
12285,ADI,58.0,2,0,160.8,1,EVT004389,[]
12203,PRYJ,1.0,0,0,1.0,0,EVT004390,[]
12279,PNBE,8.0,1,0,14.6,0,EVT004391,[]
12019,BSP,1.0,0,0,1.0,0,EVT004392,[]
12299,UMB,22.0,0,0,22.0,0,EVT004393,[]
12082,GHY,34.0,3,0,116.1,1,EVT004394,[]
12185,RTM,31.0,5,1,117.4,1,EVT004395,[]
12225,MAS,18.0,0,0,18.0,0,EVT004396,[]
12134,SDAH,9.0,1,0,15.6,1,EVT004397,[]
12108,BBS,22.0,2,0,58.1,1,EVT004398,[]
12148,ADI,29.0,0,0,29.0,0,EVT004399,[]
12301,MDU,3.0,0,0,3.0,0,EVT004400,[]
12000,JP,29.0,5,0,127.9,1,EVT004401,[]
12070,JP,41.0,1,0,79.0,0,EVT004402,[]
12180,HWH,1.0,0,0,1.0,0,EVT004403,[]
12099,KGP,1.0,0,0,1.0,0,EVT004404,[]
12281,DLI,48.0,0,0,48.0,0,EVT004405,[]
12100,PUNE,42.0,5,1,121.4,1,EVT004406,[]
12084,BCT,25.0,2,0,66.7,1,EVT004407,[]
12315,SBC,33.0,5,0,149.1,1,EVT004408,[]
12042,BSP,42.0,1,0,80.9,0,EVT004409,[]
12206,MAS,56.0,3,0,197.7,1,EVT004410,[]
12223,BPL,58.0,8,1,320.8,1,EVT004411,[]
12038,PNBE,1.0,0,0,1.0,0,EVT004412,[]
12220,ERS,1.0,0,0,1.0,0,EVT004413,[]
12094,DURG,23.0,5,0,96.1,1,EVT004414,[]
12271,PNBE,68.0,1,0,131.7,1,EVT004415,[]
12024,MAS,34.0,6,1,127.8,1,EVT004416,[]
12125,GHY,37.0,3,1,106.4,1,EVT004417,[]
12072,ADI,59.0,0,0,59.0,0,EVT004418,[]
12212,JHS,40.0,5,1,132.6,1,EVT004419,[]
12139,CTC,26.0,3,1,50.8,1,EVT004420,[]
12026,LDH,21.0,0,0,21.0,0,EVT004421,[]
12164,KYN,25.0,3,0,82.7,1,EVT004422,[]
12032,SBC,50.0,6,1,207.8,1,EVT004423,[]
12084,DLI,22.0,1,1,28.8,1,EVT004424,[]
12058,NDLS,1.0,0,0,1.0,0,EVT004425,[]
12239,BZA,41.0,5,1,116.0,1,EVT004426,[]
12285,JBP,12.0,3,0,34.4,1,EVT004427,[]
12047,GHY,19.0,2,0,49.5,1,EVT004428,[]
12195,DLI,33.0,1,0,63.4,1,EVT004429,[]
12021,UBL,17.0,1,0,32.2,0,EVT004430,[]
12305,ASR,1.0,0,0,1.0,0,EVT004431,[]
12242,BZA,40.0,3,0,138.3,1,EVT004432,[]
12117,NDLS,25.0,2,0,66.7,1,EVT004433,[]
12035,UBL,1.0,0,0,1.0,0,EVT004434,[]
12193,ROU,70.0,2,1,140.9,1,EVT004435,[]
12169,GKP,1.0,0,0,1.0,0,EVT004436,[]
12230,JP,56.0,1,0,108.2,0,EVT004437,[]
12221,BPL,26.0,2,0,69.5,1,EVT004438,[]
12199,MAS,20.0,1,0,38.0,0,EVT004439,[]
12105,PURI,72.0,8,1,403.4,1,EVT004440,[]
12073,PURI,9.0,1,0,15.6,0,EVT004441,[]
12239,VSKP,72.0,6,1,330.6,1,EVT004442,[]
12219,VSKP,39.0,7,1,173.9,1,EVT004443,[]
12161,PRYJ,10.0,0,0,10.0,0,EVT004444,[]
12153,SC,31.0,3,0,104.9,1,EVT004445,[]
12204,KGP,10.0,2,0,23.9,1,EVT004446,[]
12299,UMB,26.0,0,0,26.0,0,EVT004447,[]
12315,MAS,12.0,3,0,34.4,1,EVT004448,[]
12293,SC,9.0,1,0,16.6,0,EVT004449,[]
12097,PRYJ,11.0,2,0,25.8,1,EVT004450,[]
12200,PNBE,33.0,5,0,149.1,1,EVT004451,[]
12227,BZA,41.0,3,1,92.2,1,EVT004452,[]
12268,NGP,54.0,3,0,190.3,1,EVT004453,[]
12241,BBS,72.0,4,1,279.9,1,EVT004454,[]
12310,COR,16.0,0,0,16.0,0,EVT004455,[]
12196,ROU,38.0,3,0,130.9,1,EVT004456,[]
12290,NJP,66.0,9,1,380.2,1,EVT004457,[]
12266,SBC,2.0,0,0,2.0,0,EVT004458,[]
12286,COR,19.0,2,0,49.5,1,EVT004459,[]
12137,SBC,13.0,0,0,13.0,0,EVT004460,[]
12069,LDH,5.0,0,0,5.0,0,EVT004461,[]
12114,BPL,18.0,1,0,34.1,1,EVT004462,[]
12302,PNBE,47.0,8,1,216.6,1,EVT004463,[]
12132,MAS,5.0,0,0,5.0,0,EVT004464,[]
12104,KGP,1.0,0,0,1.0,0,EVT004465,[]
12138,ADI,47.0,3,1,103.2,1,EVT004466,[]
12026,NDLS,82.0,5,1,335.8,1,EVT004467,[]
12131,ROU,67.0,5,1,251.7,1,EVT004468,[]
12275,ASR,35.0,4,0,141.2,1,EVT004469,[]
12207,SDAH,33.0,3,0,112.4,1,EVT004470,[]
12241,BBS,38.0,4,1,124.2,1,EVT004471,[]
12229,NJP,9.0,2,0,21.0,1,EVT004472,[]
12238,DLI,57.0,2,0,157.9,1,EVT004473,[]
12075,TVC,18.0,0,0,18.0,0,EVT004474,[]
12056,JP,61.0,2,0,169.3,1,EVT004475,[]
12116,ROU,29.0,3,0,97.5,1,EVT004476,[]
12100,PRYJ,19.0,1,0,36.1,1,EVT004477,[]
12261,NDLS,35.0,2,0,95.2,1,EVT004478,[]
12215,TVC,17.0,4,0,59.8,1,EVT004479,[]
12176,JBP,34.0,2,0,92.3,1,EVT004480,[]
12245,NGP,43.0,2,0,118.0,1,EVT004481,[]
12139,BZA,7.0,0,0,7.0,0,EVT004482,[]
12160,DURG,55.0,2,0,152.2,1,EVT004483,[]
12223,BPL,45.0,8,1,223.6,1,EVT004484,[]
12000,NJP,29.0,0,0,29.0,0,EVT004485,[]
12031,UMB,20.0,1,0,38.0,0,EVT004486,[]
12148,ADI,40.0,3,1,62.1,1,EVT004487,[]
12311,TATA,38.0,0,0,38.0,0,EVT004488,[]
12046,GKP,20.0,2,0,52.4,1,EVT004489,[]
12195,DLI,10.0,1,0,18.5,1,EVT004490,[]
12133,JBP,78.0,5,1,138.9,1,EVT004491,[]
12071,SUR,2.0,0,0,2.0,0,EVT004492,[]
12004,BBS,1.0,0,0,1.0,0,EVT004493,[]
12187,NDLS,55.0,2,1,112.4,1,EVT004494,[]
12031,LDH,23.0,0,0,23.0,0,EVT004495,[]
12212,SDAH,89.0,10,2,567.2,1,EVT004496,[]
12311,TATA,1.0,0,0,1.0,0,EVT004497,[]
12242,PUNE,41.0,4,1,128.8,1,EVT004498,[]
12126,NDLS,18.0,3,0,56.7,1,EVT004499,[]
12123,SUR,1.0,0,0,1.0,0,EVT004500,[]
12081,BCT,14.0,1,0,26.4,1,EVT004501,[]
12039,MYS,31.0,5,0,138.5,1,EVT004502,[]
12208,PRYJ,42.0,1,0,80.9,0,EVT004503,[]
12286,COR,13.0,2,0,32.4,1,EVT004504,[]
12096,JHS,23.0,0,0,23.0,0,EVT004505,[]
12138,COR,40.0,4,1,123.3,1,EVT004506,[]
12080,PRYJ,39.0,2,0,106.6,1,EVT004507,[]
12255,HWH,32.0,0,0,32.0,0,EVT004508,[]
12158,TVC,1.0,0,0,1.0,0,EVT004509,[]
12020,DD,17.0,1,0,32.2,0,EVT004510,[]
12138,JP,33.0,3,0,112.4,1,EVT004511,[]
12021,MYS,35.0,2,1,71.9,1,EVT004512,[]
12072,NJP,1.0,0,0,1.0,0,EVT004513,[]
12101,KGP,8.0,1,0,14.6,1,EVT004514,[]
12051,NJP,63.0,4,1,225.7,1,EVT004515,[]
12298,SUR,25.0,0,0,25.0,0,EVT004516,[]
12213,SC,66.0,5,1,250.8,1,EVT004517,[]
12138,ADI,8.0,0,0,8.0,0,EVT004518,[]
12216,BPL,37.0,3,0,127.2,1,EVT004519,[]
12202,PNBE,2.0,0,0,2.0,0,EVT004520,[]
12036,BWN,17.0,0,0,17.0,0,EVT004521,[]
12023,NDLS,24.0,1,0,45.8,0,EVT004522,[]
12010,BSL,21.0,4,0,77.9,1,EVT004523,[]
12232,SC,42.0,1,0,80.9,0,EVT004524,[]
12230,JU,82.0,6,1,169.3,1,EVT004525,[]
12184,ROU,64.0,2,0,177.9,1,EVT004526,[]
12069,NDLS,38.0,1,0,73.2,0,EVT004527,[]
12063,GAYA,17.0,1,0,32.2,0,EVT004528,[]
12023,ASR,29.0,0,0,29.0,0,EVT004529,[]
12085,MLDT,71.0,1,0,137.5,0,EVT004530,[]
12193,MAS,13.0,3,0,38.2,1,EVT004531,[]
12070,JU,18.0,0,0,18.0,0,EVT004532,[]
12126,NGP,23.0,1,0,43.9,1,EVT004533,[]
12111,MAS,47.0,5,1,129.0,1,EVT004534,[]
12051,GHY,81.0,5,1,366.4,1,EVT004535,[]
12139,CTC,3.0,0,0,3.0,0,EVT004536,[]
12319,KGP,42.0,3,0,145.7,1,EVT004537,[]
12294,DHN,1.0,0,0,1.0,0,EVT004538,[]
12056,AII,1.0,0,0,1.0,0,EVT004539,[]
12082,GHY,1.0,0,0,1.0,0,EVT004540,[]
12317,BBS,33.0,0,0,33.0,0,EVT004541,[]
12118,JP,1.0,0,0,1.0,0,EVT004542,[]
12178,BWN,28.0,2,1,41.2,1,EVT004543,[]
12307,NGP,8.0,1,0,13.7,1,EVT004544,[]
12219,PURI,34.0,5,0,154.4,1,EVT004545,[]
12248,HWH,13.0,2,0,32.4,1,EVT004546,[]
12277,NDLS,46.0,1,0,88.8,0,EVT004547,[]
12168,JBP,26.0,0,0,26.0,0,EVT004548,[]
12195,ASR,1.0,0,0,1.0,0,EVT004549,[]
12244,JP,68.0,3,1,222.7,1,EVT004550,[]
12044,PRYJ,66.0,0,0,66.0,0,EVT004551,[]
12085,SDAH,5.0,0,0,5.0,0,EVT004552,[]
12062,NDLS,18.0,1,0,34.1,1,EVT004553,[]
12133,JBP,26.0,0,0,26.0,0,EVT004554,[]
12071,JP,21.0,3,0,67.8,1,EVT004555,[]
12276,SC,20.0,2,0,52.4,1,EVT004556,[]
12275,BAM,51.0,1,0,98.5,0,EVT004557,[]
12117,NDLS,6.0,0,0,6.0,0,EVT004558,[]
12278,COR,34.0,3,0,116.1,1,EVT004559,[]
12219,SDAH,63.0,7,1,321.8,1,EVT004560,[]
12041,JHS,70.0,3,0,249.6,1,EVT004561,[]
12097,PNBE,72.0,8,1,379.7,1,EVT004562,[]
12188,ROU,23.0,2,1,49.6,1,EVT004563,[]
12064,NDLS,1.0,0,0,1.0,0,EVT004564,[]
12165,NGP,46.0,1,0,88.8,1,EVT004565,[]
12285,NJP,59.0,0,0,59.0,0,EVT004566,[]
12173,PRYJ,1.0,0,0,1.0,0,EVT004567,[]
12170,CSMT,60.0,7,1,317.5,1,EVT004568,[]
12304,UBL,25.0,4,0,96.0,1,EVT004569,[]
12233,MAS,32.0,1,0,61.5,0,EVT004570,[]
12006,COR,34.0,6,1,105.9,1,EVT004571,[]
12041,JHS,1.0,0,0,1.0,0,EVT004572,[]
12060,GHY,53.0,4,0,222.7,1,EVT004573,[]
12082,MLDT,33.0,1,0,63.4,0,EVT004574,[]
12257,SBC,55.0,7,1,275.0,1,EVT004575,[]
12010,BSL,62.0,4,0,263.4,1,EVT004576,[]
12286,NDLS,38.0,3,0,130.9,1,EVT004577,[]
12049,ADI,59.0,1,0,114.1,0,EVT004578,[]
12306,MAO,20.0,3,0,64.1,1,EVT004579,[]
12017,UMB,57.0,0,0,57.0,0,EVT004580,[]
12123,CSMT,89.0,9,2,327.1,1,EVT004581,[]
12142,TATA,49.0,8,1,231.6,1,EVT004582,[]
12122,CSMT,27.0,3,1,78.8,1,EVT004583,[]
12177,KGP,79.0,3,0,283.0,1,EVT004584,[]
12065,MFP,36.0,4,0,145.8,1,EVT004585,[]
12263,SBC,28.0,3,0,93.8,1,EVT004586,[]
12297,GHY,33.0,1,0,63.4,0,EVT004587,[]
12262,SDAH,29.0,3,0,97.5,1,EVT004588,[]
12015,MYS,15.0,4,0,50.7,1,EVT004589,[]
12190,COR,33.0,2,0,89.5,1,EVT004590,[]
12060,JBP,43.0,2,0,118.0,1,EVT004591,[]
12073,BAM,40.0,7,1,180.6,1,EVT004592,[]
12106,MAS,8.0,0,0,8.0,0,EVT004593,[]
12109,DLI,1.0,0,0,1.0,0,EVT004594,[]
12149,CTC,43.0,0,0,43.0,0,EVT004595,[]
12140,MAS,46.0,5,1,173.8,1,EVT004596,[]
12199,MYS,5.0,0,0,5.0,0,EVT004597,[]
12077,CTC,39.0,4,0,159.3,1,EVT004598,[]
12088,MAS,1.0,0,0,1.0,0,EVT004599,[]
12290,HWH,105.0,9,2,625.9,1,EVT004600,[]
12199,MAS,91.0,7,1,513.1,1,EVT004601,[]
12286,PNBE,34.0,5,0,154.4,1,EVT004602,[]
12218,MAO,1.0,0,0,1.0,0,EVT004603,[]
12299,PRYJ,32.0,2,0,86.6,1,EVT004604,[]
12188,BPL,25.0,4,0,96.0,1,EVT004605,[]
12152,PUNE,24.0,0,0,24.0,0,EVT004606,[]
12148,ADI,14.0,0,0,14.0,0,EVT004607,[]
12024,TPJ,44.0,9,1,221.3,1,EVT004608,[]
12081,NGP,11.0,2,0,26.7,1,EVT004609,[]
12023,CSMT,27.0,3,0,90.1,1,EVT004610,[]
12081,R,1.0,0,0,1.0,0,EVT004611,[]
12253,GHY,1.0,0,0,1.0,0,EVT004612,[]
12025,BBS,32.0,0,0,32.0,0,EVT004613,[]
12009,NDLS,37.0,3,0,127.2,1,EVT004614,[]
12099,MAS,21.0,3,0,67.8,1,EVT004615,[]
12173,BPL,27.0,2,0,72.4,1,EVT004616,[]
12285,SBC,40.0,5,0,186.2,1,EVT004617,[]
12278,MYS,61.0,6,1,246.0,1,EVT004618,[]
12221,PRYJ,48.0,4,0,200.0,1,EVT004619,[]
12032,UBL,1.0,0,0,1.0,0,EVT004620,[]
12243,NDLS,44.0,1,0,84.8,0,EVT004621,[]
12186,ASN,33.0,0,0,33.0,0,EVT004622,[]
12013,COR,1.0,0,0,1.0,0,EVT004623,[]
12243,PRYJ,76.0,2,0,212.1,1,EVT004624,[]
12099,ASN,19.0,0,0,19.0,0,EVT004625,[]
12023,ASR,64.0,6,1,238.7,1,EVT004626,[]
12066,BBS,25.0,2,0,66.7,1,EVT004627,[]
12214,BBS,25.0,3,0,82.7,1,EVT004628,[]
12226,NGP,29.0,2,0,78.1,0,EVT004629,[]
12022,COR,25.0,0,0,25.0,0,EVT004630,[]
12296,PRYJ,37.0,5,1,130.2,1,EVT004631,[]
12199,MAS,48.0,7,1,219.3,1,EVT004632,[]
12287,KYN,22.0,0,0,22.0,0,EVT004633,[]
12155,DLI,18.0,0,0,18.0,0,EVT004634,[]
12022,JBP,9.0,1,0,16.6,0,EVT004635,[]
12136,BBS,12.0,2,0,29.6,1,EVT004636,[]
12213,ADI,31.0,4,0,123.1,1,EVT004637,[]
12149,CTC,83.0,5,1,232.6,1,EVT004638,[]
12112,NDLS,31.0,2,0,83.8,1,EVT004639,[]
12154,DLI,10.0,0,0,10.0,0,EVT004640,[]
12258,BBS,2.0,0,0,2.0,0,EVT004641,[]
12154,DLI,81.0,0,0,81.0,0,EVT004642,[]
12048,BZA,81.0,3,0,290.4,1,EVT004643,[]
12277,ASR,1.0,0,0,1.0,0,EVT004644,[]
12079,ROU,19.0,3,0,60.4,1,EVT004645,[]
12159,JP,1.0,0,0,1.0,0,EVT004646,[]
12200,JHS,74.0,3,0,264.5,1,EVT004647,[]
12057,MAS,24.0,1,0,45.8,1,EVT004648,[]
12215,TVC,1.0,0,0,1.0,0,EVT004649,[]
12014,BCT,42.0,2,0,115.2,1,EVT004650,[]
12223,BPL,1.0,0,0,1.0,0,EVT004651,[]
12216,COR,47.0,2,0,129.4,1,EVT004652,[]
12195,DLI,46.0,1,0,88.8,1,EVT004653,[]
12146,RTM,1.0,0,0,1.0,0,EVT004654,[]
12216,COR,23.0,2,0,61.0,1,EVT004655,[]
12192,GHY,72.0,6,1,287.8,1,EVT004656,[]
12068,CSMT,43.0,0,0,43.0,0,EVT004657,[]
12063,GAYA,26.0,1,0,49.8,0,EVT004658,[]
12267,PURI,20.0,5,0,80.2,1,EVT004659,[]
12107,SC,29.0,2,0,78.1,1,EVT004660,[]
12014,GHY,27.0,4,0,105.0,1,EVT004661,[]
12120,CTC,15.0,0,0,15.0,0,EVT004662,[]
12111,VSKP,24.0,2,0,63.8,1,EVT004663,[]
12159,AII,44.0,4,1,84.3,1,EVT004664,[]
12004,BBS,25.0,2,0,66.7,1,EVT004665,[]
12089,BPL,1.0,0,0,1.0,0,EVT004666,[]
12175,BPL,31.0,1,0,59.5,1,EVT004667,[]
12039,COR,69.0,2,0,192.2,1,EVT004668,[]
12234,NDLS,13.0,0,0,13.0,0,EVT004669,[]
12041,PNBE,28.0,1,0,53.6,1,EVT004670,[]
12091,VSKP,53.0,4,0,222.7,1,EVT004671,[]
12214,KYN,6.0,0,0,6.0,0,EVT004672,[]
12292,HYB,41.0,0,0,41.0,0,EVT004673,[]
12212,SDAH,34.0,5,1,132.5,1,EVT004674,[]
12265,KGP,6.0,0,0,6.0,0,EVT004675,[]
12251,R,35.0,0,0,35.0,0,EVT004676,[]
12214,BBS,7.0,0,0,7.0,0,EVT004677,[]
12143,KGP,1.0,0,0,1.0,0,EVT004678,[]
12252,BPL,1.0,0,0,1.0,0,EVT004679,[]
12312,BBS,42.0,3,0,145.7,1,EVT004680,[]
12047,MFP,23.0,0,0,23.0,0,EVT004681,[]
12264,KYN,20.0,0,0,20.0,0,EVT004682,[]
12059,TVC,54.0,0,0,54.0,0,EVT004683,[]
12140,SC,82.0,6,1,416.3,1,EVT004684,[]
12282,CTC,12.0,3,0,34.4,1,EVT004685,[]
12190,COR,11.0,2,0,26.7,1,EVT004686,[]
12080,PNBE,35.0,1,0,67.3,1,EVT004687,[]
12164,CSMT,12.0,2,0,29.6,1,EVT004688,[]
12172,VSKP,33.0,2,0,89.5,1,EVT004689,[]
12214,BBS,36.0,3,0,123.5,1,EVT004690,[]
12117,COR,34.0,5,1,132.5,1,EVT004691,[]
12097,PNBE,15.0,4,0,50.7,1,EVT004692,[]
12184,ROU,62.0,2,0,172.2,1,EVT004693,[]
12301,MDU,39.0,4,0,159.3,1,EVT004694,[]
12111,MDU,81.0,6,1,317.4,1,EVT004695,[]
12238,CSMT,30.0,1,0,57.5,0,EVT004696,[]
12029,GHY,20.0,0,0,20.0,0,EVT004697,[]
12184,KGP,1.0,0,0,1.0,0,EVT004698,[]
12127,NJP,50.0,2,0,138.0,1,EVT004699,[]
12088,MAS,5.0,0,0,5.0,0,EVT004700,[]
12097,BSL,8.0,0,0,8.0,0,EVT004701,[]
12018,MLDT,47.0,4,0,195.5,1,EVT004702,[]
12233,HWH,13.0,3,0,38.2,1,EVT004703,[]
12032,RTM,25.0,0,0,25.0,0,EVT004704,[]
12181,NJP,37.0,0,0,37.0,0,EVT004705,[]
12219,VSKP,24.0,3,0,79.0,1,EVT004706,[]
12163,VSKP,25.0,0,0,25.0,0,EVT004707,[]
12067,BSP,63.0,4,0,267.9,1,EVT004708,[]
12253,GKP,26.0,3,0,86.4,1,EVT004709,[]
12211,COR,31.0,2,0,83.8,1,EVT004710,[]
12081,BBS,38.0,4,1,74.7,1,EVT004711,[]
12014,BBS,17.0,1,0,32.2,0,EVT004712,[]
12082,NJP,15.0,2,0,38.1,1,EVT004713,[]
12054,COR,22.0,0,0,22.0,0,EVT004714,[]
12152,JP,56.0,7,1,238.0,1,EVT004715,[]
12062,UMB,57.0,4,1,211.2,1,EVT004716,[]
12049,ST,16.0,0,0,16.0,0,EVT004717,[]
12003,ST,29.0,0,0,29.0,0,EVT004718,[]
12090,SBC,68.0,10,1,383.1,1,EVT004719,[]
12234,PRYJ,46.0,5,1,123.6,1,EVT004720,[]
12311,KGP,53.0,1,0,102.4,0,EVT004721,[]
12060,ADI,16.0,3,0,49.3,1,EVT004722,[]
12299,PRYJ,52.0,2,0,143.7,1,EVT004723,[]
12262,NGP,55.0,5,1,147.6,1,EVT004724,[]
12272,NDLS,18.0,1,0,34.1,1,EVT004725,[]
12187,SDAH,64.0,4,1,122.3,1,EVT004726,[]
12043,BCT,21.0,4,0,77.9,1,EVT004727,[]
12140,HYB,63.0,7,1,333.0,1,EVT004728,[]
12061,VSKP,1.0,0,0,1.0,0,EVT004729,[]
12215,JP,18.0,3,0,56.7,1,EVT004730,[]
12017,LDH,1.0,0,0,1.0,0,EVT004731,[]
12017,LDH,50.0,1,0,96.5,0,EVT004732,[]
12055,MAS,9.0,1,0,15.6,1,EVT004733,[]
12130,KYN,10.0,2,0,23.9,1,EVT004734,[]
12231,HWH,1.0,0,0,1.0,0,EVT004735,[]
12104,KGP,72.0,3,1,225.1,1,EVT004736,[]
12155,DLI,55.0,4,1,152.9,1,EVT004737,[]
12198,LDH,1.0,0,0,1.0,0,EVT004738,[]
12318,KYN,43.0,0,0,43.0,0,EVT004739,[]
12215,TVC,1.0,0,0,1.0,0,EVT004740,[]
12056,JP,55.0,2,0,152.2,1,EVT004741,[]
12088,ERS,22.0,4,0,82.4,1,EVT004742,[]
12279,MFP,17.0,0,0,17.0,0,EVT004743,[]
12082,NJP,1.0,0,0,1.0,0,EVT004744,[]
12071,AII,54.0,6,1,240.2,1,EVT004745,[]
12206,MAS,54.0,3,0,190.3,1,EVT004746,[]
12104,MAS,17.0,1,0,32.2,1,EVT004747,[]
12249,MLDT,24.0,4,0,91.5,1,EVT004748,[]
12165,BCT,62.0,4,1,113.1,1,EVT004749,[]
12064,HWH,13.0,3,0,37.2,1,EVT004750,[]
12006,PNBE,1.0,0,0,1.0,0,EVT004751,[]
12051,ADI,1.0,0,0,1.0,0,EVT004752,[]
12284,SDAH,25.0,0,0,25.0,0,EVT004753,[]
12288,ERS,1.0,0,0,1.0,0,EVT004754,[]
12256,NDLS,28.0,3,0,93.8,1,EVT004755,[]
12200,SBC,42.0,1,0,80.9,0,EVT004756,[]
12069,NDLS,8.0,1,0,14.6,0,EVT004757,[]
12290,MLDT,32.0,4,0,127.7,1,EVT004758,[]
12239,VSKP,53.0,6,1,214.3,1,EVT004759,[]
12212,JHS,64.0,5,1,261.9,1,EVT004760,[]
12068,BPL,14.0,2,0,35.3,1,EVT004761,[]
12144,MS,5.0,0,0,5.0,0,EVT004762,[]
12248,MLDT,1.0,0,0,1.0,0,EVT004763,[]
12161,BSP,34.0,1,0,65.3,1,EVT004764,[]
12011,ADI,36.0,0,0,36.0,0,EVT004765,[]
12315,MYS,26.0,6,0,121.1,1,EVT004766,[]
12003,KYN,47.0,3,0,164.3,1,EVT004767,[]
12036,MAS,38.0,5,1,144.3,1,EVT004768,[]
12000,JP,49.0,5,0,233.9,1,EVT004769,[]
12243,NDLS,1.0,0,0,1.0,0,EVT004770,[]
12078,SUR,44.0,4,1,84.3,1,EVT004771,[]
12093,HWH,30.0,0,0,30.0,0,EVT004772,[]
12171,PUNE,28.0,3,0,93.8,1,EVT004773,[]
12109,TATA,53.0,9,1,280.5,1,EVT004774,[]
12168,BPL,28.0,1,0,53.6,0,EVT004775,[]
12197,SC,4.0,0,0,4.0,0,EVT004776,[]
12011,MLDT,15.0,3,0,45.6,1,EVT004777,[]
12232,BZA,1.0,0,0,1.0,0,EVT004778,[]
12192,ADI,32.0,1,0,61.5,1,EVT004779,[]
12201,NJP,14.0,0,0,14.0,0,EVT004780,[]
12100,SDAH,29.0,3,0,97.5,1,EVT004781,[]
12025,AII,19.0,3,0,60.4,1,EVT004782,[]
12169,MFP,1.0,0,0,1.0,0,EVT004783,[]
12154,DLI,31.0,0,0,31.0,0,EVT004784,[]
12278,BPL,17.0,2,0,43.8,1,EVT004785,[]
12285,BPL,65.0,4,0,277.0,1,EVT004786,[]
12059,BSP,1.0,0,0,1.0,0,EVT004787,[]
12245,SUR,7.0,0,0,7.0,0,EVT004788,[]
12248,HWH,23.0,2,0,61.0,1,EVT004789,[]
12151,BCT,86.0,4,0,372.0,1,EVT004790,[]
12018,SDAH,41.0,3,0,142.0,1,EVT004791,[]
12167,ST,23.0,3,0,75.3,1,EVT004792,[]
12300,SBC,1.0,0,0,1.0,0,EVT004793,[]
12171,PNBE,7.0,1,0,12.7,0,EVT004794,[]
12109,DLI,42.0,5,1,121.4,1,EVT004795,[]
12091,PNBE,28.0,1,0,53.6,0,EVT004796,[]
12022,JBP,1.0,0,0,1.0,0,EVT004797,[]
12035,MAO,4.0,0,0,4.0,0,EVT004798,[]
12046,PNBE,40.0,1,0,77.0,1,EVT004799,[]
12077,NGP,1.0,0,0,1.0,0,EVT004800,[]
12139,VSKP,21.0,2,0,55.2,0,EVT004801,[]
12148,JBP,51.0,6,1,158.2,1,EVT004802,[]
12129,TVC,19.0,0,0,19.0,0,EVT004803,[]
12256,DLI,52.0,2,0,143.7,1,EVT004804,[]
12048,JBP,56.0,1,0,108.2,1,EVT004805,[]
12106,MAS,63.0,2,1,133.9,1,EVT004806,[]
12212,NDLS,39.0,7,1,166.0,1,EVT004807,[]
12305,BSP,49.0,7,1,205.8,1,EVT004808,[]
12250,MAS,22.0,1,0,42.0,0,EVT004809,[]
12074,MYS,41.0,4,0,168.4,1,EVT004810,[]
12047,MFP,63.0,0,0,63.0,0,EVT004811,[]
12167,NGP,1.0,0,0,1.0,0,EVT004812,[]
12099,KGP,30.0,2,0,80.9,1,EVT004813,[]
12132,DLI,26.0,0,0,26.0,0,EVT004814,[]
12076,SC,81.0,1,0,157.0,1,EVT004815,[]
12254,NGP,5.0,0,0,5.0,0,EVT004816,[]
12185,RTM,1.0,0,0,1.0,0,EVT004817,[]
12213,CSMT,83.0,6,1,397.9,1,EVT004818,[]
12144,MS,5.0,0,0,5.0,0,EVT004819,[]
12172,VSKP,28.0,2,0,75.2,1,EVT004820,[]
12316,MS,27.0,4,0,105.0,1,EVT004821,[]
12068,NGP,33.0,1,0,63.4,0,EVT004822,[]
12049,ST,57.0,0,0,57.0,0,EVT004823,[]
12083,VSKP,34.0,3,0,116.1,1,EVT004824,[]
12319,HYB,1.0,0,0,1.0,0,EVT004825,[]
12150,BPL,1.0,0,0,1.0,0,EVT004826,[]
12240,KGP,1.0,0,0,1.0,0,EVT004827,[]
12269,SC,14.0,1,0,26.4,1,EVT004828,[]
12103,SDAH,23.0,3,0,75.3,1,EVT004829,[]
12119,BZA,61.0,7,2,263.8,1,EVT004830,[]
12273,BPL,65.0,4,1,234.9,1,EVT004831,[]
12249,KGP,21.0,2,0,55.2,1,EVT004832,[]
12285,JBP,1.0,0,0,1.0,0,EVT004833,[]
12104,KGP,1.0,0,0,1.0,0,EVT004834,[]
12040,JP,46.0,6,1,184.0,1,EVT004835,[]
12025,JP,49.0,2,0,135.1,1,EVT004836,[]
12176,BPL,24.0,1,0,45.8,1,EVT004837,[]
12072,MLDT,1.0,0,0,1.0,0,EVT004838,[]
12173,MYS,48.0,6,1,213.3,1,EVT004839,[]
12297,R,28.0,5,0,122.6,1,EVT004840,[]
12037,PNBE,47.0,5,1,129.9,1,EVT004841,[]
12057,KGP,45.0,5,1,137.6,1,EVT004842,[]
12175,JP,13.0,3,0,38.2,1,EVT004843,[]
12307,BCT,1.0,0,0,1.0,0,EVT004844,[]
12240,ERS,12.0,2,0,29.6,1,EVT004845,[]
12291,NJP,13.0,0,0,13.0,0,EVT004846,[]
12170,DLI,32.0,5,1,111.8,1,EVT004847,[]
12230,JU,32.0,0,0,32.0,0,EVT004848,[]
12311,KGP,43.0,1,0,82.9,0,EVT004849,[]
12222,JBP,49.0,1,0,94.6,0,EVT004850,[]
12041,PNBE,27.0,1,0,51.7,1,EVT004851,[]
12029,BPL,1.0,0,0,1.0,0,EVT004852,[]
12130,CTC,43.0,0,0,43.0,0,EVT004853,[]
12319,KGP,49.0,3,0,171.7,1,EVT004854,[]
12040,JP,18.0,2,0,46.7,1,EVT004855,[]
12096,BPL,8.0,1,0,14.6,1,EVT004856,[]
12266,COR,33.0,5,1,108.7,1,EVT004857,[]
12029,BPL,1.0,0,0,1.0,0,EVT004858,[]
12296,AGC,34.0,4,1,92.3,1,EVT004859,[]
12240,ERS,55.0,2,0,152.2,1,EVT004860,[]
12135,DURG,52.0,8,1,232.0,1,EVT004861,[]
12031,LDH,13.0,0,0,13.0,0,EVT004862,[]
12082,GHY,39.0,3,0,134.6,1,EVT004863,[]
12084,DLI,11.0,0,0,11.0,0,EVT004864,[]
12113,CBE,37.0,5,0,170.3,1,EVT004865,[]
12096,SBC,57.0,2,0,157.9,1,EVT004866,[]
12151,HYB,3.0,0,0,3.0,0,EVT004867,[]
12130,KYN,1.0,0,0,1.0,0,EVT004868,[]
12207,DLI,22.0,1,0,42.0,1,EVT004869,[]
12256,NDLS,46.0,3,0,160.6,1,EVT004870,[]
12137,MAS,48.0,2,0,132.3,1,EVT004871,[]
12171,PNBE,21.0,1,0,40.0,0,EVT004872,[]
12114,BPL,13.0,1,0,24.4,1,EVT004873,[]
12218,UBL,26.0,1,0,49.8,0,EVT004874,[]
12071,JP,32.0,3,0,108.6,1,EVT004875,[]
12015,MS,1.0,0,0,1.0,0,EVT004876,[]
12048,ADI,42.0,0,0,42.0,0,EVT004877,[]
12227,BZA,24.0,1,0,45.8,1,EVT004878,[]
12004,BCT,24.0,1,0,45.8,0,EVT004879,[]
12277,NDLS,49.0,1,0,94.6,0,EVT004880,[]
12106,MAS,44.0,2,1,79.0,1,EVT004881,[]
12107,SC,28.0,2,0,75.2,1,EVT004882,[]
12290,HWH,64.0,7,1,308.7,1,EVT004883,[]
12185,BBS,12.0,1,0,22.4,1,EVT004884,[]
12108,MAS,9.0,0,0,9.0,0,EVT004885,[]
12244,UBL,14.0,4,0,46.2,1,EVT004886,[]
12066,NGP,14.0,0,0,14.0,0,EVT004887,[]
12249,KGP,8.0,1,0,13.7,1,EVT004888,[]
12145,JU,57.0,0,0,57.0,0,EVT004889,[]
12065,NDLS,18.0,1,0,34.1,0,EVT004890,[]
12253,GKP,1.0,0,0,1.0,0,EVT004891,[]
12027,RTM,29.0,2,0,78.1,1,EVT004892,[]
12233,MLDT,40.0,4,0,163.9,1,EVT004893,[]
12207,DLI,56.0,1,0,108.2,1,EVT004894,[]
12209,JHS,21.0,0,0,21.0,0,EVT004895,[]
12206,MAS,1.0,0,0,1.0,0,EVT004896,[]
12172,SDAH,45.0,4,1,88.9,1,EVT004897,[]
12277,NGP,25.0,3,0,82.7,1,EVT004898,[]
12319,KGP,12.0,3,0,34.4,1,EVT004899,[]
12225,MAS,43.0,0,0,43.0,0,EVT004900,[]
12256,NDLS,1.0,0,0,1.0,0,EVT004901,[]
12098,MLDT,26.0,1,0,49.8,1,EVT004902,[]
12269,HYB,6.0,0,0,6.0,0,EVT004903,[]
12117,HWH,33.0,4,1,87.7,1,EVT004904,[]
12070,COR,64.0,5,1,200.0,1,EVT004905,[]
12243,DLI,5.0,0,0,5.0,0,EVT004906,[]
12242,BZA,48.0,5,1,189.2,1,EVT004907,[]
12107,MYS,25.0,0,0,25.0,0,EVT004908,[]
12176,JBP,1.0,0,0,1.0,0,EVT004909,[]
12149,CTC,59.0,4,1,98.4,1,EVT004910,[]
12200,SBC,25.0,1,0,47.8,0,EVT004911,[]
12221,MFP,18.0,5,0,68.7,1,EVT004912,[]
12237,ROU,39.0,2,0,106.6,1,EVT004913,[]
12319,SC,1.0,0,0,1.0,0,EVT004914,[]
12062,UMB,43.0,4,1,147.4,1,EVT004915,[]
12200,PRYJ,51.0,4,0,213.6,1,EVT004916,[]
12193,MAS,77.0,3,0,275.6,1,EVT004917,[]
12231,GHY,54.0,2,1,109.5,1,EVT004918,[]
12217,MAS,17.0,2,0,43.8,1,EVT004919,[]
12306,MAO,57.0,3,0,201.4,1,EVT004920,[]
12319,HYB,10.0,0,0,10.0,0,EVT004921,[]
12121,KYN,6.0,0,0,6.0,0,EVT004922,[]
12205,MAS,47.0,3,0,164.3,1,EVT004923,[]
12251,BSP,35.0,1,0,67.3,0,EVT004924,[]
12313,GHY,39.0,4,0,159.3,1,EVT004925,[]
12017,UMB,57.0,0,0,57.0,0,EVT004926,[]
12010,SC,1.0,0,0,1.0,0,EVT004927,[]
12067,KGP,1.0,0,0,1.0,0,EVT004928,[]
12027,RTM,30.0,2,0,80.9,1,EVT004929,[]
12075,BPL,1.0,0,0,1.0,0,EVT004930,[]
12075,COR,12.0,2,0,29.6,1,EVT004931,[]
12084,DLI,6.0,0,0,6.0,0,EVT004932,[]
12101,KGP,17.0,1,0,32.2,1,EVT004933,[]
12123,CSMT,19.0,1,0,36.1,0,EVT004934,[]
12048,BZA,58.0,3,0,205.1,1,EVT004935,[]
12235,CSMT,39.0,5,1,150.2,1,EVT004936,[]
12262,HWH,43.0,4,0,177.4,1,EVT004937,[]
12074,MS,44.0,0,0,44.0,0,EVT004938,[]
12244,MAO,49.0,5,1,213.4,1,EVT004939,[]
12243,PRYJ,45.0,2,0,123.7,1,EVT004940,[]
12244,MAO,10.0,2,0,22.9,1,EVT004941,[]
12071,KYN,1.0,0,0,1.0,0,EVT004942,[]
12061,NDLS,79.0,10,2,441.2,1,EVT004943,[]
12172,MAS,1.0,0,0,1.0,0,EVT004944,[]
12065,MFP,14.0,4,0,46.2,1,EVT004945,[]
12126,NGP,48.0,1,0,92.7,1,EVT004946,[]
12261,RTM,47.0,0,0,47.0,0,EVT004947,[]
12124,BZA,1.0,0,0,1.0,0,EVT004948,[]
12282,BCT,36.0,1,0,69.2,1,EVT004949,[]
12030,CTC,50.0,0,0,50.0,0,EVT004950,[]
12080,PNBE,80.0,1,0,155.1,1,EVT004951,[]
12258,BCT,3.0,0,0,3.0,0,EVT004952,[]
12284,NDLS,8.0,1,0,14.6,1,EVT004953,[]
12092,JU,85.0,0,0,85.0,0,EVT004954,[]
12025,AII,13.0,3,0,38.2,1,EVT004955,[]
12292,VSKP,9.0,1,0,15.6,1,EVT004956,[]
12304,MAS,50.0,1,0,96.5,1,EVT004957,[]
12119,BZA,33.0,4,1,87.7,1,EVT004958,[]
12120,BBS,27.0,1,0,51.7,0,EVT004959,[]
12042,ROU,35.0,2,0,95.2,1,EVT004960,[]
12267,GHY,29.0,1,0,55.6,1,EVT004961,[]
12197,SC,44.0,2,0,120.9,1,EVT004962,[]
12272,PRYJ,64.0,0,0,64.0,0,EVT004963,[]
12103,SDAH,30.0,3,0,101.2,1,EVT004964,[]
12009,BBS,33.0,5,0,149.1,1,EVT004965,[]
12230,TVC,33.0,2,0,89.5,1,EVT004966,[]
12267,GHY,1.0,0,0,1.0,0,EVT004967,[]
12244,JP,44.0,3,1,132.8,1,EVT004968,[]
12119,BPL,49.0,6,2,200.4,1,EVT004969,[]
12261,RTM,44.0,0,0,44.0,0,EVT004970,[]
12123,SC,34.0,2,0,92.3,1,EVT004971,[]
12229,NJP,62.0,2,0,172.2,1,EVT004972,[]
12236,MDU,41.0,0,0,41.0,0,EVT004973,[]
12068,BPL,4.0,0,0,4.0,0,EVT004974,[]
12243,PRYJ,35.0,2,0,95.2,1,EVT004975,[]
12119,BPL,16.0,1,0,30.2,1,EVT004976,[]
12295,BSP,14.0,4,0,46.2,1,EVT004977,[]
12052,NDLS,66.0,7,1,284.1,1,EVT004978,[]
12292,VSKP,70.0,3,0,249.6,1,EVT004979,[]
12001,BCT,24.0,3,0,79.0,1,EVT004980,[]
12099,KGP,59.0,2,0,163.6,1,EVT004981,[]
12064,COR,90.0,6,1,440.7,1,EVT004982,[]
12297,BSP,6.0,0,0,6.0,0,EVT004983,[]
12119,BZA,34.0,4,1,92.3,1,EVT004984,[]
12177,MLDT,12.0,1,0,22.4,1,EVT004985,[]
12263,MAS,60.0,1,0,116.0,1,EVT004986,[]
12214,GHY,6.0,0,0,6.0,0,EVT004987,[]
12246,LDH,83.0,5,1,166.8,1,EVT004988,[]
12234,PRYJ,26.0,1,0,49.8,1,EVT004989,[]
12180,NJP,31.0,3,0,104.9,1,EVT004990,[]
12285,ADI,40.0,2,0,109.4,1,EVT004991,[]
12241,BZA,22.0,3,0,71.5,1,EVT004992,[]
12062,NDLS,46.0,3,1,130.8,1,EVT004993,[]
12097,DD,1.0,0,0,1.0,0,EVT004994,[]
12286,JP,35.0,1,0,67.3,0,EVT004995,[]
12271,GKP,59.0,0,0,59.0,0,EVT004996,[]
12101,KGP,19.0,1,0,36.1,1,EVT004997,[]
12052,NDLS,15.0,2,0,38.1,1,EVT004998,[]
12096,SBC,24.0,2,0,63.8,1,EVT004999,[]
12315,MYS,67.0,10,1,430.8,1,EVT005000,[]
12266,SBC,17.0,3,0,53.0,1,EVT005001,[]
12082,MLDT,11.0,1,0,20.5,0,EVT005002,[]
12257,SBC,26.0,3,1,75.0,1,EVT005003,[]
12175,BZA,29.0,0,0,29.0,0,EVT005004,[]
12236,HWH,8.0,1,0,13.7,1,EVT005005,[]
12245,NDLS,42.0,0,0,42.0,0,EVT005006,[]
12276,MYS,40.0,4,0,163.9,1,EVT005007,[]
12216,COR,38.0,2,0,103.7,1,EVT005008,[]
12293,SC,49.0,1,0,94.6,0,EVT005009,[]
12004,ADI,32.0,0,0,32.0,0,EVT005010,[]
12055,MS,27.0,4,0,105.0,1,EVT005011,[]
12296,PRYJ,1.0,0,0,1.0,0,EVT005012,[]
12258,ST,20.0,0,0,20.0,0,EVT005013,[]
12162,MDU,30.0,4,0,118.6,1,EVT005014,[]
12076,SC,64.0,1,0,123.8,1,EVT005015,[]
12034,CSMT,61.0,5,1,241.1,1,EVT005016,[]
12315,HWH,18.0,1,0,34.1,0,EVT005017,[]
12210,JP,1.0,0,0,1.0,0,EVT005018,[]
12106,ERS,97.0,3,1,312.5,1,EVT005019,[]
12102,BBS,15.0,0,0,15.0,0,EVT005020,[]
12254,BPL,49.0,4,0,204.6,1,EVT005021,[]
12276,TVC,72.0,3,1,99.6,1,EVT005022,[]
12181,NJP,52.0,1,1,58.8,1,EVT005023,[]
12232,BZA,5.0,0,0,5.0,0,EVT005024,[]
12115,NGP,16.0,1,0,30.2,1,EVT005025,[]
12015,MAS,59.0,5,1,194.3,1,EVT005026,[]
12095,KYN,34.0,0,0,34.0,0,EVT005027,[]
12102,KYN,78.0,1,0,151.1,1,EVT005028,[]
12056,JP,55.0,2,0,152.2,1,EVT005029,[]
12053,NDLS,97.0,10,1,599.0,1,EVT005030,[]
12152,JP,51.0,7,1,203.9,1,EVT005031,[]
12159,JP,31.0,1,0,59.5,0,EVT005032,[]
12173,MYS,12.0,2,0,28.6,1,EVT005033,[]
12168,BPL,43.0,1,0,82.9,0,EVT005034,[]
12042,DURG,50.0,0,0,50.0,0,EVT005035,[]
12238,LDH,63.0,4,0,267.9,1,EVT005036,[]
12121,PUNE,32.0,1,0,61.5,0,EVT005037,[]
12083,BBS,29.0,2,0,78.1,1,EVT005038,[]
12147,KYN,20.0,1,0,38.0,1,EVT005039,[]
12151,HYB,82.0,0,0,82.0,0,EVT005040,[]
12247,PRYJ,64.0,1,0,123.8,0,EVT005041,[]
12270,GHY,34.0,0,0,34.0,0,EVT005042,[]
12074,SC,33.0,2,0,89.5,1,EVT005043,[]
12112,UMB,54.0,6,1,232.2,1,EVT005044,[]
12288,ERS,13.0,3,0,37.2,1,EVT005045,[]
12240,ERS,55.0,2,0,152.2,1,EVT005046,[]
12304,KGP,1.0,0,0,1.0,0,EVT005047,[]
12291,MLDT,13.0,1,0,24.4,1,EVT005048,[]
12257,SBC,21.0,2,0,55.2,1,EVT005049,[]
12231,NJP,32.0,2,0,86.6,1,EVT005050,[]
12263,KGP,39.0,0,0,39.0,0,EVT005051,[]
12003,BCT,54.0,1,0,104.3,0,EVT005052,[]
12062,UMB,25.0,2,0,66.7,1,EVT005053,[]
12170,ASR,1.0,0,0,1.0,0,EVT005054,[]
12100,SDAH,70.0,8,1,388.5,1,EVT005055,[]
12284,SDAH,48.0,0,0,48.0,0,EVT005056,[]
12208,PRYJ,26.0,1,0,49.8,0,EVT005057,[]
12281,UMB,44.0,2,0,120.9,0,EVT005058,[]
12118,TVC,85.0,1,0,164.8,1,EVT005059,[]
12257,MAS,1.0,0,0,1.0,0,EVT005060,[]
12144,MS,33.0,1,0,63.4,0,EVT005061,[]
12229,ADI,44.0,0,0,44.0,0,EVT005062,[]
12015,MS,23.0,0,0,23.0,0,EVT005063,[]
12140,MAS,12.0,2,0,29.6,1,EVT005064,[]
12067,ROU,46.0,3,0,160.6,1,EVT005065,[]
12120,BCT,68.0,6,1,300.2,1,EVT005066,[]
12117,HWH,22.0,1,1,28.8,1,EVT005067,[]
12092,JP,18.0,1,0,34.1,0,EVT005068,[]
12031,UMB,61.0,1,0,118.0,0,EVT005069,[]
12197,SBC,57.0,3,0,201.4,1,EVT005070,[]
12236,MAS,50.0,1,0,96.5,0,EVT005071,[]
12105,BBS,54.0,7,1,246.3,1,EVT005072,[]
12279,HYB,55.0,7,1,282.5,1,EVT005073,[]
12136,CSMT,3.0,0,0,3.0,0,EVT005074,[]
12150,NGP,42.0,2,0,115.2,1,EVT005075,[]
12045,BSP,83.0,1,0,160.9,1,EVT005076,[]
12153,SC,48.0,4,1,174.5,1,EVT005077,[]
12004,ADI,50.0,0,0,50.0,0,EVT005078,[]
12102,KYN,34.0,1,0,65.3,1,EVT005079,[]
12309,KGP,1.0,0,0,1.0,0,EVT005080,[]
12304,UBL,46.0,4,0,191.0,1,EVT005081,[]
12132,DLI,37.0,0,0,37.0,0,EVT005082,[]
12038,MAS,18.0,1,0,34.1,0,EVT005083,[]
12015,SC,21.0,2,0,55.2,1,EVT005084,[]
12139,SC,10.0,2,0,22.9,1,EVT005085,[]
12284,SDAH,31.0,0,0,31.0,0,EVT005086,[]
12247,AGC,67.0,0,0,67.0,0,EVT005087,[]
12072,ADI,5.0,0,0,5.0,0,EVT005088,[]
12074,MYS,16.0,4,0,55.3,1,EVT005089,[]
12236,MDU,53.0,0,0,53.0,0,EVT005090,[]
12272,MAS,7.0,0,0,7.0,0,EVT005091,[]
12222,R,29.0,3,0,97.5,1,EVT005092,[]
12297,JBP,10.0,2,0,22.9,1,EVT005093,[]
12149,CSMT,25.0,3,0,82.7,1,EVT005094,[]
12197,MS,34.0,0,0,34.0,0,EVT005095,[]
12287,BBS,4.0,0,0,4.0,0,EVT005096,[]
12172,VSKP,59.0,6,1,227.3,1,EVT005097,[]
12232,MAS,11.0,2,0,26.7,1,EVT005098,[]
12162,KYN,4.0,0,0,4.0,0,EVT005099,[]
12173,SBC,47.0,6,1,188.6,1,EVT005100,[]
12237,ROU,112.0,7,2,554.7,1,EVT005101,[]
12155,NGP,41.0,5,1,115.7,1,EVT005102,[]
12150,NGP,62.0,2,0,172.2,1,EVT005103,[]
12220,KGP,75.0,2,0,209.3,1,EVT005104,[]
12105,KYN,24.0,1,0,45.8,1,EVT005105,[]
12086,VSKP,49.0,1,0,94.6,1,EVT005106,[]
12126,DLI,42.0,2,0,115.2,1,EVT005107,[]
12252,BPL,27.0,2,0,72.4,1,EVT005108,[]
12129,JP,38.0,5,1,135.6,1,EVT005109,[]
12043,BBS,6.0,0,0,6.0,0,EVT005110,[]
12191,COR,47.0,3,0,164.3,1,EVT005111,[]
12284,VSKP,1.0,0,0,1.0,0,EVT005112,[]
12281,UMB,27.0,2,0,72.4,0,EVT005113,[]
12284,SDAH,58.0,0,0,58.0,0,EVT005114,[]
12237,BSP,22.0,1,0,42.0,1,EVT005115,[]
12055,MAS,17.0,3,0,53.0,1,EVT005116,[]
12310,COR,35.0,0,0,35.0,0,EVT005117,[]
12034,CSMT,21.0,1,0,40.0,0,EVT005118,[]
12117,BPL,14.0,4,0,46.2,1,EVT005119,[]
12212,SDAH,64.0,8,1,365.6,1,EVT005120,[]
12244,UBL,32.0,4,0,127.7,1,EVT005121,[]
12182,RTM,27.0,2,0,72.4,1,EVT005122,[]
12245,DLI,5.0,0,0,5.0,0,EVT005123,[]
12148,JBP,32.0,1,0,61.5,1,EVT005124,[]
12104,MAS,1.0,0,0,1.0,0,EVT005125,[]
12098,HYB,43.0,6,0,223.6,1,EVT005126,[]
12188,BSP,21.0,2,0,55.2,1,EVT005127,[]
12246,LDH,35.0,0,0,35.0,0,EVT005128,[]
12234,NDLS,1.0,0,0,1.0,0,EVT005129,[]
12036,KGP,1.0,0,0,1.0,0,EVT005130,[]
12174,BBS,1.0,0,0,1.0,0,EVT005131,[]
12181,GHY,59.0,4,1,136.4,1,EVT005132,[]
12265,KGP,14.0,1,0,26.4,0,EVT005133,[]
12275,PURI,34.0,0,0,34.0,0,EVT005134,[]
12052,PUNE,30.0,0,0,30.0,0,EVT005135,[]
12167,ST,1.0,0,0,1.0,0,EVT005136,[]
12285,ADI,21.0,2,0,55.2,1,EVT005137,[]
12306,DLI,62.0,0,0,62.0,0,EVT005138,[]
12184,BWN,30.0,5,0,133.2,1,EVT005139,[]
12165,NGP,66.0,5,1,178.0,1,EVT005140,[]
12310,COR,2.0,0,0,2.0,0,EVT005141,[]
12238,DLI,57.0,2,0,157.9,1,EVT005142,[]
12298,SUR,1.0,0,0,1.0,0,EVT005143,[]
12262,NDLS,26.0,2,0,69.5,1,EVT005144,[]
12103,VSKP,25.0,1,0,47.8,1,EVT005145,[]
12265,MDU,1.0,0,0,1.0,0,EVT005146,[]
12178,MAS,1.0,0,0,1.0,0,EVT005147,[]
12243,NDLS,66.0,1,0,127.8,0,EVT005148,[]
12012,UBL,62.0,5,1,155.5,1,EVT005149,[]
12192,GHY,14.0,0,0,14.0,0,EVT005150,[]
12025,JP,9.0,2,0,21.0,1,EVT005151,[]
12267,ADI,72.0,2,0,200.7,1,EVT005152,[]
12088,VSKP,32.0,3,1,92.6,1,EVT005153,[]
12202,VSKP,86.0,4,1,331.4,1,EVT005154,[]
12203,ASR,64.0,5,0,313.4,1,EVT005155,[]
12315,SBC,30.0,5,0,133.2,1,EVT005156,[]
12166,BCT,52.0,7,1,246.6,1,EVT005157,[]
12092,JU,38.0,0,0,38.0,0,EVT005158,[]
12122,UMB,14.0,3,0,40.9,1,EVT005159,[]
12061,NDLS,1.0,0,0,1.0,0,EVT005160,[]
12086,MAS,30.0,0,0,30.0,0,EVT005161,[]
12304,KGP,39.0,0,0,39.0,0,EVT005162,[]
12230,TVC,21.0,2,0,55.2,1,EVT005163,[]
12202,PRYJ,75.0,6,1,378.9,1,EVT005164,[]
12071,CSMT,39.0,2,1,81.0,0,EVT005165,[]
12114,BPL,20.0,1,0,38.0,1,EVT005166,[]
12197,MS,1.0,0,0,1.0,0,EVT005167,[]
12013,MDU,29.0,0,0,29.0,0,EVT005168,[]
12209,BPL,81.0,9,2,454.8,1,EVT005169,[]
12033,SC,22.0,1,0,42.0,1,EVT005170,[]
12081,BBS,33.0,2,1,46.2,1,EVT005171,[]
12143,MAS,40.0,3,0,138.3,1,EVT005172,[]
12172,NDLS,7.0,1,0,12.7,1,EVT005173,[]
12010,SC,25.0,2,0,66.7,1,EVT005174,[]
12072,ADI,31.0,0,0,31.0,0,EVT005175,[]
12008,UBL,2.0,0,0,2.0,0,EVT005176,[]
12149,CTC,40.0,0,0,40.0,0,EVT005177,[]
12171,PUNE,30.0,3,0,101.2,1,EVT005178,[]
12216,LDH,20.0,0,0,20.0,0,EVT005179,[]
12273,JHS,21.0,1,0,40.0,1,EVT005180,[]
12031,UMB,10.0,1,0,18.5,0,EVT005181,[]
12103,VSKP,1.0,0,0,1.0,0,EVT005182,[]
12014,NJP,41.0,5,0,191.5,1,EVT005183,[]
12071,JP,34.0,3,0,116.1,1,EVT005184,[]
12276,MAS,16.0,1,0,30.2,0,EVT005185,[]
12213,SC,35.0,5,1,83.7,1,EVT005186,[]
12106,ERS,22.0,1,0,42.0,0,EVT005187,[]
12203,NDLS,19.0,4,0,68.8,1,EVT005188,[]
12255,HWH,9.0,0,0,9.0,0,EVT005189,[]
12014,GHY,16.0,4,0,55.3,1,EVT005190,[]
12183,PRYJ,12.0,3,0,34.4,1,EVT005191,[]
12276,SC,43.0,2,0,118.0,1,EVT005192,[]
12203,PRYJ,49.0,3,0,171.7,1,EVT005193,[]
12170,CSMT,32.0,5,1,121.8,1,EVT005194,[]
12023,DLI,3.0,0,0,3.0,0,EVT005195,[]
12230,TVC,20.0,2,0,52.4,1,EVT005196,[]
12184,BWN,33.0,5,0,149.1,1,EVT005197,[]
12189,HWH,1.0,0,0,1.0,0,EVT005198,[]
12094,JP,44.0,1,0,84.8,0,EVT005199,[]
12297,BSP,29.0,4,0,114.1,1,EVT005200,[]
12166,BCT,19.0,1,0,36.1,0,EVT005201,[]
12056,TVC,66.0,1,0,127.8,0,EVT005202,[]
12287,BCT,13.0,2,0,32.4,1,EVT005203,[]
12313,GHY,19.0,4,0,68.8,1,EVT005204,[]
12115,NGP,51.0,1,0,98.5,1,EVT005205,[]
12271,GKP,53.0,0,0,53.0,0,EVT005206,[]
12019,PNBE,25.0,3,1,60.7,1,EVT005207,[]
12082,GHY,35.0,3,0,119.8,1,EVT005208,[]
12244,MYS,22.0,5,0,90.8,1,EVT005209,[]
12299,JHS,47.0,3,0,164.3,1,EVT005210,[]
12018,BWN,15.0,4,0,49.8,1,EVT005211,[]
12270,PNBE,42.0,2,0,115.2,1,EVT005212,[]
12094,COR,5.0,0,0,5.0,0,EVT005213,[]
12116,NGP,47.0,5,0,223.3,1,EVT005214,[]
12204,KGP,1.0,0,0,1.0,0,EVT005215,[]
12234,NDLS,12.0,0,0,12.0,0,EVT005216,[]
12150,SBC,16.0,0,0,16.0,0,EVT005217,[]
12197,MAS,13.0,1,0,24.4,0,EVT005218,[]
12117,SDAH,25.0,3,1,60.7,1,EVT005219,[]
12298,CSMT,18.0,1,0,34.1,0,EVT005220,[]
12249,KGP,6.0,0,0,6.0,0,EVT005221,[]
12149,BBS,35.0,1,0,67.3,0,EVT005222,[]
12017,LDH,1.0,0,0,1.0,0,EVT005223,[]
12052,NDLS,12.0,2,0,29.6,1,EVT005224,[]
12318,JBP,57.0,3,0,201.4,1,EVT005225,[]
12145,COR,8.0,1,0,13.7,1,EVT005226,[]
12126,DLI,36.0,2,0,98.0,1,EVT005227,[]
12055,MS,8.0,1,0,13.7,0,EVT005228,[]
12297,R,33.0,5,0,149.1,1,EVT005229,[]
12272,MS,53.0,4,0,222.7,1,EVT005230,[]
12224,NJP,1.0,0,0,1.0,0,EVT005231,[]
12233,HWH,13.0,3,0,38.2,1,EVT005232,[]
12292,SC,19.0,1,0,36.1,0,EVT005233,[]
12096,JHS,18.0,0,0,18.0,0,EVT005234,[]
12222,JBP,42.0,1,0,80.9,0,EVT005235,[]
12238,KYN,46.0,0,0,46.0,0,EVT005236,[]
12181,NJP,4.0,0,0,4.0,0,EVT005237,[]
12053,DHN,51.0,7,1,138.1,1,EVT005238,[]
12113,MAS,53.0,8,1,256.0,1,EVT005239,[]
12159,COR,4.0,0,0,4.0,0,EVT005240,[]
12038,ERS,14.0,0,0,14.0,0,EVT005241,[]
12134,VSKP,13.0,2,0,32.4,0,EVT005242,[]
12043,MAS,72.0,6,1,308.6,1,EVT005243,[]
12166,BCT,62.0,7,1,315.0,1,EVT005244,[]
12069,NDLS,24.0,1,0,45.8,0,EVT005245,[]
12092,JP,14.0,1,0,26.4,0,EVT005246,[]
12222,JBP,9.0,1,0,16.6,0,EVT005247,[]
12312,BBS,11.0,2,0,25.8,1,EVT005248,[]
12303,HWH,37.0,1,0,71.2,0,EVT005249,[]
12028,BPL,7.0,0,0,7.0,0,EVT005250,[]
12002,BSP,1.0,0,0,1.0,0,EVT005251,[]
12126,DLI,16.0,2,0,41.0,1,EVT005252,[]
12231,MLDT,15.0,3,0,45.6,1,EVT005253,[]
12285,NJP,25.0,0,0,25.0,0,EVT005254,[]
12010,BSL,30.0,4,0,118.6,1,EVT005255,[]
12225,NDLS,2.0,0,0,2.0,0,EVT005256,[]
12259,BSL,27.0,4,1,60.1,1,EVT005257,[]
12248,HWH,44.0,2,0,120.9,1,EVT005258,[]
12086,VSKP,1.0,0,0,1.0,0,EVT005259,[]
12285,JBP,8.0,1,0,13.7,1,EVT005260,[]
12041,JHS,1.0,0,0,1.0,0,EVT005261,[]
12292,SC,61.0,1,0,118.0,0,EVT005262,[]
12024,SC,8.0,1,0,14.6,1,EVT005263,[]
12138,ADI,6.0,0,0,6.0,0,EVT005264,[]
12275,ASR,7.0,0,0,7.0,0,EVT005265,[]
12070,BPL,51.0,3,0,179.1,1,EVT005266,[]
12018,BBS,73.0,0,0,73.0,0,EVT005267,[]
12109,TATA,11.0,2,0,25.8,1,EVT005268,[]
12315,KGP,36.0,4,1,114.5,1,EVT005269,[]
12282,CTC,56.0,3,0,197.7,1,EVT005270,[]
12278,RTM,37.0,4,0,150.3,1,EVT005271,[]
12053,PRYJ,21.0,2,0,55.2,1,EVT005272,[]
12255,MAS,17.0,2,0,43.8,1,EVT005273,[]
12182,ST,5.0,0,0,5.0,0,EVT005274,[]
12084,DLI,87.0,6,1,431.3,1,EVT005275,[]
12233,NJP,27.0,5,0,117.3,1,EVT005276,[]
12258,BCT,4.0,0,0,4.0,0,EVT005277,[]
12276,TVC,38.0,0,0,38.0,0,EVT005278,[]
12118,MS,33.0,3,0,112.4,1,EVT005279,[]
12036,KGP,33.0,3,1,96.3,1,EVT005280,[]
12089,R,65.0,5,1,135.6,1,EVT005281,[]
12302,MAS,29.0,2,1,62.0,1,EVT005282,[]
12076,SBC,27.0,0,0,27.0,0,EVT005283,[]
12258,BCT,8.0,1,0,14.6,0,EVT005284,[]
12165,BCT,48.0,0,0,48.0,0,EVT005285,[]
12210,KYN,62.0,1,0,119.9,1,EVT005286,[]
12057,MAS,62.0,6,1,269.4,1,EVT005287,[]
12006,GKP,4.0,0,0,4.0,0,EVT005288,[]
12074,MYS,18.0,4,0,64.3,1,EVT005289,[]
12214,KYN,28.0,4,0,109.6,1,EVT005290,[]
12003,BBS,7.0,0,0,7.0,0,EVT005291,[]
12133,JBP,40.0,0,0,40.0,0,EVT005292,[]
12080,PRYJ,1.0,0,0,1.0,0,EVT005293,[]
12296,AGC,36.0,4,1,101.5,1,EVT005294,[]
12054,NDLS,1.0,0,0,1.0,0,EVT005295,[]
12124,SBC,48.0,4,1,120.7,1,EVT005296,[]
12129,AII,65.0,6,1,317.9,1,EVT005297,[]
12218,MYS,32.0,0,0,32.0,0,EVT005298,[]
12176,JHS,19.0,0,0,19.0,0,EVT005299,[]
12243,PRYJ,33.0,2,0,89.5,1,EVT005300,[]
12089,NGP,30.0,1,0,57.5,1,EVT005301,[]
12148,JBP,17.0,1,0,32.2,1,EVT005302,[]
12162,TPJ,5.0,0,0,5.0,0,EVT005303,[]
12232,MAS,52.0,2,0,143.7,1,EVT005304,[]
12074,MAS,26.0,1,0,49.8,0,EVT005305,[]
12256,DLI,30.0,2,0,80.9,1,EVT005306,[]
12103,VSKP,40.0,1,0,77.0,1,EVT005307,[]
12123,CSMT,1.0,0,0,1.0,0,EVT005308,[]
12162,KYN,61.0,3,1,139.7,1,EVT005309,[]
12074,MS,5.0,0,0,5.0,0,EVT005310,[]
12058,BBS,14.0,0,0,14.0,0,EVT005311,[]
12018,SDAH,33.0,3,0,112.4,1,EVT005312,[]
12148,JBP,1.0,0,0,1.0,0,EVT005313,[]
12037,CBE,46.0,4,0,191.0,1,EVT005314,[]
12294,DHN,1.0,0,0,1.0,0,EVT005315,[]
12265,TATA,1.0,0,0,1.0,0,EVT005316,[]
12261,SDAH,38.0,3,0,130.9,1,EVT005317,[]
12021,MYS,14.0,0,0,14.0,0,EVT005318,[]
12247,VSKP,14.0,3,0,41.9,1,EVT005319,[]
12124,SBC,37.0,4,1,70.1,1,EVT005320,[]
12317,MAS,33.0,2,0,89.5,1,EVT005321,[]
12175,BPL,61.0,1,0,118.0,1,EVT005322,[]
12192,GHY,83.0,7,2,361.1,1,EVT005323,[]
12179,PRYJ,19.0,4,0,68.8,1,EVT005324,[]
12026,NDLS,40.0,5,1,110.3,1,EVT005325,[]
12192,GHY,11.0,0,0,11.0,0,EVT005326,[]
12189,SDAH,1.0,0,0,1.0,0,EVT005327,[]
12274,VSKP,65.0,7,1,343.2,1,EVT005328,[]
12140,HWH,44.0,3,1,105.8,1,EVT005329,[]
12095,KYN,52.0,7,1,145.0,1,EVT005330,[]
12077,BBS,1.0,0,0,1.0,0,EVT005331,[]
12125,PNBE,37.0,4,1,70.1,1,EVT005332,[]
12102,KYN,1.0,0,0,1.0,0,EVT005333,[]
12027,RTM,47.0,6,1,190.1,1,EVT005334,[]
12224,GHY,20.0,1,0,38.0,0,EVT005335,[]
12140,HWH,48.0,3,1,120.8,1,EVT005336,[]
12175,BPL,5.0,0,0,5.0,0,EVT005337,[]
12224,JBP,3.0,0,0,3.0,0,EVT005338,[]
12298,SUR,24.0,0,0,24.0,0,EVT005339,[]
12085,MLDT,20.0,1,0,38.0,0,EVT005340,[]
12293,BSP,5.0,0,0,5.0,0,EVT005341,[]
12213,BCT,11.0,2,0,25.8,1,EVT005342,[]
12172,NDLS,21.0,1,0,40.0,1,EVT005343,[]
12186,ASN,36.0,0,0,36.0,0,EVT005344,[]
12026,PRYJ,55.0,6,1,220.9,1,EVT005345,[]
12095,KYN,34.0,0,0,34.0,0,EVT005346,[]
12139,BZA,31.0,4,1,111.8,1,EVT005347,[]
12311,KGP,36.0,1,0,69.2,0,EVT005348,[]
12216,COR,55.0,2,0,152.2,1,EVT005349,[]
12269,MAS,52.0,0,0,52.0,0,EVT005350,[]
12101,PNBE,11.0,0,0,11.0,0,EVT005351,[]
12214,BBS,1.0,0,0,1.0,0,EVT005352,[]
12167,BCT,34.0,2,0,92.3,1,EVT005353,[]
12230,TVC,25.0,2,0,66.7,1,EVT005354,[]
12026,PRYJ,85.0,6,1,403.9,1,EVT005355,[]
12278,RTM,7.0,0,0,7.0,0,EVT005356,[]
12166,NGP,14.0,2,0,35.3,1,EVT005357,[]
12135,PRYJ,17.0,1,0,32.2,1,EVT005358,[]
12087,SC,50.0,7,1,241.0,1,EVT005359,[]
12003,KYN,68.0,3,0,242.2,1,EVT005360,[]
12008,UBL,42.0,0,0,42.0,0,EVT005361,[]
12247,VSKP,35.0,3,0,119.8,1,EVT005362,[]
12309,MAS,68.0,1,0,131.7,0,EVT005363,[]
12284,SDAH,58.0,0,0,58.0,0,EVT005364,[]
12194,MFP,1.0,0,0,1.0,0,EVT005365,[]
12124,BZA,92.0,9,2,487.6,1,EVT005366,[]
12233,MAS,17.0,1,0,32.2,0,EVT005367,[]
12204,ROU,3.0,0,0,3.0,0,EVT005368,[]
12167,BCT,23.0,2,0,61.0,1,EVT005369,[]
12202,NDLS,46.0,5,1,178.5,1,EVT005370,[]
12147,KYN,60.0,1,0,116.0,1,EVT005371,[]
12123,SC,13.0,2,0,32.4,1,EVT005372,[]
12001,BBS,34.0,2,0,92.3,1,EVT005373,[]
12069,NDLS,86.0,6,2,300.9,1,EVT005374,[]
12154,NGP,5.0,0,0,5.0,0,EVT005375,[]
12291,MLDT,14.0,1,0,26.4,1,EVT005376,[]
12294,ASN,7.0,1,0,12.7,0,EVT005377,[]
12194,PRYJ,43.0,3,1,123.9,1,EVT005378,[]
12032,COR,44.0,4,1,124.1,1,EVT005379,[]
12088,BBS,33.0,4,1,86.6,1,EVT005380,[]
12104,MAS,36.0,4,1,115.1,1,EVT005381,[]
12025,AII,1.0,0,0,1.0,0,EVT005382,[]
12000,JP,41.0,5,0,191.5,1,EVT005383,[]
12251,PRYJ,42.0,2,0,115.2,1,EVT005384,[]
12078,MDU,22.0,4,0,82.4,1,EVT005385,[]
12261,RTM,9.0,0,0,9.0,0,EVT005386,[]
12059,TVC,8.0,0,0,8.0,0,EVT005387,[]
12116,ASN,32.0,0,0,32.0,0,EVT005388,[]
12007,COR,58.0,5,1,210.3,1,EVT005389,[]
12070,JU,27.0,0,0,27.0,0,EVT005390,[]
12132,MAS,33.0,3,0,112.4,1,EVT005391,[]
12255,KGP,62.0,1,0,119.9,1,EVT005392,[]
12127,MLDT,47.0,1,0,90.7,0,EVT005393,[]
12287,KYN,33.0,0,0,33.0,0,EVT005394,[]
12103,NDLS,75.0,2,0,209.3,1,EVT005395,[]
12274,CTC,64.0,5,1,261.9,1,EVT005396,[]
12113,CBE,6.0,0,0,6.0,0,EVT005397,[]
12025,JP,1.0,0,0,1.0,0,EVT005398,[]
12184,ROU,49.0,2,0,135.1,1,EVT005399,[]
12244,AII,16.0,0,0,16.0,0,EVT005400,[]
12237,TATA,25.0,3,0,82.7,1,EVT005401,[]
12118,JP,35.0,0,0,35.0,0,EVT005402,[]
12035,MAO,11.0,2,0,26.7,1,EVT005403,[]
12199,MYS,1.0,0,0,1.0,0,EVT005404,[]
12147,UBL,51.0,3,0,179.1,1,EVT005405,[]
12251,R,23.0,0,0,23.0,0,EVT005406,[]
12176,JHS,2.0,0,0,2.0,0,EVT005407,[]
12304,UBL,33.0,4,0,132.2,1,EVT005408,[]
12193,KGP,19.0,2,0,49.5,1,EVT005409,[]
12255,MDU,53.0,3,0,186.5,1,EVT005410,[]
12002,KYN,20.0,0,0,20.0,0,EVT005411,[]
12027,COR,7.0,1,0,12.7,1,EVT005412,[]
12013,MDU,1.0,0,0,1.0,0,EVT005413,[]
12260,PUNE,27.0,1,0,51.7,0,EVT005414,[]
12277,DLI,50.0,2,0,138.0,0,EVT005415,[]
12168,BPL,26.0,1,0,49.8,0,EVT005416,[]
12089,R,38.0,0,0,38.0,0,EVT005417,[]
12284,NDLS,29.0,1,0,55.6,1,EVT005418,[]
12319,KGP,17.0,3,0,53.0,1,EVT005419,[]
12297,GHY,1.0,0,0,1.0,0,EVT005420,[]
12189,NDLS,49.0,2,0,135.1,1,EVT005421,[]
12271,GKP,13.0,0,0,13.0,0,EVT005422,[]
12267,GKP,23.0,0,0,23.0,0,EVT005423,[]
12221,PRYJ,10.0,2,0,22.9,1,EVT005424,[]
12227,BPL,32.0,0,0,32.0,0,EVT005425,[]
12265,TATA,3.0,0,0,3.0,0,EVT005426,[]
12157,BSP,24.0,0,0,24.0,0,EVT005427,[]
12014,ADI,34.0,3,0,116.1,1,EVT005428,[]
12142,KGP,42.0,7,1,164.5,1,EVT005429,[]
12066,BBS,23.0,2,0,61.0,1,EVT005430,[]
12086,VSKP,7.0,1,0,12.7,1,EVT005431,[]
12060,GHY,27.0,4,0,105.0,1,EVT005432,[]
12031,LDH,21.0,0,0,21.0,0,EVT005433,[]
12178,BWN,1.0,0,0,1.0,0,EVT005434,[]
12303,HWH,1.0,0,0,1.0,0,EVT005435,[]
12296,PRYJ,1.0,0,0,1.0,0,EVT005436,[]
12031,LDH,1.0,0,0,1.0,0,EVT005437,[]
12149,CTC,34.0,0,0,34.0,0,EVT005438,[]
12023,NDLS,40.0,4,1,104.8,1,EVT005439,[]
12234,PRYJ,41.0,3,1,92.2,1,EVT005440,[]
12053,COR,16.0,4,0,55.3,1,EVT005441,[]
12318,JP,45.0,1,0,86.8,1,EVT005442,[]
12087,CSMT,20.0,1,0,38.0,0,EVT005443,[]
12294,DHN,11.0,2,0,26.7,1,EVT005444,[]
12047,MFP,43.0,0,0,43.0,0,EVT005445,[]
12213,CSMT,1.0,0,0,1.0,0,EVT005446,[]
12046,GKP,2.0,0,0,2.0,0,EVT005447,[]
12173,JHS,44.0,6,1,136.3,1,EVT005448,[]
12198,NDLS,1.0,0,0,1.0,0,EVT005449,[]
12249,MLDT,61.0,9,1,345.3,1,EVT005450,[]
12240,MAS,64.0,1,0,123.8,1,EVT005451,[]
12179,KGP,47.0,2,0,129.4,1,EVT005452,[]
12047,GKP,67.0,1,0,129.7,1,EVT005453,[]
12158,TVC,12.0,3,0,34.4,1,EVT005454,[]
12296,AGC,45.0,4,1,142.9,1,EVT005455,[]
12300,SBC,39.0,2,1,64.5,1,EVT005456,[]
12000,GHY,23.0,1,0,43.9,0,EVT005457,[]
12305,PRYJ,34.0,2,0,92.3,1,EVT005458,[]
12217,SC,84.0,5,1,274.6,1,EVT005459,[]
12011,ADI,63.0,0,0,63.0,0,EVT005460,[]
12177,MLDT,42.0,1,0,80.9,1,EVT005461,[]
12157,PRYJ,2.0,0,0,2.0,0,EVT005462,[]
12276,SBC,31.0,3,0,104.9,1,EVT005463,[]
12235,NGP,66.0,6,1,332.8,1,EVT005464,[]
12253,ADI,22.0,1,0,42.0,0,EVT005465,[]
12005,BBS,29.0,3,0,97.5,1,EVT005466,[]
12236,MDU,28.0,0,0,28.0,0,EVT005467,[]
12222,R,67.0,3,0,238.5,1,EVT005468,[]
12074,SC,23.0,2,0,61.0,1,EVT005469,[]
12308,MLDT,25.0,1,0,47.8,0,EVT005470,[]
12178,BWN,92.0,4,1,341.0,1,EVT005471,[]
12318,KYN,17.0,0,0,17.0,0,EVT005472,[]
12197,MS,57.0,0,0,57.0,0,EVT005473,[]
12313,COR,10.0,1,0,18.5,1,EVT005474,[]
12107,VSKP,39.0,4,0,159.3,1,EVT005475,[]
12254,CTC,45.0,0,0,45.0,0,EVT005476,[]
12162,MAO,76.0,2,1,133.7,1,EVT005477,[]
12023,CSMT,14.0,3,0,41.9,1,EVT005478,[]
12249,MAS,53.0,6,1,214.3,1,EVT005479,[]
12097,PRYJ,9.0,1,0,15.6,1,EVT005480,[]
12254,BPL,67.0,4,0,286.0,1,EVT005481,[]
12260,PUNE,39.0,1,0,75.1,0,EVT005482,[]
12256,CSMT,34.0,1,0,65.3,0,EVT005483,[]
12033,CSMT,1.0,0,0,1.0,0,EVT005484,[]
12001,MAO,49.0,0,0,49.0,0,EVT005485,[]
12285,JBP,1.0,0,0,1.0,0,EVT005486,[]
12003,BBS,24.0,2,0,63.8,1,EVT005487,[]
12277,DLI,13.0,2,0,32.4,0,EVT005488,[]
12168,BZA,77.0,2,0,215.0,1,EVT005489,[]
12231,MLDT,2.0,0,0,2.0,0,EVT005490,[]
12183,GKP,17.0,1,0,32.2,1,EVT005491,[]
12118,MAS,29.0,2,0,78.1,1,EVT005492,[]
12097,BSL,70.0,4,1,203.9,1,EVT005493,[]
12003,BBS,43.0,2,0,118.0,1,EVT005494,[]
12286,NDLS,22.0,3,0,71.5,1,EVT005495,[]
12157,BSP,1.0,0,0,1.0,0,EVT005496,[]
12159,RTM,1.0,0,0,1.0,0,EVT005497,[]
12170,ASR,10.0,0,0,10.0,0,EVT005498,[]
12025,AII,1.0,0,0,1.0,0,EVT005499,[]
12234,NDLS,59.0,5,1,169.1,1,EVT005500,[]
12180,NJP,72.0,10,1,410.1,1,EVT005501,[]
12073,PURI,36.0,6,1,159.4,1,EVT005502,[]
12314,RTM,1.0,0,0,1.0,0,EVT005503,[]
12304,SC,11.0,2,0,26.7,1,EVT005504,[]
12204,KGP,21.0,2,0,55.2,1,EVT005505,[]
12300,PUNE,40.0,3,0,138.3,1,EVT005506,[]
12111,MAS,8.0,1,0,14.6,0,EVT005507,[]
12082,NJP,55.0,2,0,152.2,1,EVT005508,[]
12248,HWH,37.0,2,0,100.9,1,EVT005509,[]
12112,UMB,1.0,0,0,1.0,0,EVT005510,[]
12247,NDLS,21.0,2,0,55.2,1,EVT005511,[]
12279,HYB,1.0,0,0,1.0,0,EVT005512,[]
12294,DHN,28.0,2,0,75.2,1,EVT005513,[]
12164,BSP,37.0,0,0,37.0,0,EVT005514,[]
12101,KGP,44.0,4,1,137.9,1,EVT005515,[]
12125,PNBE,32.0,1,1,38.8,1,EVT005516,[]
12119,BPL,29.0,5,1,87.3,1,EVT005517,[]
12235,HYB,74.0,3,1,232.6,1,EVT005518,[]
12319,ASN,33.0,5,0,149.1,1,EVT005519,[]
12163,JHS,38.0,3,0,130.9,1,EVT005520,[]
12147,BBS,18.0,0,0,18.0,0,EVT005521,[]
12085,MLDT,27.0,1,0,51.7,0,EVT005522,[]
12087,ERS,63.0,9,1,383.4,1,EVT005523,[]
12261,SDAH,36.0,3,0,123.5,1,EVT005524,[]
12016,NJP,18.0,5,0,69.6,1,EVT005525,[]
12252,NDLS,38.0,0,0,38.0,0,EVT005526,[]
12303,SDAH,45.0,2,0,123.7,0,EVT005527,[]
12157,BSP,22.0,0,0,22.0,0,EVT005528,[]
12221,MYS,5.0,0,0,5.0,0,EVT005529,[]
12295,BSP,31.0,4,0,123.1,1,EVT005530,[]
12048,ADI,16.0,0,0,16.0,0,EVT005531,[]
12306,MAO,56.0,3,0,197.7,1,EVT005532,[]
12149,CTC,16.0,0,0,16.0,0,EVT005533,[]
12007,AII,50.0,4,0,209.1,1,EVT005534,[]
12243,NDLS,58.0,1,0,112.2,0,EVT005535,[]
12149,CTC,57.0,3,1,84.6,1,EVT005536,[]
12051,JBP,16.0,3,0,49.3,1,EVT005537,[]
12068,NGP,47.0,1,0,90.7,0,EVT005538,[]
12171,PRYJ,33.0,2,0,89.5,1,EVT005539,[]
12097,BSL,22.0,0,0,22.0,0,EVT005540,[]
12075,TVC,32.0,0,0,32.0,0,EVT005541,[]
12261,SDAH,14.0,3,0,41.9,1,EVT005542,[]
12128,MFP,11.0,0,0,11.0,0,EVT005543,[]
12074,MAS,72.0,1,0,139.4,0,EVT005544,[]
12060,GHY,51.0,4,0,213.6,1,EVT005545,[]
12163,PRYJ,31.0,2,0,83.8,1,EVT005546,[]
12311,TATA,49.0,0,0,49.0,0,EVT005547,[]
12008,UBL,1.0,0,0,1.0,0,EVT005548,[]
12036,HWH,64.0,7,1,302.9,1,EVT005549,[]
12052,PUNE,70.0,5,1,228.4,1,EVT005550,[]
12155,NGP,27.0,1,0,51.7,1,EVT005551,[]
12164,BSP,11.0,0,0,11.0,0,EVT005552,[]
12075,TVC,7.0,0,0,7.0,0,EVT005553,[]
12055,MS,9.0,1,0,15.6,0,EVT005554,[]
12224,COR,32.0,4,0,127.7,1,EVT005555,[]
12281,UMB,1.0,0,0,1.0,0,EVT005556,[]
12189,NDLS,1.0,0,0,1.0,0,EVT005557,[]
12188,JBP,40.0,7,1,181.6,1,EVT005558,[]
12143,PNBE,1.0,0,0,1.0,0,EVT005559,[]
12233,KGP,78.0,2,0,217.8,1,EVT005560,[]
12190,BSP,2.0,0,0,2.0,0,EVT005561,[]
12068,NGP,23.0,1,0,43.9,0,EVT005562,[]
12151,HYB,53.0,0,0,53.0,0,EVT005563,[]
12006,COR,67.0,6,1,308.5,1,EVT005564,[]
12125,GHY,45.0,6,1,159.9,1,EVT005565,[]
12249,KGP,43.0,7,1,171.3,1,EVT005566,[]
12149,CSMT,1.0,0,0,1.0,0,EVT005567,[]
12310,BZA,33.0,2,0,89.5,1,EVT005568,[]
12026,NDLS,92.0,5,1,389.5,1,EVT005569,[]
12018,BBS,1.0,0,0,1.0,0,EVT005570,[]
12026,LDH,50.0,4,1,129.9,1,EVT005571,[]
12211,TVC,42.0,4,0,172.9,1,EVT005572,[]
12272,NDLS,71.0,1,0,137.5,1,EVT005573,[]
12028,TVC,15.0,0,0,15.0,0,EVT005574,[]
12224,JBP,30.0,3,0,101.2,1,EVT005575,[]
12181,GHY,15.0,1,0,28.3,0,EVT005576,[]
12205,MAS,44.0,3,0,153.2,1,EVT005577,[]
12280,NGP,29.0,2,0,78.1,1,EVT005578,[]
12034,SC,58.0,6,1,257.2,1,EVT005579,[]
12269,HYB,29.0,2,0,78.1,1,EVT005580,[]
12302,KGP,1.0,0,0,1.0,0,EVT005581,[]
12062,UMB,22.0,2,0,58.1,1,EVT005582,[]
12132,TVC,42.0,4,0,172.9,1,EVT005583,[]
12307,BSP,9.0,1,0,16.6,1,EVT005584,[]
12275,ASR,25.0,4,0,96.0,1,EVT005585,[]
12257,UBL,29.0,4,1,102.7,1,EVT005586,[]
12085,SDAH,33.0,0,0,33.0,0,EVT005587,[]
12055,MS,18.0,4,0,64.3,1,EVT005588,[]
12255,MAS,26.0,2,0,69.5,1,EVT005589,[]
12034,SC,6.0,0,0,6.0,0,EVT005590,[]
12163,VSKP,6.0,0,0,6.0,0,EVT005591,[]
12114,NDLS,15.0,3,0,45.6,1,EVT005592,[]
12178,ERS,45.0,7,1,210.1,1,EVT005593,[]
12079,ROU,1.0,0,0,1.0,0,EVT005594,[]
12130,JP,26.0,3,0,86.4,1,EVT005595,[]
12151,CSMT,19.0,2,0,49.5,1,EVT005596,[]
12110,SDAH,30.0,2,0,80.9,0,EVT005597,[]
12102,BBS,14.0,0,0,14.0,0,EVT005598,[]
12274,BBS,9.0,1,0,16.6,0,EVT005599,[]
12136,BBS,25.0,2,0,66.7,1,EVT005600,[]
12059,MAS,45.0,1,0,86.8,0,EVT005601,[]
12083,ST,14.0,0,0,14.0,0,EVT005602,[]
12162,KYN,6.0,0,0,6.0,0,EVT005603,[]
12276,MAS,46.0,1,0,88.8,0,EVT005604,[]
12145,JP,64.0,1,0,123.8,0,EVT005605,[]
12062,NDLS,41.0,3,1,112.1,1,EVT005606,[]
12250,TPJ,16.0,0,0,16.0,0,EVT005607,[]
12243,NDLS,81.0,1,0,157.0,0,EVT005608,[]
12237,TATA,83.0,8,2,397.2,1,EVT005609,[]
12040,TVC,46.0,7,1,204.4,1,EVT005610,[]
12161,PRYJ,71.0,6,2,224.8,1,EVT005611,[]
12202,PRYJ,7.0,0,0,7.0,0,EVT005612,[]
12206,ASN,48.0,0,0,48.0,0,EVT005613,[]
12159,COR,36.0,2,0,98.0,1,EVT005614,[]
12315,MYS,1.0,0,0,1.0,0,EVT005615,[]
12149,CTC,57.0,3,1,84.6,1,EVT005616,[]
12212,NDLS,1.0,0,0,1.0,0,EVT005617,[]
12161,BSP,52.0,5,1,156.8,1,EVT005618,[]
12045,JBP,88.0,0,0,88.0,0,EVT005619,[]
12200,BPL,11.0,2,0,26.7,1,EVT005620,[]
12302,KGP,49.0,7,1,212.2,1,EVT005621,[]
12120,CTC,38.0,4,1,74.7,1,EVT005622,[]
12315,KGP,1.0,0,0,1.0,0,EVT005623,[]
12178,BWN,26.0,1,1,31.8,1,EVT005624,[]
12167,ST,5.0,0,0,5.0,0,EVT005625,[]
12280,NDLS,47.0,0,0,47.0,0,EVT005626,[]
12079,DURG,15.0,4,0,49.8,1,EVT005627,[]
12192,GHY,14.0,0,0,14.0,0,EVT005628,[]
12094,JP,71.0,6,1,214.7,1,EVT005629,[]
12283,NDLS,58.0,2,0,160.8,1,EVT005630,[]
12276,TVC,26.0,0,0,26.0,0,EVT005631,[]
12163,PRYJ,12.0,2,0,29.6,1,EVT005632,[]
12221,PRYJ,38.0,4,0,154.8,1,EVT005633,[]
12230,JP,66.0,1,0,127.8,0,EVT005634,[]
12167,NGP,41.0,1,0,79.0,1,EVT005635,[]
12159,JP,62.0,5,1,210.5,1,EVT005636,[]
12094,AII,16.0,0,0,16.0,0,EVT005637,[]
12125,NJP,58.0,7,1,267.9,1,EVT005638,[]
12280,DLI,46.0,1,0,88.8,0,EVT005639,[]
12267,GHY,73.0,1,0,141.4,1,EVT005640,[]
12240,ERS,33.0,2,0,89.5,1,EVT005641,[]
12037,CBE,34.0,4,0,136.7,1,EVT005642,[]
12131,R,20.0,5,0,80.2,1,EVT005643,[]
12260,PUNE,23.0,1,0,43.9,0,EVT005644,[]
12186,MLDT,1.0,0,0,1.0,0,EVT005645,[]
12264,KYN,64.0,3,1,153.4,1,EVT005646,[]
12287,KYN,57.0,4,1,144.1,1,EVT005647,[]
12186,GHY,60.0,3,0,212.5,1,EVT005648,[]
12126,NGP,54.0,2,1,109.5,1,EVT005649,[]
12224,ADI,16.0,2,0,41.0,1,EVT005650,[]
12239,DLI,24.0,3,0,79.0,1,EVT005651,[]
12239,VSKP,24.0,1,0,45.8,1,EVT005652,[]
12116,NGP,1.0,0,0,1.0,0,EVT005653,[]
12132,DLI,1.0,0,0,1.0,0,EVT005654,[]
12220,HWH,22.0,1,0,42.0,0,EVT005655,[]
12038,ERS,1.0,0,0,1.0,0,EVT005656,[]
12063,DHN,1.0,0,0,1.0,0,EVT005657,[]
12212,PRYJ,19.0,1,0,36.1,0,EVT005658,[]
12126,UMB,26.0,4,0,100.5,1,EVT005659,[]
12130,KYN,32.0,2,0,86.6,1,EVT005660,[]
12179,PNBE,27.0,3,0,90.1,1,EVT005661,[]
12295,ROU,71.0,7,1,374.3,1,EVT005662,[]
12163,PRYJ,42.0,2,0,115.2,1,EVT005663,[]
12140,HWH,34.0,3,1,68.1,1,EVT005664,[]
12191,JP,16.0,2,0,41.0,1,EVT005665,[]
12065,DLI,52.0,0,0,52.0,0,EVT005666,[]
12279,SC,38.0,4,0,154.8,1,EVT005667,[]
12236,MDU,13.0,0,0,13.0,0,EVT005668,[]
12191,MDU,38.0,0,0,38.0,0,EVT005669,[]
12318,COR,26.0,2,0,69.5,1,EVT005670,[]
12065,PNBE,39.0,3,0,134.6,1,EVT005671,[]
12053,AII,25.0,6,0,115.0,1,EVT005672,[]
12089,NGP,25.0,1,0,47.8,1,EVT005673,[]
12221,PRYJ,41.0,4,0,168.4,1,EVT005674,[]
12268,SDAH,20.0,0,0,20.0,0,EVT005675,[]
12310,SC,42.0,3,0,145.7,1,EVT005676,[]
12028,JP,12.0,1,0,22.4,1,EVT005677,[]
12205,CSMT,21.0,1,0,40.0,0,EVT005678,[]
12068,CSMT,46.0,0,0,46.0,0,EVT005679,[]
12302,SC,38.0,5,1,99.9,1,EVT005680,[]
12095,JP,29.0,1,0,55.6,1,EVT005681,[]
12042,ROU,41.0,2,0,112.3,1,EVT005682,[]
12157,PRYJ,52.0,1,0,100.4,1,EVT005683,[]
12002,NGP,57.0,2,0,157.9,0,EVT005684,[]
12280,NDLS,59.0,0,0,59.0,0,EVT005685,[]
12025,KYN,44.0,1,0,84.8,1,EVT005686,[]
12190,JBP,44.0,3,0,153.2,1,EVT005687,[]
12119,BPL,38.0,5,1,135.6,1,EVT005688,[]
12087,MAS,50.0,8,1,261.0,1,EVT005689,[]
12281,NDLS,50.0,1,0,96.5,0,EVT005690,[]
12047,GHY,57.0,2,0,157.9,1,EVT005691,[]
12050,ADI,58.0,3,0,205.1,1,EVT005692,[]
12253,PNBE,59.0,4,0,249.8,1,EVT005693,[]
12043,VSKP,20.0,2,0,52.4,1,EVT005694,[]
12027,JP,19.0,0,0,19.0,0,EVT005695,[]
12008,UBL,1.0,0,0,1.0,0,EVT005696,[]
12262,HWH,1.0,0,0,1.0,0,EVT005697,[]
12305,PRYJ,36.0,2,0,98.0,1,EVT005698,[]
12094,AII,35.0,0,0,35.0,0,EVT005699,[]
12049,ADI,50.0,1,0,96.5,0,EVT005700,[]
12273,JHS,69.0,5,1,302.0,1,EVT005701,[]
12268,NGP,20.0,3,0,64.1,1,EVT005702,[]
12165,NGP,34.0,1,0,65.3,1,EVT005703,[]
12057,MAS,1.0,0,0,1.0,0,EVT005704,[]
12284,NDLS,12.0,1,0,22.4,1,EVT005705,[]
12003,BBS,1.0,0,0,1.0,0,EVT005706,[]
12021,MAO,34.0,4,1,115.8,1,EVT005707,[]
12059,TVC,64.0,0,0,64.0,0,EVT005708,[]
12018,MLDT,58.0,4,0,245.3,1,EVT005709,[]
12311,TATA,13.0,0,0,13.0,0,EVT005710,[]
12075,JP,38.0,1,0,73.2,1,EVT005711,[]
12213,BCT,26.0,3,0,86.4,1,EVT005712,[]
12009,PRYJ,68.0,2,0,189.3,1,EVT005713,[]
12044,PRYJ,15.0,0,0,15.0,0,EVT005714,[]
12114,COR,31.0,2,0,83.8,1,EVT005715,[]
12264,MAO,40.0,2,1,83.9,1,EVT005716,[]
12312,MAS,23.0,1,0,43.9,0,EVT005717,[]
12138,COR,68.0,5,1,277.7,1,EVT005718,[]
12048,BZA,56.0,3,0,197.7,1,EVT005719,[]
12278,MYS,23.0,0,0,23.0,0,EVT005720,[]
12202,PNBE,33.0,5,1,127.1,1,EVT005721,[]
12147,KYN,27.0,1,0,51.7,1,EVT005722,[]
12232,SC,42.0,1,0,80.9,0,EVT005723,[]
12080,KGP,35.0,0,0,35.0,0,EVT005724,[]
12170,NDLS,55.0,6,2,232.4,1,EVT005725,[]
12188,TATA,50.0,4,1,165.9,1,EVT005726,[]
12006,GKP,62.0,10,1,388.8,1,EVT005727,[]
12197,MS,84.0,2,1,128.4,1,EVT005728,[]
12011,ASN,34.0,4,0,136.7,1,EVT005729,[]
12027,JP,24.0,0,0,24.0,0,EVT005730,[]
12200,SBC,21.0,1,0,40.0,0,EVT005731,[]
12048,BPL,54.0,2,0,149.4,1,EVT005732,[]
12006,COR,42.0,6,1,155.0,1,EVT005733,[]
12136,CSMT,72.0,3,1,99.6,1,EVT005734,[]
12087,SC,1.0,0,0,1.0,0,EVT005735,[]
12140,KGP,25.0,1,0,47.8,1,EVT005736,[]
12168,BZA,77.0,2,0,215.0,1,EVT005737,[]
12221,MYS,1.0,0,0,1.0,0,EVT005738,[]
12154,NGP,64.0,1,0,123.8,1,EVT005739,[]
12267,GHY,79.0,1,0,153.1,1,EVT005740,[]
12249,MLDT,61.0,9,1,345.3,1,EVT005741,[]
12221,MFP,21.0,6,0,90.9,1,EVT005742,[]
12102,KYN,75.0,1,0,145.3,1,EVT005743,[]
12234,PRYJ,75.0,6,1,305.0,1,EVT005744,[]
12271,GKP,70.0,0,0,70.0,0,EVT005745,[]
12032,SBC,39.0,3,0,134.6,1,EVT005746,[]
12291,SDAH,23.0,2,0,61.0,1,EVT005747,[]
12114,COR,29.0,2,0,78.1,1,EVT005748,[]
12267,GHY,22.0,1,0,42.0,1,EVT005749,[]
12068,BPL,36.0,2,0,98.0,1,EVT005750,[]
12184,R,36.0,0,0,36.0,0,EVT005751,[]
12018,VSKP,42.0,1,0,80.9,0,EVT005752,[]
12319,ASN,1.0,0,0,1.0,0,EVT005753,[]
12139,BBS,21.0,1,0,40.0,0,EVT005754,[]
12214,BBS,27.0,3,0,90.1,1,EVT005755,[]
12224,GHY,52.0,1,0,100.4,0,EVT005756,[]
12107,MYS,44.0,4,1,102.3,1,EVT005757,[]
12137,SC,1.0,0,0,1.0,0,EVT005758,[]
12078,CSMT,18.0,1,0,34.1,0,EVT005759,[]
12005,JP,34.0,1,0,65.3,0,EVT005760,[]
12147,UBL,10.0,2,0,22.9,1,EVT005761,[]
12228,TVC,32.0,0,0,32.0,0,EVT005762,[]
12031,LDH,14.0,0,0,14.0,0,EVT005763,[]
12294,BWN,41.0,0,0,41.0,0,EVT005764,[]
12261,RTM,26.0,0,0,26.0,0,EVT005765,[]
12114,SBC,25.0,0,0,25.0,0,EVT005766,[]
12165,BCT,27.0,0,0,27.0,0,EVT005767,[]
12166,BCT,13.0,1,0,24.4,0,EVT005768,[]
12150,BPL,1.0,0,0,1.0,0,EVT005769,[]
12316,HWH,1.0,0,0,1.0,0,EVT005770,[]
12021,MYS,41.0,2,1,89.2,1,EVT005771,[]
12002,KYN,31.0,0,0,31.0,0,EVT005772,[]
12181,NJP,39.0,0,0,39.0,0,EVT005773,[]
12220,BWN,57.0,0,0,57.0,0,EVT005774,[]
12243,PRYJ,42.0,2,0,115.2,1,EVT005775,[]
12084,DLI,39.0,6,1,136.6,1,EVT005776,[]
12116,ROU,9.0,1,0,15.6,0,EVT005777,[]
12218,UBL,31.0,1,0,59.5,0,EVT005778,[]
12027,JP,48.0,4,1,138.7,1,EVT005779,[]
12015,SC,76.0,7,2,336.2,1,EVT005780,[]
12189,SDAH,8.0,1,0,14.6,0,EVT005781,[]
12102,KYN,62.0,1,0,119.9,1,EVT005782,[]
12116,HWH,24.0,1,0,45.8,0,EVT005783,[]
12040,JP,65.0,6,1,299.9,1,EVT005784,[]
12213,SC,41.0,5,1,116.0,1,EVT005785,[]
12233,MS,23.0,0,0,23.0,0,EVT005786,[]
12206,SC,14.0,4,0,46.2,1,EVT005787,[]
12270,GHY,41.0,0,0,41.0,0,EVT005788,[]
12094,JP,1.0,0,0,1.0,0,EVT005789,[]
12159,AII,15.0,0,0,15.0,0,EVT005790,[]
12139,BZA,1.0,0,0,1.0,0,EVT005791,[]
12172,MS,11.0,2,0,25.8,1,EVT005792,[]
12304,UBL,1.0,0,0,1.0,0,EVT005793,[]
12057,BZA,19.0,3,0,60.4,1,EVT005794,[]
12009,VSKP,14.0,4,0,46.2,1,EVT005795,[]
12092,JU,20.0,0,0,20.0,0,EVT005796,[]
12106,ERS,53.0,3,1,147.6,1,EVT005797,[]
12102,BBS,46.0,0,0,46.0,0,EVT005798,[]
12193,ROU,23.0,1,0,43.9,1,EVT005799,[]
12278,RTM,31.0,4,0,123.1,1,EVT005800,[]
12271,PNBE,17.0,1,0,32.2,1,EVT005801,[]
12066,VSKP,1.0,0,0,1.0,0,EVT005802,[]
12165,NGP,50.0,1,0,96.5,1,EVT005803,[]
12317,BBS,49.0,0,0,49.0,0,EVT005804,[]
12071,SUR,17.0,0,0,17.0,0,EVT005805,[]
12266,MYS,17.0,4,0,59.8,1,EVT005806,[]
12293,HYB,29.0,0,0,29.0,0,EVT005807,[]
12068,CSMT,40.0,0,0,40.0,0,EVT005808,[]
12057,BZA,48.0,8,1,224.1,1,EVT005809,[]
12092,JU,51.0,0,0,51.0,0,EVT005810,[]
12019,SUR,38.0,6,1,182.2,1,EVT005811,[]
12314,COR,64.0,1,0,123.8,1,EVT005812,[]
12264,KYN,11.0,0,0,11.0,0,EVT005813,[]
12299,JHS,29.0,3,0,97.5,1,EVT005814,[]
12011,GHY,41.0,1,0,79.0,1,EVT005815,[]
12120,BCT,26.0,2,0,69.5,1,EVT005816,[]
12304,KGP,8.0,0,0,8.0,0,EVT005817,[]
12086,VSKP,5.0,0,0,5.0,0,EVT005818,[]
12167,ST,2.0,0,0,2.0,0,EVT005819,[]
12264,MAO,15.0,1,0,28.3,1,EVT005820,[]
12045,NGP,1.0,0,0,1.0,0,EVT005821,[]
12158,TVC,35.0,6,1,144.3,1,EVT005822,[]
12192,ADI,1.0,0,0,1.0,0,EVT005823,[]
12075,JP,66.0,6,1,250.0,1,EVT005824,[]
12270,GKP,99.0,6,1,320.2,1,EVT005825,[]
12164,BSP,55.0,0,0,55.0,0,EVT005826,[]
12171,PUNE,38.0,3,0,130.9,1,EVT005827,[]
12156,VSKP,16.0,2,0,41.0,1,EVT005828,[]
12284,SDAH,11.0,0,0,11.0,0,EVT005829,[]
12004,BBS,53.0,2,0,146.5,1,EVT005830,[]
12154,DLI,44.0,0,0,44.0,0,EVT005831,[]
12017,UMB,57.0,0,0,57.0,0,EVT005832,[]
12115,BCT,53.0,0,0,53.0,0,EVT005833,[]
12139,CTC,47.0,6,1,185.7,1,EVT005834,[]
12252,BPL,12.0,2,0,29.6,1,EVT005835,[]
12301,SDAH,1.0,0,0,1.0,0,EVT005836,[]
12043,MAS,56.0,6,1,210.7,1,EVT005837,[]
12234,PRYJ,29.0,1,0,55.6,1,EVT005838,[]
12067,DURG,8.0,1,0,13.7,0,EVT005839,[]
12226,SUR,45.0,5,1,119.2,1,EVT005840,[]
12305,BSP,56.0,8,1,261.9,1,EVT005841,[]
12183,GHY,26.0,3,1,50.8,1,EVT005842,[]
12203,PNBE,20.0,2,0,52.4,1,EVT005843,[]
12239,VSKP,25.0,1,0,47.8,1,EVT005844,[]
12067,BSP,38.0,4,0,154.8,1,EVT005845,[]
12011,ADI,35.0,0,0,35.0,0,EVT005846,[]
12238,KYN,19.0,0,0,19.0,0,EVT005847,[]
12126,NGP,63.0,3,1,147.2,1,EVT005848,[]
12208,DHN,17.0,3,0,53.0,1,EVT005849,[]
12293,SC,1.0,0,0,1.0,0,EVT005850,[]
12136,VSKP,24.0,3,0,79.0,1,EVT005851,[]
12006,COR,6.0,0,0,6.0,0,EVT005852,[]
12186,NJP,25.0,2,0,66.7,1,EVT005853,[]
12118,MS,58.0,3,0,205.1,1,EVT005854,[]
12121,BZA,44.0,2,0,120.9,1,EVT005855,[]
12211,JP,3.0,0,0,3.0,0,EVT005856,[]
12160,BSP,3.0,0,0,3.0,0,EVT005857,[]
12269,SC,30.0,1,0,57.5,1,EVT005858,[]
12172,SDAH,27.0,0,0,27.0,0,EVT005859,[]
12104,KGP,26.0,3,1,51.8,1,EVT005860,[]
12024,SC,1.0,0,0,1.0,0,EVT005861,[]
12126,UMB,37.0,4,0,150.3,1,EVT005862,[]
12016,SUR,14.0,0,0,14.0,0,EVT005863,[]
12141,DLI,34.0,2,0,92.3,1,EVT005864,[]
12062,UMB,89.0,4,1,357.2,1,EVT005865,[]
12280,DLI,53.0,1,0,102.4,0,EVT005866,[]
12232,BZA,69.0,0,0,69.0,0,EVT005867,[]
12224,COR,22.0,4,0,82.4,1,EVT005868,[]
12267,BCT,43.0,3,0,149.4,1,EVT005869,[]
12274,NDLS,29.0,4,1,102.7,1,EVT005870,[]
12287,BBS,44.0,4,1,109.3,1,EVT005871,[]
12011,NJP,69.0,2,0,192.2,1,EVT005872,[]
12004,ADI,52.0,0,0,52.0,0,EVT005873,[]
12173,BPL,46.0,6,1,165.1,1,EVT005874,[]
12007,JHS,24.0,0,0,24.0,0,EVT005875,[]
12035,PUNE,50.0,0,0,50.0,0,EVT005876,[]
12176,JHS,30.0,0,0,30.0,0,EVT005877,[]
12141,BCT,50.0,0,0,50.0,0,EVT005878,[]
12234,PRYJ,1.0,0,0,1.0,0,EVT005879,[]
12199,CBE,44.0,6,1,167.3,1,EVT005880,[]
12305,NDLS,64.0,6,1,259.7,1,EVT005881,[]
12042,HWH,62.0,4,0,263.4,1,EVT005882,[]
12061,DLI,40.0,5,1,110.6,1,EVT005883,[]
12299,UMB,2.0,0,0,2.0,0,EVT005884,[]
12028,JP,52.0,1,0,100.4,1,EVT005885,[]
12298,UBL,5.0,0,0,5.0,0,EVT005886,[]
12285,JBP,51.0,3,0,179.1,1,EVT005887,[]
12243,DLI,4.0,0,0,4.0,0,EVT005888,[]
12304,KGP,29.0,0,0,29.0,0,EVT005889,[]
12022,COR,38.0,2,1,51.2,1,EVT005890,[]
12106,ERS,52.0,3,1,143.9,1,EVT005891,[]
12251,BSP,13.0,1,0,24.4,0,EVT005892,[]
12067,DURG,34.0,5,0,154.4,1,EVT005893,[]
12046,PNBE,44.0,1,0,84.8,1,EVT005894,[]
12196,ROU,15.0,3,0,45.6,1,EVT005895,[]
12175,BPL,28.0,1,0,53.6,1,EVT005896,[]
12050,JBP,23.0,4,0,86.9,1,EVT005897,[]
12182,RTM,42.0,5,1,138.6,1,EVT005898,[]
12157,PRYJ,12.0,1,0,22.4,1,EVT005899,[]
12102,BBS,17.0,0,0,17.0,0,EVT005900,[]
12241,BCT,69.0,3,1,213.8,1,EVT005901,[]
12020,PUNE,20.0,2,0,52.4,0,EVT005902,[]
12189,NDLS,34.0,2,0,92.3,1,EVT005903,[]
12129,AII,9.0,2,0,21.0,1,EVT005904,[]
12125,PNBE,36.0,3,1,60.8,1,EVT005905,[]
12133,COR,15.0,1,0,28.3,0,EVT005906,[]
12297,BSP,36.0,4,0,145.8,1,EVT005907,[]
12228,JP,39.0,1,0,75.1,1,EVT005908,[]
12306,KYN,45.0,2,0,123.7,1,EVT005909,[]
12222,JBP,59.0,1,0,114.1,0,EVT005910,[]
12272,MS,1.0,0,0,1.0,0,EVT005911,[]
12216,NDLS,32.0,1,0,61.5,0,EVT005912,[]
12026,NDLS,33.0,2,1,68.6,0,EVT005913,[]
12255,KGP,30.0,1,0,57.5,1,EVT005914,[]
12237,TATA,37.0,3,0,127.2,1,EVT005915,[]
12067,BSP,92.0,4,0,399.1,1,EVT005916,[]
12192,ADI,37.0,3,1,86.7,1,EVT005917,[]
12085,NJP,28.0,2,0,75.2,1,EVT005918,[]
12278,BPL,17.0,2,0,43.8,1,EVT005919,[]
12130,BBS,1.0,0,0,1.0,0,EVT005920,[]
12247,NDLS,11.0,2,0,26.7,1,EVT005921,[]
12146,ADI,34.0,4,0,136.7,1,EVT005922,[]
12103,NDLS,24.0,2,0,63.8,1,EVT005923,[]
12001,KYN,1.0,0,0,1.0,0,EVT005924,[]
12067,ASN,19.0,0,0,19.0,0,EVT005925,[]
12308,ADI,89.0,4,0,385.5,1,EVT005926,[]
12286,JP,31.0,1,0,59.5,0,EVT005927,[]
12243,NDLS,51.0,1,0,98.5,0,EVT005928,[]
12298,SC,3.0,0,0,3.0,0,EVT005929,[]
12198,PNBE,61.0,5,1,201.9,1,EVT005930,[]
12226,NGP,5.0,0,0,5.0,0,EVT005931,[]
12279,MFP,23.0,0,0,23.0,0,EVT005932,[]
12252,COR,48.0,1,0,92.7,1,EVT005933,[]
12275,VSKP,42.0,2,0,115.2,0,EVT005934,[]
12060,SBC,1.0,0,0,1.0,0,EVT005935,[]
12048,ADI,10.0,0,0,10.0,0,EVT005936,[]
12163,JHS,44.0,3,0,153.2,1,EVT005937,[]
12183,GHY,21.0,1,1,26.8,1,EVT005938,[]
12141,NGP,28.0,1,0,53.6,1,EVT005939,[]
12169,GHY,14.0,2,0,35.3,1,EVT005940,[]
12026,LDH,28.0,0,0,28.0,0,EVT005941,[]
12205,SC,4.0,0,0,4.0,0,EVT005942,[]
12111,LDH,1.0,0,0,1.0,0,EVT005943,[]
12217,HYB,98.0,9,2,347.6,1,EVT005944,[]
12147,UBL,46.0,3,0,160.6,1,EVT005945,[]
12163,VSKP,16.0,0,0,16.0,0,EVT005946,[]
12266,BPL,27.0,3,1,78.8,1,EVT005947,[]
12096,BPL,19.0,1,0,36.1,1,EVT005948,[]
12300,SBC,19.0,0,0,19.0,0,EVT005949,[]
12278,MYS,39.0,6,1,110.9,1,EVT005950,[]
12208,ASN,48.0,4,0,200.0,1,EVT005951,[]
12231,HWH,50.0,4,0,209.1,1,EVT005952,[]
12191,TVC,30.0,1,0,57.5,0,EVT005953,[]
12010,MAS,26.0,1,0,49.8,0,EVT005954,[]
12052,PUNE,40.0,3,1,62.1,1,EVT005955,[]
12181,GHY,46.0,1,0,88.8,0,EVT005956,[]
12085,SDAH,39.0,0,0,39.0,0,EVT005957,[]
12309,MDU,29.0,0,0,29.0,0,EVT005958,[]
12190,JU,42.0,0,0,42.0,0,EVT005959,[]
12012,UBL,10.0,1,0,18.5,1,EVT005960,[]
12282,BBS,15.0,2,0,38.1,1,EVT005961,[]
12251,PRYJ,26.0,2,0,69.5,1,EVT005962,[]
12071,SUR,3.0,0,0,3.0,0,EVT005963,[]
12117,COR,5.0,0,0,5.0,0,EVT005964,[]
12291,NJP,1.0,0,0,1.0,0,EVT005965,[]
12064,COR,48.0,6,1,183.7,1,EVT005966,[]
12152,JU,76.0,8,1,411.4,1,EVT005967,[]
12013,JP,28.0,2,0,75.2,1,EVT005968,[]
12296,PRYJ,87.0,5,1,398.7,1,EVT005969,[]
12069,SDAH,27.0,2,0,72.4,1,EVT005970,[]
12004,BCT,40.0,1,0,77.0,0,EVT005971,[]
12262,SDAH,28.0,3,0,93.8,1,EVT005972,[]
12319,SC,34.0,1,0,65.3,0,EVT005973,[]
12170,ASR,27.0,4,1,60.1,1,EVT005974,[]
12032,BPL,26.0,2,0,69.5,1,EVT005975,[]
12209,BPL,53.0,7,1,227.8,1,EVT005976,[]
12201,NDLS,1.0,0,0,1.0,0,EVT005977,[]
12259,BSL,1.0,0,0,1.0,0,EVT005978,[]
12020,DD,24.0,1,0,45.8,0,EVT005979,[]
12170,CSMT,44.0,7,1,208.8,1,EVT005980,[]
12312,VSKP,1.0,0,0,1.0,0,EVT005981,[]
12138,ERS,44.0,5,0,207.4,1,EVT005982,[]
12064,HWH,1.0,0,0,1.0,0,EVT005983,[]
12208,PNBE,30.0,2,0,80.9,1,EVT005984,[]
12198,NDLS,18.0,2,0,46.7,1,EVT005985,[]
12256,NDLS,21.0,3,0,67.8,1,EVT005986,[]
12243,PRYJ,28.0,2,0,75.2,1,EVT005987,[]
12268,DLI,79.0,2,0,220.7,1,EVT005988,[]
12075,JP,41.0,3,1,92.2,1,EVT005989,[]
12316,HWH,8.0,1,0,14.6,0,EVT005990,[]
12091,VSKP,96.0,4,0,417.2,1,EVT005991,[]
12206,SBC,81.0,7,1,421.5,1,EVT005992,[]
12305,NDLS,7.0,1,0,12.7,0,EVT005993,[]
12151,CSMT,19.0,2,0,49.5,1,EVT005994,[]
12186,ADI,6.0,0,0,6.0,0,EVT005995,[]
12289,CSMT,39.0,4,1,100.2,1,EVT005996,[]
12033,CSMT,8.0,1,0,13.7,1,EVT005997,[]
12029,ADI,55.0,1,0,106.3,1,EVT005998,[]
12277,ASR,34.0,0,0,34.0,0,EVT005999,[]
12167,NGP,80.0,1,0,155.1,1,EVT006000,[]
