event_id,train_number,station_id,timestamp,delay_minutes,cause_category,reported_text
EVT000001,12163,JHS,2026-02-18 05:45,1,Rolling Stock,Coach fault detected during pre-departure check at Jhansi Junction.
EVT000002,12119,BZA,2026-01-11 01:30,27,Signal,Signal failure near Vijayawada Junction causing hold-up.
EVT000003,12247,AGC,2026-02-24 00:30,46,Passenger,Overcrowding-related boarding delay at Agra Cantt.
EVT000004,12006,NDLS,2026-01-05 19:30,23,Passenger,Passenger chain-pulling incident near New Delhi.
EVT000005,12031,LDH,2026-01-01 16:30,1,Rolling Stock,Brake power certification delay at Ludhiana Junction.
EVT000006,12163,NDLS,2026-01-27 15:45,44,Crew,Crew shortage reported at New Delhi link.
EVT000007,12119,BPL,2026-02-01 01:00,29,Crew,Guard unavailability causing hold at Bhopal Junction.
EVT000008,12116,HWH,2026-01-26 08:30,57,Weather,Heavy rain reducing visibility near Howrah Junction.
EVT000009,12173,PRYJ,2026-01-01 02:45,12,Crew,Crew shortage reported at Prayagraj Junction link.
EVT000010,12226,NGP,2026-02-08 14:15,65,Rolling Stock,Brake power certification delay at Nagpur Junction.
EVT000011,12070,BPL,2026-02-05 07:15,77,Infrastructure,Track maintenance block in effect near Bhopal Junction.
EVT000012,12184,ROU,2026-01-11 02:15,37,Signal,Automatic signalling fault reported at Rourkela yard.
EVT000013,12014,ADI,2026-01-05 19:00,48,Operational,Crossing conflict with another service at Ahmedabad Junction.
EVT000014,12015,MS,2026-01-26 10:00,4,Infrastructure,Track maintenance block in effect near Chennai Egmore.
EVT000015,12240,ERS,2026-02-21 02:00,21,Weather,"Dense fog conditions near Ernakulam Junction, speed restricted."
EVT000016,12025,AII,2026-02-04 11:45,90,Rolling Stock,Brake power certification delay at Ajmer Junction.
EVT000017,12223,BZA,2026-02-12 02:15,16,Crew,Loco pilot booking-on delay at Vijayawada Junction.
EVT000018,12028,BPL,2026-02-08 00:30,39,Weather,High wind speed advisory near Bhopal Junction affecting running.
EVT000019,12152,KYN,2026-02-12 16:00,59,Weather,High wind speed advisory near Kalyan Junction affecting running.
EVT000020,12031,LDH,2026-02-18 08:30,18,Signal,Points failure at Ludhiana Junction delaying departure.
EVT000021,12208,ASN,2026-02-27 02:30,8,Passenger,Passenger chain-pulling incident near Asansol Junction.
EVT000022,12137,MAS,2026-01-02 03:45,45,Rolling Stock,"Locomotive failure reported, engine change required at Chennai Central."
EVT000023,12290,NJP,2026-01-05 15:45,9,Passenger,Passenger chain-pulling incident near New Jalpaiguri.
EVT000024,12066,VSKP,2026-01-14 17:00,36,Signal,Automatic signalling fault reported at Visakhapatnam yard.
EVT000025,12179,AGC,2026-01-30 21:15,15,Infrastructure,Overhead equipment (OHE) tripping reported near Agra Cantt.
EVT000026,12097,PRYJ,2026-02-09 11:15,29,Signal,Points failure at Prayagraj Junction delaying departure.
EVT000027,12137,SBC,2026-02-15 16:45,11,Crew,Crew shortage reported at KSR Bengaluru City Junction link.
EVT000028,12234,PRYJ,2026-02-26 06:15,32,Weather,High wind speed advisory near Prayagraj Junction affecting running.
EVT000029,12173,PRYJ,2026-02-14 08:00,28,Rolling Stock,Brake power certification delay at Prayagraj Junction.
EVT000030,12124,SC,2026-02-12 13:15,25,Crew,Guard unavailability causing hold at Secunderabad Junction.
EVT000031,12310,BPL,2026-01-19 08:15,32,Crew,Guard unavailability causing hold at Bhopal Junction.
EVT000032,12232,BZA,2026-01-15 10:45,9,Crew,Guard unavailability causing hold at Vijayawada Junction.
EVT000033,12177,KGP,2026-02-05 13:45,4,Weather,"Dense fog conditions near Kharagpur Junction, speed restricted."
EVT000034,12085,MLDT,2026-01-31 07:30,10,Operational,Platform congestion at Malda Town delaying berthing.
EVT000035,12120,BBS,2026-01-11 01:00,54,Infrastructure,Overhead equipment (OHE) tripping reported near Bhubaneswar.
EVT000036,12217,MAS,2026-02-19 01:00,30,Infrastructure,Overhead equipment (OHE) tripping reported near Chennai Central.
EVT000037,12068,CSMT,2026-02-14 10:15,22,Rolling Stock,Coach fault detected during pre-departure check at Chhatrapati Shivaji Maharaj Terminus.
EVT000038,12108,MAS,2026-02-25 16:45,12,Signal,Signal failure near Chennai Central causing hold-up.
EVT000039,12111,VSKP,2026-01-24 11:00,49,Rolling Stock,Brake power certification delay at Visakhapatnam.
EVT000040,12156,COR,2026-01-19 04:00,34,Infrastructure,Track maintenance block in effect near Kota Junction.
EVT000041,12053,JP,2026-02-06 10:45,45,Rolling Stock,Brake power certification delay at Jaipur Junction.
EVT000042,12147,UBL,2026-01-06 20:30,17,Passenger,Passenger chain-pulling incident near Hubballi Junction.
EVT000043,12153,BZA,2026-01-11 19:00,48,Infrastructure,Track maintenance block in effect near Vijayawada Junction.
EVT000044,12208,AGC,2026-02-11 19:15,45,Passenger,"Medical emergency on board, halted at Agra Cantt."
EVT000045,12198,PRYJ,2026-01-29 05:30,5,Signal,Automatic signalling fault reported at Prayagraj Junction yard.
EVT000046,12104,MAS,2026-02-28 19:45,13,Infrastructure,Overhead equipment (OHE) tripping reported near Chennai Central.
EVT000047,12291,NJP,2026-01-30 10:00,30,Signal,Automatic signalling fault reported at New Jalpaiguri yard.
EVT000048,12188,JBP,2026-02-21 16:15,31,Weather,"Dense fog conditions near Jabalpur Junction, speed restricted."
EVT000049,12245,DLI,2026-01-04 10:45,76,Crew,Guard unavailability causing hold at Delhi Junction (Old Delhi).
EVT000050,12087,MAS,2026-01-13 02:00,3,Infrastructure,Speed restriction due to track renewal work near Chennai Central.
EVT000051,12257,SC,2026-01-16 23:45,12,Signal,Points failure at Secunderabad Junction delaying departure.
EVT000052,12196,BSP,2026-01-14 23:00,41,Signal,Points failure at Bilaspur Junction delaying departure.
EVT000053,12036,KGP,2026-02-17 23:45,7,Infrastructure,Track maintenance block in effect near Kharagpur Junction.
EVT000054,12013,COR,2026-02-08 20:45,43,Passenger,Passenger chain-pulling incident near Kota Junction.
EVT000055,12228,TVC,2026-02-21 02:45,66,Infrastructure,Speed restriction due to track renewal work near Thiruvananthapuram Central.
EVT000056,12018,BWN,2026-01-28 02:30,57,Rolling Stock,Coach fault detected during pre-departure check at Barddhaman Junction.
EVT000057,12042,KGP,2026-01-21 00:15,72,Crew,Guard unavailability causing hold at Kharagpur Junction.
EVT000058,12097,PNBE,2026-01-01 08:00,62,Rolling Stock,"Locomotive failure reported, engine change required at Patna Junction."
EVT000059,12246,NDLS,2026-02-20 16:15,41,Crew,Guard unavailability causing hold at New Delhi.
EVT000060,12068,CSMT,2026-01-04 17:45,1,Operational,Platform congestion at Chhatrapati Shivaji Maharaj Terminus delaying berthing.
EVT000061,12135,BSP,2026-01-03 14:45,16,Weather,"Dense fog conditions near Bilaspur Junction, speed restricted."
EVT000062,12316,MS,2026-02-18 14:30,25,Passenger,Passenger chain-pulling incident near Chennai Egmore.
EVT000063,12016,GHY,2026-02-23 08:15,39,Signal,Automatic signalling fault reported at Guwahati yard.
EVT000064,12200,SBC,2026-01-15 15:15,34,Weather,Heavy rain reducing visibility near KSR Bengaluru City Junction.
EVT000065,12273,JHS,2026-01-24 05:30,25,Rolling Stock,Brake power certification delay at Jhansi Junction.
EVT000066,12306,CSMT,2026-01-18 14:30,7,Operational,Late running of connecting rake into Chhatrapati Shivaji Maharaj Terminus.
EVT000067,12240,ERS,2026-02-14 19:15,72,Rolling Stock,Brake power certification delay at Ernakulam Junction.
EVT000068,12117,HWH,2026-02-01 15:45,1,Rolling Stock,Brake power certification delay at Howrah Junction.
EVT000069,12307,BCT,2026-01-28 00:45,42,Crew,Loco pilot booking-on delay at Mumbai Central.
EVT000070,12051,COR,2026-01-14 19:30,8,Rolling Stock,Brake power certification delay at Kota Junction.
EVT000071,12274,PRYJ,2026-01-15 18:00,36,Infrastructure,Track maintenance block in effect near Prayagraj Junction.
EVT000072,12174,VSKP,2026-01-02 04:30,1,Rolling Stock,Brake power certification delay at Visakhapatnam.
EVT000073,12209,BPL,2026-02-24 19:45,1,Weather,Heavy rain reducing visibility near Bhopal Junction.
EVT000074,12182,ST,2026-02-28 12:00,56,Weather,"Dense fog conditions near Surat, speed restricted."
EVT000075,12167,NGP,2026-02-02 09:15,34,Signal,Automatic signalling fault reported at Nagpur Junction yard.
EVT000076,12084,NGP,2026-01-20 20:30,37,Signal,Signal failure near Nagpur Junction causing hold-up.
EVT000077,12269,MAS,2026-02-07 09:00,43,Operational,Late running of connecting rake into Chennai Central.
EVT000078,12178,HWH,2026-01-15 10:45,44,Weather,"Dense fog conditions near Howrah Junction, speed restricted."
EVT000079,12123,SC,2026-02-19 14:30,26,Signal,Signal failure near Secunderabad Junction causing hold-up.
EVT000080,12228,TVC,2026-02-28 21:30,48,Operational,Crossing conflict with another service at Thiruvananthapuram Central.
EVT000081,12234,PRYJ,2026-02-21 23:30,43,Infrastructure,Speed restriction due to track renewal work near Prayagraj Junction.
EVT000082,12079,ROU,2026-01-11 10:30,16,Signal,Automatic signalling fault reported at Rourkela yard.
EVT000083,12234,PRYJ,2026-02-01 10:15,23,Crew,Crew shortage reported at Prayagraj Junction link.
EVT000084,12245,NGP,2026-02-28 05:30,22,Passenger,Overcrowding-related boarding delay at Nagpur Junction.
EVT000085,12219,SDAH,2026-02-01 08:00,38,Operational,Platform congestion at Sealdah delaying berthing.
EVT000086,12030,KYN,2026-02-03 10:30,63,Infrastructure,Track maintenance block in effect near Kalyan Junction.
EVT000087,12224,JU,2026-02-06 22:00,29,Signal,Signal failure near Jodhpur Junction causing hold-up.
EVT000088,12144,MAS,2026-02-17 10:45,40,Rolling Stock,Coach fault detected during pre-departure check at Chennai Central.
EVT000089,12113,NDLS,2026-01-13 21:45,8,Weather,"Dense fog conditions near New Delhi, speed restricted."
EVT000090,12126,BCT,2026-01-19 13:00,62,Signal,Automatic signalling fault reported at Mumbai Central yard.
EVT000091,12066,BCT,2026-02-02 11:15,39,Rolling Stock,"Locomotive failure reported, engine change required at Mumbai Central."
EVT000092,12203,GHY,2026-01-17 13:00,47,Infrastructure,Track maintenance block in effect near Guwahati.
EVT000093,12269,SC,2026-02-03 05:45,2,Crew,Loco pilot booking-on delay at Secunderabad Junction.
EVT000094,12308,ADI,2026-02-12 06:00,30,Passenger,"Medical emergency on board, halted at Ahmedabad Junction."
EVT000095,12052,PUNE,2026-02-26 12:00,39,Operational,Platform congestion at Pune Junction delaying berthing.
EVT000096,12103,SDAH,2026-02-13 07:00,34,Weather,High wind speed advisory near Sealdah affecting running.
EVT000097,12191,JP,2026-01-27 20:45,9,Infrastructure,Track maintenance block in effect near Jaipur Junction.
EVT000098,12092,KYN,2026-02-08 06:00,26,Signal,Signal failure near Kalyan Junction causing hold-up.
EVT000099,12241,BBS,2026-02-28 02:00,44,Crew,Guard unavailability causing hold at Bhubaneswar.
EVT000100,12123,SC,2026-02-16 23:45,34,Rolling Stock,Coach fault detected during pre-departure check at Secunderabad Junction.
EVT000101,12234,NDLS,2026-02-18 14:45,31,Rolling Stock,Coach fault detected during pre-departure check at New Delhi.
EVT000102,12182,JP,2026-02-09 01:15,55,Infrastructure,Overhead equipment (OHE) tripping reported near Jaipur Junction.
EVT000103,12258,ST,2026-01-13 11:00,43,Weather,Heavy rain reducing visibility near Surat.
EVT000104,12025,KYN,2026-01-14 18:30,1,Rolling Stock,Coach fault detected during pre-departure check at Kalyan Junction.
EVT000105,12105,BBS,2026-01-09 06:15,1,Passenger,Passenger chain-pulling incident near Bhubaneswar.
EVT000106,12042,DURG,2026-02-17 02:30,20,Rolling Stock,Brake power certification delay at Durg Junction.
EVT000107,12266,SBC,2026-01-10 12:30,36,Rolling Stock,"Locomotive failure reported, engine change required at KSR Bengaluru City Junction."
EVT000108,12221,MYS,2026-01-28 00:45,2,Passenger,"Medical emergency on board, halted at Mysuru Junction."
EVT000109,12144,MAS,2026-02-22 09:30,21,Signal,Points failure at Chennai Central delaying departure.
EVT000110,12244,AII,2026-03-01 13:30,20,Signal,Points failure at Ajmer Junction delaying departure.
EVT000111,12125,PNBE,2026-02-26 18:45,15,Operational,Platform congestion at Patna Junction delaying berthing.
EVT000112,12027,RTM,2026-01-04 13:30,6,Crew,Loco pilot booking-on delay at Ratlam Junction.
EVT000113,12086,VSKP,2026-02-21 11:15,47,Signal,Automatic signalling fault reported at Visakhapatnam yard.
EVT000114,12236,MDU,2026-01-24 17:15,33,Signal,Points failure at Madurai Junction delaying departure.
EVT000115,12135,DURG,2026-02-07 21:30,1,Operational,Late running of connecting rake into Durg Junction.
EVT000116,12183,PNBE,2026-02-13 23:30,10,Signal,Points failure at Patna Junction delaying departure.
EVT000117,12298,SUR,2026-02-23 12:30,23,Weather,"Dense fog conditions near Solapur Junction, speed restricted."
EVT000118,12221,SBC,2026-01-10 07:00,10,Passenger,Passenger chain-pulling incident near KSR Bengaluru City Junction.
EVT000119,12132,TVC,2026-02-26 23:45,54,Operational,Crossing conflict with another service at Thiruvananthapuram Central.
EVT000120,12275,ASR,2026-02-01 00:00,74,Rolling Stock,Brake power certification delay at Amritsar Junction.
EVT000121,12301,SDAH,2026-01-03 03:30,11,Passenger,"Medical emergency on board, halted at Sealdah."
EVT000122,12231,NJP,2026-03-01 19:15,16,Signal,Automatic signalling fault reported at New Jalpaiguri yard.
EVT000123,12250,MAS,2026-02-17 04:00,81,Passenger,Passenger chain-pulling incident near Chennai Central.
EVT000124,12158,SC,2026-01-31 22:00,14,Signal,Points failure at Secunderabad Junction delaying departure.
EVT000125,12253,ST,2026-01-16 03:45,34,Infrastructure,Track maintenance block in effect near Surat.
EVT000126,12113,CBE,2026-02-17 15:15,24,Infrastructure,Speed restriction due to track renewal work near Coimbatore Junction.
EVT000127,12044,BSP,2026-01-12 15:30,16,Operational,Crossing conflict with another service at Bilaspur Junction.
EVT000128,12091,NDLS,2026-02-28 21:15,47,Crew,Crew shortage reported at New Delhi link.
EVT000129,12287,BCT,2026-02-28 02:30,18,Rolling Stock,Brake power certification delay at Mumbai Central.
EVT000130,12026,AGC,2026-01-26 16:00,2,Operational,Crossing conflict with another service at Agra Cantt.
EVT000131,12183,UMB,2026-01-27 21:45,21,Rolling Stock,"Locomotive failure reported, engine change required at Ambala Cantt Junction."
EVT000132,12215,JP,2026-02-07 09:00,7,Crew,Guard unavailability causing hold at Jaipur Junction.
EVT000133,12122,HYB,2026-02-10 00:30,31,Operational,Late running of connecting rake into Hyderabad Deccan.
EVT000134,12189,HWH,2026-01-27 03:00,48,Signal,Signal failure near Howrah Junction causing hold-up.
EVT000135,12106,ERS,2026-01-17 11:00,46,Rolling Stock,Brake power certification delay at Ernakulam Junction.
EVT000136,12076,SC,2026-01-26 02:15,28,Rolling Stock,"Locomotive failure reported, engine change required at Secunderabad Junction."
EVT000137,12074,MS,2026-02-17 09:45,52,Weather,High wind speed advisory near Chennai Egmore affecting running.
EVT000138,12248,MLDT,2026-01-31 18:45,14,Infrastructure,Speed restriction due to track renewal work near Malda Town.
EVT000139,12101,PNBE,2026-01-11 15:00,37,Crew,Loco pilot booking-on delay at Patna Junction.
EVT000140,12104,KGP,2026-02-23 05:15,26,Crew,Loco pilot booking-on delay at Kharagpur Junction.
EVT000141,12288,ST,2026-01-08 04:45,29,Signal,Automatic signalling fault reported at Surat yard.
EVT000142,12207,DLI,2026-02-19 00:00,48,Operational,Crossing conflict with another service at Delhi Junction (Old Delhi).
EVT000143,12199,CBE,2026-02-22 16:45,30,Operational,Platform congestion at Coimbatore Junction delaying berthing.
EVT000144,12238,DLI,2026-02-23 16:30,19,Weather,High wind speed advisory near Delhi Junction (Old Delhi) affecting running.
EVT000145,12177,HWH,2026-01-12 06:00,74,Passenger,"Medical emergency on board, halted at Howrah Junction."
EVT000146,12096,JHS,2026-01-14 20:30,31,Rolling Stock,Coach fault detected during pre-departure check at Jhansi Junction.
EVT000147,12232,MAS,2026-02-08 16:30,28,Rolling Stock,"Locomotive failure reported, engine change required at Chennai Central."
EVT000148,12000,JBP,2026-01-01 22:00,15,Infrastructure,Track maintenance block in effect near Jabalpur Junction.
EVT000149,12081,BCT,2026-02-19 16:15,32,Infrastructure,Speed restriction due to track renewal work near Mumbai Central.
EVT000150,12227,BZA,2026-01-25 06:30,42,Operational,Platform congestion at Vijayawada Junction delaying berthing.
EVT000151,12117,COR,2026-02-02 22:15,19,Rolling Stock,"Locomotive failure reported, engine change required at Kota Junction."
EVT000152,12124,BBS,2026-01-01 21:45,36,Operational,Late running of connecting rake into Bhubaneswar.
EVT000153,12298,CSMT,2026-02-12 02:30,94,Crew,Crew shortage reported at Chhatrapati Shivaji Maharaj Terminus link.
EVT000154,12032,RTM,2026-02-11 05:00,23,Signal,Automatic signalling fault reported at Ratlam Junction yard.
EVT000155,12248,NJP,2026-01-26 13:45,36,Weather,"Dense fog conditions near New Jalpaiguri, speed restricted."
EVT000156,12117,COR,2026-02-09 09:45,14,Weather,Heavy rain reducing visibility near Kota Junction.
EVT000157,12259,DD,2026-01-21 18:30,63,Weather,"Dense fog conditions near Daund Junction, speed restricted."
EVT000158,12005,KYN,2026-02-13 15:00,81,Infrastructure,Speed restriction due to track renewal work near Kalyan Junction.
EVT000159,12088,BBS,2026-02-23 07:45,16,Weather,"Dense fog conditions near Bhubaneswar, speed restricted."
EVT000160,12111,NDLS,2026-01-13 21:00,107,Weather,High wind speed advisory near New Delhi affecting running.
EVT000161,12102,BBS,2026-02-14 14:30,29,Weather,"Dense fog conditions near Bhubaneswar, speed restricted."
EVT000162,12231,ADI,2026-02-10 10:00,17,Signal,Points failure at Ahmedabad Junction delaying departure.
EVT000163,12127,GHY,2026-01-30 02:15,1,Rolling Stock,Brake power certification delay at Guwahati.
EVT000164,12203,NDLS,2026-02-24 19:30,29,Signal,Points failure at New Delhi delaying departure.
EVT000165,12309,PNBE,2026-02-02 07:15,51,Crew,Crew shortage reported at Patna Junction link.
EVT000166,12037,PNBE,2026-02-07 14:45,63,Signal,Automatic signalling fault reported at Patna Junction yard.
EVT000167,12211,COR,2026-01-27 11:45,30,Crew,Loco pilot booking-on delay at Kota Junction.
EVT000168,12177,HWH,2026-01-11 04:45,70,Crew,Crew shortage reported at Howrah Junction link.
EVT000169,12290,ERS,2026-02-12 00:15,23,Infrastructure,Speed restriction due to track renewal work near Ernakulam Junction.
EVT000170,12156,COR,2026-02-07 09:15,87,Operational,Late running of connecting rake into Kota Junction.
EVT000171,12131,TPJ,2026-01-27 12:00,1,Operational,Late running of connecting rake into Tiruchchirapalli Junction.
EVT000172,12121,PUNE,2026-02-24 13:30,42,Crew,Guard unavailability causing hold at Pune Junction.
EVT000173,12174,MAS,2026-02-15 18:00,83,Passenger,Overcrowding-related boarding delay at Chennai Central.
EVT000174,12188,BPL,2026-01-26 23:45,15,Rolling Stock,Brake power certification delay at Bhopal Junction.
EVT000175,12096,SBC,2026-02-17 11:15,1,Operational,Crossing conflict with another service at KSR Bengaluru City Junction.
EVT000176,12007,JP,2026-02-19 09:00,15,Signal,Signal failure near Jaipur Junction causing hold-up.
EVT000177,12235,NGP,2026-02-12 07:45,63,Rolling Stock,"Locomotive failure reported, engine change required at Nagpur Junction."
EVT000178,12271,CBE,2026-03-01 14:15,56,Crew,Crew shortage reported at Coimbatore Junction link.
EVT000179,12071,JP,2026-02-15 06:00,76,Operational,Platform congestion at Jaipur Junction delaying berthing.
EVT000180,12080,NDLS,2026-02-06 19:45,1,Passenger,"Medical emergency on board, halted at New Delhi."
EVT000181,12244,UBL,2026-01-13 20:45,1,Operational,Platform congestion at Hubballi Junction delaying berthing.
EVT000182,12151,CSMT,2026-01-15 12:30,51,Infrastructure,Overhead equipment (OHE) tripping reported near Chhatrapati Shivaji Maharaj Terminus.
EVT000183,12247,ERS,2026-01-01 11:45,58,Rolling Stock,Brake power certification delay at Ernakulam Junction.
EVT000184,12166,NGP,2026-02-23 06:45,50,Passenger,"Medical emergency on board, halted at Nagpur Junction."
EVT000185,12244,MAO,2026-02-08 07:00,8,Infrastructure,Overhead equipment (OHE) tripping reported near Madgaon Junction.
EVT000186,12128,MFP,2026-02-07 23:30,47,Crew,Loco pilot booking-on delay at Muzaffarpur Junction.
EVT000187,12217,MAS,2026-01-16 22:00,1,Crew,Loco pilot booking-on delay at Chennai Central.
EVT000188,12264,KYN,2026-01-08 01:15,21,Rolling Stock,Coach fault detected during pre-departure check at Kalyan Junction.
EVT000189,12108,BBS,2026-02-23 13:15,16,Signal,Automatic signalling fault reported at Bhubaneswar yard.
EVT000190,12139,CTC,2026-02-27 01:00,21,Passenger,Overcrowding-related boarding delay at Cuttack Junction.
EVT000191,12167,NGP,2026-01-19 12:00,40,Signal,Automatic signalling fault reported at Nagpur Junction yard.
EVT000192,12311,TATA,2026-02-16 00:00,30,Rolling Stock,"Locomotive failure reported, engine change required at Tatanagar Junction."
EVT000193,12036,BWN,2026-01-03 14:15,79,Crew,Guard unavailability causing hold at Barddhaman Junction.
EVT000194,12259,PNBE,2026-01-26 14:15,47,Infrastructure,Speed restriction due to track renewal work near Patna Junction.
EVT000195,12158,SBC,2026-02-06 07:00,30,Crew,Guard unavailability causing hold at KSR Bengaluru City Junction.
EVT000196,12309,MAS,2026-01-07 18:30,55,Signal,Points failure at Chennai Central delaying departure.
EVT000197,12193,BSP,2026-01-01 11:30,32,Signal,Signal failure near Bilaspur Junction causing hold-up.
EVT000198,12277,ASR,2026-02-20 22:15,41,Infrastructure,Overhead equipment (OHE) tripping reported near Amritsar Junction.
EVT000199,12034,SUR,2026-01-13 11:30,59,Signal,Points failure at Solapur Junction delaying departure.
EVT000200,12007,JP,2026-02-12 18:30,9,Infrastructure,Track maintenance block in effect near Jaipur Junction.
EVT000201,12092,KYN,2026-02-07 01:15,1,Crew,Crew shortage reported at Kalyan Junction link.
EVT000202,12126,NDLS,2026-01-29 21:45,1,Crew,Loco pilot booking-on delay at New Delhi.
EVT000203,12199,MYS,2026-01-11 23:30,54,Rolling Stock,"Locomotive failure reported, engine change required at Mysuru Junction."
EVT000204,12103,NDLS,2026-01-20 00:15,29,Operational,Late running of connecting rake into New Delhi.
EVT000205,12313,COR,2026-01-19 09:15,1,Operational,Platform congestion at Kota Junction delaying berthing.
EVT000206,12270,PRYJ,2026-01-27 07:15,20,Crew,Guard unavailability causing hold at Prayagraj Junction.
EVT000207,12291,ASR,2026-01-29 22:00,2,Infrastructure,Track maintenance block in effect near Amritsar Junction.
EVT000208,12197,MS,2026-02-02 05:00,3,Rolling Stock,Coach fault detected during pre-departure check at Chennai Egmore.
EVT000209,12062,NDLS,2026-01-08 07:15,1,Operational,Platform congestion at New Delhi delaying berthing.
EVT000210,12039,BPL,2026-01-27 01:30,18,Rolling Stock,Coach fault detected during pre-departure check at Bhopal Junction.
EVT000211,12229,GHY,2026-02-15 21:15,1,Passenger,Passenger chain-pulling incident near Guwahati.
EVT000212,12116,KGP,2026-02-03 14:30,31,Operational,Crossing conflict with another service at Kharagpur Junction.
EVT000213,12138,ADI,2026-01-16 21:00,1,Rolling Stock,"Locomotive failure reported, engine change required at Ahmedabad Junction."
EVT000214,12213,NGP,2026-02-01 16:45,1,Rolling Stock,"Locomotive failure reported, engine change required at Nagpur Junction."
EVT000215,12304,SC,2026-02-12 05:45,26,Weather,"Dense fog conditions near Secunderabad Junction, speed restricted."
EVT000216,12174,BBS,2026-01-05 06:45,63,Operational,Crossing conflict with another service at Bhubaneswar.
EVT000217,12295,HWH,2026-01-07 22:30,66,Rolling Stock,Coach fault detected during pre-departure check at Howrah Junction.
EVT000218,12117,COR,2026-01-12 11:45,17,Rolling Stock,Brake power certification delay at Kota Junction.
EVT000219,12153,BZA,2026-02-04 04:30,47,Infrastructure,Track maintenance block in effect near Vijayawada Junction.
EVT000220,12214,BBS,2026-02-08 18:00,1,Passenger,Overcrowding-related boarding delay at Bhubaneswar.
EVT000221,12057,BZA,2026-01-07 03:30,70,Crew,Guard unavailability causing hold at Vijayawada Junction.
EVT000222,12221,JHS,2026-02-20 07:30,16,Operational,Platform congestion at Jhansi Junction delaying berthing.
EVT000223,12163,PRYJ,2026-01-03 20:30,27,Rolling Stock,"Locomotive failure reported, engine change required at Prayagraj Junction."
EVT000224,12211,BPL,2026-02-04 00:15,1,Operational,Late running of connecting rake into Bhopal Junction.
EVT000225,12107,SC,2026-02-14 01:15,34,Operational,Crossing conflict with another service at Secunderabad Junction.
EVT000226,12163,PRYJ,2026-01-04 07:30,56,Operational,Late running of connecting rake into Prayagraj Junction.
EVT000227,12176,JBP,2026-02-04 18:15,30,Infrastructure,Track maintenance block in effect near Jabalpur Junction.
EVT000228,12153,SC,2026-01-24 04:30,46,Operational,Crossing conflict with another service at Secunderabad Junction.
EVT000229,12231,GHY,2026-01-22 23:45,8,Rolling Stock,Brake power certification delay at Guwahati.
EVT000230,12068,NGP,2026-02-04 00:15,77,Infrastructure,Track maintenance block in effect near Nagpur Junction.
EVT000231,12137,SC,2026-01-25 03:45,53,Weather,Heavy rain reducing visibility near Secunderabad Junction.
EVT000232,12261,HWH,2026-02-07 14:30,14,Weather,"Dense fog conditions near Howrah Junction, speed restricted."
EVT000233,12213,CSMT,2026-02-10 15:00,113,Passenger,Passenger chain-pulling incident near Chhatrapati Shivaji Maharaj Terminus.
EVT000234,12284,SDAH,2026-01-18 15:45,4,Weather,High wind speed advisory near Sealdah affecting running.
EVT000235,12094,BSP,2026-02-28 03:15,1,Crew,Crew shortage reported at Bilaspur Junction link.
EVT000236,12292,HYB,2026-02-19 22:15,8,Infrastructure,Speed restriction due to track renewal work near Hyderabad Deccan.
EVT000237,12114,NDLS,2026-02-18 12:15,13,Crew,Loco pilot booking-on delay at New Delhi.
EVT000238,12123,SC,2026-02-25 23:00,1,Crew,Guard unavailability causing hold at Secunderabad Junction.
EVT000239,12184,BWN,2026-02-09 05:30,21,Rolling Stock,Brake power certification delay at Barddhaman Junction.
EVT000240,12271,MAS,2026-01-16 02:30,77,Operational,Platform congestion at Chennai Central delaying berthing.
EVT000241,12026,LDH,2026-02-27 05:15,25,Infrastructure,Overhead equipment (OHE) tripping reported near Ludhiana Junction.
EVT000242,12243,DLI,2026-01-20 19:00,33,Infrastructure,Overhead equipment (OHE) tripping reported near Delhi Junction (Old Delhi).
EVT000243,12228,TVC,2026-01-29 03:45,6,Passenger,Overcrowding-related boarding delay at Thiruvananthapuram Central.
EVT000244,12299,NDLS,2026-01-09 02:15,22,Rolling Stock,"Locomotive failure reported, engine change required at New Delhi."
EVT000245,12187,PRYJ,2026-02-28 17:30,44,Crew,Loco pilot booking-on delay at Prayagraj Junction.
EVT000246,12149,KYN,2026-01-29 12:00,57,Infrastructure,Speed restriction due to track renewal work near Kalyan Junction.
EVT000247,12268,SUR,2026-02-06 05:30,13,Operational,Late running of connecting rake into Solapur Junction.
EVT000248,12224,JP,2026-02-20 20:30,25,Crew,Loco pilot booking-on delay at Jaipur Junction.
EVT000249,12239,DLI,2026-01-26 06:15,33,Operational,Platform congestion at Delhi Junction (Old Delhi) delaying berthing.
EVT000250,12283,ASR,2026-01-07 15:15,46,Rolling Stock,Brake power certification delay at Amritsar Junction.
EVT000251,12201,MLDT,2026-01-14 22:45,32,Signal,Automatic signalling fault reported at Malda Town yard.
EVT000252,12311,TATA,2026-02-21 09:45,11,Crew,Loco pilot booking-on delay at Tatanagar Junction.
EVT000253,12292,BZA,2026-01-17 20:15,1,Weather,High wind speed advisory near Vijayawada Junction affecting running.
EVT000254,12017,UMB,2026-01-04 22:00,67,Operational,Crossing conflict with another service at Ambala Cantt Junction.
EVT000255,12210,PUNE,2026-01-10 16:30,1,Passenger,"Medical emergency on board, halted at Pune Junction."
EVT000256,12162,TPJ,2026-02-18 00:30,60,Signal,Automatic signalling fault reported at Tiruchchirapalli Junction yard.
EVT000257,12315,MAS,2026-02-27 18:30,43,Operational,Platform congestion at Chennai Central delaying berthing.
EVT000258,12053,PRYJ,2026-01-20 16:45,25,Signal,Signal failure near Prayagraj Junction causing hold-up.
EVT000259,12018,VSKP,2026-02-17 21:00,36,Weather,Heavy rain reducing visibility near Visakhapatnam.
EVT000260,12199,SC,2026-01-27 18:00,1,Signal,Points failure at Secunderabad Junction delaying departure.
EVT000261,12053,JP,2026-02-23 20:00,21,Infrastructure,Speed restriction due to track renewal work near Jaipur Junction.
EVT000262,12194,NDLS,2026-02-27 09:30,15,Passenger,Passenger chain-pulling incident near New Delhi.
EVT000263,12012,MAO,2026-01-21 15:15,1,Rolling Stock,"Locomotive failure reported, engine change required at Madgaon Junction."
EVT000264,12038,MAS,2026-02-25 05:30,31,Rolling Stock,"Locomotive failure reported, engine change required at Chennai Central."
EVT000265,12108,BBS,2026-01-17 00:45,36,Crew,Crew shortage reported at Bhubaneswar link.
EVT000266,12034,BZA,2026-02-13 14:15,48,Operational,Late running of connecting rake into Vijayawada Junction.
EVT000267,12264,KYN,2026-01-23 20:00,31,Signal,Automatic signalling fault reported at Kalyan Junction yard.
EVT000268,12222,BSP,2026-02-04 10:15,66,Signal,Signal failure near Bilaspur Junction causing hold-up.
EVT000269,12101,KGP,2026-02-06 10:30,31,Signal,Automatic signalling fault reported at Kharagpur Junction yard.
EVT000270,12033,CSMT,2026-02-21 17:15,10,Crew,Loco pilot booking-on delay at Chhatrapati Shivaji Maharaj Terminus.
EVT000271,12296,AGC,2026-02-12 17:00,36,Signal,Automatic signalling fault reported at Agra Cantt yard.
EVT000272,12092,JU,2026-02-25 21:30,15,Crew,Crew shortage reported at Jodhpur Junction link.
EVT000273,12056,JP,2026-02-22 05:45,28,Rolling Stock,Brake power certification delay at Jaipur Junction.
EVT000274,12220,MAS,2026-01-03 10:00,31,Rolling Stock,Coach fault detected during pre-departure check at Chennai Central.
EVT000275,12116,NGP,2026-01-15 19:30,29,Signal,Signal failure near Nagpur Junction causing hold-up.
EVT000276,12027,RTM,2026-02-14 05:30,1,Passenger,Passenger chain-pulling incident near Ratlam Junction.
EVT000277,12086,VSKP,2026-01-16 17:15,18,Infrastructure,Speed restriction due to track renewal work near Visakhapatnam.
EVT000278,12144,MS,2026-02-28 21:15,38,Signal,Automatic signalling fault reported at Chennai Egmore yard.
EVT000279,12201,NDLS,2026-01-10 23:30,2,Infrastructure,Speed restriction due to track renewal work near New Delhi.
EVT000280,12268,NDLS,2026-01-02 16:45,10,Infrastructure,Speed restriction due to track renewal work near New Delhi.
EVT000281,12130,CTC,2026-02-23 04:00,1,Signal,Points failure at Cuttack Junction delaying departure.
EVT000282,12163,PRYJ,2026-01-04 08:45,17,Signal,Points failure at Prayagraj Junction delaying departure.
EVT000283,12054,COR,2026-01-09 06:45,36,Crew,Loco pilot booking-on delay at Kota Junction.
EVT000284,12087,SC,2026-01-04 15:30,19,Signal,Automatic signalling fault reported at Secunderabad Junction yard.
EVT000285,12131,KGP,2026-01-05 15:00,31,Crew,Loco pilot booking-on delay at Kharagpur Junction.
EVT000286,12128,MFP,2026-01-02 06:30,41,Weather,"Dense fog conditions near Muzaffarpur Junction, speed restricted."
EVT000287,12201,NDLS,2026-02-03 12:30,9,Weather,High wind speed advisory near New Delhi affecting running.
EVT000288,12249,NJP,2026-01-19 08:45,29,Infrastructure,Overhead equipment (OHE) tripping reported near New Jalpaiguri.
EVT000289,12193,ROU,2026-02-16 01:30,46,Signal,Automatic signalling fault reported at Rourkela yard.
EVT000290,12134,VSKP,2026-02-05 03:00,48,Signal,Signal failure near Visakhapatnam causing hold-up.
EVT000291,12223,BPL,2026-02-23 04:30,15,Crew,Crew shortage reported at Bhopal Junction link.
EVT000292,12156,COR,2026-02-19 11:00,29,Crew,Loco pilot booking-on delay at Kota Junction.
EVT000293,12009,NDLS,2026-01-29 11:15,33,Rolling Stock,Brake power certification delay at New Delhi.
EVT000294,12220,HWH,2026-02-05 01:15,7,Crew,Guard unavailability causing hold at Howrah Junction.
EVT000295,12050,BCT,2026-01-21 04:30,20,Infrastructure,Speed restriction due to track renewal work near Mumbai Central.
EVT000296,12283,ASR,2026-01-16 15:45,31,Infrastructure,Overhead equipment (OHE) tripping reported near Amritsar Junction.
EVT000297,12080,PNBE,2026-02-09 07:00,47,Passenger,Passenger chain-pulling incident near Patna Junction.
EVT000298,12319,HYB,2026-01-16 19:30,24,Operational,Platform congestion at Hyderabad Deccan delaying berthing.
EVT000299,12203,PNBE,2026-01-12 19:45,7,Crew,Crew shortage reported at Patna Junction link.
EVT000300,12148,ADI,2026-01-06 02:30,24,Operational,Late running of connecting rake into Ahmedabad Junction.
EVT000301,12308,GHY,2026-01-18 23:45,6,Passenger,Passenger chain-pulling incident near Guwahati.
EVT000302,12230,JP,2026-01-18 18:00,95,Rolling Stock,Brake power certification delay at Jaipur Junction.
EVT000303,12213,SC,2026-02-20 12:30,11,Crew,Guard unavailability causing hold at Secunderabad Junction.
EVT000304,12245,NDLS,2026-02-09 12:00,15,Rolling Stock,"Locomotive failure reported, engine change required at New Delhi."
EVT000305,12102,BBS,2026-02-28 12:00,57,Weather,Heavy rain reducing visibility near Bhubaneswar.
EVT000306,12265,MDU,2026-01-19 03:45,33,Weather,"Dense fog conditions near Madurai Junction, speed restricted."
EVT000307,12219,HWH,2026-02-24 22:15,34,Weather,Heavy rain reducing visibility near Howrah Junction.
EVT000308,12257,SBC,2026-01-30 21:45,25,Passenger,Passenger chain-pulling incident near KSR Bengaluru City Junction.
EVT000309,12217,HYB,2026-02-02 14:15,8,Operational,Platform congestion at Hyderabad Deccan delaying berthing.
EVT000310,12210,PUNE,2026-01-05 03:00,16,Infrastructure,Overhead equipment (OHE) tripping reported near Pune Junction.
EVT000311,12275,BAM,2026-01-27 14:00,85,Rolling Stock,"Locomotive failure reported, engine change required at Brahmapur."
EVT000312,12197,MS,2026-02-14 05:00,28,Passenger,Overcrowding-related boarding delay at Chennai Egmore.
EVT000313,12073,NDLS,2026-02-01 17:30,38,Passenger,Overcrowding-related boarding delay at New Delhi.
EVT000314,12084,NGP,2026-02-13 18:00,17,Crew,Guard unavailability causing hold at Nagpur Junction.
EVT000315,12207,DLI,2026-01-23 21:30,19,Weather,"Dense fog conditions near Delhi Junction (Old Delhi), speed restricted."
EVT000316,12098,HWH,2026-01-04 22:30,68,Weather,Heavy rain reducing visibility near Howrah Junction.
EVT000317,12233,MAS,2026-02-06 12:45,45,Rolling Stock,"Locomotive failure reported, engine change required at Chennai Central."
EVT000318,12252,SBC,2026-02-18 19:30,45,Signal,Automatic signalling fault reported at KSR Bengaluru City Junction yard.
EVT000319,12280,NDLS,2026-01-01 00:00,64,Operational,Late running of connecting rake into New Delhi.
EVT000320,12139,CTC,2026-01-24 13:00,53,Passenger,Passenger chain-pulling incident near Cuttack Junction.
EVT000321,12122,CSMT,2026-01-20 01:45,58,Operational,Late running of connecting rake into Chhatrapati Shivaji Maharaj Terminus.
EVT000322,12248,KGP,2026-02-03 23:15,58,Crew,Crew shortage reported at Kharagpur Junction link.
EVT000323,12287,BCT,2026-01-10 14:15,8,Weather,High wind speed advisory near Mumbai Central affecting running.
EVT000324,12136,KYN,2026-02-15 15:15,68,Operational,Crossing conflict with another service at Kalyan Junction.
EVT000325,12058,VSKP,2026-01-13 13:45,55,Operational,Late running of connecting rake into Visakhapatnam.
EVT000326,12164,CSMT,2026-01-24 16:45,16,Rolling Stock,Brake power certification delay at Chhatrapati Shivaji Maharaj Terminus.
EVT000327,12124,SBC,2026-02-14 10:15,38,Crew,Guard unavailability causing hold at KSR Bengaluru City Junction.
EVT000328,12073,VSKP,2026-02-07 01:45,33,Weather,High wind speed advisory near Visakhapatnam affecting running.
EVT000329,12253,ADI,2026-01-01 20:00,12,Signal,Automatic signalling fault reported at Ahmedabad Junction yard.
EVT000330,12148,JBP,2026-01-02 08:00,65,Infrastructure,Track maintenance block in effect near Jabalpur Junction.
EVT000331,12179,MAS,2026-01-13 03:45,49,Operational,Late running of connecting rake into Chennai Central.
EVT000332,12203,PRYJ,2026-01-23 04:45,37,Crew,Crew shortage reported at Prayagraj Junction link.
EVT000333,12224,JP,2026-02-15 23:45,54,Operational,Platform congestion at Jaipur Junction delaying berthing.
EVT000334,12224,COR,2026-01-21 00:45,7,Infrastructure,Overhead equipment (OHE) tripping reported near Kota Junction.
EVT000335,12091,PNBE,2026-01-02 22:30,1,Rolling Stock,"Locomotive failure reported, engine change required at Patna Junction."
EVT000336,12262,NGP,2026-02-01 23:45,15,Weather,"Dense fog conditions near Nagpur Junction, speed restricted."
EVT000337,12203,GHY,2026-01-03 04:30,55,Operational,Crossing conflict with another service at Guwahati.
EVT000338,12126,UMB,2026-02-10 07:00,75,Signal,Automatic signalling fault reported at Ambala Cantt Junction yard.
EVT000339,12261,HWH,2026-01-22 13:00,25,Operational,Crossing conflict with another service at Howrah Junction.
EVT000340,12196,NGP,2026-02-27 16:15,58,Rolling Stock,Brake power certification delay at Nagpur Junction.
EVT000341,12022,COR,2026-02-28 03:30,11,Infrastructure,Speed restriction due to track renewal work near Kota Junction.
EVT000342,12179,PRYJ,2026-01-12 12:00,12,Weather,Heavy rain reducing visibility near Prayagraj Junction.
EVT000343,12131,BSP,2026-01-06 04:15,49,Weather,High wind speed advisory near Bilaspur Junction affecting running.
EVT000344,12028,JHS,2026-01-28 12:45,9,Passenger,"Medical emergency on board, halted at Jhansi Junction."
EVT000345,12207,CSMT,2026-02-10 05:30,48,Infrastructure,Track maintenance block in effect near Chhatrapati Shivaji Maharaj Terminus.
EVT000346,12058,VSKP,2026-02-06 08:15,30,Operational,Crossing conflict with another service at Visakhapatnam.
EVT000347,12114,COR,2026-02-28 02:45,70,Signal,Points failure at Kota Junction delaying departure.
EVT000348,12006,COR,2026-01-05 07:00,21,Crew,Loco pilot booking-on delay at Kota Junction.
EVT000349,12231,HWH,2026-01-29 17:45,37,Infrastructure,Overhead equipment (OHE) tripping reported near Howrah Junction.
EVT000350,12182,ST,2026-01-09 13:00,72,Passenger,"Medical emergency on board, halted at Surat."
EVT000351,12061,NDLS,2026-01-24 15:00,53,Rolling Stock,Coach fault detected during pre-departure check at New Delhi.
EVT000352,12080,PNBE,2026-01-03 17:45,28,Operational,Late running of connecting rake into Patna Junction.
EVT000353,12252,BPL,2026-01-13 10:45,26,Passenger,Overcrowding-related boarding delay at Bhopal Junction.
EVT000354,12088,VSKP,2026-02-05 12:15,42,Operational,Crossing conflict with another service at Visakhapatnam.
EVT000355,12126,NDLS,2026-01-22 21:30,65,Rolling Stock,"Locomotive failure reported, engine change required at New Delhi."
EVT000356,12187,BSP,2026-02-18 18:45,37,Crew,Guard unavailability causing hold at Bilaspur Junction.
EVT000357,12185,BCT,2026-01-17 18:30,45,Operational,Platform congestion at Mumbai Central delaying berthing.
EVT000358,12034,SUR,2026-01-30 06:30,78,Operational,Crossing conflict with another service at Solapur Junction.
EVT000359,12171,PRYJ,2026-02-01 13:15,12,Weather,Heavy rain reducing visibility near Prayagraj Junction.
EVT000360,12101,KGP,2026-02-18 02:45,1,Infrastructure,Overhead equipment (OHE) tripping reported near Kharagpur Junction.
EVT000361,12192,ADI,2026-01-28 10:15,71,Infrastructure,Track maintenance block in effect near Ahmedabad Junction.
EVT000362,12072,ADI,2026-02-20 08:45,12,Passenger,Passenger chain-pulling incident near Ahmedabad Junction.
EVT000363,12261,HWH,2026-02-14 03:15,49,Operational,Late running of connecting rake into Howrah Junction.
EVT000364,12226,BSL,2026-02-04 08:00,30,Weather,High wind speed advisory near Bhusaval Junction affecting running.
EVT000365,12307,NGP,2026-02-20 09:00,29,Operational,Platform congestion at Nagpur Junction delaying berthing.
EVT000366,12205,MAS,2026-02-18 19:15,57,Signal,Signal failure near Chennai Central causing hold-up.
EVT000367,12007,JHS,2026-02-07 19:00,16,Operational,Crossing conflict with another service at Jhansi Junction.
EVT000368,12260,KYN,2026-01-18 00:15,57,Crew,Crew shortage reported at Kalyan Junction link.
EVT000369,12144,MS,2026-02-23 23:00,26,Passenger,Overcrowding-related boarding delay at Chennai Egmore.
EVT000370,12024,TPJ,2026-02-15 07:30,35,Rolling Stock,Brake power certification delay at Tiruchchirapalli Junction.
EVT000371,12265,MAS,2026-02-07 01:15,1,Passenger,Passenger chain-pulling incident near Chennai Central.
EVT000372,12120,BBS,2026-02-14 13:30,48,Signal,Automatic signalling fault reported at Bhubaneswar yard.
EVT000373,12011,ASN,2026-02-26 09:45,20,Signal,Automatic signalling fault reported at Asansol Junction yard.
EVT000374,12216,LDH,2026-02-02 03:15,18,Infrastructure,Speed restriction due to track renewal work near Ludhiana Junction.
EVT000375,12177,MLDT,2026-01-04 14:30,45,Crew,Guard unavailability causing hold at Malda Town.
EVT000376,12260,PUNE,2026-02-23 08:30,70,Crew,Guard unavailability causing hold at Pune Junction.
EVT000377,12038,MAS,2026-01-01 07:15,62,Signal,Signal failure near Chennai Central causing hold-up.
EVT000378,12132,MAS,2026-01-27 21:30,30,Rolling Stock,Coach fault detected during pre-departure check at Chennai Central.
EVT000379,12061,DLI,2026-02-28 16:00,1,Rolling Stock,"Locomotive failure reported, engine change required at Delhi Junction (Old Delhi)."
EVT000380,12011,ADI,2026-02-09 11:00,68,Operational,Crossing conflict with another service at Ahmedabad Junction.
EVT000381,12120,BCT,2026-02-11 03:45,18,Crew,Loco pilot booking-on delay at Mumbai Central.
EVT000382,12180,GHY,2026-01-10 23:30,7,Crew,Crew shortage reported at Guwahati link.
EVT000383,12066,VSKP,2026-01-10 08:45,34,Signal,Automatic signalling fault reported at Visakhapatnam yard.
EVT000384,12130,KYN,2026-01-27 03:15,57,Operational,Late running of connecting rake into Kalyan Junction.
EVT000385,12291,ASR,2026-01-17 10:45,51,Passenger,Passenger chain-pulling incident near Amritsar Junction.
EVT000386,12258,ST,2026-01-21 16:15,20,Signal,Points failure at Surat delaying departure.
EVT000387,12125,PNBE,2026-01-18 20:30,47,Operational,Platform congestion at Patna Junction delaying berthing.
EVT000388,12242,PUNE,2026-02-06 17:00,33,Crew,Guard unavailability causing hold at Pune Junction.
EVT000389,12088,VSKP,2026-01-13 05:30,11,Rolling Stock,Brake power certification delay at Visakhapatnam.
EVT000390,12306,KYN,2026-01-30 13:15,46,Passenger,Passenger chain-pulling incident near Kalyan Junction.
EVT000391,12122,SC,2026-01-22 07:30,43,Crew,Crew shortage reported at Secunderabad Junction link.
EVT000392,12272,VSKP,2026-02-08 22:30,37,Weather,"Dense fog conditions near Visakhapatnam, speed restricted."
EVT000393,12240,ERS,2026-01-11 04:00,29,Crew,Crew shortage reported at Ernakulam Junction link.
EVT000394,12232,BZA,2026-01-02 13:15,1,Signal,Points failure at Vijayawada Junction delaying departure.
EVT000395,12151,SC,2026-02-12 18:30,71,Operational,Crossing conflict with another service at Secunderabad Junction.
EVT000396,12232,MAS,2026-02-12 06:30,34,Passenger,Passenger chain-pulling incident near Chennai Central.
EVT000397,12144,MAS,2026-01-12 07:00,66,Infrastructure,Speed restriction due to track renewal work near Chennai Central.
EVT000398,12220,MAS,2026-01-28 14:00,48,Weather,"Dense fog conditions near Chennai Central, speed restricted."
EVT000399,12216,BPL,2026-02-11 20:15,29,Crew,Crew shortage reported at Bhopal Junction link.
EVT000400,12049,ST,2026-01-04 09:00,1,Weather,High wind speed advisory near Surat affecting running.
EVT000401,12117,COR,2026-01-12 12:00,27,Infrastructure,Track maintenance block in effect near Kota Junction.
EVT000402,12279,KGP,2026-01-31 19:30,1,Rolling Stock,Brake power certification delay at Kharagpur Junction.
EVT000403,12113,CBE,2026-01-09 10:15,29,Operational,Late running of connecting rake into Coimbatore Junction.
EVT000404,12115,BSP,2026-01-09 08:15,9,Weather,"Dense fog conditions near Bilaspur Junction, speed restricted."
EVT000405,12252,COR,2026-01-24 14:30,41,Rolling Stock,"Locomotive failure reported, engine change required at Kota Junction."
EVT000406,12084,BCT,2026-02-03 16:30,55,Weather,Heavy rain reducing visibility near Mumbai Central.
EVT000407,12047,MFP,2026-01-03 07:45,25,Operational,Platform congestion at Muzaffarpur Junction delaying berthing.
EVT000408,12271,KGP,2026-01-26 22:45,51,Crew,Guard unavailability causing hold at Kharagpur Junction.
EVT000409,12258,BBS,2026-02-17 21:30,31,Infrastructure,Overhead equipment (OHE) tripping reported near Bhubaneswar.
EVT000410,12169,MFP,2026-02-14 18:15,25,Weather,"Dense fog conditions near Muzaffarpur Junction, speed restricted."
EVT000411,12257,MAO,2026-02-26 12:15,3,Crew,Guard unavailability causing hold at Madgaon Junction.
EVT000412,12301,MAS,2026-01-16 04:00,39,Crew,Crew shortage reported at Chennai Central link.
EVT000413,12162,MDU,2026-02-15 20:45,53,Rolling Stock,Brake power certification delay at Madurai Junction.
EVT000414,12148,JBP,2026-01-29 20:45,1,Weather,High wind speed advisory near Jabalpur Junction affecting running.
EVT000415,12034,SC,2026-01-14 22:45,1,Operational,Late running of connecting rake into Secunderabad Junction.
EVT000416,12040,JP,2026-02-06 10:30,11,Infrastructure,Speed restriction due to track renewal work near Jaipur Junction.
EVT000417,12167,BPL,2026-02-15 17:30,27,Crew,Guard unavailability causing hold at Bhopal Junction.
EVT000418,12224,JBP,2026-02-10 10:00,21,Infrastructure,Track maintenance block in effect near Jabalpur Junction.
EVT000419,12316,MS,2026-01-09 12:15,1,Rolling Stock,Brake power certification delay at Chennai Egmore.
EVT000420,12298,SBC,2026-01-23 09:45,31,Operational,Late running of connecting rake into KSR Bengaluru City Junction.
EVT000421,12237,JBP,2026-01-10 04:00,1,Signal,Signal failure near Jabalpur Junction causing hold-up.
EVT000422,12281,NDLS,2026-01-02 00:00,34,Weather,High wind speed advisory near New Delhi affecting running.
EVT000423,12130,BBS,2026-01-04 12:15,8,Crew,Loco pilot booking-on delay at Bhubaneswar.
EVT000424,12043,BCT,2026-02-07 10:00,44,Crew,Loco pilot booking-on delay at Mumbai Central.
EVT000425,12298,SBC,2026-01-29 03:00,67,Passenger,Overcrowding-related boarding delay at KSR Bengaluru City Junction.
EVT000426,12261,NDLS,2026-01-17 20:30,40,Signal,Points failure at New Delhi delaying departure.
EVT000427,12247,VSKP,2026-02-24 21:30,38,Infrastructure,Speed restriction due to track renewal work near Visakhapatnam.
EVT000428,12301,MDU,2026-02-15 21:15,42,Rolling Stock,Brake power certification delay at Madurai Junction.
EVT000429,12152,PUNE,2026-01-23 03:45,67,Crew,Crew shortage reported at Pune Junction link.
EVT000430,12300,SBC,2026-01-22 02:15,1,Signal,Points failure at KSR Bengaluru City Junction delaying departure.
EVT000431,12111,LDH,2026-01-21 07:45,46,Operational,Crossing conflict with another service at Ludhiana Junction.
EVT000432,12191,MDU,2026-01-31 15:45,87,Rolling Stock,"Locomotive failure reported, engine change required at Madurai Junction."
EVT000433,12128,PNBE,2026-02-23 10:45,40,Weather,"Dense fog conditions near Patna Junction, speed restricted."
EVT000434,12024,MAS,2026-01-01 09:45,7,Weather,High wind speed advisory near Chennai Central affecting running.
EVT000435,12047,MFP,2026-02-27 21:15,38,Signal,Points failure at Muzaffarpur Junction delaying departure.
EVT000436,12015,SBC,2026-02-12 18:00,24,Rolling Stock,Coach fault detected during pre-departure check at KSR Bengaluru City Junction.
EVT000437,12135,BSP,2026-02-18 15:30,23,Rolling Stock,Coach fault detected during pre-departure check at Bilaspur Junction.
EVT000438,12077,NGP,2026-02-28 23:00,5,Passenger,"Medical emergency on board, halted at Nagpur Junction."
EVT000439,12061,NDLS,2026-01-25 13:15,25,Operational,Late running of connecting rake into New Delhi.
EVT000440,12025,JP,2026-02-18 06:45,47,Signal,Points failure at Jaipur Junction delaying departure.
EVT000441,12190,JP,2026-02-16 23:45,10,Signal,Automatic signalling fault reported at Jaipur Junction yard.
EVT000442,12105,PURI,2026-01-31 17:00,53,Weather,High wind speed advisory near Puri affecting running.
EVT000443,12028,COR,2026-02-08 09:45,12,Crew,Loco pilot booking-on delay at Kota Junction.
EVT000444,12137,MAS,2026-02-17 21:00,27,Weather,Heavy rain reducing visibility near Chennai Central.
EVT000445,12193,MAS,2026-01-14 21:45,15,Infrastructure,Speed restriction due to track renewal work near Chennai Central.
EVT000446,12121,BZA,2026-01-26 05:45,1,Passenger,"Medical emergency on board, halted at Vijayawada Junction."
EVT000447,12201,NJP,2026-01-03 18:30,38,Infrastructure,Track maintenance block in effect near New Jalpaiguri.
EVT000448,12309,MDU,2026-02-26 12:15,79,Rolling Stock,"Locomotive failure reported, engine change required at Madurai Junction."
EVT000449,12031,LDH,2026-01-08 01:30,1,Rolling Stock,Brake power certification delay at Ludhiana Junction.
EVT000450,12039,SBC,2026-01-29 16:45,55,Infrastructure,Speed restriction due to track renewal work near KSR Bengaluru City Junction.
EVT000451,12028,TVC,2026-01-14 23:30,40,Infrastructure,Track maintenance block in effect near Thiruvananthapuram Central.
EVT000452,12243,DLI,2026-02-12 20:15,23,Weather,High wind speed advisory near Delhi Junction (Old Delhi) affecting running.
EVT000453,12212,PRYJ,2026-01-11 19:30,1,Operational,Late running of connecting rake into Prayagraj Junction.
EVT000454,12278,RTM,2026-01-31 22:00,33,Rolling Stock,Coach fault detected during pre-departure check at Ratlam Junction.
EVT000455,12184,BWN,2026-01-31 02:15,1,Crew,Guard unavailability causing hold at Barddhaman Junction.
EVT000456,12300,CSMT,2026-02-08 19:00,8,Weather,"Dense fog conditions near Chhatrapati Shivaji Maharaj Terminus, speed restricted."
EVT000457,12149,CTC,2026-01-01 01:15,88,Crew,Guard unavailability causing hold at Cuttack Junction.
EVT000458,12126,DLI,2026-02-22 03:15,20,Passenger,Passenger chain-pulling incident near Delhi Junction (Old Delhi).
EVT000459,12200,BPL,2026-01-02 05:00,10,Crew,Crew shortage reported at Bhopal Junction link.
EVT000460,12222,COR,2026-02-04 09:00,33,Crew,Loco pilot booking-on delay at Kota Junction.
EVT000461,12255,HWH,2026-01-05 16:30,52,Signal,Signal failure near Howrah Junction causing hold-up.
EVT000462,12191,TVC,2026-01-23 13:00,55,Weather,"Dense fog conditions near Thiruvananthapuram Central, speed restricted."
EVT000463,12223,HYB,2026-01-11 04:15,8,Operational,Late running of connecting rake into Hyderabad Deccan.
EVT000464,12188,BSP,2026-02-14 17:30,54,Operational,Late running of connecting rake into Bilaspur Junction.
EVT000465,12251,PRYJ,2026-01-01 21:15,56,Signal,Signal failure near Prayagraj Junction causing hold-up.
EVT000466,12280,NGP,2026-01-12 19:15,28,Operational,Platform congestion at Nagpur Junction delaying berthing.
EVT000467,12182,ST,2026-02-01 03:30,48,Signal,Points failure at Surat delaying departure.
EVT000468,12099,HWH,2026-02-08 20:45,5,Passenger,"Medical emergency on board, halted at Howrah Junction."
EVT000469,12248,KGP,2026-02-17 15:30,8,Signal,Automatic signalling fault reported at Kharagpur Junction yard.
EVT000470,12141,DLI,2026-01-03 14:15,26,Rolling Stock,Brake power certification delay at Delhi Junction (Old Delhi).
EVT000471,12125,GKP,2026-02-05 11:00,41,Passenger,Overcrowding-related boarding delay at Gorakhpur Junction.
EVT000472,12279,SC,2026-01-31 10:45,24,Operational,Late running of connecting rake into Secunderabad Junction.
EVT000473,12158,TVC,2026-02-13 10:00,26,Operational,Late running of connecting rake into Thiruvananthapuram Central.
EVT000474,12006,NDLS,2026-01-07 00:45,34,Crew,Loco pilot booking-on delay at New Delhi.
EVT000475,12304,UBL,2026-01-06 18:15,28,Passenger,"Medical emergency on board, halted at Hubballi Junction."
EVT000476,12272,VSKP,2026-02-05 13:45,59,Passenger,Passenger chain-pulling incident near Visakhapatnam.
EVT000477,12196,BWN,2026-03-01 07:15,12,Weather,"Dense fog conditions near Barddhaman Junction, speed restricted."
EVT000478,12227,BZA,2026-02-06 13:15,44,Infrastructure,Track maintenance block in effect near Vijayawada Junction.
EVT000479,12245,NGP,2026-03-01 22:45,56,Operational,Platform congestion at Nagpur Junction delaying berthing.
EVT000480,12257,MAO,2026-01-05 11:00,65,Weather,Heavy rain reducing visibility near Madgaon Junction.
EVT000481,12111,MDU,2026-01-16 09:30,1,Infrastructure,Track maintenance block in effect near Madurai Junction.
EVT000482,12165,NGP,2026-01-19 00:30,19,Signal,Points failure at Nagpur Junction delaying departure.
EVT000483,12001,BCT,2026-01-31 20:45,30,Rolling Stock,"Locomotive failure reported, engine change required at Mumbai Central."
EVT000484,12304,UBL,2026-02-07 15:45,24,Infrastructure,Track maintenance block in effect near Hubballi Junction.
EVT000485,12209,BPL,2026-01-21 18:00,1,Signal,Points failure at Bhopal Junction delaying departure.
EVT000486,12285,NJP,2026-01-20 15:15,21,Rolling Stock,Coach fault detected during pre-departure check at New Jalpaiguri.
EVT000487,12223,BPL,2026-01-23 16:45,1,Infrastructure,Overhead equipment (OHE) tripping reported near Bhopal Junction.
EVT000488,12259,BSL,2026-02-13 11:30,41,Crew,Loco pilot booking-on delay at Bhusaval Junction.
EVT000489,12059,MAS,2026-01-17 08:45,9,Signal,Signal failure near Chennai Central causing hold-up.
EVT000490,12222,BSP,2026-01-21 05:30,7,Passenger,"Medical emergency on board, halted at Bilaspur Junction."
EVT000491,12128,PNBE,2026-01-11 02:15,25,Rolling Stock,"Locomotive failure reported, engine change required at Patna Junction."
EVT000492,12259,GKP,2026-01-29 11:45,56,Crew,Crew shortage reported at Gorakhpur Junction link.
EVT000493,12317,VSKP,2026-01-31 10:30,31,Operational,Crossing conflict with another service at Visakhapatnam.
EVT000494,12303,HWH,2026-02-24 07:15,1,Weather,High wind speed advisory near Howrah Junction affecting running.
EVT000495,12095,JP,2026-01-04 10:00,26,Crew,Loco pilot booking-on delay at Jaipur Junction.
EVT000496,12146,SDAH,2026-01-29 07:45,25,Weather,"Dense fog conditions near Sealdah, speed restricted."
EVT000497,12281,DLI,2026-02-06 07:30,15,Infrastructure,Overhead equipment (OHE) tripping reported near Delhi Junction (Old Delhi).
EVT000498,12094,JP,2026-02-25 21:45,59,Rolling Stock,"Locomotive failure reported, engine change required at Jaipur Junction."
EVT000499,12068,BPL,2026-01-04 13:30,30,Weather,Heavy rain reducing visibility near Bhopal Junction.
EVT000500,12103,VSKP,2026-01-13 22:30,81,Operational,Late running of connecting rake into Visakhapatnam.
EVT000501,12241,BZA,2026-01-02 18:45,46,Operational,Platform congestion at Vijayawada Junction delaying berthing.
EVT000502,12257,SBC,2026-01-08 19:45,1,Weather,Heavy rain reducing visibility near KSR Bengaluru City Junction.
EVT000503,12268,SUR,2026-01-31 16:15,31,Crew,Guard unavailability causing hold at Solapur Junction.
EVT000504,12243,NDLS,2026-01-28 07:00,7,Rolling Stock,Brake power certification delay at New Delhi.
EVT000505,12240,MAS,2026-01-16 13:45,10,Infrastructure,Overhead equipment (OHE) tripping reported near Chennai Central.
EVT000506,12013,TVC,2026-02-06 15:30,6,Crew,Loco pilot booking-on delay at Thiruvananthapuram Central.
EVT000507,12005,KYN,2026-01-18 11:00,63,Operational,Crossing conflict with another service at Kalyan Junction.
EVT000508,12071,AII,2026-02-09 23:00,42,Rolling Stock,Brake power certification delay at Ajmer Junction.
EVT000509,12041,PRYJ,2026-02-14 04:45,1,Operational,Crossing conflict with another service at Prayagraj Junction.
EVT000510,12075,TVC,2026-01-23 09:45,4,Crew,Crew shortage reported at Thiruvananthapuram Central link.
EVT000511,12008,MAO,2026-01-28 15:00,10,Weather,Heavy rain reducing visibility near Madgaon Junction.
EVT000512,12234,PRYJ,2026-02-07 17:45,1,Infrastructure,Track maintenance block in effect near Prayagraj Junction.
EVT000513,12142,HWH,2026-02-07 17:45,1,Weather,High wind speed advisory near Howrah Junction affecting running.
EVT000514,12017,UMB,2026-01-20 00:45,16,Weather,"Dense fog conditions near Ambala Cantt Junction, speed restricted."
EVT000515,12161,JBP,2026-01-13 23:45,28,Infrastructure,Overhead equipment (OHE) tripping reported near Jabalpur Junction.
EVT000516,12316,BWN,2026-01-28 16:15,29,Rolling Stock,Brake power certification delay at Barddhaman Junction.
EVT000517,12189,HWH,2026-01-23 02:15,26,Passenger,Passenger chain-pulling incident near Howrah Junction.
EVT000518,12209,SUR,2026-01-12 02:15,1,Rolling Stock,Brake power certification delay at Solapur Junction.
EVT000519,12054,COR,2026-01-02 05:45,31,Rolling Stock,Brake power certification delay at Kota Junction.
EVT000520,12170,DLI,2026-02-26 17:15,57,Rolling Stock,"Locomotive failure reported, engine change required at Delhi Junction (Old Delhi)."
EVT000521,12147,MAO,2026-01-07 15:15,23,Crew,Crew shortage reported at Madgaon Junction link.
EVT000522,12218,MAO,2026-01-03 16:30,46,Infrastructure,Speed restriction due to track renewal work near Madgaon Junction.
EVT000523,12110,NDLS,2026-01-14 13:00,26,Rolling Stock,Coach fault detected during pre-departure check at New Delhi.
EVT000524,12226,NGP,2026-01-26 13:30,86,Infrastructure,Speed restriction due to track renewal work near Nagpur Junction.
EVT000525,12211,JP,2026-03-01 11:30,6,Operational,Crossing conflict with another service at Jaipur Junction.
EVT000526,12124,SBC,2026-02-20 10:30,33,Operational,Platform congestion at KSR Bengaluru City Junction delaying berthing.
EVT000527,12001,KYN,2026-01-29 15:15,31,Operational,Crossing conflict with another service at Kalyan Junction.
EVT000528,12006,COR,2026-01-22 22:00,1,Signal,Signal failure near Kota Junction causing hold-up.
EVT000529,12276,TVC,2026-01-14 10:45,17,Infrastructure,Speed restriction due to track renewal work near Thiruvananthapuram Central.
EVT000530,12149,BBS,2026-01-31 20:15,54,Rolling Stock,"Locomotive failure reported, engine change required at Bhubaneswar."
EVT000531,12269,HYB,2026-01-19 02:30,34,Signal,Signal failure near Hyderabad Deccan causing hold-up.
EVT000532,12239,DLI,2026-02-18 09:15,28,Operational,Platform congestion at Delhi Junction (Old Delhi) delaying berthing.
EVT000533,12207,CSMT,2026-02-13 03:00,17,Signal,Automatic signalling fault reported at Chhatrapati Shivaji Maharaj Terminus yard.
EVT000534,12187,PRYJ,2026-01-28 02:15,6,Rolling Stock,Brake power certification delay at Prayagraj Junction.
EVT000535,12145,ST,2026-01-03 01:00,1,Weather,"Dense fog conditions near Surat, speed restricted."
EVT000536,12171,PNBE,2026-02-11 17:15,43,Infrastructure,Track maintenance block in effect near Patna Junction.
EVT000537,12244,KYN,2026-01-03 20:45,57,Rolling Stock,Coach fault detected during pre-departure check at Kalyan Junction.
EVT000538,12310,COR,2026-01-16 10:45,8,Infrastructure,Speed restriction due to track renewal work near Kota Junction.
EVT000539,12178,KGP,2026-01-03 21:15,66,Weather,High wind speed advisory near Kharagpur Junction affecting running.
EVT000540,12201,VSKP,2026-01-26 09:45,1,Crew,Crew shortage reported at Visakhapatnam link.
EVT000541,12084,NGP,2026-01-07 15:00,37,Rolling Stock,Brake power certification delay at Nagpur Junction.
EVT000542,12113,MAS,2026-02-20 09:15,1,Rolling Stock,Coach fault detected during pre-departure check at Chennai Central.
EVT000543,12139,BBS,2026-02-15 13:45,37,Weather,High wind speed advisory near Bhubaneswar affecting running.
EVT000544,12126,DLI,2026-02-19 01:00,1,Weather,"Dense fog conditions near Delhi Junction (Old Delhi), speed restricted."
EVT000545,12182,ST,2026-01-18 22:45,59,Crew,Loco pilot booking-on delay at Surat.
EVT000546,12084,BCT,2026-01-20 00:45,19,Infrastructure,Track maintenance block in effect near Mumbai Central.
EVT000547,12224,JP,2026-01-05 15:00,2,Crew,Guard unavailability causing hold at Jaipur Junction.
EVT000548,12256,NDLS,2026-01-27 17:00,29,Operational,Platform congestion at New Delhi delaying berthing.
EVT000549,12009,PRYJ,2026-01-07 21:15,6,Operational,Late running of connecting rake into Prayagraj Junction.
EVT000550,12049,ST,2026-01-25 08:30,23,Signal,Automatic signalling fault reported at Surat yard.
EVT000551,12209,SUR,2026-01-10 11:15,17,Operational,Crossing conflict with another service at Solapur Junction.
EVT000552,12055,MAS,2026-02-07 16:45,43,Rolling Stock,Coach fault detected during pre-departure check at Chennai Central.
EVT000553,12088,ERS,2026-02-07 11:45,43,Operational,Late running of connecting rake into Ernakulam Junction.
EVT000554,12299,JHS,2026-01-18 11:00,1,Infrastructure,Speed restriction due to track renewal work near Jhansi Junction.
EVT000555,12030,BBS,2026-01-08 14:15,1,Crew,Guard unavailability causing hold at Bhubaneswar.
EVT000556,12112,COR,2026-02-19 15:00,28,Passenger,"Medical emergency on board, halted at Kota Junction."
EVT000557,12018,SDAH,2026-01-06 08:30,1,Infrastructure,Overhead equipment (OHE) tripping reported near Sealdah.
EVT000558,12044,BSP,2026-01-03 08:30,70,Rolling Stock,"Locomotive failure reported, engine change required at Bilaspur Junction."
EVT000559,12189,HWH,2026-02-12 16:15,25,Rolling Stock,Brake power certification delay at Howrah Junction.
EVT000560,12212,JHS,2026-02-16 11:30,52,Crew,Crew shortage reported at Jhansi Junction link.
EVT000561,12293,HYB,2026-02-22 14:00,59,Operational,Crossing conflict with another service at Hyderabad Deccan.
EVT000562,12304,KGP,2026-01-28 04:00,1,Crew,Guard unavailability causing hold at Kharagpur Junction.
EVT000563,12096,BPL,2026-01-26 10:15,36,Crew,Loco pilot booking-on delay at Bhopal Junction.
EVT000564,12088,MAS,2026-01-27 00:45,47,Rolling Stock,Coach fault detected during pre-departure check at Chennai Central.
EVT000565,12061,DLI,2026-01-01 05:45,59,Rolling Stock,Brake power certification delay at Delhi Junction (Old Delhi).
EVT000566,12063,DHN,2026-01-19 04:30,1,Rolling Stock,Coach fault detected during pre-departure check at Dhanbad Junction.
EVT000567,12174,VSKP,2026-01-28 23:15,44,Signal,Signal failure near Visakhapatnam causing hold-up.
EVT000568,12106,MAS,2026-01-08 22:30,73,Infrastructure,Overhead equipment (OHE) tripping reported near Chennai Central.
EVT000569,12037,PNBE,2026-01-09 20:30,20,Signal,Signal failure near Patna Junction causing hold-up.
EVT000570,12246,LDH,2026-01-26 17:00,12,Signal,Points failure at Ludhiana Junction delaying departure.
EVT000571,12140,KGP,2026-01-29 05:45,64,Operational,Platform congestion at Kharagpur Junction delaying berthing.
EVT000572,12077,NGP,2026-01-20 01:15,11,Infrastructure,Speed restriction due to track renewal work near Nagpur Junction.
EVT000573,12316,KGP,2026-01-16 04:45,67,Crew,Loco pilot booking-on delay at Kharagpur Junction.
EVT000574,12081,R,2026-01-10 13:15,14,Infrastructure,Overhead equipment (OHE) tripping reported near Raipur Junction.
EVT000575,12228,JP,2026-02-09 10:00,5,Weather,High wind speed advisory near Jaipur Junction affecting running.
EVT000576,12149,CTC,2026-01-29 20:45,39,Rolling Stock,Coach fault detected during pre-departure check at Cuttack Junction.
EVT000577,12298,SUR,2026-02-09 06:00,12,Signal,Signal failure near Solapur Junction causing hold-up.
EVT000578,12213,CSMT,2026-02-26 15:15,21,Rolling Stock,Brake power certification delay at Chhatrapati Shivaji Maharaj Terminus.
EVT000579,12206,SC,2026-02-26 00:30,21,Crew,Crew shortage reported at Secunderabad Junction link.
EVT000580,12207,DLI,2026-01-29 20:15,1,Rolling Stock,"Locomotive failure reported, engine change required at Delhi Junction (Old Delhi)."
EVT000581,12016,NJP,2026-02-19 06:00,58,Signal,Automatic signalling fault reported at New Jalpaiguri yard.
EVT000582,12230,JP,2026-01-16 09:00,57,Signal,Signal failure near Jaipur Junction causing hold-up.
EVT000583,12283,COR,2026-01-21 21:00,34,Crew,Guard unavailability causing hold at Kota Junction.
EVT000584,12008,UBL,2026-01-18 17:00,40,Rolling Stock,"Locomotive failure reported, engine change required at Hubballi Junction."
EVT000585,12127,MLDT,2026-02-08 07:30,41,Signal,Signal failure near Malda Town causing hold-up.
EVT000586,12036,KGP,2026-02-19 21:15,34,Rolling Stock,Brake power certification delay at Kharagpur Junction.
EVT000587,12247,AGC,2026-02-21 02:30,18,Operational,Late running of connecting rake into Agra Cantt.
EVT000588,12043,BBS,2026-02-19 13:00,44,Weather,High wind speed advisory near Bhubaneswar affecting running.
EVT000589,12215,BPL,2026-01-19 12:00,25,Infrastructure,Track maintenance block in effect near Bhopal Junction.
EVT000590,12210,JP,2026-01-12 04:30,7,Operational,Crossing conflict with another service at Jaipur Junction.
EVT000591,12282,BCT,2026-01-22 03:15,64,Weather,"Dense fog conditions near Mumbai Central, speed restricted."
EVT000592,12050,JBP,2026-01-16 10:00,74,Passenger,"Medical emergency on board, halted at Jabalpur Junction."
EVT000593,12064,COR,2026-02-25 15:45,27,Signal,Points failure at Kota Junction delaying departure.
EVT000594,12009,PNBE,2026-02-09 16:00,39,Signal,Signal failure near Patna Junction causing hold-up.
EVT000595,12288,JP,2026-01-28 16:45,1,Rolling Stock,Coach fault detected during pre-departure check at Jaipur Junction.
EVT000596,12191,JBP,2026-01-14 13:00,69,Operational,Crossing conflict with another service at Jabalpur Junction.
EVT000597,12285,JBP,2026-01-03 14:15,41,Passenger,"Medical emergency on board, halted at Jabalpur Junction."
EVT000598,12100,NDLS,2026-01-30 02:30,24,Crew,Crew shortage reported at New Delhi link.
EVT000599,12296,AGC,2026-01-10 00:00,82,Infrastructure,Overhead equipment (OHE) tripping reported near Agra Cantt.
EVT000600,12200,PNBE,2026-01-03 15:00,33,Rolling Stock,Brake power certification delay at Patna Junction.
EVT000601,12090,UBL,2026-01-21 20:45,1,Operational,Late running of connecting rake into Hubballi Junction.
EVT000602,12267,GKP,2026-02-03 19:15,31,Crew,Crew shortage reported at Gorakhpur Junction link.
EVT000603,12118,MAS,2026-01-12 04:15,1,Rolling Stock,"Locomotive failure reported, engine change required at Chennai Central."
EVT000604,12069,NDLS,2026-02-13 05:30,19,Rolling Stock,Coach fault detected during pre-departure check at New Delhi.
EVT000605,12019,PNBE,2026-02-05 21:30,12,Infrastructure,Overhead equipment (OHE) tripping reported near Patna Junction.
EVT000606,12188,JBP,2026-01-06 16:45,1,Infrastructure,Overhead equipment (OHE) tripping reported near Jabalpur Junction.
EVT000607,12184,R,2026-02-22 20:15,21,Infrastructure,Speed restriction due to track renewal work near Raipur Junction.
EVT000608,12138,JP,2026-01-26 13:15,27,Rolling Stock,Coach fault detected during pre-departure check at Jaipur Junction.
EVT000609,12179,PNBE,2026-01-18 10:15,8,Operational,Late running of connecting rake into Patna Junction.
EVT000610,12252,COR,2026-02-25 23:45,1,Signal,Points failure at Kota Junction delaying departure.
EVT000611,12237,BSP,2026-01-29 04:00,45,Weather,High wind speed advisory near Bilaspur Junction affecting running.
EVT000612,12039,RTM,2026-01-24 18:00,35,Infrastructure,Overhead equipment (OHE) tripping reported near Ratlam Junction.
EVT000613,12098,HYB,2026-01-27 18:45,38,Infrastructure,Overhead equipment (OHE) tripping reported near Hyderabad Deccan.
EVT000614,12009,BBS,2026-01-20 12:00,7,Signal,Signal failure near Bhubaneswar causing hold-up.
EVT000615,12316,MAS,2026-01-12 00:45,45,Infrastructure,Track maintenance block in effect near Chennai Central.
EVT000616,12089,NGP,2026-01-04 21:15,21,Operational,Platform congestion at Nagpur Junction delaying berthing.
EVT000617,12198,NDLS,2026-03-01 07:15,31,Infrastructure,Track maintenance block in effect near New Delhi.
EVT000618,12194,MFP,2026-02-27 17:15,4,Infrastructure,Track maintenance block in effect near Muzaffarpur Junction.
EVT000619,12053,DHN,2026-02-08 18:30,53,Signal,Automatic signalling fault reported at Dhanbad Junction yard.
EVT000620,12238,DLI,2026-01-03 10:00,43,Weather,High wind speed advisory near Delhi Junction (Old Delhi) affecting running.
EVT000621,12293,SC,2026-01-01 00:30,77,Signal,Automatic signalling fault reported at Secunderabad Junction yard.
EVT000622,12225,MAS,2026-02-10 11:15,53,Passenger,"Medical emergency on board, halted at Chennai Central."
EVT000623,12115,BCT,2026-01-16 11:15,68,Crew,Loco pilot booking-on delay at Mumbai Central.
EVT000624,12056,AII,2026-01-02 04:15,53,Weather,High wind speed advisory near Ajmer Junction affecting running.
EVT000625,12192,ADI,2026-02-17 13:00,54,Operational,Platform congestion at Ahmedabad Junction delaying berthing.
EVT000626,12150,R,2026-01-13 11:45,38,Signal,Automatic signalling fault reported at Raipur Junction yard.
EVT000627,12227,BZA,2026-01-31 02:45,27,Signal,Automatic signalling fault reported at Vijayawada Junction yard.
EVT000628,12098,MLDT,2026-02-01 21:45,37,Signal,Points failure at Malda Town delaying departure.
EVT000629,12178,BWN,2026-02-28 16:00,52,Rolling Stock,Coach fault detected during pre-departure check at Barddhaman Junction.
EVT000630,12283,ASR,2026-01-31 03:30,51,Infrastructure,Track maintenance block in effect near Amritsar Junction.
EVT000631,12047,GHY,2026-01-19 22:30,27,Infrastructure,Overhead equipment (OHE) tripping reported near Guwahati.
EVT000632,12156,PURI,2026-01-05 21:15,17,Rolling Stock,Coach fault detected during pre-departure check at Puri.
EVT000633,12038,ERS,2026-01-17 02:00,71,Weather,High wind speed advisory near Ernakulam Junction affecting running.
EVT000634,12209,NGP,2026-01-20 10:00,1,Crew,Guard unavailability causing hold at Nagpur Junction.
EVT000635,12180,GHY,2026-02-27 03:00,49,Weather,"Dense fog conditions near Guwahati, speed restricted."
EVT000636,12206,KGP,2026-01-30 00:45,30,Operational,Platform congestion at Kharagpur Junction delaying berthing.
EVT000637,12105,JP,2026-01-29 06:15,58,Operational,Platform congestion at Jaipur Junction delaying berthing.
EVT000638,12267,PURI,2026-01-06 14:15,54,Passenger,Passenger chain-pulling incident near Puri.
EVT000639,12125,GHY,2026-01-28 08:00,1,Rolling Stock,"Locomotive failure reported, engine change required at Guwahati."
EVT000640,12032,BPL,2026-02-19 20:30,72,Signal,Automatic signalling fault reported at Bhopal Junction yard.
EVT000641,12066,NGP,2026-01-29 17:15,79,Rolling Stock,Coach fault detected during pre-departure check at Nagpur Junction.
EVT000642,12038,ERS,2026-01-18 06:30,48,Rolling Stock,Brake power certification delay at Ernakulam Junction.
EVT000643,12088,ERS,2026-02-23 03:30,17,Operational,Crossing conflict with another service at Ernakulam Junction.
EVT000644,12162,TVC,2026-01-26 13:15,1,Infrastructure,Overhead equipment (OHE) tripping reported near Thiruvananthapuram Central.
EVT000645,12270,PNBE,2026-01-28 09:15,38,Signal,Points failure at Patna Junction delaying departure.
EVT000646,12037,MAS,2026-02-28 16:30,27,Signal,Automatic signalling fault reported at Chennai Central yard.
EVT000647,12028,TVC,2026-01-23 03:30,62,Crew,Guard unavailability causing hold at Thiruvananthapuram Central.
EVT000648,12076,SC,2026-02-14 13:45,19,Infrastructure,Overhead equipment (OHE) tripping reported near Secunderabad Junction.
EVT000649,12075,JP,2026-01-21 06:15,3,Passenger,Passenger chain-pulling incident near Jaipur Junction.
EVT000650,12221,MYS,2026-02-07 10:00,30,Operational,Crossing conflict with another service at Mysuru Junction.
EVT000651,12017,LDH,2026-02-14 06:45,35,Infrastructure,Speed restriction due to track renewal work near Ludhiana Junction.
EVT000652,12053,DHN,2026-02-13 09:45,19,Infrastructure,Speed restriction due to track renewal work near Dhanbad Junction.
EVT000653,12123,SUR,2026-02-04 19:00,5,Signal,Points failure at Solapur Junction delaying departure.
EVT000654,12247,AGC,2026-02-23 21:30,1,Rolling Stock,Coach fault detected during pre-departure check at Agra Cantt.
EVT000655,12192,GHY,2026-01-01 08:00,39,Signal,Points failure at Guwahati delaying departure.
EVT000656,12165,BCT,2026-01-18 20:30,1,Operational,Crossing conflict with another service at Mumbai Central.
EVT000657,12156,NDLS,2026-01-24 20:45,32,Crew,Crew shortage reported at New Delhi link.
EVT000658,12221,BPL,2026-01-03 03:45,68,Weather,High wind speed advisory near Bhopal Junction affecting running.
EVT000659,12184,ROU,2026-02-12 22:45,17,Passenger,"Medical emergency on board, halted at Rourkela."
EVT000660,12024,SBC,2026-02-20 18:15,44,Operational,Crossing conflict with another service at KSR Bengaluru City Junction.
EVT000661,12009,PNBE,2026-01-26 17:45,46,Operational,Crossing conflict with another service at Patna Junction.
EVT000662,12009,MFP,2026-01-11 18:00,44,Weather,"Dense fog conditions near Muzaffarpur Junction, speed restricted."
EVT000663,12181,GHY,2026-02-02 02:30,1,Crew,Loco pilot booking-on delay at Guwahati.
EVT000664,12078,SC,2026-01-04 12:15,33,Rolling Stock,Brake power certification delay at Secunderabad Junction.
EVT000665,12310,COR,2026-02-10 03:00,34,Weather,High wind speed advisory near Kota Junction affecting running.
EVT000666,12177,HWH,2026-02-21 22:45,38,Infrastructure,Track maintenance block in effect near Howrah Junction.
EVT000667,12249,KGP,2026-02-04 23:00,34,Weather,"Dense fog conditions near Kharagpur Junction, speed restricted."
EVT000668,12257,SC,2026-02-18 03:15,26,Infrastructure,Speed restriction due to track renewal work near Secunderabad Junction.
EVT000669,12060,JBP,2026-02-05 04:15,23,Operational,Platform congestion at Jabalpur Junction delaying berthing.
EVT000670,12123,SC,2026-01-25 15:45,41,Infrastructure,Track maintenance block in effect near Secunderabad Junction.
EVT000671,12177,MLDT,2026-02-24 11:45,25,Passenger,Passenger chain-pulling incident near Malda Town.
EVT000672,12217,SC,2026-02-14 03:30,13,Weather,Heavy rain reducing visibility near Secunderabad Junction.
EVT000673,12097,BSL,2026-01-13 04:15,1,Passenger,"Medical emergency on board, halted at Bhusaval Junction."
EVT000674,12251,BSP,2026-02-25 08:15,30,Weather,Heavy rain reducing visibility near Bilaspur Junction.
EVT000675,12158,SBC,2026-01-29 19:15,17,Signal,Automatic signalling fault reported at KSR Bengaluru City Junction yard.
EVT000676,12133,JP,2026-02-02 14:00,19,Rolling Stock,Brake power certification delay at Jaipur Junction.
EVT000677,12315,KGP,2026-01-22 18:15,77,Signal,Points failure at Kharagpur Junction delaying departure.
EVT000678,12168,JBP,2026-02-27 20:00,45,Operational,Late running of connecting rake into Jabalpur Junction.
EVT000679,12186,GHY,2026-02-01 19:15,27,Weather,"Dense fog conditions near Guwahati, speed restricted."
EVT000680,12151,NGP,2026-02-01 06:45,1,Passenger,Overcrowding-related boarding delay at Nagpur Junction.
EVT000681,12178,BWN,2026-01-28 21:00,1,Signal,Signal failure near Barddhaman Junction causing hold-up.
EVT000682,12298,CSMT,2026-01-21 03:00,25,Signal,Points failure at Chhatrapati Shivaji Maharaj Terminus delaying departure.
EVT000683,12037,DHN,2026-01-22 06:30,35,Weather,High wind speed advisory near Dhanbad Junction affecting running.
EVT000684,12022,JBP,2026-01-26 18:30,31,Operational,Late running of connecting rake into Jabalpur Junction.
EVT000685,12147,UBL,2026-02-22 23:15,43,Weather,Heavy rain reducing visibility near Hubballi Junction.
EVT000686,12116,ASN,2026-01-03 17:45,40,Signal,Signal failure near Asansol Junction causing hold-up.
EVT000687,12268,SDAH,2026-01-04 23:30,17,Infrastructure,Track maintenance block in effect near Sealdah.
EVT000688,12299,JHS,2026-01-16 15:00,1,Passenger,Overcrowding-related boarding delay at Jhansi Junction.
EVT000689,12180,HWH,2026-02-09 05:00,46,Operational,Platform congestion at Howrah Junction delaying berthing.
EVT000690,12057,SC,2026-02-17 17:15,25,Passenger,Passenger chain-pulling incident near Secunderabad Junction.
EVT000691,12192,ADI,2026-02-08 06:45,112,Signal,Signal failure near Ahmedabad Junction causing hold-up.
EVT000692,12190,JU,2026-01-05 14:30,33,Weather,"Dense fog conditions near Jodhpur Junction, speed restricted."
EVT000693,12306,MAO,2026-01-01 06:45,32,Crew,Guard unavailability causing hold at Madgaon Junction.
EVT000694,12142,KGP,2026-02-17 07:00,11,Rolling Stock,"Locomotive failure reported, engine change required at Kharagpur Junction."
EVT000695,12114,UMB,2026-01-18 12:15,47,Infrastructure,Overhead equipment (OHE) tripping reported near Ambala Cantt Junction.
EVT000696,12187,NDLS,2026-01-29 15:00,37,Infrastructure,Track maintenance block in effect near New Delhi.
EVT000697,12164,KYN,2026-02-02 16:15,7,Infrastructure,Track maintenance block in effect near Kalyan Junction.
EVT000698,12135,PRYJ,2026-02-12 03:00,58,Weather,High wind speed advisory near Prayagraj Junction affecting running.
EVT000699,12284,SDAH,2026-01-21 01:15,19,Signal,Points failure at Sealdah delaying departure.
EVT000700,12273,AGC,2026-02-07 17:15,15,Crew,Loco pilot booking-on delay at Agra Cantt.
EVT000701,12263,SBC,2026-01-24 13:30,31,Weather,Heavy rain reducing visibility near KSR Bengaluru City Junction.
EVT000702,12164,CSMT,2026-01-16 06:00,39,Passenger,"Medical emergency on board, halted at Chhatrapati Shivaji Maharaj Terminus."
EVT000703,12008,MAO,2026-02-11 21:45,17,Rolling Stock,"Locomotive failure reported, engine change required at Madgaon Junction."
EVT000704,12119,BZA,2026-02-20 02:45,3,Signal,Points failure at Vijayawada Junction delaying departure.
EVT000705,12047,GKP,2026-01-15 00:15,10,Operational,Crossing conflict with another service at Gorakhpur Junction.
EVT000706,12105,JP,2026-01-13 08:00,17,Signal,Signal failure near Jaipur Junction causing hold-up.
EVT000707,12249,SC,2026-01-14 15:15,33,Weather,Heavy rain reducing visibility near Secunderabad Junction.
EVT000708,12212,SDAH,2026-02-07 04:00,29,Passenger,Passenger chain-pulling incident near Sealdah.
EVT000709,12146,SDAH,2026-02-21 03:45,49,Rolling Stock,"Locomotive failure reported, engine change required at Sealdah."
EVT000710,12138,JP,2026-01-20 04:30,50,Operational,Crossing conflict with another service at Jaipur Junction.
EVT000711,12286,NDLS,2026-02-20 10:00,30,Operational,Crossing conflict with another service at New Delhi.
EVT000712,12168,VSKP,2026-02-12 19:00,53,Signal,Automatic signalling fault reported at Visakhapatnam yard.
EVT000713,12112,BPL,2026-01-08 04:00,62,Passenger,"Medical emergency on board, halted at Bhopal Junction."
EVT000714,12081,NGP,2026-02-16 01:30,17,Operational,Crossing conflict with another service at Nagpur Junction.
EVT000715,12280,DLI,2026-01-21 22:30,1,Weather,Heavy rain reducing visibility near Delhi Junction (Old Delhi).
EVT000716,12275,VSKP,2026-02-18 13:30,1,Crew,Loco pilot booking-on delay at Visakhapatnam.
EVT000717,12164,KYN,2026-02-17 22:00,3,Infrastructure,Speed restriction due to track renewal work near Kalyan Junction.
EVT000718,12228,TVC,2026-01-12 01:30,1,Infrastructure,Overhead equipment (OHE) tripping reported near Thiruvananthapuram Central.
EVT000719,12028,TVC,2026-02-27 11:30,23,Operational,Crossing conflict with another service at Thiruvananthapuram Central.
EVT000720,12247,MAS,2026-01-01 18:15,38,Operational,Platform congestion at Chennai Central delaying berthing.
EVT000721,12059,MAS,2026-02-17 19:15,8,Rolling Stock,"Locomotive failure reported, engine change required at Chennai Central."
EVT000722,12012,MAO,2026-01-17 20:00,30,Infrastructure,Overhead equipment (OHE) tripping reported near Madgaon Junction.
EVT000723,12017,UMB,2026-01-31 00:00,5,Weather,"Dense fog conditions near Ambala Cantt Junction, speed restricted."
EVT000724,12139,VSKP,2026-01-20 16:30,24,Rolling Stock,"Locomotive failure reported, engine change required at Visakhapatnam."
EVT000725,12025,BBS,2026-02-15 13:30,28,Signal,Automatic signalling fault reported at Bhubaneswar yard.
EVT000726,12128,PNBE,2026-02-03 06:30,35,Rolling Stock,Brake power certification delay at Patna Junction.
EVT000727,12274,NDLS,2026-01-19 17:15,42,Rolling Stock,Coach fault detected during pre-departure check at New Delhi.
EVT000728,12202,NDLS,2026-01-29 13:00,52,Signal,Signal failure near New Delhi causing hold-up.
EVT000729,12098,HWH,2026-01-06 02:00,7,Signal,Signal failure near Howrah Junction causing hold-up.
EVT000730,12054,NDLS,2026-01-23 05:30,34,Passenger,Passenger chain-pulling incident near New Delhi.
EVT000731,12285,SBC,2026-01-20 07:00,1,Signal,Automatic signalling fault reported at KSR Bengaluru City Junction yard.
EVT000732,12011,ASN,2026-03-01 02:45,16,Operational,Crossing conflict with another service at Asansol Junction.
EVT000733,12036,HWH,2026-01-31 23:45,20,Rolling Stock,"Locomotive failure reported, engine change required at Howrah Junction."
EVT000734,12051,ADI,2026-02-27 07:15,90,Signal,Points failure at Ahmedabad Junction delaying departure.
EVT000735,12126,DLI,2026-01-24 09:45,22,Crew,Crew shortage reported at Delhi Junction (Old Delhi) link.
EVT000736,12211,JHS,2026-01-19 08:45,34,Infrastructure,Speed restriction due to track renewal work near Jhansi Junction.
EVT000737,12214,GHY,2026-02-27 05:30,58,Rolling Stock,Brake power certification delay at Guwahati.
EVT000738,12157,BSP,2026-02-04 07:15,20,Operational,Late running of connecting rake into Bilaspur Junction.
EVT000739,12034,SC,2026-01-29 20:15,35,Signal,Automatic signalling fault reported at Secunderabad Junction yard.
EVT000740,12142,TATA,2026-02-15 19:15,12,Crew,Guard unavailability causing hold at Tatanagar Junction.
EVT000741,12234,PRYJ,2026-02-24 08:30,40,Weather,High wind speed advisory near Prayagraj Junction affecting running.
EVT000742,12294,ASN,2026-01-01 18:30,28,Signal,Automatic signalling fault reported at Asansol Junction yard.
EVT000743,12173,JHS,2026-01-16 18:15,1,Passenger,Overcrowding-related boarding delay at Jhansi Junction.
EVT000744,12148,ADI,2026-02-21 16:45,15,Weather,High wind speed advisory near Ahmedabad Junction affecting running.
EVT000745,12009,PRYJ,2026-02-12 20:45,30,Operational,Crossing conflict with another service at Prayagraj Junction.
EVT000746,12130,KYN,2026-03-01 06:45,1,Crew,Guard unavailability causing hold at Kalyan Junction.
EVT000747,12023,CSMT,2026-02-06 03:45,44,Infrastructure,Track maintenance block in effect near Chhatrapati Shivaji Maharaj Terminus.
EVT000748,12216,COR,2026-02-06 14:30,11,Passenger,"Medical emergency on board, halted at Kota Junction."
EVT000749,12222,R,2026-02-18 01:00,1,Rolling Stock,Brake power certification delay at Raipur Junction.
EVT000750,12061,VSKP,2026-01-24 05:45,57,Infrastructure,Overhead equipment (OHE) tripping reported near Visakhapatnam.
EVT000751,12064,NDLS,2026-01-29 13:45,19,Crew,Crew shortage reported at New Delhi link.
EVT000752,12271,MAS,2026-02-18 14:30,16,Rolling Stock,Brake power certification delay at Chennai Central.
EVT000753,12059,ROU,2026-02-20 06:45,45,Weather,"Dense fog conditions near Rourkela, speed restricted."
EVT000754,12023,NDLS,2026-01-18 14:45,7,Infrastructure,Overhead equipment (OHE) tripping reported near New Delhi.
EVT000755,12056,MDU,2026-01-30 01:15,46,Signal,Automatic signalling fault reported at Madurai Junction yard.
EVT000756,12009,PRYJ,2026-01-24 09:30,1,Signal,Points failure at Prayagraj Junction delaying departure.
EVT000757,12144,MAS,2026-02-26 17:30,38,Weather,"Dense fog conditions near Chennai Central, speed restricted."
EVT000758,12165,SUR,2026-02-10 06:45,1,Rolling Stock,Coach fault detected during pre-departure check at Solapur Junction.
EVT000759,12136,CSMT,2026-01-22 22:45,27,Weather,"Dense fog conditions near Chhatrapati Shivaji Maharaj Terminus, speed restricted."
EVT000760,12209,NGP,2026-01-22 22:30,52,Infrastructure,Track maintenance block in effect near Nagpur Junction.
EVT000761,12001,MAO,2026-02-27 10:15,1,Operational,Platform congestion at Madgaon Junction delaying berthing.
EVT000762,12230,TVC,2026-02-16 15:15,116,Rolling Stock,Brake power certification delay at Thiruvananthapuram Central.
EVT000763,12073,BAM,2026-02-05 15:00,16,Rolling Stock,Brake power certification delay at Brahmapur.
EVT000764,12284,NDLS,2026-02-23 05:45,56,Operational,Crossing conflict with another service at New Delhi.
EVT000765,12011,NJP,2026-01-02 20:15,1,Rolling Stock,Coach fault detected during pre-departure check at New Jalpaiguri.
EVT000766,12222,COR,2026-01-17 17:15,45,Operational,Late running of connecting rake into Kota Junction.
EVT000767,12307,NGP,2026-01-03 01:45,21,Passenger,Overcrowding-related boarding delay at Nagpur Junction.
EVT000768,12203,PNBE,2026-01-23 07:45,67,Signal,Automatic signalling fault reported at Patna Junction yard.
EVT000769,12239,DLI,2026-01-27 09:00,48,Crew,Guard unavailability causing hold at Delhi Junction (Old Delhi).
EVT000770,12057,MAS,2026-02-13 13:30,52,Infrastructure,Track maintenance block in effect near Chennai Central.
EVT000771,12241,BCT,2026-01-07 12:00,12,Signal,Automatic signalling fault reported at Mumbai Central yard.
EVT000772,12218,MYS,2026-01-04 15:15,15,Rolling Stock,"Locomotive failure reported, engine change required at Mysuru Junction."
EVT000773,12027,RTM,2026-01-14 23:30,38,Weather,High wind speed advisory near Ratlam Junction affecting running.
EVT000774,12296,AGC,2026-02-19 15:30,31,Signal,Signal failure near Agra Cantt causing hold-up.
EVT000775,12091,VSKP,2026-02-18 08:30,1,Operational,Platform congestion at Visakhapatnam delaying berthing.
EVT000776,12282,BBS,2026-01-25 21:30,12,Signal,Points failure at Bhubaneswar delaying departure.
EVT000777,12313,RTM,2026-01-20 13:30,18,Signal,Signal failure near Ratlam Junction causing hold-up.
EVT000778,12126,BCT,2026-02-04 04:45,1,Operational,Late running of connecting rake into Mumbai Central.
EVT000779,12048,SC,2026-01-06 20:15,15,Rolling Stock,"Locomotive failure reported, engine change required at Secunderabad Junction."
EVT000780,12096,JHS,2026-02-22 23:00,48,Infrastructure,Overhead equipment (OHE) tripping reported near Jhansi Junction.
EVT000781,12308,BCT,2026-02-07 08:15,5,Rolling Stock,"Locomotive failure reported, engine change required at Mumbai Central."
EVT000782,12293,NGP,2026-02-22 06:15,40,Operational,Late running of connecting rake into Nagpur Junction.
EVT000783,12246,NDLS,2026-01-19 05:30,6,Operational,Crossing conflict with another service at New Delhi.
EVT000784,12124,BZA,2026-01-16 09:30,1,Weather,Heavy rain reducing visibility near Vijayawada Junction.
EVT000785,12124,SBC,2026-01-31 04:00,23,Passenger,"Medical emergency on board, halted at KSR Bengaluru City Junction."
EVT000786,12294,PNBE,2026-01-26 05:30,1,Passenger,Passenger chain-pulling incident near Patna Junction.
EVT000787,12168,BPL,2026-01-10 08:30,1,Infrastructure,Speed restriction due to track renewal work near Bhopal Junction.
EVT000788,12261,NDLS,2026-01-10 12:45,45,Weather,High wind speed advisory near New Delhi affecting running.
EVT000789,12249,SC,2026-02-03 18:30,24,Operational,Late running of connecting rake into Secunderabad Junction.
EVT000790,12040,KYN,2026-02-03 13:45,1,Signal,Signal failure near Kalyan Junction causing hold-up.
EVT000791,12259,BSL,2026-02-28 19:00,1,Crew,Crew shortage reported at Bhusaval Junction link.
EVT000792,12150,NGP,2026-02-15 05:45,30,Rolling Stock,Brake power certification delay at Nagpur Junction.
EVT000793,12195,CSMT,2026-01-21 15:15,29,Infrastructure,Track maintenance block in effect near Chhatrapati Shivaji Maharaj Terminus.
EVT000794,12263,KGP,2026-01-19 00:30,18,Signal,Signal failure near Kharagpur Junction causing hold-up.
EVT000795,12004,BBS,2026-02-19 08:15,17,Passenger,Overcrowding-related boarding delay at Bhubaneswar.
EVT000796,12127,BWN,2026-03-01 05:45,24,Signal,Automatic signalling fault reported at Barddhaman Junction yard.
EVT000797,12224,NJP,2026-02-21 11:30,23,Operational,Platform congestion at New Jalpaiguri delaying berthing.
EVT000798,12040,KYN,2026-01-14 02:00,54,Infrastructure,Track maintenance block in effect near Kalyan Junction.
EVT000799,12058,BBS,2026-02-23 07:00,21,Infrastructure,Track maintenance block in effect near Bhubaneswar.
EVT000800,12244,UBL,2026-02-16 22:00,53,Weather,High wind speed advisory near Hubballi Junction affecting running.
EVT000801,12236,KGP,2026-01-24 13:00,81,Crew,Loco pilot booking-on delay at Kharagpur Junction.
EVT000802,12119,BPL,2026-01-07 22:45,63,Infrastructure,Track maintenance block in effect near Bhopal Junction.
EVT000803,12232,MAS,2026-02-12 01:00,1,Infrastructure,Track maintenance block in effect near Chennai Central.
EVT000804,12050,BCT,2026-01-19 18:15,4,Operational,Crossing conflict with another service at Mumbai Central.
EVT000805,12080,PNBE,2026-01-11 05:30,64,Passenger,Passenger chain-pulling incident near Patna Junction.
EVT000806,12000,GHY,2026-02-03 12:30,25,Signal,Automatic signalling fault reported at Guwahati yard.
EVT000807,12303,HWH,2026-01-21 02:30,82,Operational,Platform congestion at Howrah Junction delaying berthing.
EVT000808,12174,MAS,2026-02-23 08:45,48,Weather,Heavy rain reducing visibility near Chennai Central.
EVT000809,12032,COR,2026-01-03 09:30,78,Crew,Crew shortage reported at Kota Junction link.
EVT000810,12042,KGP,2026-01-16 02:00,1,Infrastructure,Speed restriction due to track renewal work near Kharagpur Junction.
EVT000811,12167,BPL,2026-02-10 13:00,74,Operational,Platform congestion at Bhopal Junction delaying berthing.
EVT000812,12246,PRYJ,2026-01-13 22:30,1,Weather,"Dense fog conditions near Prayagraj Junction, speed restricted."
EVT000813,12248,TATA,2026-02-28 16:30,51,Rolling Stock,Coach fault detected during pre-departure check at Tatanagar Junction.
EVT000814,12076,SBC,2026-01-01 08:15,36,Rolling Stock,"Locomotive failure reported, engine change required at KSR Bengaluru City Junction."
EVT000815,12158,SC,2026-02-26 08:45,31,Operational,Platform congestion at Secunderabad Junction delaying berthing.
EVT000816,12251,BSP,2026-02-26 03:15,5,Operational,Crossing conflict with another service at Bilaspur Junction.
EVT000817,12255,HWH,2026-02-20 03:45,20,Passenger,Passenger chain-pulling incident near Howrah Junction.
EVT000818,12188,BPL,2026-01-05 18:45,60,Signal,Points failure at Bhopal Junction delaying departure.
EVT000819,12169,GKP,2026-02-01 23:45,44,Operational,Crossing conflict with another service at Gorakhpur Junction.
EVT000820,12023,ASR,2026-01-19 02:30,33,Infrastructure,Overhead equipment (OHE) tripping reported near Amritsar Junction.
EVT000821,12070,BPL,2026-01-26 15:00,29,Operational,Late running of connecting rake into Bhopal Junction.
EVT000822,12275,BAM,2026-02-24 01:00,43,Weather,"Dense fog conditions near Brahmapur, speed restricted."
EVT000823,12063,GAYA,2026-02-19 05:45,4,Rolling Stock,Brake power certification delay at Gaya Junction.
EVT000824,12129,TVC,2026-01-29 01:30,28,Weather,Heavy rain reducing visibility near Thiruvananthapuram Central.
EVT000825,12130,BBS,2026-01-19 04:00,2,Rolling Stock,Coach fault detected during pre-departure check at Bhubaneswar.
EVT000826,12195,ASR,2026-01-29 20:00,18,Crew,Crew shortage reported at Amritsar Junction link.
EVT000827,12219,PURI,2026-02-06 15:15,27,Signal,Points failure at Puri delaying departure.
EVT000828,12115,NGP,2026-02-20 14:45,56,Weather,"Dense fog conditions near Nagpur Junction, speed restricted."
EVT000829,12053,NDLS,2026-02-20 02:30,29,Signal,Signal failure near New Delhi causing hold-up.
EVT000830,12014,CTC,2026-01-01 02:45,80,Crew,Loco pilot booking-on delay at Cuttack Junction.
EVT000831,12056,JP,2026-01-29 15:30,31,Weather,Heavy rain reducing visibility near Jaipur Junction.
EVT000832,12259,GKP,2026-01-24 14:45,28,Operational,Platform congestion at Gorakhpur Junction delaying berthing.
EVT000833,12271,KGP,2026-01-28 13:45,1,Rolling Stock,"Locomotive failure reported, engine change required at Kharagpur Junction."
EVT000834,12047,GHY,2026-02-21 05:15,34,Weather,"Dense fog conditions near Guwahati, speed restricted."
EVT000835,12300,SBC,2026-02-07 04:00,46,Signal,Automatic signalling fault reported at KSR Bengaluru City Junction yard.
EVT000836,12081,R,2026-02-17 11:45,88,Operational,Late running of connecting rake into Raipur Junction.
EVT000837,12113,CBE,2026-01-18 22:00,56,Rolling Stock,Brake power certification delay at Coimbatore Junction.
EVT000838,12295,BSP,2026-02-19 01:30,1,Signal,Points failure at Bilaspur Junction delaying departure.
EVT000839,12299,JHS,2026-02-26 12:00,23,Infrastructure,Track maintenance block in effect near Jhansi Junction.
EVT000840,12090,MFP,2026-01-22 12:15,57,Passenger,Passenger chain-pulling incident near Muzaffarpur Junction.
EVT000841,12272,VSKP,2026-02-04 01:15,27,Rolling Stock,Coach fault detected during pre-departure check at Visakhapatnam.
EVT000842,12251,BSP,2026-02-20 02:45,1,Weather,High wind speed advisory near Bilaspur Junction affecting running.
EVT000843,12086,MAS,2026-01-30 01:15,7,Signal,Automatic signalling fault reported at Chennai Central yard.
EVT000844,12172,SDAH,2026-02-26 19:00,1,Rolling Stock,Coach fault detected during pre-departure check at Sealdah.
EVT000845,12063,GAYA,2026-02-15 13:15,22,Rolling Stock,Brake power certification delay at Gaya Junction.
EVT000846,12207,CSMT,2026-01-23 17:45,36,Passenger,Overcrowding-related boarding delay at Chhatrapati Shivaji Maharaj Terminus.
EVT000847,12098,MAS,2026-01-16 12:45,71,Operational,Platform congestion at Chennai Central delaying berthing.
EVT000848,12073,PURI,2026-01-10 05:30,44,Signal,Automatic signalling fault reported at Puri yard.
EVT000849,12184,KGP,2026-01-25 19:30,85,Passenger,Passenger chain-pulling incident near Kharagpur Junction.
EVT000850,12313,RTM,2026-03-01 14:15,27,Crew,Guard unavailability causing hold at Ratlam Junction.
EVT000851,12286,COR,2026-01-13 20:30,42,Operational,Platform congestion at Kota Junction delaying berthing.
EVT000852,12028,JP,2026-01-28 12:30,1,Weather,High wind speed advisory near Jaipur Junction affecting running.
EVT000853,12149,BBS,2026-02-24 22:15,92,Infrastructure,Track maintenance block in effect near Bhubaneswar.
EVT000854,12002,CSMT,2026-01-15 22:30,14,Rolling Stock,Brake power certification delay at Chhatrapati Shivaji Maharaj Terminus.
EVT000855,12212,PRYJ,2026-02-10 15:00,1,Weather,"Dense fog conditions near Prayagraj Junction, speed restricted."
EVT000856,12141,DLI,2026-02-13 07:45,1,Operational,Crossing conflict with another service at Delhi Junction (Old Delhi).
EVT000857,12319,ASN,2026-01-04 20:30,19,Signal,Points failure at Asansol Junction delaying departure.
EVT000858,12283,COR,2026-01-17 15:00,80,Infrastructure,Track maintenance block in effect near Kota Junction.
EVT000859,12250,MAS,2026-01-28 08:30,78,Crew,Crew shortage reported at Chennai Central link.
EVT000860,12096,SBC,2026-02-19 01:30,37,Weather,High wind speed advisory near KSR Bengaluru City Junction affecting running.
EVT000861,12025,KYN,2026-01-21 15:30,54,Operational,Crossing conflict with another service at Kalyan Junction.
EVT000862,12246,BSP,2026-02-02 00:30,10,Operational,Platform congestion at Bilaspur Junction delaying berthing.
EVT000863,12248,HWH,2026-01-21 00:45,38,Signal,Signal failure near Howrah Junction causing hold-up.
EVT000864,12176,BPL,2026-01-01 11:15,42,Infrastructure,Speed restriction due to track renewal work near Bhopal Junction.
EVT000865,12184,ROU,2026-01-13 10:15,24,Infrastructure,Overhead equipment (OHE) tripping reported near Rourkela.
EVT000866,12239,VSKP,2026-01-29 17:45,36,Signal,Points failure at Visakhapatnam delaying departure.
EVT000867,12176,BPL,2026-02-09 23:00,81,Weather,High wind speed advisory near Bhopal Junction affecting running.
EVT000868,12136,CSMT,2026-01-23 23:00,79,Crew,Loco pilot booking-on delay at Chhatrapati Shivaji Maharaj Terminus.
EVT000869,12052,PUNE,2026-02-01 08:00,19,Signal,Automatic signalling fault reported at Pune Junction yard.
EVT000870,12191,JP,2026-02-07 19:15,1,Rolling Stock,"Locomotive failure reported, engine change required at Jaipur Junction."
EVT000871,12078,SC,2026-01-25 17:30,1,Rolling Stock,Coach fault detected during pre-departure check at Secunderabad Junction.
EVT000872,12115,BSP,2026-02-09 06:00,1,Rolling Stock,Brake power certification delay at Bilaspur Junction.
EVT000873,12077,CTC,2026-01-25 01:30,50,Rolling Stock,Coach fault detected during pre-departure check at Cuttack Junction.
EVT000874,12101,KGP,2026-01-29 02:15,2,Passenger,"Medical emergency on board, halted at Kharagpur Junction."
EVT000875,12063,GAYA,2026-01-06 04:30,13,Rolling Stock,Brake power certification delay at Gaya Junction.
EVT000876,12035,MAO,2026-01-28 12:30,16,Infrastructure,Track maintenance block in effect near Madgaon Junction.
EVT000877,12220,HWH,2026-01-13 02:30,1,Infrastructure,Speed restriction due to track renewal work near Howrah Junction.
EVT000878,12161,BSP,2026-02-20 08:30,46,Operational,Crossing conflict with another service at Bilaspur Junction.
EVT000879,12282,NGP,2026-01-21 03:30,60,Signal,Automatic signalling fault reported at Nagpur Junction yard.
EVT000880,12119,BPL,2026-01-07 17:45,36,Weather,High wind speed advisory near Bhopal Junction affecting running.
EVT000881,12281,DLI,2026-02-13 01:15,14,Rolling Stock,"Locomotive failure reported, engine change required at Delhi Junction (Old Delhi)."
EVT000882,12004,BCT,2026-02-22 06:15,39,Signal,Signal failure near Mumbai Central causing hold-up.
EVT000883,12265,MDU,2026-01-25 00:15,32,Weather,"Dense fog conditions near Madurai Junction, speed restricted."
EVT000884,12013,MDU,2026-02-12 04:45,66,Weather,Heavy rain reducing visibility near Madurai Junction.
EVT000885,12132,DLI,2026-02-04 13:45,14,Signal,Automatic signalling fault reported at Delhi Junction (Old Delhi) yard.
EVT000886,12263,MAS,2026-02-21 15:15,70,Rolling Stock,Coach fault detected during pre-departure check at Chennai Central.
EVT000887,12021,UBL,2026-02-08 13:45,13,Signal,Signal failure near Hubballi Junction causing hold-up.
EVT000888,12211,JP,2026-01-14 15:15,67,Signal,Points failure at Jaipur Junction delaying departure.
EVT000889,12029,ADI,2026-01-13 06:00,1,Crew,Guard unavailability causing hold at Ahmedabad Junction.
EVT000890,12235,BCT,2026-02-21 18:15,19,Signal,Automatic signalling fault reported at Mumbai Central yard.
EVT000891,12237,TATA,2026-02-03 22:45,20,Signal,Signal failure near Tatanagar Junction causing hold-up.
EVT000892,12053,PNBE,2026-02-12 20:45,8,Crew,Crew shortage reported at Patna Junction link.
EVT000893,12206,ASN,2026-02-11 20:00,45,Crew,Loco pilot booking-on delay at Asansol Junction.
EVT000894,12278,MYS,2026-01-01 00:45,28,Crew,Loco pilot booking-on delay at Mysuru Junction.
EVT000895,12258,ST,2026-02-01 18:00,80,Operational,Crossing conflict with another service at Surat.
EVT000896,12083,BBS,2026-02-13 08:45,51,Signal,Automatic signalling fault reported at Bhubaneswar yard.
EVT000897,12257,MAO,2026-01-29 19:15,20,Signal,Signal failure near Madgaon Junction causing hold-up.
EVT000898,12146,RTM,2026-02-09 14:45,27,Weather,Heavy rain reducing visibility near Ratlam Junction.
EVT000899,12111,MAS,2026-02-05 23:00,45,Signal,Points failure at Chennai Central delaying departure.
EVT000900,12279,KGP,2026-02-26 23:30,36,Operational,Crossing conflict with another service at Kharagpur Junction.
EVT000901,12271,MAS,2026-01-18 17:15,74,Crew,Crew shortage reported at Chennai Central link.
EVT000902,12130,JP,2026-01-21 17:45,42,Operational,Late running of connecting rake into Jaipur Junction.
EVT000903,12234,PRYJ,2026-01-07 06:00,35,Weather,High wind speed advisory near Prayagraj Junction affecting running.
EVT000904,12258,BCT,2026-02-15 13:45,36,Signal,Automatic signalling fault reported at Mumbai Central yard.
EVT000905,12028,JHS,2026-02-10 21:30,4,Operational,Platform congestion at Jhansi Junction delaying berthing.
EVT000906,12012,MAO,2026-02-05 00:15,9,Crew,Loco pilot booking-on delay at Madgaon Junction.
EVT000907,12268,DLI,2026-03-01 07:45,15,Operational,Platform congestion at Delhi Junction (Old Delhi) delaying berthing.
EVT000908,12064,RTM,2026-02-25 16:45,12,Weather,Heavy rain reducing visibility near Ratlam Junction.
EVT000909,12147,MAO,2026-02-04 20:00,34,Signal,Signal failure near Madgaon Junction causing hold-up.
EVT000910,12225,MAS,2026-01-19 05:00,8,Weather,"Dense fog conditions near Chennai Central, speed restricted."
EVT000911,12173,MYS,2026-01-18 23:30,25,Operational,Platform congestion at Mysuru Junction delaying berthing.
EVT000912,12100,SDAH,2026-02-04 05:45,63,Signal,Signal failure near Sealdah causing hold-up.
EVT000913,12019,PNBE,2026-01-09 01:30,10,Weather,Heavy rain reducing visibility near Patna Junction.
EVT000914,12225,NDLS,2026-02-28 12:30,12,Infrastructure,Track maintenance block in effect near New Delhi.
EVT000915,12058,BBS,2026-01-09 03:45,11,Rolling Stock,Brake power certification delay at Bhubaneswar.
EVT000916,12162,KYN,2026-02-10 04:30,93,Rolling Stock,Coach fault detected during pre-departure check at Kalyan Junction.
EVT000917,12153,BZA,2026-01-30 05:15,5,Infrastructure,Speed restriction due to track renewal work near Vijayawada Junction.
EVT000918,12310,BZA,2026-01-11 04:45,20,Operational,Crossing conflict with another service at Vijayawada Junction.
EVT000919,12315,ASN,2026-02-19 08:00,24,Signal,Signal failure near Asansol Junction causing hold-up.
EVT000920,12264,KYN,2026-03-01 07:45,20,Rolling Stock,Brake power certification delay at Kalyan Junction.
EVT000921,12275,NDLS,2026-01-13 17:45,31,Infrastructure,Track maintenance block in effect near New Delhi.
EVT000922,12079,MAS,2026-01-17 13:45,43,Weather,Heavy rain reducing visibility near Chennai Central.
EVT000923,12288,ST,2026-01-24 12:30,38,Operational,Crossing conflict with another service at Surat.
EVT000924,12137,SBC,2026-02-05 09:15,29,Crew,Loco pilot booking-on delay at KSR Bengaluru City Junction.
EVT000925,12040,JP,2026-01-10 15:15,32,Infrastructure,Speed restriction due to track renewal work near Jaipur Junction.
EVT000926,12187,SDAH,2026-01-03 01:00,15,Weather,Heavy rain reducing visibility near Sealdah.
EVT000927,12219,BAM,2026-01-03 18:45,51,Operational,Platform congestion at Brahmapur delaying berthing.
EVT000928,12145,JP,2026-02-06 02:00,1,Passenger,Passenger chain-pulling incident near Jaipur Junction.
EVT000929,12305,ASR,2026-02-25 10:30,7,Rolling Stock,Coach fault detected during pre-departure check at Amritsar Junction.
EVT000930,12159,JP,2026-01-03 01:00,59,Weather,"Dense fog conditions near Jaipur Junction, speed restricted."
EVT000931,12265,TATA,2026-02-25 15:30,1,Infrastructure,Speed restriction due to track renewal work near Tatanagar Junction.
EVT000932,12080,NDLS,2026-02-28 20:30,51,Passenger,Passenger chain-pulling incident near New Delhi.
EVT000933,12066,VSKP,2026-02-27 14:15,1,Weather,Heavy rain reducing visibility near Visakhapatnam.
EVT000934,12255,MDU,2026-01-11 03:45,20,Operational,Crossing conflict with another service at Madurai Junction.
EVT000935,12191,MDU,2026-01-03 23:45,1,Passenger,Passenger chain-pulling incident near Madurai Junction.
EVT000936,12272,MS,2026-02-18 02:00,60,Weather,"Dense fog conditions near Chennai Egmore, speed restricted."
EVT000937,12047,MFP,2026-01-23 01:00,29,Weather,"Dense fog conditions near Muzaffarpur Junction, speed restricted."
EVT000938,12138,JBP,2026-01-30 13:30,65,Signal,Signal failure near Jabalpur Junction causing hold-up.
EVT000939,12158,SBC,2026-01-22 04:45,17,Crew,Guard unavailability causing hold at KSR Bengaluru City Junction.
EVT000940,12182,JP,2026-01-13 09:45,64,Passenger,"Medical emergency on board, halted at Jaipur Junction."
EVT000941,12134,NDLS,2026-01-24 22:30,17,Signal,Signal failure near New Delhi causing hold-up.
EVT000942,12281,UMB,2026-01-22 11:45,37,Weather,"Dense fog conditions near Ambala Cantt Junction, speed restricted."
EVT000943,12288,ST,2026-02-13 11:30,67,Weather,Heavy rain reducing visibility near Surat.
EVT000944,12271,PNBE,2026-02-28 05:15,44,Passenger,Passenger chain-pulling incident near Patna Junction.
EVT000945,12050,PURI,2026-02-28 21:15,27,Operational,Late running of connecting rake into Puri.
EVT000946,12068,CSMT,2026-01-30 22:30,47,Operational,Crossing conflict with another service at Chhatrapati Shivaji Maharaj Terminus.
EVT000947,12147,UBL,2026-02-14 09:30,27,Infrastructure,Speed restriction due to track renewal work near Hubballi Junction.
EVT000948,12233,KGP,2026-02-28 15:30,16,Rolling Stock,Brake power certification delay at Kharagpur Junction.
EVT000949,12027,RTM,2026-01-09 08:45,77,Operational,Late running of connecting rake into Ratlam Junction.
EVT000950,12140,HYB,2026-01-10 23:15,1,Weather,High wind speed advisory near Hyderabad Deccan affecting running.
EVT000951,12151,ST,2026-02-27 21:00,57,Crew,Crew shortage reported at Surat link.
EVT000952,12016,NGP,2026-02-05 09:30,31,Crew,Crew shortage reported at Nagpur Junction link.
EVT000953,12314,COR,2026-02-10 08:15,21,Signal,Signal failure near Kota Junction causing hold-up.
EVT000954,12065,DLI,2026-01-23 16:30,26,Signal,Points failure at Delhi Junction (Old Delhi) delaying departure.
EVT000955,12240,MAS,2026-01-19 16:00,67,Signal,Signal failure near Chennai Central causing hold-up.
EVT000956,12175,BZA,2026-02-06 18:00,9,Rolling Stock,Coach fault detected during pre-departure check at Vijayawada Junction.
EVT000957,12270,NDLS,2026-02-27 12:30,23,Infrastructure,Track maintenance block in effect near New Delhi.
EVT000958,12075,TVC,2026-01-14 08:30,104,Infrastructure,Track maintenance block in effect near Thiruvananthapuram Central.
EVT000959,12239,NDLS,2026-02-11 06:00,33,Signal,Points failure at New Delhi delaying departure.
EVT000960,12122,CSMT,2026-02-11 09:15,4,Infrastructure,Overhead equipment (OHE) tripping reported near Chhatrapati Shivaji Maharaj Terminus.
EVT000961,12230,TVC,2026-01-21 19:00,18,Weather,High wind speed advisory near Thiruvananthapuram Central affecting running.
EVT000962,12241,VSKP,2026-02-16 03:15,13,Operational,Late running of connecting rake into Visakhapatnam.
EVT000963,12083,BCT,2026-01-20 20:15,34,Weather,Heavy rain reducing visibility near Mumbai Central.
EVT000964,12261,HWH,2026-01-17 15:15,14,Infrastructure,Overhead equipment (OHE) tripping reported near Howrah Junction.
EVT000965,12233,KGP,2026-01-02 19:30,25,Crew,Guard unavailability causing hold at Kharagpur Junction.
EVT000966,12010,MAS,2026-01-09 12:15,34,Rolling Stock,"Locomotive failure reported, engine change required at Chennai Central."
EVT000967,12227,BPL,2026-02-18 06:15,28,Signal,Automatic signalling fault reported at Bhopal Junction yard.
EVT000968,12171,PUNE,2026-02-19 15:00,66,Signal,Automatic signalling fault reported at Pune Junction yard.
EVT000969,12251,PRYJ,2026-02-24 20:15,1,Crew,Loco pilot booking-on delay at Prayagraj Junction.
EVT000970,12309,MDU,2026-02-01 21:30,1,Crew,Crew shortage reported at Madurai Junction link.
EVT000971,12097,PUNE,2026-01-25 18:00,1,Crew,Guard unavailability causing hold at Pune Junction.
EVT000972,12153,SC,2026-01-07 21:15,48,Infrastructure,Speed restriction due to track renewal work near Secunderabad Junction.
EVT000973,12185,RTM,2026-01-11 12:15,41,Operational,Late running of connecting rake into Ratlam Junction.
EVT000974,12309,PNBE,2026-02-21 11:00,20,Signal,Automatic signalling fault reported at Patna Junction yard.
EVT000975,12308,ADI,2026-01-29 17:45,58,Crew,Crew shortage reported at Ahmedabad Junction link.
EVT000976,12184,BSP,2026-01-15 06:15,79,Rolling Stock,"Locomotive failure reported, engine change required at Bilaspur Junction."
EVT000977,12228,TVC,2026-01-14 20:30,36,Operational,Crossing conflict with another service at Thiruvananthapuram Central.
EVT000978,12168,BPL,2026-01-05 19:45,73,Rolling Stock,Brake power certification delay at Bhopal Junction.
EVT000979,12048,JBP,2026-01-08 00:00,24,Rolling Stock,"Locomotive failure reported, engine change required at Jabalpur Junction."
EVT000980,12087,CSMT,2026-01-20 21:30,36,Crew,Guard unavailability causing hold at Chhatrapati Shivaji Maharaj Terminus.
EVT000981,12237,ROU,2026-01-21 07:00,8,Passenger,Overcrowding-related boarding delay at Rourkela.
EVT000982,12215,COR,2026-02-14 00:30,58,Signal,Signal failure near Kota Junction causing hold-up.
EVT000983,12253,ST,2026-02-16 17:45,47,Operational,Late running of connecting rake into Surat.
EVT000984,12294,PUNE,2026-01-11 22:45,28,Passenger,"Medical emergency on board, halted at Pune Junction."
EVT000985,12197,SBC,2026-02-09 15:30,6,Infrastructure,Track maintenance block in effect near KSR Bengaluru City Junction.
EVT000986,12045,CSMT,2026-01-23 05:30,48,Weather,Heavy rain reducing visibility near Chhatrapati Shivaji Maharaj Terminus.
EVT000987,12275,BAM,2026-01-29 19:15,14,Signal,Points failure at Brahmapur delaying departure.
EVT000988,12049,GHY,2026-01-20 08:30,7,Operational,Platform congestion at Guwahati delaying berthing.
EVT000989,12303,SDAH,2026-02-13 18:45,18,Crew,Crew shortage reported at Sealdah link.
EVT000990,12134,HWH,2026-01-18 00:15,11,Infrastructure,Overhead equipment (OHE) tripping reported near Howrah Junction.
EVT000991,12228,JP,2026-03-01 07:45,45,Weather,High wind speed advisory near Jaipur Junction affecting running.
EVT000992,12169,GHY,2026-01-04 10:00,7,Weather,High wind speed advisory near Guwahati affecting running.
EVT000993,12079,ROU,2026-01-13 02:45,66,Signal,Automatic signalling fault reported at Rourkela yard.
EVT000994,12066,BBS,2026-02-07 03:30,5,Rolling Stock,Coach fault detected during pre-departure check at Bhubaneswar.
EVT000995,12191,JBP,2026-02-21 12:45,59,Rolling Stock,Brake power certification delay at Jabalpur Junction.
EVT000996,12192,GHY,2026-01-06 23:30,11,Signal,Signal failure near Guwahati causing hold-up.
EVT000997,12138,TVC,2026-01-12 12:30,40,Infrastructure,Overhead equipment (OHE) tripping reported near Thiruvananthapuram Central.
EVT000998,12232,MAS,2026-01-30 11:45,30,Weather,High wind speed advisory near Chennai Central affecting running.
EVT000999,12202,PNBE,2026-02-07 20:45,59,Weather,"Dense fog conditions near Patna Junction, speed restricted."
EVT001000,12154,DLI,2026-01-22 00:45,2,Passenger,Overcrowding-related boarding delay at Delhi Junction (Old Delhi).
EVT001001,12166,NGP,2026-01-16 07:00,30,Signal,Points failure at Nagpur Junction delaying departure.
EVT001002,12152,PUNE,2026-02-18 22:15,1,Operational,Platform congestion at Pune Junction delaying berthing.
EVT001003,12159,AII,2026-01-07 12:30,55,Crew,Crew shortage reported at Ajmer Junction link.
EVT001004,12236,KGP,2026-02-20 00:30,33,Passenger,Passenger chain-pulling incident near Kharagpur Junction.
EVT001005,12151,NGP,2026-02-03 02:45,59,Crew,Crew shortage reported at Nagpur Junction link.
EVT001006,12296,PRYJ,2026-02-06 20:45,30,Signal,Signal failure near Prayagraj Junction causing hold-up.
EVT001007,12180,BCT,2026-01-28 12:00,66,Signal,Automatic signalling fault reported at Mumbai Central yard.
EVT001008,12309,PRYJ,2026-02-24 14:00,60,Infrastructure,Overhead equipment (OHE) tripping reported near Prayagraj Junction.
EVT001009,12295,NGP,2026-02-06 20:45,56,Infrastructure,Overhead equipment (OHE) tripping reported near Nagpur Junction.
EVT001010,12311,TATA,2026-01-07 19:30,54,Weather,"Dense fog conditions near Tatanagar Junction, speed restricted."
EVT001011,12226,SUR,2026-02-05 14:30,3,Crew,Guard unavailability causing hold at Solapur Junction.
EVT001012,12215,COR,2026-01-10 04:15,4,Signal,Signal failure near Kota Junction causing hold-up.
EVT001013,12262,NGP,2026-01-31 14:15,9,Passenger,"Medical emergency on board, halted at Nagpur Junction."
EVT001014,12110,BPL,2026-01-26 16:45,24,Rolling Stock,Brake power certification delay at Bhopal Junction.
EVT001015,12220,ERS,2026-02-14 07:00,29,Rolling Stock,"Locomotive failure reported, engine change required at Ernakulam Junction."
EVT001016,12291,MLDT,2026-02-27 10:30,59,Rolling Stock,Coach fault detected during pre-departure check at Malda Town.
EVT001017,12170,ASR,2026-01-13 06:45,75,Operational,Crossing conflict with another service at Amritsar Junction.
EVT001018,12077,BSP,2026-01-05 10:45,34,Weather,"Dense fog conditions near Bilaspur Junction, speed restricted."
EVT001019,12267,ADI,2026-01-12 09:45,1,Infrastructure,Overhead equipment (OHE) tripping reported near Ahmedabad Junction.
EVT001020,12311,KGP,2026-02-20 03:15,17,Passenger,"Medical emergency on board, halted at Kharagpur Junction."
EVT001021,12040,JP,2026-02-10 05:15,48,Passenger,Overcrowding-related boarding delay at Jaipur Junction.
EVT001022,12054,VSKP,2026-01-27 20:15,36,Operational,Crossing conflict with another service at Visakhapatnam.
EVT001023,12275,PURI,2026-02-09 02:30,56,Passenger,Passenger chain-pulling incident near Puri.
EVT001024,12262,NDLS,2026-01-16 12:00,54,Signal,Signal failure near New Delhi causing hold-up.
EVT001025,12141,BCT,2026-01-20 09:30,55,Rolling Stock,"Locomotive failure reported, engine change required at Mumbai Central."
EVT001026,12177,NJP,2026-01-05 10:00,37,Passenger,Overcrowding-related boarding delay at New Jalpaiguri.
EVT001027,12114,UMB,2026-02-26 02:00,47,Infrastructure,Speed restriction due to track renewal work near Ambala Cantt Junction.
EVT001028,12082,MLDT,2026-02-04 19:00,56,Passenger,Passenger chain-pulling incident near Malda Town.
EVT001029,12319,KGP,2026-02-10 13:00,1,Passenger,"Medical emergency on board, halted at Kharagpur Junction."
EVT001030,12157,BSP,2026-02-27 20:45,46,Signal,Points failure at Bilaspur Junction delaying departure.
EVT001031,12199,MYS,2026-02-23 19:30,32,Signal,Signal failure near Mysuru Junction causing hold-up.
EVT001032,12001,KYN,2026-01-31 01:00,1,Operational,Crossing conflict with another service at Kalyan Junction.
EVT001033,12265,MAS,2026-02-13 00:30,10,Operational,Late running of connecting rake into Chennai Central.
EVT001034,12245,NDLS,2026-02-07 22:30,23,Weather,High wind speed advisory near New Delhi affecting running.
EVT001035,12247,MAS,2026-01-13 02:30,48,Infrastructure,Track maintenance block in effect near Chennai Central.
EVT001036,12266,COR,2026-01-29 11:45,30,Rolling Stock,"Locomotive failure reported, engine change required at Kota Junction."
EVT001037,12077,BBS,2026-01-27 08:00,10,Infrastructure,Speed restriction due to track renewal work near Bhubaneswar.
EVT001038,12138,ERS,2026-01-23 16:15,84,Operational,Platform congestion at Ernakulam Junction delaying berthing.
EVT001039,12185,RTM,2026-02-25 12:15,33,Crew,Crew shortage reported at Ratlam Junction link.
EVT001040,12134,PURI,2026-01-09 04:45,30,Weather,"Dense fog conditions near Puri, speed restricted."
EVT001041,12242,PRYJ,2026-01-11 13:15,1,Crew,Crew shortage reported at Prayagraj Junction link.
EVT001042,12315,MAS,2026-02-17 11:30,7,Weather,Heavy rain reducing visibility near Chennai Central.
EVT001043,12142,KGP,2026-02-10 00:00,37,Crew,Crew shortage reported at Kharagpur Junction link.
EVT001044,12160,BSP,2026-01-31 12:30,46,Operational,Platform congestion at Bilaspur Junction delaying berthing.
EVT001045,12189,HWH,2026-02-27 11:30,37,Operational,Platform congestion at Howrah Junction delaying berthing.
EVT001046,12080,PRYJ,2026-01-31 11:00,60,Operational,Late running of connecting rake into Prayagraj Junction.
EVT001047,12110,BWN,2026-01-11 10:15,46,Crew,Guard unavailability causing hold at Barddhaman Junction.
EVT001048,12112,NDLS,2026-01-17 22:15,44,Infrastructure,Track maintenance block in effect near New Delhi.
EVT001049,12104,KGP,2026-02-26 13:30,27,Rolling Stock,Coach fault detected during pre-departure check at Kharagpur Junction.
EVT001050,12084,NGP,2026-01-13 07:30,1,Signal,Signal failure near Nagpur Junction causing hold-up.
EVT001051,12006,PNBE,2026-01-21 23:00,43,Weather,"Dense fog conditions near Patna Junction, speed restricted."
EVT001052,12265,MAS,2026-01-19 01:45,12,Weather,High wind speed advisory near Chennai Central affecting running.
EVT001053,12277,ASR,2026-02-03 14:15,45,Crew,Guard unavailability causing hold at Amritsar Junction.
EVT001054,12096,BPL,2026-01-29 00:45,67,Weather,Heavy rain reducing visibility near Bhopal Junction.
EVT001055,12184,R,2026-01-02 16:00,12,Crew,Loco pilot booking-on delay at Raipur Junction.
EVT001056,12180,HWH,2026-02-13 04:45,34,Signal,Signal failure near Howrah Junction causing hold-up.
EVT001057,12103,BZA,2026-01-30 11:00,52,Weather,Heavy rain reducing visibility near Vijayawada Junction.
EVT001058,12043,BBS,2026-01-09 20:45,42,Infrastructure,Speed restriction due to track renewal work near Bhubaneswar.
EVT001059,12012,UBL,2026-02-27 09:45,26,Infrastructure,Overhead equipment (OHE) tripping reported near Hubballi Junction.
EVT001060,12172,MAS,2026-02-14 17:45,40,Rolling Stock,"Locomotive failure reported, engine change required at Chennai Central."
EVT001061,12249,KGP,2026-02-04 15:00,1,Infrastructure,Speed restriction due to track renewal work near Kharagpur Junction.
EVT001062,12015,SBC,2026-02-24 10:15,42,Passenger,Overcrowding-related boarding delay at KSR Bengaluru City Junction.
EVT001063,12094,BSP,2026-02-21 05:15,1,Operational,Late running of connecting rake into Bilaspur Junction.
EVT001064,12114,UMB,2026-01-25 10:45,3,Operational,Late running of connecting rake into Ambala Cantt Junction.
EVT001065,12186,GHY,2026-01-25 08:30,2,Infrastructure,Overhead equipment (OHE) tripping reported near Guwahati.
EVT001066,12058,BBS,2026-03-01 12:15,1,Weather,Heavy rain reducing visibility near Bhubaneswar.
EVT001067,12078,MAS,2026-01-18 13:30,42,Crew,Guard unavailability causing hold at Chennai Central.
EVT001068,12137,SC,2026-02-07 18:45,18,Operational,Platform congestion at Secunderabad Junction delaying berthing.
EVT001069,12107,SC,2026-01-25 01:45,63,Signal,Points failure at Secunderabad Junction delaying departure.
EVT001070,12303,SDAH,2026-02-08 19:30,47,Weather,"Dense fog conditions near Sealdah, speed restricted."
EVT001071,12038,PNBE,2026-02-03 23:15,13,Operational,Late running of connecting rake into Patna Junction.
EVT001072,12072,GHY,2026-02-07 16:45,4,Rolling Stock,"Locomotive failure reported, engine change required at Guwahati."
EVT001073,12156,PURI,2026-02-20 03:00,1,Infrastructure,Track maintenance block in effect near Puri.
EVT001074,12215,JHS,2026-01-01 11:45,28,Infrastructure,Speed restriction due to track renewal work near Jhansi Junction.
EVT001075,12170,DLI,2026-01-21 20:00,31,Operational,Late running of connecting rake into Delhi Junction (Old Delhi).
EVT001076,12297,GHY,2026-01-05 04:15,1,Weather,"Dense fog conditions near Guwahati, speed restricted."
EVT001077,12086,MAS,2026-02-22 00:45,1,Crew,Crew shortage reported at Chennai Central link.
EVT001078,12268,SUR,2026-02-27 00:45,5,Signal,Signal failure near Solapur Junction causing hold-up.
EVT001079,12144,MAS,2026-01-26 00:15,44,Weather,"Dense fog conditions near Chennai Central, speed restricted."
EVT001080,12261,COR,2026-01-22 17:30,21,Crew,Loco pilot booking-on delay at Kota Junction.
EVT001081,12139,CTC,2026-02-23 06:15,1,Passenger,"Medical emergency on board, halted at Cuttack Junction."
EVT001082,12253,GKP,2026-01-14 17:15,33,Operational,Platform congestion at Gorakhpur Junction delaying berthing.
EVT001083,12300,CSMT,2026-01-15 16:30,1,Weather,High wind speed advisory near Chhatrapati Shivaji Maharaj Terminus affecting running.
EVT001084,12123,CSMT,2026-01-31 18:45,28,Passenger,"Medical emergency on board, halted at Chhatrapati Shivaji Maharaj Terminus."
EVT001085,12192,GHY,2026-01-08 17:00,29,Weather,Heavy rain reducing visibility near Guwahati.
EVT001086,12269,HYB,2026-01-18 14:15,42,Weather,High wind speed advisory near Hyderabad Deccan affecting running.
EVT001087,12046,PRYJ,2026-01-11 12:30,39,Operational,Late running of connecting rake into Prayagraj Junction.
EVT001088,12225,ASR,2026-01-14 01:15,22,Rolling Stock,Brake power certification delay at Amritsar Junction.
EVT001089,12108,BCT,2026-02-20 00:30,17,Signal,Signal failure near Mumbai Central causing hold-up.
EVT001090,12125,GHY,2026-02-24 10:00,30,Signal,Signal failure near Guwahati causing hold-up.
EVT001091,12272,MAS,2026-01-02 08:00,42,Weather,"Dense fog conditions near Chennai Central, speed restricted."
EVT001092,12176,JBP,2026-01-11 12:00,52,Operational,Late running of connecting rake into Jabalpur Junction.
EVT001093,12290,MAS,2026-01-03 00:00,23,Signal,Automatic signalling fault reported at Chennai Central yard.
EVT001094,12308,ADI,2026-02-18 10:00,39,Passenger,Passenger chain-pulling incident near Ahmedabad Junction.
EVT001095,12203,NDLS,2026-01-02 02:15,47,Weather,High wind speed advisory near New Delhi affecting running.
EVT001096,12229,NJP,2026-02-24 18:00,56,Signal,Points failure at New Jalpaiguri delaying departure.
EVT001097,12159,COR,2026-02-09 12:00,47,Signal,Points failure at Kota Junction delaying departure.
EVT001098,12120,BCT,2026-03-01 14:45,19,Rolling Stock,"Locomotive failure reported, engine change required at Mumbai Central."
EVT001099,12251,BSP,2026-02-14 22:00,28,Signal,Automatic signalling fault reported at Bilaspur Junction yard.
EVT001100,12104,MAS,2026-02-26 11:15,6,Weather,Heavy rain reducing visibility near Chennai Central.
EVT001101,12105,BBS,2026-01-27 04:30,67,Signal,Signal failure near Bhubaneswar causing hold-up.
EVT001102,12018,BWN,2026-02-06 08:45,18,Passenger,Passenger chain-pulling incident near Barddhaman Junction.
EVT001103,12248,KGP,2026-02-21 23:30,59,Signal,Signal failure near Kharagpur Junction causing hold-up.
EVT001104,12105,KYN,2026-01-02 18:45,7,Weather,"Dense fog conditions near Kalyan Junction, speed restricted."
EVT001105,12103,BZA,2026-02-22 04:30,73,Operational,Platform congestion at Vijayawada Junction delaying berthing.
EVT001106,12244,AII,2026-02-23 06:30,10,Signal,Points failure at Ajmer Junction delaying departure.
EVT001107,12214,BCT,2026-02-20 12:15,30,Rolling Stock,Brake power certification delay at Mumbai Central.
EVT001108,12264,MAO,2026-01-18 06:15,37,Rolling Stock,Brake power certification delay at Madgaon Junction.
EVT001109,12051,COR,2026-01-02 17:30,1,Infrastructure,Track maintenance block in effect near Kota Junction.
EVT001110,12200,JHS,2026-02-01 11:00,28,Weather,Heavy rain reducing visibility near Jhansi Junction.
EVT001111,12158,SBC,2026-01-24 00:00,18,Crew,Crew shortage reported at KSR Bengaluru City Junction link.
EVT001112,12295,HWH,2026-02-27 11:30,14,Passenger,Overcrowding-related boarding delay at Howrah Junction.
EVT001113,12148,ADI,2026-01-07 16:00,26,Operational,Late running of connecting rake into Ahmedabad Junction.
EVT001114,12306,KYN,2026-01-11 00:00,44,Signal,Automatic signalling fault reported at Kalyan Junction yard.
EVT001115,12178,BWN,2026-01-26 23:00,1,Weather,High wind speed advisory near Barddhaman Junction affecting running.
EVT001116,12057,BZA,2026-01-23 01:45,19,Crew,Loco pilot booking-on delay at Vijayawada Junction.
EVT001117,12061,DLI,2026-02-22 14:45,16,Operational,Late running of connecting rake into Delhi Junction (Old Delhi).
EVT001118,12181,GHY,2026-01-26 03:45,22,Signal,Points failure at Guwahati delaying departure.
EVT001119,12081,BCT,2026-01-19 06:45,10,Signal,Automatic signalling fault reported at Mumbai Central yard.
EVT001120,12217,HYB,2026-02-25 20:45,7,Operational,Platform congestion at Hyderabad Deccan delaying berthing.
EVT001121,12005,JU,2026-02-05 15:00,27,Operational,Platform congestion at Jodhpur Junction delaying berthing.
EVT001122,12116,NGP,2026-01-22 07:30,96,Passenger,"Medical emergency on board, halted at Nagpur Junction."
EVT001123,12192,GHY,2026-02-16 22:45,29,Infrastructure,Track maintenance block in effect near Guwahati.
EVT001124,12298,SBC,2026-01-19 10:15,73,Rolling Stock,"Locomotive failure reported, engine change required at KSR Bengaluru City Junction."
EVT001125,12151,HYB,2026-01-04 01:15,1,Crew,Guard unavailability causing hold at Hyderabad Deccan.
EVT001126,12316,BWN,2026-01-28 23:30,79,Signal,Automatic signalling fault reported at Barddhaman Junction yard.
EVT001127,12240,ERS,2026-01-09 14:15,1,Operational,Late running of connecting rake into Ernakulam Junction.
EVT001128,12130,JP,2026-01-06 01:00,55,Rolling Stock,Brake power certification delay at Jaipur Junction.
EVT001129,12266,NDLS,2026-01-08 08:45,13,Signal,Points failure at New Delhi delaying departure.
EVT001130,12152,KYN,2026-02-23 06:45,62,Signal,Signal failure near Kalyan Junction causing hold-up.
EVT001131,12225,MAS,2026-01-11 05:30,54,Signal,Signal failure near Chennai Central causing hold-up.
EVT001132,12171,PUNE,2026-01-13 21:00,39,Operational,Platform congestion at Pune Junction delaying berthing.
EVT001133,12130,BBS,2026-02-04 00:30,1,Signal,Automatic signalling fault reported at Bhubaneswar yard.
EVT001134,12035,UBL,2026-02-13 01:00,67,Rolling Stock,Coach fault detected during pre-departure check at Hubballi Junction.
EVT001135,12126,NDLS,2026-02-05 05:00,11,Weather,"Dense fog conditions near New Delhi, speed restricted."
EVT001136,12096,BPL,2026-02-18 19:45,55,Infrastructure,Speed restriction due to track renewal work near Bhopal Junction.
EVT001137,12052,LDH,2026-02-04 05:45,80,Passenger,Overcrowding-related boarding delay at Ludhiana Junction.
EVT001138,12181,NJP,2026-01-09 01:45,16,Operational,Crossing conflict with another service at New Jalpaiguri.
EVT001139,12197,SBC,2026-01-25 08:45,89,Weather,High wind speed advisory near KSR Bengaluru City Junction affecting running.
EVT001140,12182,RTM,2026-02-27 01:30,1,Signal,Automatic signalling fault reported at Ratlam Junction yard.
EVT001141,12029,BPL,2026-01-20 07:15,1,Weather,"Dense fog conditions near Bhopal Junction, speed restricted."
EVT001142,12239,DLI,2026-02-07 18:15,1,Signal,Points failure at Delhi Junction (Old Delhi) delaying departure.
EVT001143,12221,PNBE,2026-02-18 03:30,1,Signal,Signal failure near Patna Junction causing hold-up.
EVT001144,12270,PRYJ,2026-01-21 21:30,25,Operational,Platform congestion at Prayagraj Junction delaying berthing.
EVT001145,12005,KYN,2026-02-04 13:30,74,Infrastructure,Speed restriction due to track renewal work near Kalyan Junction.
EVT001146,12060,ADI,2026-01-08 18:00,7,Passenger,"Medical emergency on board, halted at Ahmedabad Junction."
EVT001147,12095,JP,2026-02-26 01:30,45,Operational,Platform congestion at Jaipur Junction delaying berthing.
EVT001148,12007,AII,2026-02-26 00:15,1,Crew,Crew shortage reported at Ajmer Junction link.
EVT001149,12116,ASN,2026-01-28 20:45,27,Operational,Crossing conflict with another service at Asansol Junction.
EVT001150,12205,SC,2026-02-14 02:00,41,Signal,Points failure at Secunderabad Junction delaying departure.
EVT001151,12008,UBL,2026-01-30 01:30,18,Signal,Automatic signalling fault reported at Hubballi Junction yard.
EVT001152,12150,R,2026-01-23 22:30,30,Passenger,Passenger chain-pulling incident near Raipur Junction.
EVT001153,12223,SC,2026-01-16 16:45,82,Operational,Crossing conflict with another service at Secunderabad Junction.
EVT001154,12241,VSKP,2026-01-20 07:00,28,Crew,Guard unavailability causing hold at Visakhapatnam.
EVT001155,12162,TVC,2026-01-21 19:45,7,Passenger,Overcrowding-related boarding delay at Thiruvananthapuram Central.
EVT001156,12083,VSKP,2026-02-17 13:15,43,Rolling Stock,"Locomotive failure reported, engine change required at Visakhapatnam."
EVT001157,12243,NDLS,2026-02-18 01:15,28,Signal,Points failure at New Delhi delaying departure.
EVT001158,12315,SBC,2026-01-03 10:45,47,Crew,Loco pilot booking-on delay at KSR Bengaluru City Junction.
EVT001159,12164,BSP,2026-01-05 21:15,75,Passenger,"Medical emergency on board, halted at Bilaspur Junction."
EVT001160,12097,PUNE,2026-01-26 16:15,67,Operational,Platform congestion at Pune Junction delaying berthing.
EVT001161,12295,ROU,2026-01-06 20:45,1,Crew,Crew shortage reported at Rourkela link.
EVT001162,12181,NJP,2026-01-06 18:00,55,Weather,"Dense fog conditions near New Jalpaiguri, speed restricted."
EVT001163,12003,KYN,2026-02-17 07:45,37,Weather,"Dense fog conditions near Kalyan Junction, speed restricted."
EVT001164,12110,NDLS,2026-01-03 02:15,46,Infrastructure,Track maintenance block in effect near New Delhi.
EVT001165,12269,HYB,2026-02-13 15:00,50,Infrastructure,Overhead equipment (OHE) tripping reported near Hyderabad Deccan.
EVT001166,12287,BCT,2026-01-05 03:30,40,Rolling Stock,Coach fault detected during pre-departure check at Mumbai Central.
EVT001167,12195,NDLS,2026-01-30 17:45,46,Operational,Platform congestion at New Delhi delaying berthing.
EVT001168,12176,JBP,2026-02-22 10:30,32,Signal,Automatic signalling fault reported at Jabalpur Junction yard.
EVT001169,12156,NDLS,2026-01-07 12:30,39,Operational,Late running of connecting rake into New Delhi.
EVT001170,12090,SBC,2026-01-31 20:00,29,Rolling Stock,"Locomotive failure reported, engine change required at KSR Bengaluru City Junction."
EVT001171,12279,MAS,2026-02-05 06:00,45,Weather,Heavy rain reducing visibility near Chennai Central.
EVT001172,12152,JP,2026-01-31 16:00,17,Weather,"Dense fog conditions near Jaipur Junction, speed restricted."
EVT001173,12191,TVC,2026-02-26 21:30,1,Rolling Stock,"Locomotive failure reported, engine change required at Thiruvananthapuram Central."
EVT001174,12260,KYN,2026-02-18 21:15,22,Weather,"Dense fog conditions near Kalyan Junction, speed restricted."
EVT001175,12145,RTM,2026-02-20 05:45,23,Rolling Stock,"Locomotive failure reported, engine change required at Ratlam Junction."
EVT001176,12239,BZA,2026-01-25 01:45,1,Infrastructure,Track maintenance block in effect near Vijayawada Junction.
EVT001177,12222,JBP,2026-01-06 16:00,28,Infrastructure,Track maintenance block in effect near Jabalpur Junction.
EVT001178,12231,HWH,2026-01-10 18:15,46,Signal,Points failure at Howrah Junction delaying departure.
EVT001179,12003,BCT,2026-02-27 20:15,28,Rolling Stock,Coach fault detected during pre-departure check at Mumbai Central.
EVT001180,12290,MAS,2026-01-26 09:45,28,Weather,"Dense fog conditions near Chennai Central, speed restricted."
EVT001181,12130,CTC,2026-01-27 17:00,1,Infrastructure,Track maintenance block in effect near Cuttack Junction.
EVT001182,12119,BPL,2026-02-11 04:15,34,Weather,High wind speed advisory near Bhopal Junction affecting running.
EVT001183,12249,SC,2026-01-24 11:15,1,Weather,High wind speed advisory near Secunderabad Junction affecting running.
EVT001184,12296,PRYJ,2026-02-02 17:15,18,Rolling Stock,"Locomotive failure reported, engine change required at Prayagraj Junction."
EVT001185,12089,R,2026-02-11 07:15,4,Infrastructure,Speed restriction due to track renewal work near Raipur Junction.
EVT001186,12159,COR,2026-01-31 16:45,32,Operational,Crossing conflict with another service at Kota Junction.
EVT001187,12006,COR,2026-01-31 05:45,1,Crew,Guard unavailability causing hold at Kota Junction.
EVT001188,12128,PNBE,2026-01-01 10:00,104,Crew,Crew shortage reported at Patna Junction link.
EVT001189,12300,CSMT,2026-02-02 21:15,14,Rolling Stock,Coach fault detected during pre-departure check at Chhatrapati Shivaji Maharaj Terminus.
EVT001190,12312,BBS,2026-02-11 17:30,26,Infrastructure,Speed restriction due to track renewal work near Bhubaneswar.
EVT001191,12290,ERS,2026-02-27 04:15,73,Operational,Crossing conflict with another service at Ernakulam Junction.
EVT001192,12264,KYN,2026-02-06 11:15,28,Infrastructure,Speed restriction due to track renewal work near Kalyan Junction.
EVT001193,12162,TPJ,2026-01-10 07:15,3,Passenger,Passenger chain-pulling incident near Tiruchchirapalli Junction.
EVT001194,12224,NJP,2026-02-22 16:45,44,Weather,Heavy rain reducing visibility near New Jalpaiguri.
EVT001195,12043,MAS,2026-02-19 05:15,66,Rolling Stock,"Locomotive failure reported, engine change required at Chennai Central."
EVT001196,12199,CBE,2026-01-05 21:30,1,Crew,Loco pilot booking-on delay at Coimbatore Junction.
EVT001197,12251,R,2026-02-24 04:00,17,Operational,Crossing conflict with another service at Raipur Junction.
EVT001198,12150,SBC,2026-02-26 05:00,100,Signal,Points failure at KSR Bengaluru City Junction delaying departure.
EVT001199,12103,NDLS,2026-02-02 10:45,24,Rolling Stock,"Locomotive failure reported, engine change required at New Delhi."
EVT001200,12109,NGP,2026-02-11 17:45,56,Rolling Stock,Brake power certification delay at Nagpur Junction.
EVT001201,12035,UBL,2026-01-29 14:45,34,Operational,Platform congestion at Hubballi Junction delaying berthing.
EVT001202,12212,SDAH,2026-02-26 20:30,17,Infrastructure,Speed restriction due to track renewal work near Sealdah.
EVT001203,12033,CSMT,2026-01-04 13:30,1,Infrastructure,Overhead equipment (OHE) tripping reported near Chhatrapati Shivaji Maharaj Terminus.
EVT001204,12149,CSMT,2026-02-07 17:30,12,Weather,High wind speed advisory near Chhatrapati Shivaji Maharaj Terminus affecting running.
EVT001205,12112,BPL,2026-01-16 15:30,46,Rolling Stock,Coach fault detected during pre-departure check at Bhopal Junction.
EVT001206,12043,VSKP,2026-01-18 11:15,22,Operational,Crossing conflict with another service at Visakhapatnam.
EVT001207,12246,NDLS,2026-02-06 04:30,1,Crew,Loco pilot booking-on delay at New Delhi.
EVT001208,12258,BBS,2026-02-04 21:15,30,Rolling Stock,Coach fault detected during pre-departure check at Bhubaneswar.
EVT001209,12149,CSMT,2026-02-18 19:45,16,Crew,Crew shortage reported at Chhatrapati Shivaji Maharaj Terminus link.
EVT001210,12144,MAS,2026-01-21 00:15,23,Infrastructure,Overhead equipment (OHE) tripping reported near Chennai Central.
EVT001211,12199,SC,2026-02-21 16:15,70,Weather,High wind speed advisory near Secunderabad Junction affecting running.
EVT001212,12170,ASR,2026-02-05 17:00,90,Operational,Crossing conflict with another service at Amritsar Junction.
EVT001213,12055,MAS,2026-01-14 05:30,33,Signal,Signal failure near Chennai Central causing hold-up.
EVT001214,12114,COR,2026-02-22 23:00,69,Passenger,"Medical emergency on board, halted at Kota Junction."
EVT001215,12109,NGP,2026-02-27 17:00,11,Infrastructure,Speed restriction due to track renewal work near Nagpur Junction.
EVT001216,12192,GHY,2026-01-08 00:45,11,Infrastructure,Track maintenance block in effect near Guwahati.
EVT001217,12314,COR,2026-02-01 23:15,31,Crew,Guard unavailability causing hold at Kota Junction.
EVT001218,12105,BBS,2026-01-09 19:30,29,Signal,Signal failure near Bhubaneswar causing hold-up.
EVT001219,12085,NJP,2026-01-23 01:00,16,Rolling Stock,Coach fault detected during pre-departure check at New Jalpaiguri.
EVT001220,12191,TVC,2026-01-21 15:30,45,Rolling Stock,Brake power certification delay at Thiruvananthapuram Central.
EVT001221,12193,ERS,2026-02-13 21:45,1,Weather,High wind speed advisory near Ernakulam Junction affecting running.
EVT001222,12001,BBS,2026-01-04 10:30,7,Rolling Stock,Coach fault detected during pre-departure check at Bhubaneswar.
EVT001223,12107,VSKP,2026-01-08 01:45,33,Weather,Heavy rain reducing visibility near Visakhapatnam.
EVT001224,12014,ADI,2026-01-25 03:45,1,Rolling Stock,Brake power certification delay at Ahmedabad Junction.
EVT001225,12034,CSMT,2026-01-26 00:15,56,Rolling Stock,Coach fault detected during pre-departure check at Chhatrapati Shivaji Maharaj Terminus.
EVT001226,12149,BBS,2026-02-08 14:00,27,Rolling Stock,Brake power certification delay at Bhubaneswar.
EVT001227,12043,CBE,2026-02-22 12:45,33,Infrastructure,Overhead equipment (OHE) tripping reported near Coimbatore Junction.
EVT001228,12234,PRYJ,2026-01-24 08:45,1,Passenger,Passenger chain-pulling incident near Prayagraj Junction.
EVT001229,12196,NGP,2026-01-02 11:15,32,Infrastructure,Track maintenance block in effect near Nagpur Junction.
EVT001230,12268,NDLS,2026-02-10 09:45,14,Signal,Points failure at New Delhi delaying departure.
EVT001231,12204,BSP,2026-03-01 23:00,1,Weather,High wind speed advisory near Bilaspur Junction affecting running.
EVT001232,12238,CSMT,2026-02-05 01:30,17,Infrastructure,Track maintenance block in effect near Chhatrapati Shivaji Maharaj Terminus.
EVT001233,12148,ADI,2026-01-20 16:45,14,Signal,Automatic signalling fault reported at Ahmedabad Junction yard.
EVT001234,12170,NDLS,2026-02-17 12:00,38,Signal,Points failure at New Delhi delaying departure.
EVT001235,12123,CSMT,2026-02-11 23:15,44,Rolling Stock,"Locomotive failure reported, engine change required at Chhatrapati Shivaji Maharaj Terminus."
EVT001236,12307,BCT,2026-01-19 06:00,35,Weather,High wind speed advisory near Mumbai Central affecting running.
EVT001237,12083,ST,2026-01-21 10:45,22,Passenger,Overcrowding-related boarding delay at Surat.
EVT001238,12312,ST,2026-01-03 15:15,78,Signal,Automatic signalling fault reported at Surat yard.
EVT001239,12205,CSMT,2026-01-09 07:00,49,Passenger,"Medical emergency on board, halted at Chhatrapati Shivaji Maharaj Terminus."
EVT001240,12107,MYS,2026-01-29 16:15,4,Rolling Stock,Coach fault detected during pre-departure check at Mysuru Junction.
EVT001241,12037,CBE,2026-01-19 03:15,64,Weather,"Dense fog conditions near Coimbatore Junction, speed restricted."
EVT001242,12248,NJP,2026-01-25 15:30,57,Crew,Guard unavailability causing hold at New Jalpaiguri.
EVT001243,12103,VSKP,2026-02-08 12:45,48,Signal,Signal failure near Visakhapatnam causing hold-up.
EVT001244,12239,BZA,2026-01-31 10:30,24,Crew,Loco pilot booking-on delay at Vijayawada Junction.
EVT001245,12298,SUR,2026-01-22 08:00,63,Passenger,Passenger chain-pulling incident near Solapur Junction.
EVT001246,12275,PURI,2026-02-14 08:30,36,Weather,Heavy rain reducing visibility near Puri.
EVT001247,12286,AII,2026-01-29 12:30,60,Weather,Heavy rain reducing visibility near Ajmer Junction.
EVT001248,12120,BBS,2026-02-01 08:45,66,Rolling Stock,Brake power certification delay at Bhubaneswar.
EVT001249,12309,MDU,2026-01-31 16:45,50,Rolling Stock,"Locomotive failure reported, engine change required at Madurai Junction."
EVT001250,12289,HWH,2026-01-20 03:15,8,Signal,Automatic signalling fault reported at Howrah Junction yard.
EVT001251,12299,UMB,2026-01-04 21:30,46,Weather,"Dense fog conditions near Ambala Cantt Junction, speed restricted."
EVT001252,12133,JBP,2026-01-30 01:45,17,Infrastructure,Track maintenance block in effect near Jabalpur Junction.
EVT001253,12185,BBS,2026-01-27 02:00,25,Infrastructure,Speed restriction due to track renewal work near Bhubaneswar.
EVT001254,12171,PRYJ,2026-02-11 05:45,1,Rolling Stock,Coach fault detected during pre-departure check at Prayagraj Junction.
EVT001255,12028,BPL,2026-02-09 03:30,59,Infrastructure,Overhead equipment (OHE) tripping reported near Bhopal Junction.
EVT001256,12003,BCT,2026-01-11 17:00,48,Rolling Stock,"Locomotive failure reported, engine change required at Mumbai Central."
EVT001257,12160,PRYJ,2026-02-13 00:30,1,Crew,Guard unavailability causing hold at Prayagraj Junction.
EVT001258,12253,ST,2026-02-27 23:45,7,Rolling Stock,Coach fault detected during pre-departure check at Surat.
EVT001259,12015,MAS,2026-02-23 19:15,10,Infrastructure,Overhead equipment (OHE) tripping reported near Chennai Central.
EVT001260,12201,MLDT,2026-02-09 15:30,1,Rolling Stock,Brake power certification delay at Malda Town.
EVT001261,12201,NJP,2026-01-31 02:45,32,Infrastructure,Track maintenance block in effect near New Jalpaiguri.
EVT001262,12208,PNBE,2026-02-17 16:45,1,Weather,Heavy rain reducing visibility near Patna Junction.
EVT001263,12206,MAS,2026-01-14 17:00,34,Infrastructure,Track maintenance block in effect near Chennai Central.
EVT001264,12005,PURI,2026-02-17 13:15,61,Infrastructure,Overhead equipment (OHE) tripping reported near Puri.
EVT001265,12314,COR,2026-01-26 11:30,48,Rolling Stock,Brake power certification delay at Kota Junction.
EVT001266,12249,NJP,2026-01-21 07:45,33,Signal,Automatic signalling fault reported at New Jalpaiguri yard.
EVT001267,12137,ERS,2026-01-22 09:00,28,Infrastructure,Track maintenance block in effect near Ernakulam Junction.
EVT001268,12055,KGP,2026-01-11 01:00,62,Rolling Stock,"Locomotive failure reported, engine change required at Kharagpur Junction."
EVT001269,12090,SBC,2026-02-02 05:00,30,Crew,Crew shortage reported at KSR Bengaluru City Junction link.
EVT001270,12301,VSKP,2026-01-23 07:45,49,Passenger,"Medical emergency on board, halted at Visakhapatnam."
EVT001271,12013,JP,2026-01-27 19:00,8,Weather,Heavy rain reducing visibility near Jaipur Junction.
EVT001272,12040,PUNE,2026-01-14 06:00,45,Signal,Automatic signalling fault reported at Pune Junction yard.
EVT001273,12068,BPL,2026-01-08 10:45,80,Infrastructure,Overhead equipment (OHE) tripping reported near Bhopal Junction.
EVT001274,12263,SC,2026-02-21 04:45,13,Infrastructure,Overhead equipment (OHE) tripping reported near Secunderabad Junction.
EVT001275,12264,KYN,2026-01-31 14:15,68,Operational,Platform congestion at Kalyan Junction delaying berthing.
EVT001276,12115,NGP,2026-01-28 19:30,55,Passenger,Passenger chain-pulling incident near Nagpur Junction.
EVT001277,12010,MAS,2026-01-26 12:00,29,Crew,Loco pilot booking-on delay at Chennai Central.
EVT001278,12089,SBC,2026-02-23 22:30,51,Crew,Crew shortage reported at KSR Bengaluru City Junction link.
EVT001279,12212,NDLS,2026-01-05 20:45,36,Signal,Signal failure near New Delhi causing hold-up.
EVT001280,12092,KYN,2026-02-22 04:15,60,Rolling Stock,Coach fault detected during pre-departure check at Kalyan Junction.
EVT001281,12219,NDLS,2026-02-17 02:15,46,Weather,High wind speed advisory near New Delhi affecting running.
EVT001282,12031,UMB,2026-02-04 08:45,17,Passenger,"Medical emergency on board, halted at Ambala Cantt Junction."
EVT001283,12088,BBS,2026-02-08 16:15,25,Infrastructure,Speed restriction due to track renewal work near Bhubaneswar.
EVT001284,12261,NDLS,2026-02-27 09:15,21,Weather,"Dense fog conditions near New Delhi, speed restricted."
EVT001285,12108,MAS,2026-01-22 20:45,1,Operational,Platform congestion at Chennai Central delaying berthing.
EVT001286,12272,MS,2026-02-21 23:00,1,Operational,Crossing conflict with another service at Chennai Egmore.
EVT001287,12261,HWH,2026-02-02 09:45,30,Passenger,"Medical emergency on board, halted at Howrah Junction."
EVT001288,12037,CBE,2026-01-17 01:45,92,Weather,High wind speed advisory near Coimbatore Junction affecting running.
EVT001289,12139,VSKP,2026-01-24 22:15,44,Signal,Points failure at Visakhapatnam delaying departure.
EVT001290,12133,JBP,2026-02-12 10:30,14,Passenger,"Medical emergency on board, halted at Jabalpur Junction."
EVT001291,12179,AGC,2026-02-10 20:45,25,Signal,Signal failure near Agra Cantt causing hold-up.
EVT001292,12049,ADI,2026-02-16 11:45,33,Operational,Platform congestion at Ahmedabad Junction delaying berthing.
EVT001293,12225,NDLS,2026-01-21 17:30,34,Infrastructure,Overhead equipment (OHE) tripping reported near New Delhi.
EVT001294,12158,TVC,2026-02-08 08:30,12,Operational,Platform congestion at Thiruvananthapuram Central delaying berthing.
EVT001295,12280,NDLS,2026-02-07 05:15,29,Weather,Heavy rain reducing visibility near New Delhi.
EVT001296,12294,ASN,2026-01-04 15:45,34,Operational,Platform congestion at Asansol Junction delaying berthing.
EVT001297,12007,JHS,2026-02-24 01:15,16,Operational,Crossing conflict with another service at Jhansi Junction.
EVT001298,12107,VSKP,2026-02-09 05:45,1,Infrastructure,Track maintenance block in effect near Visakhapatnam.
EVT001299,12012,UBL,2026-02-15 11:45,4,Rolling Stock,"Locomotive failure reported, engine change required at Hubballi Junction."
EVT001300,12258,BCT,2026-01-24 12:30,59,Weather,High wind speed advisory near Mumbai Central affecting running.
EVT001301,12226,NGP,2026-02-08 07:30,53,Weather,Heavy rain reducing visibility near Nagpur Junction.
EVT001302,12036,BWN,2026-01-23 02:30,1,Crew,Loco pilot booking-on delay at Barddhaman Junction.
EVT001303,12280,NGP,2026-02-24 00:30,49,Crew,Loco pilot booking-on delay at Nagpur Junction.
EVT001304,12092,KYN,2026-02-02 07:45,77,Operational,Late running of connecting rake into Kalyan Junction.
EVT001305,12101,PNBE,2026-01-28 11:30,60,Weather,"Dense fog conditions near Patna Junction, speed restricted."
EVT001306,12009,PRYJ,2026-01-19 10:45,44,Rolling Stock,"Locomotive failure reported, engine change required at Prayagraj Junction."
EVT001307,12163,JHS,2026-01-14 05:45,28,Weather,Heavy rain reducing visibility near Jhansi Junction.
EVT001308,12273,JHS,2026-01-29 11:45,28,Weather,"Dense fog conditions near Jhansi Junction, speed restricted."
EVT001309,12027,COR,2026-01-03 15:30,55,Crew,Guard unavailability causing hold at Kota Junction.
EVT001310,12064,COR,2026-02-20 18:00,3,Infrastructure,Overhead equipment (OHE) tripping reported near Kota Junction.
EVT001311,12147,UBL,2026-02-28 17:30,1,Crew,Loco pilot booking-on delay at Hubballi Junction.
EVT001312,12253,PNBE,2026-01-03 04:30,1,Weather,High wind speed advisory near Patna Junction affecting running.
EVT001313,12130,KYN,2026-01-16 20:00,25,Operational,Late running of connecting rake into Kalyan Junction.
EVT001314,12247,VSKP,2026-02-11 19:00,67,Operational,Platform congestion at Visakhapatnam delaying berthing.
EVT001315,12034,CSMT,2026-02-28 05:00,38,Signal,Points failure at Chhatrapati Shivaji Maharaj Terminus delaying departure.
EVT001316,12202,PNBE,2026-01-17 04:45,53,Passenger,Passenger chain-pulling incident near Patna Junction.
EVT001317,12200,PNBE,2026-01-02 15:15,28,Weather,"Dense fog conditions near Patna Junction, speed restricted."
EVT001318,12093,KGP,2026-01-24 04:00,39,Rolling Stock,Brake power certification delay at Kharagpur Junction.
EVT001319,12126,NGP,2026-01-13 00:00,64,Operational,Platform congestion at Nagpur Junction delaying berthing.
EVT001320,12197,SC,2026-02-03 07:15,5,Weather,Heavy rain reducing visibility near Secunderabad Junction.
EVT001321,12169,MFP,2026-02-01 09:00,38,Operational,Late running of connecting rake into Muzaffarpur Junction.
EVT001322,12196,NGP,2026-02-14 08:15,26,Rolling Stock,"Locomotive failure reported, engine change required at Nagpur Junction."
EVT001323,12281,UMB,2026-02-12 07:00,20,Signal,Automatic signalling fault reported at Ambala Cantt Junction yard.
EVT001324,12251,R,2026-02-24 09:45,60,Infrastructure,Speed restriction due to track renewal work near Raipur Junction.
EVT001325,12129,TVC,2026-01-26 01:45,37,Rolling Stock,Coach fault detected during pre-departure check at Thiruvananthapuram Central.
EVT001326,12121,KYN,2026-02-03 17:15,31,Operational,Platform congestion at Kalyan Junction delaying berthing.
EVT001327,12130,JP,2026-02-21 19:00,56,Crew,Guard unavailability causing hold at Jaipur Junction.
EVT001328,12131,ROU,2026-02-23 17:00,36,Weather,High wind speed advisory near Rourkela affecting running.
EVT001329,12053,PNBE,2026-01-26 08:45,51,Signal,Points failure at Patna Junction delaying departure.
EVT001330,12219,VSKP,2026-02-10 11:45,38,Rolling Stock,Coach fault detected during pre-departure check at Visakhapatnam.
EVT001331,12230,JP,2026-01-26 20:45,36,Signal,Points failure at Jaipur Junction delaying departure.
EVT001332,12163,JHS,2026-02-16 08:45,70,Crew,Guard unavailability causing hold at Jhansi Junction.
EVT001333,12042,DURG,2026-02-15 19:15,47,Operational,Late running of connecting rake into Durg Junction.
EVT001334,12247,PRYJ,2026-02-15 12:30,1,Infrastructure,Track maintenance block in effect near Prayagraj Junction.
EVT001335,12111,MAS,2026-01-14 06:30,51,Signal,Signal failure near Chennai Central causing hold-up.
EVT001336,12012,MAO,2026-02-04 05:00,30,Weather,"Dense fog conditions near Madgaon Junction, speed restricted."
EVT001337,12016,BCT,2026-01-23 10:30,1,Signal,Automatic signalling fault reported at Mumbai Central yard.
EVT001338,12177,NJP,2026-02-19 19:45,56,Passenger,"Medical emergency on board, halted at New Jalpaiguri."
EVT001339,12045,JBP,2026-01-07 15:15,7,Rolling Stock,Brake power certification delay at Jabalpur Junction.
EVT001340,12103,SDAH,2026-02-21 11:15,25,Infrastructure,Track maintenance block in effect near Sealdah.
EVT001341,12243,NDLS,2026-02-13 07:00,92,Operational,Late running of connecting rake into New Delhi.
EVT001342,12027,COR,2026-02-28 08:00,22,Operational,Late running of connecting rake into Kota Junction.
EVT001343,12263,SBC,2026-02-19 11:00,25,Rolling Stock,Coach fault detected during pre-departure check at KSR Bengaluru City Junction.
EVT001344,12155,DLI,2026-01-04 12:30,18,Operational,Late running of connecting rake into Delhi Junction (Old Delhi).
EVT001345,12237,TATA,2026-01-07 22:45,41,Crew,Guard unavailability causing hold at Tatanagar Junction.
EVT001346,12054,VSKP,2026-02-27 03:45,37,Crew,Loco pilot booking-on delay at Visakhapatnam.
EVT001347,12219,NDLS,2026-03-01 13:45,45,Operational,Platform congestion at New Delhi delaying berthing.
EVT001348,12231,ADI,2026-01-29 00:45,46,Signal,Points failure at Ahmedabad Junction delaying departure.
EVT001349,12210,KYN,2026-02-23 09:00,18,Weather,"Dense fog conditions near Kalyan Junction, speed restricted."
EVT001350,12242,BSP,2026-02-25 19:30,106,Infrastructure,Overhead equipment (OHE) tripping reported near Bilaspur Junction.
EVT001351,12281,UMB,2026-01-12 10:15,16,Rolling Stock,Coach fault detected during pre-departure check at Ambala Cantt Junction.
EVT001352,12235,SC,2026-02-04 18:45,14,Operational,Late running of connecting rake into Secunderabad Junction.
EVT001353,12246,LDH,2026-01-06 12:45,16,Passenger,Passenger chain-pulling incident near Ludhiana Junction.
EVT001354,12114,COR,2026-02-12 20:15,1,Signal,Points failure at Kota Junction delaying departure.
EVT001355,12245,DLI,2026-01-02 19:30,60,Passenger,Overcrowding-related boarding delay at Delhi Junction (Old Delhi).
EVT001356,12031,UMB,2026-02-11 02:30,52,Rolling Stock,Brake power certification delay at Ambala Cantt Junction.
EVT001357,12049,ADI,2026-02-17 07:15,2,Weather,Heavy rain reducing visibility near Ahmedabad Junction.
EVT001358,12029,BPL,2026-02-28 15:15,55,Infrastructure,Overhead equipment (OHE) tripping reported near Bhopal Junction.
EVT001359,12302,DHN,2026-02-11 19:30,59,Signal,Points failure at Dhanbad Junction delaying departure.
EVT001360,12117,COR,2026-02-02 09:00,49,Passenger,"Medical emergency on board, halted at Kota Junction."
EVT001361,12064,HWH,2026-02-28 00:45,16,Passenger,Passenger chain-pulling incident near Howrah Junction.
EVT001362,12280,NDLS,2026-01-06 10:45,1,Passenger,"Medical emergency on board, halted at New Delhi."
EVT001363,12027,RTM,2026-03-01 18:00,34,Passenger,"Medical emergency on board, halted at Ratlam Junction."
EVT001364,12042,DURG,2026-01-17 06:30,26,Crew,Guard unavailability causing hold at Durg Junction.
EVT001365,12104,KGP,2026-03-01 16:45,21,Infrastructure,Overhead equipment (OHE) tripping reported near Kharagpur Junction.
EVT001366,12315,HWH,2026-02-28 07:30,33,Operational,Crossing conflict with another service at Howrah Junction.
EVT001367,12074,MYS,2026-01-30 12:15,27,Operational,Platform congestion at Mysuru Junction delaying berthing.
EVT001368,12274,VSKP,2026-01-16 00:45,68,Weather,"Dense fog conditions near Visakhapatnam, speed restricted."
EVT001369,12255,MAS,2026-02-03 07:30,21,Signal,Points failure at Chennai Central delaying departure.
EVT001370,12247,ERS,2026-02-10 05:30,19,Weather,Heavy rain reducing visibility near Ernakulam Junction.
EVT001371,12215,COR,2026-01-20 11:30,28,Signal,Points failure at Kota Junction delaying departure.
EVT001372,12079,KGP,2026-01-31 06:15,23,Signal,Signal failure near Kharagpur Junction causing hold-up.
EVT001373,12095,JP,2026-02-23 17:45,59,Crew,Loco pilot booking-on delay at Jaipur Junction.
EVT001374,12206,KGP,2026-01-17 03:45,61,Infrastructure,Speed restriction due to track renewal work near Kharagpur Junction.
EVT001375,12129,TVC,2026-01-12 04:30,7,Operational,Crossing conflict with another service at Thiruvananthapuram Central.
EVT001376,12312,ST,2026-01-22 03:45,34,Crew,Guard unavailability causing hold at Surat.
EVT001377,12091,MFP,2026-01-24 22:15,40,Rolling Stock,Brake power certification delay at Muzaffarpur Junction.
EVT001378,12283,BPL,2026-02-11 14:00,35,Infrastructure,Speed restriction due to track renewal work near Bhopal Junction.
EVT001379,12167,BCT,2026-01-17 21:30,1,Weather,High wind speed advisory near Mumbai Central affecting running.
EVT001380,12269,MAS,2026-01-27 09:45,71,Crew,Guard unavailability causing hold at Chennai Central.
EVT001381,12152,KYN,2026-01-30 13:00,23,Infrastructure,Overhead equipment (OHE) tripping reported near Kalyan Junction.
EVT001382,12274,BBS,2026-01-23 19:30,19,Infrastructure,Speed restriction due to track renewal work near Bhubaneswar.
EVT001383,12090,SBC,2026-01-24 04:30,40,Operational,Late running of connecting rake into KSR Bengaluru City Junction.
EVT001384,12274,CTC,2026-01-01 21:15,1,Rolling Stock,Coach fault detected during pre-departure check at Cuttack Junction.
EVT001385,12127,NJP,2026-01-20 13:00,1,Signal,Automatic signalling fault reported at New Jalpaiguri yard.
EVT001386,12050,BBS,2026-02-07 20:00,51,Weather,Heavy rain reducing visibility near Bhubaneswar.
EVT001387,12051,COR,2026-02-11 21:00,12,Weather,High wind speed advisory near Kota Junction affecting running.
EVT001388,12086,MAS,2026-02-22 20:15,34,Crew,Loco pilot booking-on delay at Chennai Central.
EVT001389,12266,COR,2026-02-13 03:15,69,Infrastructure,Overhead equipment (OHE) tripping reported near Kota Junction.
EVT001390,12243,DLI,2026-01-29 15:00,25,Signal,Automatic signalling fault reported at Delhi Junction (Old Delhi) yard.
EVT001391,12197,SC,2026-02-08 00:00,5,Crew,Guard unavailability causing hold at Secunderabad Junction.
EVT001392,12230,TVC,2026-02-06 08:00,69,Infrastructure,Speed restriction due to track renewal work near Thiruvananthapuram Central.
EVT001393,12001,BBS,2026-02-18 17:15,47,Infrastructure,Track maintenance block in effect near Bhubaneswar.
EVT001394,12289,DLI,2026-01-26 08:00,1,Signal,Points failure at Delhi Junction (Old Delhi) delaying departure.
EVT001395,12316,BWN,2026-01-10 22:15,10,Rolling Stock,Coach fault detected during pre-departure check at Barddhaman Junction.
EVT001396,12215,JP,2026-02-22 13:30,22,Infrastructure,Speed restriction due to track renewal work near Jaipur Junction.
EVT001397,12231,MLDT,2026-02-26 12:30,46,Crew,Loco pilot booking-on delay at Malda Town.
EVT001398,12091,PNBE,2026-01-01 17:00,22,Signal,Automatic signalling fault reported at Patna Junction yard.
EVT001399,12296,PRYJ,2026-02-19 17:00,63,Signal,Signal failure near Prayagraj Junction causing hold-up.
EVT001400,12126,UMB,2026-03-01 06:45,1,Signal,Points failure at Ambala Cantt Junction delaying departure.
EVT001401,12078,SC,2026-02-10 05:15,57,Operational,Platform congestion at Secunderabad Junction delaying berthing.
EVT001402,12097,BSL,2026-01-04 17:00,1,Rolling Stock,Coach fault detected during pre-departure check at Bhusaval Junction.
EVT001403,12292,HYB,2026-02-07 14:45,55,Signal,Points failure at Hyderabad Deccan delaying departure.
EVT001404,12200,PNBE,2026-01-18 02:30,73,Signal,Points failure at Patna Junction delaying departure.
EVT001405,12034,SC,2026-02-19 21:15,31,Operational,Crossing conflict with another service at Secunderabad Junction.
EVT001406,12068,CSMT,2026-02-23 22:30,30,Weather,Heavy rain reducing visibility near Chhatrapati Shivaji Maharaj Terminus.
EVT001407,12286,NDLS,2026-01-20 18:15,1,Infrastructure,Speed restriction due to track renewal work near New Delhi.
EVT001408,12199,MYS,2026-02-19 20:45,18,Crew,Guard unavailability causing hold at Mysuru Junction.
EVT001409,12137,MAS,2026-01-10 23:15,23,Infrastructure,Track maintenance block in effect near Chennai Central.
EVT001410,12184,ROU,2026-02-02 11:45,24,Passenger,Passenger chain-pulling incident near Rourkela.
EVT001411,12263,MAS,2026-02-03 19:00,15,Infrastructure,Overhead equipment (OHE) tripping reported near Chennai Central.
EVT001412,12041,PNBE,2026-01-23 10:45,40,Crew,Loco pilot booking-on delay at Patna Junction.
EVT001413,12106,ERS,2026-01-18 23:00,45,Weather,High wind speed advisory near Ernakulam Junction affecting running.
EVT001414,12312,CBE,2026-01-30 18:30,50,Signal,Points failure at Coimbatore Junction delaying departure.
EVT001415,12080,PRYJ,2026-02-02 19:00,1,Signal,Automatic signalling fault reported at Prayagraj Junction yard.
EVT001416,12168,JBP,2026-02-04 02:00,39,Infrastructure,Speed restriction due to track renewal work near Jabalpur Junction.
EVT001417,12315,SBC,2026-02-20 16:30,40,Rolling Stock,Brake power certification delay at KSR Bengaluru City Junction.
EVT001418,12247,NDLS,2026-01-03 01:15,47,Crew,Loco pilot booking-on delay at New Delhi.
EVT001419,12094,JBP,2026-02-17 17:00,4,Operational,Crossing conflict with another service at Jabalpur Junction.
EVT001420,12094,DURG,2026-02-05 20:00,27,Passenger,"Medical emergency on board, halted at Durg Junction."
EVT001421,12233,MLDT,2026-02-25 06:30,3,Signal,Automatic signalling fault reported at Malda Town yard.
EVT001422,12164,BSP,2026-02-28 19:15,17,Signal,Automatic signalling fault reported at Bilaspur Junction yard.
EVT001423,12176,JBP,2026-01-27 16:00,32,Operational,Late running of connecting rake into Jabalpur Junction.
EVT001424,12280,NGP,2026-02-08 23:00,1,Rolling Stock,"Locomotive failure reported, engine change required at Nagpur Junction."
EVT001425,12053,AII,2026-01-14 12:15,17,Weather,"Dense fog conditions near Ajmer Junction, speed restricted."
EVT001426,12095,KYN,2026-02-13 09:45,25,Weather,High wind speed advisory near Kalyan Junction affecting running.
EVT001427,12019,PNBE,2026-02-14 01:45,40,Signal,Points failure at Patna Junction delaying departure.
EVT001428,12229,NJP,2026-02-14 08:45,23,Signal,Signal failure near New Jalpaiguri causing hold-up.
EVT001429,12318,COR,2026-02-27 05:30,67,Rolling Stock,Brake power certification delay at Kota Junction.
EVT001430,12245,NDLS,2026-01-25 07:00,20,Infrastructure,Speed restriction due to track renewal work near New Delhi.
EVT001431,12272,NDLS,2026-01-02 19:00,50,Rolling Stock,Brake power certification delay at New Delhi.
EVT001432,12029,ADI,2026-02-23 13:15,52,Weather,"Dense fog conditions near Ahmedabad Junction, speed restricted."
EVT001433,12235,HYB,2026-02-22 08:15,16,Weather,Heavy rain reducing visibility near Hyderabad Deccan.
EVT001434,12078,SUR,2026-01-21 18:45,3,Infrastructure,Overhead equipment (OHE) tripping reported near Solapur Junction.
EVT001435,12233,HWH,2026-02-05 20:15,34,Infrastructure,Speed restriction due to track renewal work near Howrah Junction.
EVT001436,12245,DLI,2026-01-29 11:30,3,Rolling Stock,Coach fault detected during pre-departure check at Delhi Junction (Old Delhi).
EVT001437,12071,KYN,2026-02-26 17:30,1,Crew,Crew shortage reported at Kalyan Junction link.
EVT001438,12218,MYS,2026-02-02 15:15,9,Rolling Stock,Brake power certification delay at Mysuru Junction.
EVT001439,12205,ERS,2026-01-03 01:00,17,Operational,Platform congestion at Ernakulam Junction delaying berthing.
EVT001440,12175,COR,2026-02-11 08:30,29,Infrastructure,Track maintenance block in effect near Kota Junction.
EVT001441,12122,UMB,2026-01-17 20:30,16,Rolling Stock,Coach fault detected during pre-departure check at Ambala Cantt Junction.
EVT001442,12233,KGP,2026-01-08 22:30,29,Infrastructure,Overhead equipment (OHE) tripping reported near Kharagpur Junction.
EVT001443,12018,SDAH,2026-01-31 01:45,1,Weather,High wind speed advisory near Sealdah affecting running.
EVT001444,12171,MFP,2026-01-05 16:00,58,Signal,Points failure at Muzaffarpur Junction delaying departure.
EVT001445,12201,VSKP,2026-02-25 11:30,3,Signal,Automatic signalling fault reported at Visakhapatnam yard.
EVT001446,12288,RTM,2026-02-06 16:00,24,Signal,Points failure at Ratlam Junction delaying departure.
EVT001447,12097,PUNE,2026-02-09 21:45,17,Operational,Crossing conflict with another service at Pune Junction.
EVT001448,12044,BSP,2026-02-25 03:45,13,Crew,Loco pilot booking-on delay at Bilaspur Junction.
EVT001449,12235,SC,2026-01-17 17:00,32,Operational,Late running of connecting rake into Secunderabad Junction.
EVT001450,12266,NDLS,2026-01-29 03:30,37,Weather,Heavy rain reducing visibility near New Delhi.
EVT001451,12212,SDAH,2026-01-14 20:30,1,Passenger,"Medical emergency on board, halted at Sealdah."
EVT001452,12199,MAS,2026-02-04 18:15,47,Operational,Late running of connecting rake into Chennai Central.
EVT001453,12258,BBS,2026-03-01 16:45,22,Signal,Automatic signalling fault reported at Bhubaneswar yard.
EVT001454,12196,BWN,2026-01-21 16:00,21,Operational,Late running of connecting rake into Barddhaman Junction.
EVT001455,12149,CTC,2026-01-11 23:00,3,Signal,Points failure at Cuttack Junction delaying departure.
EVT001456,12228,JP,2026-01-03 20:00,5,Crew,Loco pilot booking-on delay at Jaipur Junction.
EVT001457,12099,ASN,2026-01-21 22:45,34,Signal,Automatic signalling fault reported at Asansol Junction yard.
EVT001458,12031,UMB,2026-02-21 17:30,29,Operational,Crossing conflict with another service at Ambala Cantt Junction.
EVT001459,12318,COR,2026-02-06 10:30,56,Crew,Guard unavailability causing hold at Kota Junction.
EVT001460,12048,SC,2026-02-03 02:15,24,Signal,Signal failure near Secunderabad Junction causing hold-up.
EVT001461,12253,GKP,2026-02-03 22:15,38,Infrastructure,Overhead equipment (OHE) tripping reported near Gorakhpur Junction.
EVT001462,12297,BSP,2026-01-11 23:15,21,Infrastructure,Speed restriction due to track renewal work near Bilaspur Junction.
EVT001463,12133,JP,2026-01-24 22:00,37,Crew,Guard unavailability causing hold at Jaipur Junction.
EVT001464,12092,JP,2026-02-23 15:00,43,Rolling Stock,"Locomotive failure reported, engine change required at Jaipur Junction."
EVT001465,12196,BWN,2026-01-22 03:30,1,Passenger,Overcrowding-related boarding delay at Barddhaman Junction.
EVT001466,12064,SDAH,2026-01-13 04:45,39,Passenger,Overcrowding-related boarding delay at Sealdah.
EVT001467,12028,JP,2026-01-03 04:00,1,Infrastructure,Track maintenance block in effect near Jaipur Junction.
EVT001468,12194,NDLS,2026-02-24 15:45,37,Passenger,Passenger chain-pulling incident near New Delhi.
EVT001469,12151,BCT,2026-01-12 20:45,25,Infrastructure,Track maintenance block in effect near Mumbai Central.
EVT001470,12125,GKP,2026-01-18 02:45,55,Rolling Stock,Brake power certification delay at Gorakhpur Junction.
EVT001471,12091,NDLS,2026-02-21 05:30,14,Passenger,Passenger chain-pulling incident near New Delhi.
EVT001472,12048,JBP,2026-02-26 02:30,4,Weather,High wind speed advisory near Jabalpur Junction affecting running.
EVT001473,12116,ROU,2026-02-11 06:45,49,Rolling Stock,Brake power certification delay at Rourkela.
EVT001474,12187,PRYJ,2026-02-17 21:30,9,Infrastructure,Speed restriction due to track renewal work near Prayagraj Junction.
EVT001475,12186,ASN,2026-02-22 23:15,2,Rolling Stock,Coach fault detected during pre-departure check at Asansol Junction.
EVT001476,12147,UBL,2026-02-26 05:30,1,Rolling Stock,"Locomotive failure reported, engine change required at Hubballi Junction."
EVT001477,12163,NDLS,2026-01-16 01:45,1,Weather,Heavy rain reducing visibility near New Delhi.
EVT001478,12059,TVC,2026-01-01 08:30,65,Weather,High wind speed advisory near Thiruvananthapuram Central affecting running.
EVT001479,12271,MAS,2026-01-11 06:30,1,Weather,Heavy rain reducing visibility near Chennai Central.
EVT001480,12259,GKP,2026-01-24 13:15,38,Signal,Signal failure near Gorakhpur Junction causing hold-up.
EVT001481,12171,MFP,2026-02-07 17:00,5,Operational,Late running of connecting rake into Muzaffarpur Junction.
EVT001482,12078,CSMT,2026-01-14 19:45,47,Infrastructure,Overhead equipment (OHE) tripping reported near Chhatrapati Shivaji Maharaj Terminus.
EVT001483,12271,MAS,2026-01-23 22:30,23,Rolling Stock,Coach fault detected during pre-departure check at Chennai Central.
EVT001484,12106,ERS,2026-01-13 16:00,27,Operational,Crossing conflict with another service at Ernakulam Junction.
EVT001485,12319,HWH,2026-02-06 21:30,9,Operational,Platform congestion at Howrah Junction delaying berthing.
EVT001486,12155,NGP,2026-02-28 11:00,43,Rolling Stock,"Locomotive failure reported, engine change required at Nagpur Junction."
EVT001487,12232,MAS,2026-01-26 11:30,11,Infrastructure,Speed restriction due to track renewal work near Chennai Central.
EVT001488,12304,MAO,2026-02-17 01:45,62,Weather,"Dense fog conditions near Madgaon Junction, speed restricted."
EVT001489,12273,JHS,2026-02-17 22:15,1,Rolling Stock,"Locomotive failure reported, engine change required at Jhansi Junction."
EVT001490,12103,BZA,2026-01-03 08:15,2,Infrastructure,Track maintenance block in effect near Vijayawada Junction.
EVT001491,12031,LDH,2026-01-03 13:45,40,Infrastructure,Track maintenance block in effect near Ludhiana Junction.
EVT001492,12126,UMB,2026-01-22 18:00,34,Passenger,Overcrowding-related boarding delay at Ambala Cantt Junction.
EVT001493,12046,PRYJ,2026-02-23 04:45,20,Infrastructure,Track maintenance block in effect near Prayagraj Junction.
EVT001494,12068,CSMT,2026-01-11 17:45,1,Signal,Points failure at Chhatrapati Shivaji Maharaj Terminus delaying departure.
EVT001495,12061,NDLS,2026-03-01 10:30,34,Signal,Signal failure near New Delhi causing hold-up.
EVT001496,12074,SC,2026-01-10 05:30,1,Weather,Heavy rain reducing visibility near Secunderabad Junction.
EVT001497,12011,ASN,2026-01-01 00:00,56,Infrastructure,Track maintenance block in effect near Asansol Junction.
EVT001498,12066,VSKP,2026-02-08 05:15,58,Crew,Loco pilot booking-on delay at Visakhapatnam.
EVT001499,12120,BBS,2026-01-07 22:15,5,Signal,Automatic signalling fault reported at Bhubaneswar yard.
EVT001500,12117,BPL,2026-01-21 12:00,15,Signal,Points failure at Bhopal Junction delaying departure.
EVT001501,12248,MLDT,2026-02-03 08:45,22,Infrastructure,Speed restriction due to track renewal work near Malda Town.
EVT001502,12249,MLDT,2026-01-04 17:45,70,Rolling Stock,Coach fault detected during pre-departure check at Malda Town.
EVT001503,12296,AGC,2026-01-01 17:15,1,Rolling Stock,"Locomotive failure reported, engine change required at Agra Cantt."
EVT001504,12238,KYN,2026-01-26 07:15,68,Crew,Loco pilot booking-on delay at Kalyan Junction.
EVT001505,12028,COR,2026-01-22 13:45,34,Crew,Guard unavailability causing hold at Kota Junction.
EVT001506,12083,ST,2026-02-17 06:45,41,Signal,Signal failure near Surat causing hold-up.
EVT001507,12300,SBC,2026-02-06 15:45,44,Infrastructure,Overhead equipment (OHE) tripping reported near KSR Bengaluru City Junction.
EVT001508,12100,PRYJ,2026-01-12 22:30,1,Weather,Heavy rain reducing visibility near Prayagraj Junction.
EVT001509,12257,UBL,2026-01-11 05:15,1,Signal,Points failure at Hubballi Junction delaying departure.
EVT001510,12114,SBC,2026-02-20 02:15,43,Crew,Guard unavailability causing hold at KSR Bengaluru City Junction.
EVT001511,12166,BCT,2026-01-02 12:15,36,Weather,"Dense fog conditions near Mumbai Central, speed restricted."
EVT001512,12014,GHY,2026-02-15 09:00,63,Crew,Guard unavailability causing hold at Guwahati.
EVT001513,12049,ADI,2026-01-11 05:15,40,Infrastructure,Overhead equipment (OHE) tripping reported near Ahmedabad Junction.
EVT001514,12189,HWH,2026-01-02 16:15,50,Rolling Stock,Brake power certification delay at Howrah Junction.
EVT001515,12116,BSP,2026-01-27 05:15,25,Operational,Platform congestion at Bilaspur Junction delaying berthing.
EVT001516,12235,CSMT,2026-03-01 06:30,24,Signal,Points failure at Chhatrapati Shivaji Maharaj Terminus delaying departure.
EVT001517,12119,BZA,2026-02-07 11:00,1,Weather,High wind speed advisory near Vijayawada Junction affecting running.
EVT001518,12312,BBS,2026-02-18 01:30,41,Rolling Stock,Coach fault detected during pre-departure check at Bhubaneswar.
EVT001519,12287,BCT,2026-01-12 11:45,13,Rolling Stock,"Locomotive failure reported, engine change required at Mumbai Central."
EVT001520,12115,NGP,2026-02-13 06:00,54,Weather,Heavy rain reducing visibility near Nagpur Junction.
EVT001521,12246,PRYJ,2026-01-28 19:30,36,Crew,Guard unavailability causing hold at Prayagraj Junction.
EVT001522,12152,KYN,2026-01-19 14:30,23,Weather,Heavy rain reducing visibility near Kalyan Junction.
EVT001523,12317,MAS,2026-02-11 12:30,30,Infrastructure,Track maintenance block in effect near Chennai Central.
EVT001524,12284,NDLS,2026-02-06 04:15,53,Passenger,"Medical emergency on board, halted at New Delhi."
EVT001525,12000,NJP,2026-01-24 20:30,45,Signal,Points failure at New Jalpaiguri delaying departure.
EVT001526,12052,PUNE,2026-02-12 01:30,1,Signal,Automatic signalling fault reported at Pune Junction yard.
EVT001527,12210,PUNE,2026-02-12 13:45,43,Weather,"Dense fog conditions near Pune Junction, speed restricted."
EVT001528,12259,PNBE,2026-03-01 18:30,28,Passenger,Passenger chain-pulling incident near Patna Junction.
EVT001529,12160,BSP,2026-01-28 08:15,11,Rolling Stock,Coach fault detected during pre-departure check at Bilaspur Junction.
EVT001530,12166,RTM,2026-02-15 04:00,31,Infrastructure,Overhead equipment (OHE) tripping reported near Ratlam Junction.
EVT001531,12163,PRYJ,2026-01-27 20:00,28,Operational,Crossing conflict with another service at Prayagraj Junction.
EVT001532,12112,NDLS,2026-02-14 21:15,16,Operational,Crossing conflict with another service at New Delhi.
EVT001533,12036,SC,2026-02-20 03:00,40,Signal,Points failure at Secunderabad Junction delaying departure.
EVT001534,12033,SC,2026-03-01 13:15,13,Weather,High wind speed advisory near Secunderabad Junction affecting running.
EVT001535,12015,MAS,2026-01-05 23:15,28,Operational,Platform congestion at Chennai Central delaying berthing.
EVT001536,12186,GHY,2026-02-19 12:30,11,Weather,High wind speed advisory near Guwahati affecting running.
EVT001537,12227,BZA,2026-02-11 20:45,3,Rolling Stock,Coach fault detected during pre-departure check at Vijayawada Junction.
EVT001538,12144,MAS,2026-02-10 07:00,36,Crew,Loco pilot booking-on delay at Chennai Central.
EVT001539,12015,SC,2026-02-16 01:00,26,Crew,Crew shortage reported at Secunderabad Junction link.
EVT001540,12150,NGP,2026-02-03 00:30,1,Operational,Crossing conflict with another service at Nagpur Junction.
EVT001541,12310,SC,2026-02-02 15:30,38,Infrastructure,Speed restriction due to track renewal work near Secunderabad Junction.
EVT001542,12300,SBC,2026-01-18 08:00,38,Signal,Signal failure near KSR Bengaluru City Junction causing hold-up.
EVT001543,12031,LDH,2026-02-23 09:15,33,Signal,Signal failure near Ludhiana Junction causing hold-up.
EVT001544,12145,JU,2026-01-02 22:45,38,Weather,"Dense fog conditions near Jodhpur Junction, speed restricted."
EVT001545,12028,COR,2026-01-03 21:30,35,Infrastructure,Speed restriction due to track renewal work near Kota Junction.
EVT001546,12105,KYN,2026-01-23 11:00,36,Signal,Signal failure near Kalyan Junction causing hold-up.
EVT001547,12045,BSP,2026-01-03 12:45,1,Weather,Heavy rain reducing visibility near Bilaspur Junction.
EVT001548,12220,BWN,2026-01-23 20:00,27,Operational,Crossing conflict with another service at Barddhaman Junction.
EVT001549,12059,ROU,2026-01-26 00:30,24,Crew,Crew shortage reported at Rourkela link.
EVT001550,12136,KYN,2026-01-30 15:00,37,Signal,Points failure at Kalyan Junction delaying departure.
EVT001551,12079,ROU,2026-01-07 10:00,33,Rolling Stock,"Locomotive failure reported, engine change required at Rourkela."
EVT001552,12040,TVC,2026-01-12 23:45,54,Weather,Heavy rain reducing visibility near Thiruvananthapuram Central.
EVT001553,12131,MAS,2026-01-03 12:00,15,Passenger,Overcrowding-related boarding delay at Chennai Central.
EVT001554,12215,BPL,2026-01-17 22:45,16,Signal,Signal failure near Bhopal Junction causing hold-up.
EVT001555,12162,KYN,2026-01-13 15:00,33,Infrastructure,Track maintenance block in effect near Kalyan Junction.
EVT001556,12074,MAS,2026-01-21 23:00,24,Rolling Stock,Brake power certification delay at Chennai Central.
EVT001557,12156,VSKP,2026-01-02 17:45,29,Passenger,Overcrowding-related boarding delay at Visakhapatnam.
EVT001558,12017,UMB,2026-02-13 18:15,8,Weather,"Dense fog conditions near Ambala Cantt Junction, speed restricted."
EVT001559,12117,SDAH,2026-03-01 18:15,66,Infrastructure,Track maintenance block in effect near Sealdah.
EVT001560,12302,SC,2026-02-15 08:00,39,Operational,Platform congestion at Secunderabad Junction delaying berthing.
EVT001561,12304,UBL,2026-02-25 19:45,65,Weather,High wind speed advisory near Hubballi Junction affecting running.
EVT001562,12056,AII,2026-02-12 22:15,61,Crew,Guard unavailability causing hold at Ajmer Junction.
EVT001563,12266,NDLS,2026-02-15 18:30,26,Operational,Late running of connecting rake into New Delhi.
EVT001564,12076,SBC,2026-02-10 06:30,39,Rolling Stock,Brake power certification delay at KSR Bengaluru City Junction.
EVT001565,12169,GKP,2026-01-12 15:15,13,Signal,Points failure at Gorakhpur Junction delaying departure.
EVT001566,12221,PNBE,2026-01-26 13:30,40,Crew,Guard unavailability causing hold at Patna Junction.
EVT001567,12032,RTM,2026-01-11 18:15,1,Signal,Points failure at Ratlam Junction delaying departure.
EVT001568,12239,VSKP,2026-01-13 00:45,83,Passenger,"Medical emergency on board, halted at Visakhapatnam."
EVT001569,12241,BBS,2026-01-30 16:00,32,Weather,Heavy rain reducing visibility near Bhubaneswar.
EVT001570,12252,BPL,2026-02-27 04:30,54,Crew,Crew shortage reported at Bhopal Junction link.
EVT001571,12257,MAS,2026-02-14 07:15,23,Passenger,Overcrowding-related boarding delay at Chennai Central.
EVT001572,12049,ADI,2026-01-12 01:15,22,Rolling Stock,Brake power certification delay at Ahmedabad Junction.
EVT001573,12127,MLDT,2026-02-11 05:00,64,Rolling Stock,"Locomotive failure reported, engine change required at Malda Town."
EVT001574,12228,JP,2026-01-10 18:30,49,Operational,Late running of connecting rake into Jaipur Junction.
EVT001575,12059,KGP,2026-01-04 21:45,1,Signal,Points failure at Kharagpur Junction delaying departure.
EVT001576,12216,NDLS,2026-01-06 00:30,1,Signal,Signal failure near New Delhi causing hold-up.
EVT001577,12122,SC,2026-02-12 15:45,1,Signal,Automatic signalling fault reported at Secunderabad Junction yard.
EVT001578,12110,SDAH,2026-02-19 16:45,14,Rolling Stock,"Locomotive failure reported, engine change required at Sealdah."
EVT001579,12105,KYN,2026-01-03 12:45,1,Passenger,Overcrowding-related boarding delay at Kalyan Junction.
EVT001580,12207,DLI,2026-01-28 00:30,1,Operational,Crossing conflict with another service at Delhi Junction (Old Delhi).
EVT001581,12010,MDU,2026-02-28 01:00,16,Weather,High wind speed advisory near Madurai Junction affecting running.
EVT001582,12111,NDLS,2026-02-09 05:30,11,Rolling Stock,"Locomotive failure reported, engine change required at New Delhi."
EVT001583,12302,KGP,2026-01-24 13:30,99,Crew,Loco pilot booking-on delay at Kharagpur Junction.
EVT001584,12039,COR,2026-01-19 02:15,45,Crew,Loco pilot booking-on delay at Kota Junction.
EVT001585,12108,BBS,2026-01-12 19:00,33,Signal,Automatic signalling fault reported at Bhubaneswar yard.
EVT001586,12204,ROU,2026-02-18 20:00,31,Crew,Guard unavailability causing hold at Rourkela.
EVT001587,12158,MAS,2026-01-17 19:00,37,Operational,Platform congestion at Chennai Central delaying berthing.
EVT001588,12068,BPL,2026-01-29 14:30,58,Operational,Late running of connecting rake into Bhopal Junction.
EVT001589,12047,GKP,2026-01-02 22:00,9,Passenger,"Medical emergency on board, halted at Gorakhpur Junction."
EVT001590,12096,SBC,2026-02-11 06:00,38,Crew,Loco pilot booking-on delay at KSR Bengaluru City Junction.
EVT001591,12228,JP,2026-01-12 19:30,23,Weather,Heavy rain reducing visibility near Jaipur Junction.
EVT001592,12275,ASR,2026-01-26 01:15,18,Passenger,Overcrowding-related boarding delay at Amritsar Junction.
EVT001593,12030,KYN,2026-02-24 11:45,23,Rolling Stock,Coach fault detected during pre-departure check at Kalyan Junction.
EVT001594,12188,ROU,2026-02-20 10:00,55,Infrastructure,Overhead equipment (OHE) tripping reported near Rourkela.
EVT001595,12127,MLDT,2026-01-13 19:15,58,Weather,"Dense fog conditions near Malda Town, speed restricted."
EVT001596,12000,GHY,2026-01-04 14:00,26,Signal,Points failure at Guwahati delaying departure.
EVT001597,12013,MDU,2026-01-01 07:15,31,Crew,Crew shortage reported at Madurai Junction link.
EVT001598,12257,MAO,2026-01-17 03:45,30,Passenger,Passenger chain-pulling incident near Madgaon Junction.
EVT001599,12305,PRYJ,2026-02-15 16:30,9,Weather,Heavy rain reducing visibility near Prayagraj Junction.
EVT001600,12205,MAS,2026-01-02 15:45,19,Signal,Automatic signalling fault reported at Chennai Central yard.
EVT001601,12159,COR,2026-02-07 09:45,46,Operational,Late running of connecting rake into Kota Junction.
EVT001602,12038,PNBE,2026-01-10 04:15,35,Operational,Crossing conflict with another service at Patna Junction.
EVT001603,12227,BZA,2026-02-11 01:15,49,Rolling Stock,Brake power certification delay at Vijayawada Junction.
EVT001604,12195,DLI,2026-01-12 16:30,32,Weather,"Dense fog conditions near Delhi Junction (Old Delhi), speed restricted."
EVT001605,12182,COR,2026-02-03 18:30,36,Rolling Stock,Coach fault detected during pre-departure check at Kota Junction.
EVT001606,12276,SBC,2026-02-27 08:15,38,Passenger,Passenger chain-pulling incident near KSR Bengaluru City Junction.
EVT001607,12299,PRYJ,2026-01-05 17:00,1,Operational,Platform congestion at Prayagraj Junction delaying berthing.
EVT001608,12119,BZA,2026-01-29 13:00,70,Infrastructure,Speed restriction due to track renewal work near Vijayawada Junction.
EVT001609,12155,DLI,2026-02-12 21:45,24,Infrastructure,Track maintenance block in effect near Delhi Junction (Old Delhi).
EVT001610,12193,ERS,2026-01-03 19:00,1,Weather,High wind speed advisory near Ernakulam Junction affecting running.
EVT001611,12168,BZA,2026-01-20 14:45,34,Rolling Stock,"Locomotive failure reported, engine change required at Vijayawada Junction."
EVT001612,12053,AII,2026-02-11 08:15,2,Weather,High wind speed advisory near Ajmer Junction affecting running.
EVT001613,12293,HYB,2026-02-11 15:30,22,Signal,Signal failure near Hyderabad Deccan causing hold-up.
EVT001614,12103,VSKP,2026-02-12 02:30,62,Rolling Stock,"Locomotive failure reported, engine change required at Visakhapatnam."
EVT001615,12081,R,2026-01-01 16:45,7,Passenger,Passenger chain-pulling incident near Raipur Junction.
EVT001616,12045,JBP,2026-02-27 13:30,41,Rolling Stock,Brake power certification delay at Jabalpur Junction.
EVT001617,12318,COR,2026-02-17 11:45,41,Crew,Loco pilot booking-on delay at Kota Junction.
EVT001618,12282,BCT,2026-01-14 17:30,48,Passenger,"Medical emergency on board, halted at Mumbai Central."
EVT001619,12021,UBL,2026-01-02 22:15,23,Weather,High wind speed advisory near Hubballi Junction affecting running.
EVT001620,12281,UMB,2026-02-26 06:30,1,Infrastructure,Overhead equipment (OHE) tripping reported near Ambala Cantt Junction.
EVT001621,12199,MAS,2026-01-19 19:45,1,Passenger,Passenger chain-pulling incident near Chennai Central.
EVT001622,12070,COR,2026-02-20 10:15,16,Weather,Heavy rain reducing visibility near Kota Junction.
EVT001623,12284,SDAH,2026-03-01 06:00,45,Operational,Crossing conflict with another service at Sealdah.
EVT001624,12008,MAO,2026-02-21 03:00,12,Operational,Crossing conflict with another service at Madgaon Junction.
EVT001625,12269,SC,2026-01-23 01:15,25,Crew,Crew shortage reported at Secunderabad Junction link.
EVT001626,12141,NGP,2026-01-12 19:15,32,Infrastructure,Speed restriction due to track renewal work near Nagpur Junction.
EVT001627,12128,MFP,2026-02-19 15:00,44,Infrastructure,Overhead equipment (OHE) tripping reported near Muzaffarpur Junction.
EVT001628,12251,R,2026-01-20 04:30,38,Operational,Platform congestion at Raipur Junction delaying berthing.
EVT001629,12234,PRYJ,2026-01-03 06:30,38,Operational,Late running of connecting rake into Prayagraj Junction.
EVT001630,12030,BBS,2026-01-04 14:45,77,Weather,"Dense fog conditions near Bhubaneswar, speed restricted."
EVT001631,12228,TVC,2026-01-13 23:30,73,Rolling Stock,Coach fault detected during pre-departure check at Thiruvananthapuram Central.
EVT001632,12196,NGP,2026-01-15 12:45,30,Signal,Signal failure near Nagpur Junction causing hold-up.
EVT001633,12111,VSKP,2026-01-18 02:30,38,Signal,Signal failure near Visakhapatnam causing hold-up.
EVT001634,12222,BSP,2026-02-09 10:45,47,Infrastructure,Overhead equipment (OHE) tripping reported near Bilaspur Junction.
EVT001635,12032,COR,2026-02-14 05:30,62,Infrastructure,Speed restriction due to track renewal work near Kota Junction.
EVT001636,12123,SC,2026-01-22 02:45,1,Infrastructure,Speed restriction due to track renewal work near Secunderabad Junction.
EVT001637,12082,GHY,2026-01-13 01:45,11,Rolling Stock,"Locomotive failure reported, engine change required at Guwahati."
EVT001638,12133,JP,2026-01-02 02:45,52,Operational,Late running of connecting rake into Jaipur Junction.
EVT001639,12130,KYN,2026-02-16 01:00,25,Signal,Points failure at Kalyan Junction delaying departure.
EVT001640,12301,NDLS,2026-02-13 16:15,33,Infrastructure,Speed restriction due to track renewal work near New Delhi.
EVT001641,12168,BZA,2026-01-29 16:15,71,Weather,High wind speed advisory near Vijayawada Junction affecting running.
EVT001642,12285,JBP,2026-01-25 10:30,7,Rolling Stock,"Locomotive failure reported, engine change required at Jabalpur Junction."
EVT001643,12068,CSMT,2026-01-19 11:00,72,Infrastructure,Track maintenance block in effect near Chhatrapati Shivaji Maharaj Terminus.
EVT001644,12231,ADI,2026-01-01 04:15,29,Weather,"Dense fog conditions near Ahmedabad Junction, speed restricted."
EVT001645,12182,JP,2026-01-12 18:15,38,Passenger,Overcrowding-related boarding delay at Jaipur Junction.
EVT001646,12192,GHY,2026-01-12 14:30,1,Rolling Stock,Coach fault detected during pre-departure check at Guwahati.
EVT001647,12174,BBS,2026-02-07 20:15,73,Passenger,Overcrowding-related boarding delay at Bhubaneswar.
EVT001648,12229,ADI,2026-01-22 07:45,33,Weather,High wind speed advisory near Ahmedabad Junction affecting running.
EVT001649,12152,JP,2026-02-07 08:45,33,Operational,Platform congestion at Jaipur Junction delaying berthing.
EVT001650,12169,GHY,2026-02-01 12:30,37,Operational,Late running of connecting rake into Guwahati.
EVT001651,12102,BBS,2026-01-01 02:45,35,Weather,"Dense fog conditions near Bhubaneswar, speed restricted."
EVT001652,12310,BPL,2026-01-04 08:15,1,Passenger,Overcrowding-related boarding delay at Bhopal Junction.
EVT001653,12276,MYS,2026-01-29 02:30,60,Operational,Late running of connecting rake into Mysuru Junction.
EVT001654,12265,MDU,2026-02-11 08:15,70,Infrastructure,Track maintenance block in effect near Madurai Junction.
EVT001655,12067,KGP,2026-02-15 07:30,19,Crew,Loco pilot booking-on delay at Kharagpur Junction.
EVT001656,12138,JP,2026-02-21 08:00,4,Passenger,Passenger chain-pulling incident near Jaipur Junction.
EVT001657,12315,HWH,2026-02-18 00:30,26,Operational,Late running of connecting rake into Howrah Junction.
EVT001658,12217,SC,2026-02-14 23:00,82,Crew,Guard unavailability causing hold at Secunderabad Junction.
EVT001659,12231,HWH,2026-02-12 05:45,45,Infrastructure,Track maintenance block in effect near Howrah Junction.
EVT001660,12157,PRYJ,2026-01-07 03:30,18,Passenger,"Medical emergency on board, halted at Prayagraj Junction."
EVT001661,12281,NDLS,2026-01-22 13:00,36,Infrastructure,Overhead equipment (OHE) tripping reported near New Delhi.
EVT001662,12080,KGP,2026-01-14 12:45,1,Weather,Heavy rain reducing visibility near Kharagpur Junction.
EVT001663,12120,BCT,2026-01-02 22:15,20,Crew,Crew shortage reported at Mumbai Central link.
EVT001664,12291,NJP,2026-01-26 13:45,30,Passenger,Overcrowding-related boarding delay at New Jalpaiguri.
EVT001665,12061,VSKP,2026-02-09 23:45,29,Signal,Automatic signalling fault reported at Visakhapatnam yard.
EVT001666,12201,MLDT,2026-01-05 16:15,1,Operational,Platform congestion at Malda Town delaying berthing.
EVT001667,12159,RTM,2026-01-17 15:45,19,Crew,Guard unavailability causing hold at Ratlam Junction.
EVT001668,12282,NGP,2026-02-13 14:00,18,Rolling Stock,Coach fault detected during pre-departure check at Nagpur Junction.
EVT001669,12226,SUR,2026-01-30 19:15,1,Weather,"Dense fog conditions near Solapur Junction, speed restricted."
EVT001670,12233,HWH,2026-01-12 06:30,26,Rolling Stock,"Locomotive failure reported, engine change required at Howrah Junction."
EVT001671,12305,NDLS,2026-01-13 09:00,73,Signal,Signal failure near New Delhi causing hold-up.
EVT001672,12226,SUR,2026-01-18 04:30,29,Infrastructure,Overhead equipment (OHE) tripping reported near Solapur Junction.
EVT001673,12049,ADI,2026-02-24 05:00,1,Rolling Stock,Brake power certification delay at Ahmedabad Junction.
EVT001674,12057,MAS,2026-01-06 14:00,101,Crew,Guard unavailability causing hold at Chennai Central.
EVT001675,12000,JP,2026-01-28 21:15,4,Passenger,Passenger chain-pulling incident near Jaipur Junction.
EVT001676,12107,SC,2026-01-26 09:30,41,Passenger,Passenger chain-pulling incident near Secunderabad Junction.
EVT001677,12283,NDLS,2026-01-21 00:15,41,Infrastructure,Overhead equipment (OHE) tripping reported near New Delhi.
EVT001678,12125,GKP,2026-02-17 23:15,20,Weather,High wind speed advisory near Gorakhpur Junction affecting running.
EVT001679,12045,BSP,2026-01-26 14:30,18,Signal,Points failure at Bilaspur Junction delaying departure.
EVT001680,12035,MAO,2026-02-12 19:30,48,Crew,Guard unavailability causing hold at Madgaon Junction.
EVT001681,12229,GHY,2026-01-01 11:45,67,Signal,Points failure at Guwahati delaying departure.
EVT001682,12064,RTM,2026-01-12 01:00,55,Crew,Loco pilot booking-on delay at Ratlam Junction.
EVT001683,12110,NDLS,2026-01-13 12:45,1,Infrastructure,Speed restriction due to track renewal work near New Delhi.
EVT001684,12261,SDAH,2026-01-15 13:45,65,Weather,Heavy rain reducing visibility near Sealdah.
EVT001685,12214,ADI,2026-02-16 09:00,18,Operational,Platform congestion at Ahmedabad Junction delaying berthing.
EVT001686,12206,SC,2026-02-18 04:45,65,Operational,Crossing conflict with another service at Secunderabad Junction.
EVT001687,12098,HWH,2026-02-20 00:30,75,Signal,Signal failure near Howrah Junction causing hold-up.
EVT001688,12297,GHY,2026-02-09 04:00,37,Signal,Signal failure near Guwahati causing hold-up.
EVT001689,12314,COR,2026-02-11 20:30,1,Signal,Signal failure near Kota Junction causing hold-up.
EVT001690,12220,HWH,2026-02-04 05:00,50,Weather,High wind speed advisory near Howrah Junction affecting running.
EVT001691,12296,AGC,2026-01-07 04:00,1,Infrastructure,Track maintenance block in effect near Agra Cantt.
EVT001692,12261,SDAH,2026-02-09 16:15,36,Weather,High wind speed advisory near Sealdah affecting running.
EVT001693,12305,BSP,2026-01-01 21:30,53,Passenger,Overcrowding-related boarding delay at Bilaspur Junction.
EVT001694,12178,MAS,2026-01-28 02:45,36,Infrastructure,Speed restriction due to track renewal work near Chennai Central.
EVT001695,12031,UMB,2026-01-16 01:30,24,Weather,High wind speed advisory near Ambala Cantt Junction affecting running.
EVT001696,12015,MAS,2026-01-21 21:30,34,Operational,Crossing conflict with another service at Chennai Central.
EVT001697,12266,SBC,2026-02-22 08:15,24,Signal,Signal failure near KSR Bengaluru City Junction causing hold-up.
EVT001698,12213,SC,2026-02-01 08:15,14,Operational,Platform congestion at Secunderabad Junction delaying berthing.
EVT001699,12052,LDH,2026-01-18 18:30,83,Operational,Late running of connecting rake into Ludhiana Junction.
EVT001700,12319,SC,2026-02-18 21:45,79,Crew,Guard unavailability causing hold at Secunderabad Junction.
EVT001701,12055,KGP,2026-02-21 21:00,81,Rolling Stock,Brake power certification delay at Kharagpur Junction.
EVT001702,12034,CSMT,2026-01-05 15:45,27,Rolling Stock,Coach fault detected during pre-departure check at Chhatrapati Shivaji Maharaj Terminus.
EVT001703,12291,NDLS,2026-02-06 09:15,42,Signal,Automatic signalling fault reported at New Delhi yard.
EVT001704,12012,MAO,2026-01-02 02:45,9,Crew,Guard unavailability causing hold at Madgaon Junction.
EVT001705,12006,NDLS,2026-02-12 06:45,1,Passenger,Passenger chain-pulling incident near New Delhi.
EVT001706,12319,ASN,2026-02-08 09:30,89,Infrastructure,Speed restriction due to track renewal work near Asansol Junction.
EVT001707,12100,PRYJ,2026-01-04 00:45,16,Infrastructure,Track maintenance block in effect near Prayagraj Junction.
EVT001708,12059,TVC,2026-01-13 20:00,19,Infrastructure,Overhead equipment (OHE) tripping reported near Thiruvananthapuram Central.
EVT001709,12112,UMB,2026-01-12 09:00,15,Passenger,"Medical emergency on board, halted at Ambala Cantt Junction."
EVT001710,12305,NDLS,2026-01-27 08:30,52,Signal,Automatic signalling fault reported at New Delhi yard.
EVT001711,12182,COR,2026-02-15 09:00,14,Weather,"Dense fog conditions near Kota Junction, speed restricted."
EVT001712,12230,ERS,2026-02-20 09:00,22,Passenger,Passenger chain-pulling incident near Ernakulam Junction.
EVT001713,12289,DLI,2026-01-16 16:00,1,Rolling Stock,Brake power certification delay at Delhi Junction (Old Delhi).
EVT001714,12202,GKP,2026-02-01 14:00,15,Passenger,Overcrowding-related boarding delay at Gorakhpur Junction.
EVT001715,12184,HWH,2026-02-13 16:45,1,Signal,Points failure at Howrah Junction delaying departure.
EVT001716,12021,UBL,2026-01-13 19:30,27,Weather,Heavy rain reducing visibility near Hubballi Junction.
EVT001717,12302,KGP,2026-02-03 18:15,40,Signal,Automatic signalling fault reported at Kharagpur Junction yard.
EVT001718,12276,MYS,2026-01-31 16:15,1,Weather,High wind speed advisory near Mysuru Junction affecting running.
EVT001719,12278,COR,2026-01-14 02:15,57,Infrastructure,Track maintenance block in effect near Kota Junction.
EVT001720,12188,TATA,2026-01-27 18:30,34,Passenger,Overcrowding-related boarding delay at Tatanagar Junction.
EVT001721,12181,NJP,2026-02-05 02:15,1,Weather,"Dense fog conditions near New Jalpaiguri, speed restricted."
EVT001722,12011,ADI,2026-02-14 20:00,38,Crew,Loco pilot booking-on delay at Ahmedabad Junction.
EVT001723,12007,COR,2026-02-15 22:45,40,Signal,Signal failure near Kota Junction causing hold-up.
EVT001724,12253,GKP,2026-01-03 08:30,35,Signal,Automatic signalling fault reported at Gorakhpur Junction yard.
EVT001725,12055,MS,2026-01-13 21:30,43,Operational,Late running of connecting rake into Chennai Egmore.
EVT001726,12053,DHN,2026-02-07 09:30,27,Operational,Platform congestion at Dhanbad Junction delaying berthing.
EVT001727,12162,KYN,2026-01-21 11:45,22,Operational,Platform congestion at Kalyan Junction delaying berthing.
EVT001728,12139,BZA,2026-01-10 21:45,6,Signal,Signal failure near Vijayawada Junction causing hold-up.
EVT001729,12032,RTM,2026-01-08 10:15,1,Passenger,Overcrowding-related boarding delay at Ratlam Junction.
EVT001730,12130,BBS,2026-01-28 03:00,6,Crew,Crew shortage reported at Bhubaneswar link.
EVT001731,12157,BSP,2026-01-03 19:45,52,Operational,Late running of connecting rake into Bilaspur Junction.
EVT001732,12175,JP,2026-03-01 21:45,64,Passenger,Passenger chain-pulling incident near Jaipur Junction.
EVT001733,12067,DURG,2026-02-06 09:00,49,Rolling Stock,Brake power certification delay at Durg Junction.
EVT001734,12030,CTC,2026-01-11 22:15,1,Signal,Signal failure near Cuttack Junction causing hold-up.
EVT001735,12011,MLDT,2026-01-24 20:45,8,Rolling Stock,Brake power certification delay at Malda Town.
EVT001736,12237,ROU,2026-01-15 17:15,18,Infrastructure,Overhead equipment (OHE) tripping reported near Rourkela.
EVT001737,12258,BBS,2026-02-27 05:15,31,Signal,Points failure at Bhubaneswar delaying departure.
EVT001738,12011,ADI,2026-02-12 19:00,50,Crew,Loco pilot booking-on delay at Ahmedabad Junction.
EVT001739,12102,KYN,2026-02-11 00:30,50,Weather,High wind speed advisory near Kalyan Junction affecting running.
EVT001740,12314,COR,2026-02-18 23:30,4,Signal,Signal failure near Kota Junction causing hold-up.
EVT001741,12268,DLI,2026-01-22 14:45,5,Signal,Signal failure near Delhi Junction (Old Delhi) causing hold-up.
EVT001742,12043,VSKP,2026-02-01 05:45,23,Weather,"Dense fog conditions near Visakhapatnam, speed restricted."
EVT001743,12062,NDLS,2026-02-28 11:45,60,Signal,Points failure at New Delhi delaying departure.
EVT001744,12260,KYN,2026-02-26 02:30,17,Passenger,"Medical emergency on board, halted at Kalyan Junction."
EVT001745,12172,VSKP,2026-02-20 11:15,1,Crew,Guard unavailability causing hold at Visakhapatnam.
EVT001746,12217,HYB,2026-01-21 04:15,8,Infrastructure,Track maintenance block in effect near Hyderabad Deccan.
EVT001747,12247,NDLS,2026-02-03 15:15,23,Signal,Points failure at New Delhi delaying departure.
EVT001748,12273,JHS,2026-01-02 04:00,48,Weather,High wind speed advisory near Jhansi Junction affecting running.
EVT001749,12234,NDLS,2026-01-16 23:30,35,Rolling Stock,"Locomotive failure reported, engine change required at New Delhi."
EVT001750,12016,ADI,2026-02-23 15:00,1,Weather,Heavy rain reducing visibility near Ahmedabad Junction.
EVT001751,12054,COR,2026-02-16 11:15,31,Rolling Stock,"Locomotive failure reported, engine change required at Kota Junction."
EVT001752,12111,MAS,2026-01-18 02:15,5,Operational,Platform congestion at Chennai Central delaying berthing.
EVT001753,12007,BPL,2026-02-23 09:15,54,Signal,Signal failure near Bhopal Junction causing hold-up.
EVT001754,12144,MAS,2026-01-31 16:00,40,Rolling Stock,Coach fault detected during pre-departure check at Chennai Central.
EVT001755,12171,PRYJ,2026-01-31 15:00,38,Operational,Late running of connecting rake into Prayagraj Junction.
EVT001756,12064,NDLS,2026-01-20 18:45,40,Signal,Automatic signalling fault reported at New Delhi yard.
EVT001757,12318,COR,2026-02-03 14:15,1,Weather,"Dense fog conditions near Kota Junction, speed restricted."
EVT001758,12206,KGP,2026-02-11 09:00,3,Crew,Crew shortage reported at Kharagpur Junction link.
EVT001759,12108,MAS,2026-01-19 19:45,4,Signal,Automatic signalling fault reported at Chennai Central yard.
EVT001760,12085,MLDT,2026-01-26 06:15,38,Rolling Stock,Brake power certification delay at Malda Town.
EVT001761,12210,PUNE,2026-01-07 19:30,41,Signal,Automatic signalling fault reported at Pune Junction yard.
EVT001762,12160,BSP,2026-02-19 11:15,33,Weather,Heavy rain reducing visibility near Bilaspur Junction.
EVT001763,12023,ASR,2026-01-31 00:30,62,Signal,Signal failure near Amritsar Junction causing hold-up.
EVT001764,12065,NDLS,2026-02-06 23:15,1,Rolling Stock,"Locomotive failure reported, engine change required at New Delhi."
EVT001765,12070,COR,2026-01-14 03:45,48,Passenger,Passenger chain-pulling incident near Kota Junction.
EVT001766,12220,KGP,2026-02-09 21:45,40,Weather,"Dense fog conditions near Kharagpur Junction, speed restricted."
EVT001767,12157,BSP,2026-01-08 03:30,23,Operational,Platform congestion at Bilaspur Junction delaying berthing.
EVT001768,12056,JP,2026-02-04 14:15,26,Rolling Stock,"Locomotive failure reported, engine change required at Jaipur Junction."
EVT001769,12298,SC,2026-01-24 16:45,7,Operational,Platform congestion at Secunderabad Junction delaying berthing.
EVT001770,12093,ROU,2026-01-14 12:15,30,Infrastructure,Speed restriction due to track renewal work near Rourkela.
EVT001771,12154,NGP,2026-02-15 12:15,1,Passenger,"Medical emergency on board, halted at Nagpur Junction."
EVT001772,12035,PUNE,2026-02-11 17:45,13,Infrastructure,Overhead equipment (OHE) tripping reported near Pune Junction.
EVT001773,12013,RTM,2026-02-10 02:00,6,Weather,"Dense fog conditions near Ratlam Junction, speed restricted."
EVT001774,12270,PRYJ,2026-01-18 01:00,60,Weather,Heavy rain reducing visibility near Prayagraj Junction.
EVT001775,12249,KGP,2026-01-18 09:15,10,Infrastructure,Overhead equipment (OHE) tripping reported near Kharagpur Junction.
EVT001776,12311,TATA,2026-01-25 13:00,28,Infrastructure,Overhead equipment (OHE) tripping reported near Tatanagar Junction.
EVT001777,12158,MAS,2026-01-08 03:00,39,Passenger,"Medical emergency on board, halted at Chennai Central."
EVT001778,12034,CSMT,2026-02-01 22:45,1,Signal,Points failure at Chhatrapati Shivaji Maharaj Terminus delaying departure.
EVT001779,12112,NDLS,2026-01-29 16:30,1,Passenger,"Medical emergency on board, halted at New Delhi."
EVT001780,12064,HWH,2026-02-14 07:00,37,Operational,Late running of connecting rake into Howrah Junction.
EVT001781,12264,KYN,2026-02-01 10:30,8,Passenger,Passenger chain-pulling incident near Kalyan Junction.
EVT001782,12109,ROU,2026-02-10 20:30,27,Rolling Stock,Coach fault detected during pre-departure check at Rourkela.
EVT001783,12224,JU,2026-02-08 23:00,44,Rolling Stock,Coach fault detected during pre-departure check at Jodhpur Junction.
EVT001784,12226,BSL,2026-01-20 20:30,1,Signal,Automatic signalling fault reported at Bhusaval Junction yard.
EVT001785,12107,MYS,2026-02-19 08:00,44,Operational,Platform congestion at Mysuru Junction delaying berthing.
EVT001786,12241,BCT,2026-02-07 05:00,37,Operational,Late running of connecting rake into Mumbai Central.
EVT001787,12093,HWH,2026-01-09 08:00,12,Weather,"Dense fog conditions near Howrah Junction, speed restricted."
EVT001788,12187,BSP,2026-02-28 20:15,51,Passenger,"Medical emergency on board, halted at Bilaspur Junction."
EVT001789,12053,COR,2026-01-21 04:45,14,Rolling Stock,Coach fault detected during pre-departure check at Kota Junction.
EVT001790,12079,MAS,2026-01-18 06:45,12,Operational,Crossing conflict with another service at Chennai Central.
EVT001791,12079,ERS,2026-01-09 01:30,31,Weather,Heavy rain reducing visibility near Ernakulam Junction.
EVT001792,12001,KYN,2026-02-06 12:00,24,Infrastructure,Overhead equipment (OHE) tripping reported near Kalyan Junction.
EVT001793,12082,MLDT,2026-02-26 21:00,16,Rolling Stock,Brake power certification delay at Malda Town.
EVT001794,12142,KGP,2026-01-04 19:45,1,Rolling Stock,Coach fault detected during pre-departure check at Kharagpur Junction.
EVT001795,12118,JP,2026-01-11 03:30,61,Signal,Automatic signalling fault reported at Jaipur Junction yard.
EVT001796,12318,KYN,2026-01-04 11:00,36,Passenger,"Medical emergency on board, halted at Kalyan Junction."
EVT001797,12177,NJP,2026-01-08 21:30,1,Rolling Stock,Brake power certification delay at New Jalpaiguri.
EVT001798,12266,BPL,2026-01-23 04:15,7,Infrastructure,Overhead equipment (OHE) tripping reported near Bhopal Junction.
EVT001799,12128,MFP,2026-01-02 01:15,78,Operational,Platform congestion at Muzaffarpur Junction delaying berthing.
EVT001800,12275,PURI,2026-01-26 23:00,53,Rolling Stock,Coach fault detected during pre-departure check at Puri.
EVT001801,12029,GHY,2026-01-07 11:00,67,Passenger,Overcrowding-related boarding delay at Guwahati.
EVT001802,12238,LDH,2026-01-25 15:15,77,Signal,Points failure at Ludhiana Junction delaying departure.
EVT001803,12208,ASN,2026-01-18 21:15,13,Rolling Stock,Coach fault detected during pre-departure check at Asansol Junction.
EVT001804,12091,PRYJ,2026-02-22 01:30,37,Signal,Signal failure near Prayagraj Junction causing hold-up.
EVT001805,12040,KYN,2026-01-11 04:45,55,Weather,"Dense fog conditions near Kalyan Junction, speed restricted."
EVT001806,12316,MAS,2026-02-25 10:15,18,Operational,Late running of connecting rake into Chennai Central.
EVT001807,12204,KGP,2026-01-03 02:45,50,Operational,Crossing conflict with another service at Kharagpur Junction.
EVT001808,12241,BBS,2026-01-29 06:00,64,Operational,Platform congestion at Bhubaneswar delaying berthing.
EVT001809,12053,AII,2026-02-13 18:15,52,Passenger,Passenger chain-pulling incident near Ajmer Junction.
EVT001810,12271,KGP,2026-01-11 04:15,34,Rolling Stock,Coach fault detected during pre-departure check at Kharagpur Junction.
EVT001811,12252,SBC,2026-01-02 12:15,23,Signal,Points failure at KSR Bengaluru City Junction delaying departure.
EVT001812,12095,JP,2026-02-13 19:45,59,Infrastructure,Speed restriction due to track renewal work near Jaipur Junction.
EVT001813,12128,PNBE,2026-02-15 05:45,61,Signal,Signal failure near Patna Junction causing hold-up.
EVT001814,12202,NDLS,2026-01-21 20:30,1,Weather,Heavy rain reducing visibility near New Delhi.
EVT001815,12239,DLI,2026-01-04 04:00,12,Infrastructure,Overhead equipment (OHE) tripping reported near Delhi Junction (Old Delhi).
EVT001816,12195,DLI,2026-02-09 23:00,2,Weather,"Dense fog conditions near Delhi Junction (Old Delhi), speed restricted."
EVT001817,12242,PRYJ,2026-02-24 13:30,91,Rolling Stock,Coach fault detected during pre-departure check at Prayagraj Junction.
EVT001818,12150,R,2026-01-03 08:15,50,Crew,Loco pilot booking-on delay at Raipur Junction.
EVT001819,12238,DLI,2026-03-01 01:30,10,Signal,Signal failure near Delhi Junction (Old Delhi) causing hold-up.
EVT001820,12105,PURI,2026-02-22 05:15,12,Rolling Stock,Coach fault detected during pre-departure check at Puri.
EVT001821,12095,JP,2026-02-21 12:00,8,Infrastructure,Overhead equipment (OHE) tripping reported near Jaipur Junction.
EVT001822,12275,BAM,2026-01-23 02:00,1,Operational,Late running of connecting rake into Brahmapur.
EVT001823,12303,ASN,2026-01-16 05:15,19,Operational,Late running of connecting rake into Asansol Junction.
EVT001824,12206,SBC,2026-02-18 03:00,52,Weather,"Dense fog conditions near KSR Bengaluru City Junction, speed restricted."
EVT001825,12260,KYN,2026-02-13 14:15,7,Signal,Points failure at Kalyan Junction delaying departure.
EVT001826,12039,MYS,2026-01-09 04:15,62,Crew,Guard unavailability causing hold at Mysuru Junction.
EVT001827,12072,GHY,2026-01-29 10:45,20,Rolling Stock,Coach fault detected during pre-departure check at Guwahati.
EVT001828,12044,PRYJ,2026-02-13 15:15,27,Rolling Stock,"Locomotive failure reported, engine change required at Prayagraj Junction."
EVT001829,12132,SC,2026-02-22 16:15,10,Operational,Crossing conflict with another service at Secunderabad Junction.
EVT001830,12221,PNBE,2026-02-05 06:15,52,Crew,Guard unavailability causing hold at Patna Junction.
EVT001831,12144,MAS,2026-01-31 16:15,25,Crew,Loco pilot booking-on delay at Chennai Central.
EVT001832,12057,BZA,2026-02-06 05:45,1,Passenger,"Medical emergency on board, halted at Vijayawada Junction."
EVT001833,12267,GHY,2026-01-02 15:30,1,Rolling Stock,Coach fault detected during pre-departure check at Guwahati.
EVT001834,12171,PNBE,2026-01-04 05:15,26,Signal,Automatic signalling fault reported at Patna Junction yard.
EVT001835,12186,NJP,2026-01-02 08:45,16,Weather,Heavy rain reducing visibility near New Jalpaiguri.
EVT001836,12316,HWH,2026-01-16 07:45,1,Crew,Crew shortage reported at Howrah Junction link.
EVT001837,12135,BSP,2026-01-29 05:45,36,Weather,High wind speed advisory near Bilaspur Junction affecting running.
EVT001838,12116,BSP,2026-01-10 21:45,57,Signal,Points failure at Bilaspur Junction delaying departure.
EVT001839,12257,MAO,2026-02-01 13:15,12,Infrastructure,Speed restriction due to track renewal work near Madgaon Junction.
EVT001840,12126,NGP,2026-01-16 12:15,21,Weather,Heavy rain reducing visibility near Nagpur Junction.
EVT001841,12158,MAS,2026-01-06 19:30,55,Weather,High wind speed advisory near Chennai Central affecting running.
EVT001842,12257,SBC,2026-02-12 13:00,79,Weather,High wind speed advisory near KSR Bengaluru City Junction affecting running.
EVT001843,12256,DLI,2026-02-08 17:00,1,Crew,Loco pilot booking-on delay at Delhi Junction (Old Delhi).
EVT001844,12009,PRYJ,2026-01-26 23:15,28,Infrastructure,Overhead equipment (OHE) tripping reported near Prayagraj Junction.
EVT001845,12075,COR,2026-01-31 11:30,23,Passenger,Passenger chain-pulling incident near Kota Junction.
EVT001846,12199,SBC,2026-01-09 22:45,41,Infrastructure,Track maintenance block in effect near KSR Bengaluru City Junction.
EVT001847,12094,JP,2026-01-16 04:30,56,Signal,Signal failure near Jaipur Junction causing hold-up.
EVT001848,12049,ST,2026-02-07 06:15,1,Weather,High wind speed advisory near Surat affecting running.
EVT001849,12226,SUR,2026-01-22 22:00,61,Rolling Stock,Coach fault detected during pre-departure check at Solapur Junction.
EVT001850,12002,BSP,2026-02-19 09:30,48,Rolling Stock,"Locomotive failure reported, engine change required at Bilaspur Junction."
EVT001851,12115,NGP,2026-02-17 10:45,1,Crew,Loco pilot booking-on delay at Nagpur Junction.
EVT001852,12076,SBC,2026-01-26 23:30,47,Crew,Loco pilot booking-on delay at KSR Bengaluru City Junction.
EVT001853,12033,SBC,2026-01-09 21:00,77,Signal,Automatic signalling fault reported at KSR Bengaluru City Junction yard.
EVT001854,12079,DURG,2026-01-08 18:00,58,Weather,High wind speed advisory near Durg Junction affecting running.
EVT001855,12134,NDLS,2026-01-27 06:45,24,Infrastructure,Speed restriction due to track renewal work near New Delhi.
EVT001856,12260,AGC,2026-02-20 02:45,36,Operational,Crossing conflict with another service at Agra Cantt.
EVT001857,12215,BPL,2026-02-18 18:00,8,Operational,Late running of connecting rake into Bhopal Junction.
EVT001858,12194,MFP,2026-01-29 12:00,57,Rolling Stock,Brake power certification delay at Muzaffarpur Junction.
EVT001859,12094,COR,2026-02-15 18:30,26,Infrastructure,Speed restriction due to track renewal work near Kota Junction.
EVT001860,12053,AII,2026-01-29 21:00,51,Infrastructure,Speed restriction due to track renewal work near Ajmer Junction.
EVT001861,12137,SBC,2026-02-08 03:45,29,Operational,Platform congestion at KSR Bengaluru City Junction delaying berthing.
EVT001862,12220,MAS,2026-01-30 15:30,44,Signal,Points failure at Chennai Central delaying departure.
EVT001863,12139,CTC,2026-01-20 04:00,43,Infrastructure,Speed restriction due to track renewal work near Cuttack Junction.
EVT001864,12302,KGP,2026-02-02 02:00,39,Rolling Stock,"Locomotive failure reported, engine change required at Kharagpur Junction."
EVT001865,12131,ROU,2026-02-12 05:30,18,Infrastructure,Speed restriction due to track renewal work near Rourkela.
EVT001866,12121,KYN,2026-01-01 16:15,33,Crew,Crew shortage reported at Kalyan Junction link.
EVT001867,12086,VSKP,2026-01-21 02:15,24,Signal,Automatic signalling fault reported at Visakhapatnam yard.
EVT001868,12218,MAO,2026-02-13 22:30,46,Infrastructure,Track maintenance block in effect near Madgaon Junction.
EVT001869,12033,SC,2026-02-10 02:45,63,Rolling Stock,"Locomotive failure reported, engine change required at Secunderabad Junction."
EVT001870,12100,SDAH,2026-01-29 20:00,47,Rolling Stock,Brake power certification delay at Sealdah.
EVT001871,12183,GKP,2026-02-10 20:15,48,Infrastructure,Overhead equipment (OHE) tripping reported near Gorakhpur Junction.
EVT001872,12154,DLI,2026-01-27 17:15,28,Crew,Guard unavailability causing hold at Delhi Junction (Old Delhi).
EVT001873,12075,TVC,2026-02-11 18:30,1,Rolling Stock,Coach fault detected during pre-departure check at Thiruvananthapuram Central.
EVT001874,12282,CTC,2026-03-01 16:30,22,Signal,Automatic signalling fault reported at Cuttack Junction yard.
EVT001875,12235,NGP,2026-01-07 18:00,1,Weather,"Dense fog conditions near Nagpur Junction, speed restricted."
EVT001876,12090,PNBE,2026-02-08 19:15,60,Operational,Platform congestion at Patna Junction delaying berthing.
EVT001877,12154,NGP,2026-01-14 16:45,20,Infrastructure,Track maintenance block in effect near Nagpur Junction.
EVT001878,12114,BPL,2026-01-19 12:00,35,Rolling Stock,Coach fault detected during pre-departure check at Bhopal Junction.
EVT001879,12051,GHY,2026-01-29 21:00,22,Passenger,"Medical emergency on board, halted at Guwahati."
EVT001880,12121,KYN,2026-01-09 15:30,46,Rolling Stock,Coach fault detected during pre-departure check at Kalyan Junction.
EVT001881,12002,BSP,2026-01-16 02:15,50,Weather,Heavy rain reducing visibility near Bilaspur Junction.
EVT001882,12232,BZA,2026-02-19 19:30,17,Crew,Crew shortage reported at Vijayawada Junction link.
EVT001883,12198,PNBE,2026-01-29 04:00,51,Passenger,"Medical emergency on board, halted at Patna Junction."
EVT001884,12045,JBP,2026-02-09 06:00,55,Rolling Stock,Brake power certification delay at Jabalpur Junction.
EVT001885,12054,COR,2026-02-10 14:30,1,Rolling Stock,Brake power certification delay at Kota Junction.
EVT001886,12285,JBP,2026-02-01 08:00,49,Weather,Heavy rain reducing visibility near Jabalpur Junction.
EVT001887,12311,KGP,2026-01-08 14:30,17,Signal,Automatic signalling fault reported at Kharagpur Junction yard.
EVT001888,12000,ADI,2026-01-07 13:00,44,Rolling Stock,Coach fault detected during pre-departure check at Ahmedabad Junction.
EVT001889,12119,BZA,2026-01-15 19:45,46,Passenger,Passenger chain-pulling incident near Vijayawada Junction.
EVT001890,12193,KGP,2026-01-23 14:45,18,Rolling Stock,Brake power certification delay at Kharagpur Junction.
EVT001891,12029,ADI,2026-02-12 01:30,28,Infrastructure,Overhead equipment (OHE) tripping reported near Ahmedabad Junction.
EVT001892,12100,SDAH,2026-01-04 06:30,53,Weather,High wind speed advisory near Sealdah affecting running.
EVT001893,12164,NGP,2026-01-14 04:45,13,Crew,Loco pilot booking-on delay at Nagpur Junction.
EVT001894,12262,NDLS,2026-02-25 09:15,27,Operational,Crossing conflict with another service at New Delhi.
EVT001895,12274,BBS,2026-02-25 19:45,8,Weather,"Dense fog conditions near Bhubaneswar, speed restricted."
EVT001896,12209,SUR,2026-02-02 12:15,54,Crew,Crew shortage reported at Solapur Junction link.
EVT001897,12171,PUNE,2026-02-14 13:15,47,Weather,"Dense fog conditions near Pune Junction, speed restricted."
EVT001898,12207,SDAH,2026-01-07 02:45,28,Crew,Crew shortage reported at Sealdah link.
EVT001899,12223,BZA,2026-02-18 10:30,52,Operational,Platform congestion at Vijayawada Junction delaying berthing.
EVT001900,12310,BZA,2026-02-21 01:45,25,Operational,Late running of connecting rake into Vijayawada Junction.
EVT001901,12290,KGP,2026-02-08 08:45,1,Weather,Heavy rain reducing visibility near Kharagpur Junction.
EVT001902,12031,UMB,2026-01-30 22:15,29,Crew,Guard unavailability causing hold at Ambala Cantt Junction.
EVT001903,12170,CSMT,2026-01-14 22:30,25,Weather,Heavy rain reducing visibility near Chhatrapati Shivaji Maharaj Terminus.
EVT001904,12043,BCT,2026-02-15 03:30,56,Operational,Platform congestion at Mumbai Central delaying berthing.
EVT001905,12036,KGP,2026-01-03 18:45,17,Infrastructure,Overhead equipment (OHE) tripping reported near Kharagpur Junction.
EVT001906,12199,MAS,2026-01-10 17:30,1,Infrastructure,Overhead equipment (OHE) tripping reported near Chennai Central.
EVT001907,12133,COR,2026-02-17 21:45,52,Infrastructure,Speed restriction due to track renewal work near Kota Junction.
EVT001908,12238,KYN,2026-01-13 11:30,22,Passenger,"Medical emergency on board, halted at Kalyan Junction."
EVT001909,12220,HWH,2026-01-29 21:45,35,Operational,Late running of connecting rake into Howrah Junction.
EVT001910,12311,TATA,2026-02-12 20:00,12,Infrastructure,Speed restriction due to track renewal work near Tatanagar Junction.
EVT001911,12014,CTC,2026-02-28 03:30,2,Weather,Heavy rain reducing visibility near Cuttack Junction.
EVT001912,12249,MAS,2026-01-15 08:45,66,Passenger,Passenger chain-pulling incident near Chennai Central.
EVT001913,12185,BBS,2026-02-01 01:15,60,Signal,Points failure at Bhubaneswar delaying departure.
EVT001914,12077,NGP,2026-01-10 10:00,57,Signal,Points failure at Nagpur Junction delaying departure.
EVT001915,12107,SBC,2026-01-03 02:00,46,Signal,Automatic signalling fault reported at KSR Bengaluru City Junction yard.
EVT001916,12225,VSKP,2026-02-23 14:15,64,Operational,Late running of connecting rake into Visakhapatnam.
EVT001917,12292,SC,2026-01-16 15:15,52,Weather,High wind speed advisory near Secunderabad Junction affecting running.
EVT001918,12316,MS,2026-02-28 15:30,29,Infrastructure,Overhead equipment (OHE) tripping reported near Chennai Egmore.
EVT001919,12149,CSMT,2026-02-22 12:15,10,Rolling Stock,"Locomotive failure reported, engine change required at Chhatrapati Shivaji Maharaj Terminus."
EVT001920,12107,MYS,2026-02-19 20:30,24,Operational,Late running of connecting rake into Mysuru Junction.
EVT001921,12212,PRYJ,2026-01-19 17:15,44,Signal,Signal failure near Prayagraj Junction causing hold-up.
EVT001922,12286,JP,2026-01-14 01:00,21,Infrastructure,Overhead equipment (OHE) tripping reported near Jaipur Junction.
EVT001923,12025,AII,2026-02-17 08:00,39,Weather,Heavy rain reducing visibility near Ajmer Junction.
EVT001924,12187,PRYJ,2026-01-16 09:00,1,Weather,"Dense fog conditions near Prayagraj Junction, speed restricted."
EVT001925,12247,MAS,2026-02-15 21:15,46,Operational,Late running of connecting rake into Chennai Central.
EVT001926,12021,UBL,2026-02-28 14:00,27,Weather,High wind speed advisory near Hubballi Junction affecting running.
EVT001927,12077,CTC,2026-01-06 12:00,8,Operational,Crossing conflict with another service at Cuttack Junction.
EVT001928,12096,SBC,2026-01-15 02:45,8,Signal,Automatic signalling fault reported at KSR Bengaluru City Junction yard.
EVT001929,12266,MYS,2026-02-04 01:15,5,Weather,Heavy rain reducing visibility near Mysuru Junction.
EVT001930,12277,NGP,2026-01-26 18:45,1,Infrastructure,Track maintenance block in effect near Nagpur Junction.
EVT001931,12071,AII,2026-02-26 10:15,37,Passenger,"Medical emergency on board, halted at Ajmer Junction."
EVT001932,12216,BPL,2026-01-05 02:15,3,Infrastructure,Overhead equipment (OHE) tripping reported near Bhopal Junction.
EVT001933,12149,BBS,2026-01-16 18:45,19,Passenger,Passenger chain-pulling incident near Bhubaneswar.
EVT001934,12156,COR,2026-01-11 07:30,1,Signal,Points failure at Kota Junction delaying departure.
EVT001935,12073,PURI,2026-01-05 08:30,7,Infrastructure,Track maintenance block in effect near Puri.
EVT001936,12310,BZA,2026-01-02 20:15,33,Weather,High wind speed advisory near Vijayawada Junction affecting running.
EVT001937,12186,ADI,2026-01-16 19:30,5,Rolling Stock,"Locomotive failure reported, engine change required at Ahmedabad Junction."
EVT001938,12295,KGP,2026-02-26 02:00,26,Weather,"Dense fog conditions near Kharagpur Junction, speed restricted."
EVT001939,12246,BSP,2026-01-25 10:15,43,Infrastructure,Overhead equipment (OHE) tripping reported near Bilaspur Junction.
EVT001940,12276,SBC,2026-01-12 22:30,22,Signal,Points failure at KSR Bengaluru City Junction delaying departure.
EVT001941,12199,MAS,2026-02-05 11:30,16,Crew,Guard unavailability causing hold at Chennai Central.
EVT001942,12169,GHY,2026-01-05 00:00,23,Infrastructure,Speed restriction due to track renewal work near Guwahati.
EVT001943,12186,GHY,2026-01-20 15:15,34,Infrastructure,Track maintenance block in effect near Guwahati.
EVT001944,12228,JP,2026-01-07 23:45,1,Signal,Signal failure near Jaipur Junction causing hold-up.
EVT001945,12096,MYS,2026-01-30 10:00,59,Signal,Signal failure near Mysuru Junction causing hold-up.
EVT001946,12176,BPL,2026-02-27 20:15,51,Infrastructure,Speed restriction due to track renewal work near Bhopal Junction.
EVT001947,12038,ERS,2026-01-18 03:00,30,Operational,Platform congestion at Ernakulam Junction delaying berthing.
EVT001948,12249,KGP,2026-01-05 01:15,32,Crew,Guard unavailability causing hold at Kharagpur Junction.
EVT001949,12232,BZA,2026-01-23 03:15,41,Crew,Loco pilot booking-on delay at Vijayawada Junction.
EVT001950,12109,BSP,2026-01-04 15:45,5,Signal,Points failure at Bilaspur Junction delaying departure.
EVT001951,12108,BCT,2026-01-07 14:45,34,Weather,"Dense fog conditions near Mumbai Central, speed restricted."
EVT001952,12223,HYB,2026-02-09 05:00,15,Crew,Crew shortage reported at Hyderabad Deccan link.
EVT001953,12250,MAS,2026-01-20 11:30,43,Rolling Stock,Brake power certification delay at Chennai Central.
EVT001954,12090,KGP,2026-01-24 12:30,39,Weather,"Dense fog conditions near Kharagpur Junction, speed restricted."
EVT001955,12081,R,2026-01-21 19:00,57,Crew,Guard unavailability causing hold at Raipur Junction.
EVT001956,12290,NJP,2026-01-05 09:45,81,Operational,Crossing conflict with another service at New Jalpaiguri.
EVT001957,12106,MAS,2026-02-18 17:15,53,Rolling Stock,Coach fault detected during pre-departure check at Chennai Central.
EVT001958,12213,BCT,2026-02-02 11:45,1,Infrastructure,Overhead equipment (OHE) tripping reported near Mumbai Central.
EVT001959,12254,BBS,2026-02-13 15:45,6,Rolling Stock,Brake power certification delay at Bhubaneswar.
EVT001960,12002,BSP,2026-01-27 11:00,58,Signal,Automatic signalling fault reported at Bilaspur Junction yard.
EVT001961,12237,BSP,2026-02-25 10:00,1,Weather,Heavy rain reducing visibility near Bilaspur Junction.
EVT001962,12191,TVC,2026-01-21 19:15,2,Weather,"Dense fog conditions near Thiruvananthapuram Central, speed restricted."
EVT001963,12211,TVC,2026-01-17 12:45,24,Rolling Stock,Brake power certification delay at Thiruvananthapuram Central.
EVT001964,12182,COR,2026-02-04 01:30,43,Passenger,Overcrowding-related boarding delay at Kota Junction.
EVT001965,12203,PRYJ,2026-01-15 16:15,17,Passenger,Overcrowding-related boarding delay at Prayagraj Junction.
EVT001966,12190,COR,2026-01-07 13:15,1,Weather,"Dense fog conditions near Kota Junction, speed restricted."
EVT001967,12169,GHY,2026-02-10 19:15,19,Operational,Platform congestion at Guwahati delaying berthing.
EVT001968,12171,PRYJ,2026-02-19 07:00,19,Signal,Signal failure near Prayagraj Junction causing hold-up.
EVT001969,12297,JBP,2026-01-25 04:45,22,Weather,"Dense fog conditions near Jabalpur Junction, speed restricted."
EVT001970,12124,VSKP,2026-01-07 09:45,68,Operational,Crossing conflict with another service at Visakhapatnam.
EVT001971,12302,KGP,2026-01-09 21:30,61,Rolling Stock,Coach fault detected during pre-departure check at Kharagpur Junction.
EVT001972,12189,NDLS,2026-02-08 07:30,50,Passenger,Passenger chain-pulling incident near New Delhi.
EVT001973,12116,ROU,2026-02-10 19:00,12,Crew,Loco pilot booking-on delay at Rourkela.
EVT001974,12302,DHN,2026-01-23 20:30,2,Infrastructure,Track maintenance block in effect near Dhanbad Junction.
EVT001975,12068,CSMT,2026-01-09 00:00,17,Weather,Heavy rain reducing visibility near Chhatrapati Shivaji Maharaj Terminus.
EVT001976,12280,NDLS,2026-01-20 18:45,11,Crew,Crew shortage reported at New Delhi link.
EVT001977,12032,UBL,2026-01-14 13:00,50,Signal,Points failure at Hubballi Junction delaying departure.
EVT001978,12277,ASR,2026-03-01 01:30,13,Weather,High wind speed advisory near Amritsar Junction affecting running.
EVT001979,12001,MAO,2026-01-25 20:00,30,Weather,High wind speed advisory near Madgaon Junction affecting running.
EVT001980,12231,MLDT,2026-01-18 01:00,1,Weather,High wind speed advisory near Malda Town affecting running.
EVT001981,12185,BBS,2026-02-28 21:30,32,Crew,Loco pilot booking-on delay at Bhubaneswar.
EVT001982,12307,BSP,2026-01-06 00:30,13,Infrastructure,Track maintenance block in effect near Bilaspur Junction.
EVT001983,12008,MAO,2026-02-02 05:45,27,Crew,Loco pilot booking-on delay at Madgaon Junction.
EVT001984,12138,ERS,2026-01-30 17:45,40,Signal,Signal failure near Ernakulam Junction causing hold-up.
EVT001985,12166,SUR,2026-02-26 03:00,21,Signal,Points failure at Solapur Junction delaying departure.
EVT001986,12104,KGP,2026-01-29 14:00,39,Rolling Stock,Coach fault detected during pre-departure check at Kharagpur Junction.
EVT001987,12296,AGC,2026-01-26 02:45,78,Weather,High wind speed advisory near Agra Cantt affecting running.
EVT001988,12141,DLI,2026-01-24 03:15,39,Infrastructure,Speed restriction due to track renewal work near Delhi Junction (Old Delhi).
EVT001989,12134,PURI,2026-01-21 11:30,43,Operational,Late running of connecting rake into Puri.
EVT001990,12081,R,2026-01-04 22:45,76,Rolling Stock,Brake power certification delay at Raipur Junction.
EVT001991,12317,VSKP,2026-02-12 03:30,52,Signal,Automatic signalling fault reported at Visakhapatnam yard.
EVT001992,12288,ST,2026-01-17 19:00,55,Weather,"Dense fog conditions near Surat, speed restricted."
EVT001993,12010,BSL,2026-01-02 00:15,41,Crew,Guard unavailability causing hold at Bhusaval Junction.
EVT001994,12115,BCT,2026-02-12 04:00,53,Passenger,Overcrowding-related boarding delay at Mumbai Central.
EVT001995,12132,TVC,2026-01-08 10:45,23,Operational,Platform congestion at Thiruvananthapuram Central delaying berthing.
EVT001996,12133,COR,2026-01-13 17:30,6,Infrastructure,Speed restriction due to track renewal work near Kota Junction.
EVT001997,12216,LDH,2026-02-14 23:30,1,Infrastructure,Speed restriction due to track renewal work near Ludhiana Junction.
EVT001998,12043,CBE,2026-02-17 15:45,68,Weather,Heavy rain reducing visibility near Coimbatore Junction.
EVT001999,12057,KGP,2026-02-24 22:00,4,Crew,Crew shortage reported at Kharagpur Junction link.
EVT002000,12118,TVC,2026-02-09 10:15,3,Passenger,Passenger chain-pulling incident near Thiruvananthapuram Central.
EVT002001,12103,BZA,2026-02-27 14:00,35,Infrastructure,Speed restriction due to track renewal work near Vijayawada Junction.
EVT002002,12238,DLI,2026-01-07 04:45,38,Passenger,Overcrowding-related boarding delay at Delhi Junction (Old Delhi).
EVT002003,12248,TATA,2026-02-01 19:00,32,Weather,High wind speed advisory near Tatanagar Junction affecting running.
EVT002004,12035,UBL,2026-01-12 05:00,71,Weather,High wind speed advisory near Hubballi Junction affecting running.
EVT002005,12072,ADI,2026-02-12 22:15,19,Operational,Crossing conflict with another service at Ahmedabad Junction.
EVT002006,12057,BZA,2026-02-19 17:00,58,Crew,Loco pilot booking-on delay at Vijayawada Junction.
EVT002007,12130,BBS,2026-02-21 09:15,62,Rolling Stock,Brake power certification delay at Bhubaneswar.
EVT002008,12174,BBS,2026-01-01 22:15,57,Crew,Guard unavailability causing hold at Bhubaneswar.
EVT002009,12150,R,2026-02-15 03:15,32,Signal,Points failure at Raipur Junction delaying departure.
EVT002010,12048,ADI,2026-02-13 08:15,1,Crew,Loco pilot booking-on delay at Ahmedabad Junction.
EVT002011,12017,LDH,2026-02-17 21:45,69,Operational,Late running of connecting rake into Ludhiana Junction.
EVT002012,12087,MAS,2026-02-10 02:45,3,Weather,Heavy rain reducing visibility near Chennai Central.
EVT002013,12114,BPL,2026-02-02 05:15,11,Operational,Platform congestion at Bhopal Junction delaying berthing.
EVT002014,12041,PRYJ,2026-02-24 04:45,27,Operational,Late running of connecting rake into Prayagraj Junction.
EVT002015,12214,BBS,2026-01-06 12:45,26,Rolling Stock,"Locomotive failure reported, engine change required at Bhubaneswar."
EVT002016,12027,RTM,2026-02-02 04:00,45,Signal,Signal failure near Ratlam Junction causing hold-up.
EVT002017,12137,MAS,2026-01-19 23:30,33,Rolling Stock,Brake power certification delay at Chennai Central.
EVT002018,12109,TATA,2026-02-06 04:00,5,Signal,Points failure at Tatanagar Junction delaying departure.
EVT002019,12125,PNBE,2026-01-07 07:30,77,Weather,"Dense fog conditions near Patna Junction, speed restricted."
EVT002020,12310,BPL,2026-02-14 18:30,43,Crew,Crew shortage reported at Bhopal Junction link.
EVT002021,12302,MAS,2026-01-19 16:30,70,Passenger,"Medical emergency on board, halted at Chennai Central."
EVT002022,12139,BBS,2026-02-07 08:45,53,Operational,Platform congestion at Bhubaneswar delaying berthing.
EVT002023,12180,GHY,2026-01-04 09:45,62,Rolling Stock,Coach fault detected during pre-departure check at Guwahati.
EVT002024,12156,NDLS,2026-01-29 11:45,72,Weather,Heavy rain reducing visibility near New Delhi.
EVT002025,12291,MLDT,2026-01-21 03:30,72,Crew,Loco pilot booking-on delay at Malda Town.
EVT002026,12132,DLI,2026-02-21 11:45,13,Rolling Stock,Coach fault detected during pre-departure check at Delhi Junction (Old Delhi).
EVT002027,12264,MAO,2026-01-09 22:45,29,Passenger,"Medical emergency on board, halted at Madgaon Junction."
EVT002028,12194,NDLS,2026-02-26 17:15,15,Operational,Platform congestion at New Delhi delaying berthing.
EVT002029,12128,PNBE,2026-01-10 02:15,1,Operational,Late running of connecting rake into Patna Junction.
EVT002030,12050,JBP,2026-02-14 19:45,34,Passenger,"Medical emergency on board, halted at Jabalpur Junction."
EVT002031,12133,JP,2026-02-27 04:45,36,Infrastructure,Speed restriction due to track renewal work near Jaipur Junction.
EVT002032,12062,SDAH,2026-01-10 05:30,58,Infrastructure,Track maintenance block in effect near Sealdah.
EVT002033,12084,DLI,2026-01-14 16:15,31,Operational,Crossing conflict with another service at Delhi Junction (Old Delhi).
EVT002034,12050,PURI,2026-01-09 05:15,29,Infrastructure,Overhead equipment (OHE) tripping reported near Puri.
EVT002035,12074,SBC,2026-01-23 06:45,58,Rolling Stock,"Locomotive failure reported, engine change required at KSR Bengaluru City Junction."
EVT002036,12026,PRYJ,2026-01-11 07:45,12,Rolling Stock,Coach fault detected during pre-departure check at Prayagraj Junction.
EVT002037,12107,VSKP,2026-02-03 10:15,72,Operational,Late running of connecting rake into Visakhapatnam.
EVT002038,12235,HYB,2026-03-01 17:15,95,Rolling Stock,Coach fault detected during pre-departure check at Hyderabad Deccan.
EVT002039,12115,BCT,2026-02-19 11:00,9,Operational,Late running of connecting rake into Mumbai Central.
EVT002040,12031,UMB,2026-02-18 16:00,26,Crew,Guard unavailability causing hold at Ambala Cantt Junction.
EVT002041,12062,SDAH,2026-01-12 17:00,63,Signal,Automatic signalling fault reported at Sealdah yard.
EVT002042,12286,PNBE,2026-02-19 20:00,20,Infrastructure,Overhead equipment (OHE) tripping reported near Patna Junction.
EVT002043,12130,JP,2026-02-27 10:30,66,Infrastructure,Track maintenance block in effect near Jaipur Junction.
EVT002044,12158,MAS,2026-02-06 21:45,9,Infrastructure,Speed restriction due to track renewal work near Chennai Central.
EVT002045,12050,ADI,2026-01-04 18:15,32,Crew,Crew shortage reported at Ahmedabad Junction link.
EVT002046,12149,CSMT,2026-01-13 20:00,32,Infrastructure,Track maintenance block in effect near Chhatrapati Shivaji Maharaj Terminus.
EVT002047,12313,GHY,2026-01-15 03:45,27,Signal,Signal failure near Guwahati causing hold-up.
EVT002048,12113,MAS,2026-01-15 00:45,1,Infrastructure,Track maintenance block in effect near Chennai Central.
EVT002049,12156,COR,2026-01-02 15:00,32,Crew,Crew shortage reported at Kota Junction link.
EVT002050,12042,HWH,2026-01-24 15:45,62,Operational,Late running of connecting rake into Howrah Junction.
EVT002051,12039,SBC,2026-02-02 21:15,49,Signal,Automatic signalling fault reported at KSR Bengaluru City Junction yard.
EVT002052,12083,BBS,2026-02-09 11:15,3,Infrastructure,Track maintenance block in effect near Bhubaneswar.
EVT002053,12225,NDLS,2026-01-10 17:15,23,Crew,Crew shortage reported at New Delhi link.
EVT002054,12046,PNBE,2026-01-30 15:30,22,Passenger,Passenger chain-pulling incident near Patna Junction.
EVT002055,12218,MAO,2026-02-26 17:00,79,Rolling Stock,"Locomotive failure reported, engine change required at Madgaon Junction."
EVT002056,12190,COR,2026-01-02 04:45,1,Infrastructure,Overhead equipment (OHE) tripping reported near Kota Junction.
EVT002057,12199,MAS,2026-01-25 04:30,41,Signal,Automatic signalling fault reported at Chennai Central yard.
EVT002058,12188,BSP,2026-01-03 00:15,16,Signal,Automatic signalling fault reported at Bilaspur Junction yard.
EVT002059,12210,PUNE,2026-02-07 15:15,8,Crew,Guard unavailability causing hold at Pune Junction.
EVT002060,12138,ERS,2026-02-10 02:30,33,Passenger,"Medical emergency on board, halted at Ernakulam Junction."
EVT002061,12257,SC,2026-01-12 03:15,31,Operational,Late running of connecting rake into Secunderabad Junction.
EVT002062,12039,RTM,2026-01-27 06:45,37,Signal,Signal failure near Ratlam Junction causing hold-up.
EVT002063,12169,GHY,2026-03-01 01:15,53,Signal,Points failure at Guwahati delaying departure.
EVT002064,12044,BSP,2026-01-10 07:45,58,Signal,Signal failure near Bilaspur Junction causing hold-up.
EVT002065,12185,RTM,2026-02-16 05:30,9,Rolling Stock,"Locomotive failure reported, engine change required at Ratlam Junction."
EVT002066,12078,MAS,2026-01-19 12:30,35,Signal,Points failure at Chennai Central delaying departure.
EVT002067,12142,TATA,2026-01-06 09:30,40,Rolling Stock,Coach fault detected during pre-departure check at Tatanagar Junction.
EVT002068,12304,SBC,2026-01-14 12:30,5,Passenger,Passenger chain-pulling incident near KSR Bengaluru City Junction.
EVT002069,12181,NJP,2026-03-01 06:45,41,Operational,Platform congestion at New Jalpaiguri delaying berthing.
EVT002070,12130,KYN,2026-02-25 12:15,20,Rolling Stock,"Locomotive failure reported, engine change required at Kalyan Junction."
EVT002071,12209,SUR,2026-02-11 14:00,7,Weather,"Dense fog conditions near Solapur Junction, speed restricted."
EVT002072,12182,ST,2026-01-11 04:30,48,Rolling Stock,Brake power certification delay at Surat.
EVT002073,12087,MAS,2026-01-10 11:30,8,Signal,Points failure at Chennai Central delaying departure.
EVT002074,12230,ERS,2026-01-18 07:45,14,Signal,Signal failure near Ernakulam Junction causing hold-up.
EVT002075,12316,HWH,2026-02-14 20:15,15,Operational,Crossing conflict with another service at Howrah Junction.
EVT002076,12261,RTM,2026-01-15 02:00,9,Crew,Loco pilot booking-on delay at Ratlam Junction.
EVT002077,12023,CSMT,2026-02-26 18:30,40,Rolling Stock,"Locomotive failure reported, engine change required at Chhatrapati Shivaji Maharaj Terminus."
EVT002078,12047,MFP,2026-02-10 23:30,14,Passenger,"Medical emergency on board, halted at Muzaffarpur Junction."
EVT002079,12093,ROU,2026-01-17 06:45,8,Signal,Points failure at Rourkela delaying departure.
EVT002080,12031,LDH,2026-02-23 17:00,60,Crew,Guard unavailability causing hold at Ludhiana Junction.
EVT002081,12262,HWH,2026-01-23 16:15,25,Rolling Stock,Coach fault detected during pre-departure check at Howrah Junction.
EVT002082,12133,JP,2026-02-05 14:30,6,Infrastructure,Speed restriction due to track renewal work near Jaipur Junction.
EVT002083,12229,GHY,2026-01-09 11:30,32,Crew,Crew shortage reported at Guwahati link.
EVT002084,12297,JBP,2026-02-16 09:15,1,Operational,Crossing conflict with another service at Jabalpur Junction.
EVT002085,12271,KGP,2026-02-07 15:30,16,Passenger,Passenger chain-pulling incident near Kharagpur Junction.
EVT002086,12231,MLDT,2026-02-25 13:45,56,Operational,Platform congestion at Malda Town delaying berthing.
EVT002087,12162,JP,2026-01-01 17:45,7,Signal,Automatic signalling fault reported at Jaipur Junction yard.
EVT002088,12267,GHY,2026-02-26 19:30,28,Passenger,"Medical emergency on board, halted at Guwahati."
EVT002089,12055,GAYA,2026-02-13 05:30,72,Passenger,"Medical emergency on board, halted at Gaya Junction."
EVT002090,12246,PRYJ,2026-02-11 18:15,1,Weather,"Dense fog conditions near Prayagraj Junction, speed restricted."
EVT002091,12172,NDLS,2026-01-01 23:15,34,Infrastructure,Speed restriction due to track renewal work near New Delhi.
EVT002092,12318,JBP,2026-02-09 20:45,27,Rolling Stock,"Locomotive failure reported, engine change required at Jabalpur Junction."
EVT002093,12162,MAO,2026-01-29 01:30,3,Passenger,Passenger chain-pulling incident near Madgaon Junction.
EVT002094,12092,KYN,2026-01-16 12:00,19,Crew,Crew shortage reported at Kalyan Junction link.
EVT002095,12010,MAS,2026-01-07 19:45,37,Infrastructure,Track maintenance block in effect near Chennai Central.
EVT002096,12288,RTM,2026-01-19 02:00,11,Operational,Platform congestion at Ratlam Junction delaying berthing.
EVT002097,12218,MYS,2026-02-19 23:15,53,Infrastructure,Track maintenance block in effect near Mysuru Junction.
EVT002098,12268,SUR,2026-01-03 02:00,22,Crew,Loco pilot booking-on delay at Solapur Junction.
EVT002099,12039,RTM,2026-02-15 15:00,48,Infrastructure,Speed restriction due to track renewal work near Ratlam Junction.
EVT002100,12235,HYB,2026-01-27 14:00,33,Crew,Guard unavailability causing hold at Hyderabad Deccan.
EVT002101,12238,KYN,2026-02-10 03:45,31,Passenger,Overcrowding-related boarding delay at Kalyan Junction.
EVT002102,12073,BAM,2026-01-11 15:30,47,Rolling Stock,Coach fault detected during pre-departure check at Brahmapur.
EVT002103,12024,SBC,2026-02-28 20:45,64,Signal,Automatic signalling fault reported at KSR Bengaluru City Junction yard.
EVT002104,12149,BBS,2026-02-14 14:00,23,Signal,Signal failure near Bhubaneswar causing hold-up.
EVT002105,12262,NGP,2026-01-26 12:00,3,Signal,Points failure at Nagpur Junction delaying departure.
EVT002106,12004,ADI,2026-02-03 10:15,2,Signal,Automatic signalling fault reported at Ahmedabad Junction yard.
EVT002107,12020,GKP,2026-02-28 04:15,35,Crew,Crew shortage reported at Gorakhpur Junction link.
EVT002108,12059,MAS,2026-02-05 06:00,19,Weather,"Dense fog conditions near Chennai Central, speed restricted."
EVT002109,12049,GHY,2026-01-05 17:00,76,Weather,High wind speed advisory near Guwahati affecting running.
EVT002110,12193,ERS,2026-01-18 23:00,75,Infrastructure,Track maintenance block in effect near Ernakulam Junction.
EVT002111,12195,CSMT,2026-02-23 02:00,1,Rolling Stock,"Locomotive failure reported, engine change required at Chhatrapati Shivaji Maharaj Terminus."
EVT002112,12144,MS,2026-01-06 13:15,1,Infrastructure,Track maintenance block in effect near Chennai Egmore.
EVT002113,12286,AII,2026-01-17 04:30,8,Weather,High wind speed advisory near Ajmer Junction affecting running.
EVT002114,12197,MAS,2026-01-10 03:00,54,Rolling Stock,Coach fault detected during pre-departure check at Chennai Central.
EVT002115,12010,SC,2026-01-20 19:45,37,Passenger,"Medical emergency on board, halted at Secunderabad Junction."
EVT002116,12167,BPL,2026-02-15 08:15,12,Operational,Late running of connecting rake into Bhopal Junction.
EVT002117,12042,BSP,2026-01-21 08:00,43,Crew,Loco pilot booking-on delay at Bilaspur Junction.
EVT002118,12238,CSMT,2026-02-23 10:00,26,Rolling Stock,"Locomotive failure reported, engine change required at Chhatrapati Shivaji Maharaj Terminus."
EVT002119,12150,SBC,2026-01-14 07:30,22,Operational,Platform congestion at KSR Bengaluru City Junction delaying berthing.
EVT002120,12116,ROU,2026-02-10 10:30,18,Weather,High wind speed advisory near Rourkela affecting running.
EVT002121,12226,SUR,2026-01-10 00:15,65,Operational,Platform congestion at Solapur Junction delaying berthing.
EVT002122,12205,CSMT,2026-02-09 20:15,1,Weather,Heavy rain reducing visibility near Chhatrapati Shivaji Maharaj Terminus.
EVT002123,12120,CTC,2026-02-16 14:30,7,Passenger,"Medical emergency on board, halted at Cuttack Junction."
EVT002124,12265,MAS,2026-02-02 23:45,43,Signal,Points failure at Chennai Central delaying departure.
EVT002125,12005,PURI,2026-02-23 09:45,24,Operational,Platform congestion at Puri delaying berthing.
EVT002126,12016,SUR,2026-01-25 13:45,25,Crew,Loco pilot booking-on delay at Solapur Junction.
EVT002127,12223,HYB,2026-02-20 22:45,44,Crew,Guard unavailability causing hold at Hyderabad Deccan.
EVT002128,12159,AII,2026-01-05 20:00,32,Weather,"Dense fog conditions near Ajmer Junction, speed restricted."
EVT002129,12252,NDLS,2026-01-21 08:30,4,Operational,Late running of connecting rake into New Delhi.
EVT002130,12257,SC,2026-01-20 13:30,113,Infrastructure,Overhead equipment (OHE) tripping reported near Secunderabad Junction.
EVT002131,12236,MAS,2026-02-10 14:00,31,Operational,Crossing conflict with another service at Chennai Central.
EVT002132,12101,KGP,2026-02-02 23:15,75,Signal,Points failure at Kharagpur Junction delaying departure.
EVT002133,12089,R,2026-03-01 05:45,13,Operational,Crossing conflict with another service at Raipur Junction.
EVT002134,12218,MYS,2026-02-16 17:30,33,Infrastructure,Track maintenance block in effect near Mysuru Junction.
EVT002135,12255,KGP,2026-01-28 22:30,1,Infrastructure,Overhead equipment (OHE) tripping reported near Kharagpur Junction.
EVT002136,12140,SC,2026-02-27 23:00,5,Signal,Points failure at Secunderabad Junction delaying departure.
EVT002137,12014,BBS,2026-01-27 10:30,40,Weather,"Dense fog conditions near Bhubaneswar, speed restricted."
EVT002138,12103,VSKP,2026-01-12 06:15,15,Operational,Platform congestion at Visakhapatnam delaying berthing.
EVT002139,12156,VSKP,2026-01-25 13:15,27,Operational,Platform congestion at Visakhapatnam delaying berthing.
EVT002140,12268,SUR,2026-02-18 13:30,12,Operational,Crossing conflict with another service at Solapur Junction.
EVT002141,12188,JBP,2026-02-20 07:00,5,Weather,Heavy rain reducing visibility near Jabalpur Junction.
EVT002142,12103,BZA,2026-01-30 20:45,2,Passenger,Passenger chain-pulling incident near Vijayawada Junction.
EVT002143,12313,RTM,2026-01-01 03:30,16,Operational,Platform congestion at Ratlam Junction delaying berthing.
EVT002144,12058,NDLS,2026-02-17 16:00,4,Signal,Points failure at New Delhi delaying departure.
EVT002145,12194,PRYJ,2026-01-18 05:00,46,Signal,Signal failure near Prayagraj Junction causing hold-up.
EVT002146,12183,PNBE,2026-02-16 12:30,37,Rolling Stock,"Locomotive failure reported, engine change required at Patna Junction."
EVT002147,12295,NGP,2026-02-26 20:30,40,Signal,Signal failure near Nagpur Junction causing hold-up.
EVT002148,12188,ROU,2026-02-17 19:15,62,Rolling Stock,"Locomotive failure reported, engine change required at Rourkela."
EVT002149,12189,ASR,2026-01-06 01:00,59,Signal,Points failure at Amritsar Junction delaying departure.
EVT002150,12296,PRYJ,2026-01-15 00:00,17,Infrastructure,Track maintenance block in effect near Prayagraj Junction.
EVT002151,12235,SC,2026-01-22 12:30,30,Infrastructure,Track maintenance block in effect near Secunderabad Junction.
EVT002152,12228,TVC,2026-01-13 17:00,1,Rolling Stock,Brake power certification delay at Thiruvananthapuram Central.
EVT002153,12269,HYB,2026-01-26 14:45,34,Rolling Stock,Brake power certification delay at Hyderabad Deccan.
EVT002154,12115,BCT,2026-01-06 09:15,44,Weather,Heavy rain reducing visibility near Mumbai Central.
EVT002155,12031,LDH,2026-02-24 15:00,48,Rolling Stock,Coach fault detected during pre-departure check at Ludhiana Junction.
EVT002156,12055,PNBE,2026-01-12 13:30,7,Operational,Platform congestion at Patna Junction delaying berthing.
EVT002157,12303,HWH,2026-01-17 23:45,1,Signal,Signal failure near Howrah Junction causing hold-up.
EVT002158,12144,MAS,2026-02-16 06:00,86,Infrastructure,Overhead equipment (OHE) tripping reported near Chennai Central.
EVT002159,12254,BPL,2026-02-08 10:30,50,Weather,Heavy rain reducing visibility near Bhopal Junction.
EVT002160,12182,RTM,2026-01-31 08:15,53,Infrastructure,Speed restriction due to track renewal work near Ratlam Junction.
EVT002161,12298,SBC,2026-02-07 15:15,7,Crew,Guard unavailability causing hold at KSR Bengaluru City Junction.
EVT002162,12156,PURI,2026-01-30 18:15,68,Passenger,Passenger chain-pulling incident near Puri.
EVT002163,12147,KYN,2026-01-18 04:00,18,Rolling Stock,"Locomotive failure reported, engine change required at Kalyan Junction."
EVT002164,12004,ADI,2026-02-07 19:45,68,Infrastructure,Track maintenance block in effect near Ahmedabad Junction.
EVT002165,12056,AII,2026-02-21 08:30,1,Passenger,Passenger chain-pulling incident near Ajmer Junction.
EVT002166,12289,DLI,2026-01-03 23:30,35,Passenger,"Medical emergency on board, halted at Delhi Junction (Old Delhi)."
EVT002167,12317,BBS,2026-01-28 19:15,92,Rolling Stock,"Locomotive failure reported, engine change required at Bhubaneswar."
EVT002168,12121,BZA,2026-01-16 23:00,2,Rolling Stock,"Locomotive failure reported, engine change required at Vijayawada Junction."
EVT002169,12065,MFP,2026-01-22 21:15,20,Rolling Stock,Brake power certification delay at Muzaffarpur Junction.
EVT002170,12189,ASR,2026-01-30 15:15,43,Weather,Heavy rain reducing visibility near Amritsar Junction.
EVT002171,12089,BPL,2026-02-23 15:00,18,Rolling Stock,"Locomotive failure reported, engine change required at Bhopal Junction."
EVT002172,12113,AGC,2026-01-08 02:45,58,Weather,"Dense fog conditions near Agra Cantt, speed restricted."
EVT002173,12062,SDAH,2026-01-27 04:30,38,Infrastructure,Speed restriction due to track renewal work near Sealdah.
EVT002174,12090,PNBE,2026-01-22 13:30,60,Rolling Stock,Coach fault detected during pre-departure check at Patna Junction.
EVT002175,12112,UMB,2026-03-01 02:15,20,Crew,Loco pilot booking-on delay at Ambala Cantt Junction.
EVT002176,12311,KGP,2026-02-14 21:00,27,Rolling Stock,"Locomotive failure reported, engine change required at Kharagpur Junction."
EVT002177,12179,PRYJ,2026-01-12 10:45,1,Passenger,Passenger chain-pulling incident near Prayagraj Junction.
EVT002178,12247,ERS,2026-02-20 08:15,19,Weather,High wind speed advisory near Ernakulam Junction affecting running.
EVT002179,12103,BZA,2026-02-11 19:15,42,Signal,Points failure at Vijayawada Junction delaying departure.
EVT002180,12215,BPL,2026-02-16 22:45,37,Crew,Guard unavailability causing hold at Bhopal Junction.
EVT002181,12150,BPL,2026-01-21 07:45,7,Weather,High wind speed advisory near Bhopal Junction affecting running.
EVT002182,12225,ASR,2026-02-14 18:45,33,Signal,Points failure at Amritsar Junction delaying departure.
EVT002183,12181,NJP,2026-02-13 20:15,6,Passenger,Overcrowding-related boarding delay at New Jalpaiguri.
EVT002184,12279,SC,2026-02-17 12:30,53,Operational,Late running of connecting rake into Secunderabad Junction.
EVT002185,12140,HWH,2026-01-14 03:00,22,Signal,Signal failure near Howrah Junction causing hold-up.
EVT002186,12163,VSKP,2026-02-15 17:30,61,Passenger,"Medical emergency on board, halted at Visakhapatnam."
EVT002187,12014,ADI,2026-01-03 12:00,36,Rolling Stock,Brake power certification delay at Ahmedabad Junction.
EVT002188,12125,GKP,2026-01-16 05:15,20,Operational,Late running of connecting rake into Gorakhpur Junction.
EVT002189,12189,ASR,2026-02-08 21:00,23,Signal,Automatic signalling fault reported at Amritsar Junction yard.
EVT002190,12181,NJP,2026-02-14 01:45,43,Signal,Points failure at New Jalpaiguri delaying departure.
EVT002191,12123,SC,2026-02-12 09:30,39,Weather,High wind speed advisory near Secunderabad Junction affecting running.
EVT002192,12164,CSMT,2026-03-01 06:00,27,Infrastructure,Track maintenance block in effect near Chhatrapati Shivaji Maharaj Terminus.
EVT002193,12237,TATA,2026-02-27 14:45,10,Infrastructure,Overhead equipment (OHE) tripping reported near Tatanagar Junction.
EVT002194,12148,ADI,2026-01-19 13:30,62,Weather,Heavy rain reducing visibility near Ahmedabad Junction.
EVT002195,12256,KYN,2026-02-26 11:15,31,Signal,Signal failure near Kalyan Junction causing hold-up.
EVT002196,12221,MYS,2026-01-30 23:30,72,Signal,Automatic signalling fault reported at Mysuru Junction yard.
EVT002197,12258,BCT,2026-01-04 05:30,49,Rolling Stock,"Locomotive failure reported, engine change required at Mumbai Central."
EVT002198,12233,KGP,2026-01-28 13:00,10,Operational,Crossing conflict with another service at Kharagpur Junction.
EVT002199,12294,PUNE,2026-02-15 04:45,88,Weather,Heavy rain reducing visibility near Pune Junction.
EVT002200,12024,MAS,2026-01-27 11:30,37,Crew,Guard unavailability causing hold at Chennai Central.
EVT002201,12107,VSKP,2026-02-25 03:30,59,Rolling Stock,"Locomotive failure reported, engine change required at Visakhapatnam."
EVT002202,12092,JU,2026-02-13 08:15,25,Infrastructure,Speed restriction due to track renewal work near Jodhpur Junction.
EVT002203,12223,SC,2026-02-20 12:00,42,Infrastructure,Track maintenance block in effect near Secunderabad Junction.
EVT002204,12002,BSP,2026-02-12 21:15,11,Signal,Signal failure near Bilaspur Junction causing hold-up.
EVT002205,12262,HWH,2026-02-05 03:15,9,Signal,Points failure at Howrah Junction delaying departure.
EVT002206,12297,R,2026-01-31 02:00,7,Weather,High wind speed advisory near Raipur Junction affecting running.
EVT002207,12303,HWH,2026-02-09 17:45,1,Passenger,Overcrowding-related boarding delay at Howrah Junction.
EVT002208,12065,PNBE,2026-01-01 03:00,12,Rolling Stock,Coach fault detected during pre-departure check at Patna Junction.
EVT002209,12185,BBS,2026-02-03 13:45,59,Rolling Stock,Brake power certification delay at Bhubaneswar.
EVT002210,12163,VSKP,2026-01-27 04:30,31,Signal,Points failure at Visakhapatnam delaying departure.
EVT002211,12044,PRYJ,2026-02-02 03:45,12,Signal,Automatic signalling fault reported at Prayagraj Junction yard.
EVT002212,12172,SDAH,2026-02-01 15:15,27,Weather,Heavy rain reducing visibility near Sealdah.
EVT002213,12105,PURI,2026-01-19 18:15,33,Passenger,Passenger chain-pulling incident near Puri.
EVT002214,12122,NDLS,2026-02-20 23:45,2,Signal,Points failure at New Delhi delaying departure.
EVT002215,12218,MAO,2026-01-16 15:45,37,Infrastructure,Speed restriction due to track renewal work near Madgaon Junction.
EVT002216,12189,ASR,2026-02-03 04:30,8,Signal,Automatic signalling fault reported at Amritsar Junction yard.
EVT002217,12217,MAS,2026-01-08 14:15,43,Passenger,"Medical emergency on board, halted at Chennai Central."
EVT002218,12048,BZA,2026-02-04 22:15,41,Infrastructure,Overhead equipment (OHE) tripping reported near Vijayawada Junction.
EVT002219,12088,BBS,2026-01-19 03:15,25,Signal,Automatic signalling fault reported at Bhubaneswar yard.
EVT002220,12012,MAO,2026-01-26 00:45,1,Infrastructure,Overhead equipment (OHE) tripping reported near Madgaon Junction.
EVT002221,12303,HWH,2026-01-29 09:30,56,Passenger,"Medical emergency on board, halted at Howrah Junction."
EVT002222,12161,BSP,2026-02-04 04:00,23,Weather,High wind speed advisory near Bilaspur Junction affecting running.
EVT002223,12250,MAS,2026-02-18 04:30,15,Weather,"Dense fog conditions near Chennai Central, speed restricted."
EVT002224,12261,SDAH,2026-01-31 08:00,24,Operational,Crossing conflict with another service at Sealdah.
EVT002225,12029,JBP,2026-02-18 21:45,20,Passenger,"Medical emergency on board, halted at Jabalpur Junction."
EVT002226,12027,RTM,2026-01-27 10:45,44,Weather,High wind speed advisory near Ratlam Junction affecting running.
EVT002227,12288,TVC,2026-02-20 08:30,29,Rolling Stock,Coach fault detected during pre-departure check at Thiruvananthapuram Central.
EVT002228,12251,PRYJ,2026-01-06 05:30,1,Infrastructure,Speed restriction due to track renewal work near Prayagraj Junction.
EVT002229,12122,SC,2026-02-19 20:15,59,Passenger,"Medical emergency on board, halted at Secunderabad Junction."
EVT002230,12044,PRYJ,2026-02-19 14:15,1,Rolling Stock,Brake power certification delay at Prayagraj Junction.
EVT002231,12317,MAS,2026-02-18 05:00,42,Rolling Stock,Coach fault detected during pre-departure check at Chennai Central.
EVT002232,12255,HWH,2026-01-16 19:15,9,Signal,Signal failure near Howrah Junction causing hold-up.
EVT002233,12192,ADI,2026-02-24 03:00,10,Operational,Late running of connecting rake into Ahmedabad Junction.
EVT002234,12286,COR,2026-01-31 03:00,31,Infrastructure,Speed restriction due to track renewal work near Kota Junction.
EVT002235,12095,KYN,2026-02-28 08:00,67,Signal,Points failure at Kalyan Junction delaying departure.
EVT002236,12125,PNBE,2026-02-02 05:45,32,Weather,High wind speed advisory near Patna Junction affecting running.
EVT002237,12058,BBS,2026-01-09 01:15,42,Operational,Platform congestion at Bhubaneswar delaying berthing.
EVT002238,12005,KYN,2026-01-19 13:30,68,Rolling Stock,"Locomotive failure reported, engine change required at Kalyan Junction."
EVT002239,12256,DLI,2026-02-15 20:45,1,Infrastructure,Speed restriction due to track renewal work near Delhi Junction (Old Delhi).
EVT002240,12281,DLI,2026-01-23 16:45,28,Operational,Late running of connecting rake into Delhi Junction (Old Delhi).
EVT002241,12182,JP,2026-02-25 19:00,18,Weather,"Dense fog conditions near Jaipur Junction, speed restricted."
EVT002242,12308,ADI,2026-01-05 20:00,31,Infrastructure,Overhead equipment (OHE) tripping reported near Ahmedabad Junction.
EVT002243,12301,SDAH,2026-02-15 18:30,37,Operational,Platform congestion at Sealdah delaying berthing.
EVT002244,12010,MDU,2026-02-24 23:15,46,Operational,Platform congestion at Madurai Junction delaying berthing.
EVT002245,12252,BPL,2026-01-28 17:30,5,Crew,Crew shortage reported at Bhopal Junction link.
EVT002246,12009,BBS,2026-01-25 10:00,48,Infrastructure,Speed restriction due to track renewal work near Bhubaneswar.
EVT002247,12116,ROU,2026-01-07 08:15,46,Operational,Platform congestion at Rourkela delaying berthing.
EVT002248,12226,SUR,2026-01-07 07:15,20,Rolling Stock,Coach fault detected during pre-departure check at Solapur Junction.
EVT002249,12091,MFP,2026-01-04 07:45,7,Crew,Guard unavailability causing hold at Muzaffarpur Junction.
EVT002250,12036,BWN,2026-02-20 20:15,13,Crew,Guard unavailability causing hold at Barddhaman Junction.
EVT002251,12302,KGP,2026-01-28 17:45,32,Signal,Automatic signalling fault reported at Kharagpur Junction yard.
EVT002252,12035,MAO,2026-02-06 14:45,13,Weather,"Dense fog conditions near Madgaon Junction, speed restricted."
EVT002253,12192,GHY,2026-01-22 09:30,1,Signal,Automatic signalling fault reported at Guwahati yard.
EVT002254,12034,BZA,2026-02-24 03:30,1,Weather,High wind speed advisory near Vijayawada Junction affecting running.
EVT002255,12101,KGP,2026-02-26 09:30,13,Weather,Heavy rain reducing visibility near Kharagpur Junction.
EVT002256,12033,CSMT,2026-02-28 01:00,28,Operational,Late running of connecting rake into Chhatrapati Shivaji Maharaj Terminus.
EVT002257,12169,MFP,2026-01-02 05:30,4,Operational,Platform congestion at Muzaffarpur Junction delaying berthing.
EVT002258,12230,ERS,2026-02-15 08:15,91,Infrastructure,Track maintenance block in effect near Ernakulam Junction.
EVT002259,12251,PRYJ,2026-02-10 04:30,48,Infrastructure,Track maintenance block in effect near Prayagraj Junction.
EVT002260,12149,CSMT,2026-01-08 16:45,39,Weather,"Dense fog conditions near Chhatrapati Shivaji Maharaj Terminus, speed restricted."
EVT002261,12083,BBS,2026-02-08 21:30,1,Signal,Points failure at Bhubaneswar delaying departure.
EVT002262,12072,GHY,2026-01-12 03:00,36,Weather,Heavy rain reducing visibility near Guwahati.
EVT002263,12253,PNBE,2026-01-06 22:30,25,Crew,Crew shortage reported at Patna Junction link.
EVT002264,12245,SUR,2026-01-02 23:45,72,Rolling Stock,Brake power certification delay at Solapur Junction.
EVT002265,12290,ERS,2026-01-04 21:30,33,Infrastructure,Speed restriction due to track renewal work near Ernakulam Junction.
EVT002266,12199,MYS,2026-02-27 13:30,49,Signal,Signal failure near Mysuru Junction causing hold-up.
EVT002267,12312,VSKP,2026-01-31 01:45,10,Rolling Stock,Coach fault detected during pre-departure check at Visakhapatnam.
EVT002268,12272,NDLS,2026-02-19 16:45,32,Weather,Heavy rain reducing visibility near New Delhi.
EVT002269,12109,BSP,2026-01-07 21:45,20,Crew,Crew shortage reported at Bilaspur Junction link.
EVT002270,12091,VSKP,2026-02-06 06:00,4,Crew,Loco pilot booking-on delay at Visakhapatnam.
EVT002271,12194,PNBE,2026-02-01 20:00,79,Weather,Heavy rain reducing visibility near Patna Junction.
EVT002272,12065,DLI,2026-02-06 13:15,30,Weather,High wind speed advisory near Delhi Junction (Old Delhi) affecting running.
EVT002273,12141,BCT,2026-01-19 06:00,1,Rolling Stock,Brake power certification delay at Mumbai Central.
EVT002274,12005,JU,2026-02-01 16:00,56,Weather,"Dense fog conditions near Jodhpur Junction, speed restricted."
EVT002275,12146,RTM,2026-02-17 19:00,12,Operational,Late running of connecting rake into Ratlam Junction.
EVT002276,12276,SC,2026-02-16 09:45,57,Crew,Guard unavailability causing hold at Secunderabad Junction.
EVT002277,12139,VSKP,2026-02-16 18:15,29,Weather,Heavy rain reducing visibility near Visakhapatnam.
EVT002278,12193,BSP,2026-01-26 16:45,27,Operational,Platform congestion at Bilaspur Junction delaying berthing.
EVT002279,12105,KYN,2026-02-01 17:30,70,Rolling Stock,Coach fault detected during pre-departure check at Kalyan Junction.
EVT002280,12167,BCT,2026-02-27 12:30,22,Weather,Heavy rain reducing visibility near Mumbai Central.
EVT002281,12002,BSP,2026-01-14 00:00,29,Signal,Signal failure near Bilaspur Junction causing hold-up.
EVT002282,12066,BBS,2026-01-30 11:00,3,Signal,Automatic signalling fault reported at Bhubaneswar yard.
EVT002283,12038,ERS,2026-02-14 11:00,1,Signal,Points failure at Ernakulam Junction delaying departure.
EVT002284,12143,SBC,2026-01-24 23:45,55,Operational,Platform congestion at KSR Bengaluru City Junction delaying berthing.
EVT002285,12050,JBP,2026-01-28 05:15,66,Passenger,Overcrowding-related boarding delay at Jabalpur Junction.
EVT002286,12129,JP,2026-01-01 06:15,80,Rolling Stock,Brake power certification delay at Jaipur Junction.
EVT002287,12257,UBL,2026-01-17 10:45,37,Crew,Loco pilot booking-on delay at Hubballi Junction.
EVT002288,12057,MAS,2026-02-07 07:45,33,Rolling Stock,Brake power certification delay at Chennai Central.
EVT002289,12244,MYS,2026-02-10 07:15,60,Infrastructure,Track maintenance block in effect near Mysuru Junction.
EVT002290,12258,BBS,2026-02-03 14:45,1,Weather,High wind speed advisory near Bhubaneswar affecting running.
EVT002291,12262,NDLS,2026-02-20 16:15,38,Crew,Loco pilot booking-on delay at New Delhi.
EVT002292,12262,DLI,2026-01-14 17:45,1,Operational,Late running of connecting rake into Delhi Junction (Old Delhi).
EVT002293,12052,NDLS,2026-01-16 10:00,6,Operational,Crossing conflict with another service at New Delhi.
EVT002294,12308,ADI,2026-02-09 07:45,63,Weather,High wind speed advisory near Ahmedabad Junction affecting running.
EVT002295,12251,R,2026-02-08 16:00,22,Weather,"Dense fog conditions near Raipur Junction, speed restricted."
EVT002296,12264,MAO,2026-02-08 12:00,39,Operational,Late running of connecting rake into Madgaon Junction.
EVT002297,12100,PUNE,2026-02-23 19:30,21,Infrastructure,Track maintenance block in effect near Pune Junction.
EVT002298,12277,ASR,2026-02-16 04:45,62,Rolling Stock,Brake power certification delay at Amritsar Junction.
EVT002299,12222,COR,2026-01-29 14:45,51,Crew,Guard unavailability causing hold at Kota Junction.
EVT002300,12211,JHS,2026-01-15 22:45,13,Weather,Heavy rain reducing visibility near Jhansi Junction.
EVT002301,12272,VSKP,2026-01-29 08:45,64,Operational,Late running of connecting rake into Visakhapatnam.
EVT002302,12293,SC,2026-01-14 01:30,40,Crew,Crew shortage reported at Secunderabad Junction link.
EVT002303,12248,TATA,2026-01-09 12:00,1,Signal,Signal failure near Tatanagar Junction causing hold-up.
EVT002304,12120,BBS,2026-02-05 22:45,60,Signal,Automatic signalling fault reported at Bhubaneswar yard.
EVT002305,12096,JHS,2026-02-08 03:45,10,Rolling Stock,Coach fault detected during pre-departure check at Jhansi Junction.
EVT002306,12041,KGP,2026-01-20 00:45,26,Signal,Signal failure near Kharagpur Junction causing hold-up.
EVT002307,12186,NJP,2026-02-08 17:30,1,Infrastructure,Overhead equipment (OHE) tripping reported near New Jalpaiguri.
EVT002308,12075,BPL,2026-02-14 16:30,39,Rolling Stock,"Locomotive failure reported, engine change required at Bhopal Junction."
EVT002309,12005,JU,2026-02-23 07:30,65,Signal,Points failure at Jodhpur Junction delaying departure.
EVT002310,12004,ADI,2026-02-21 18:45,13,Crew,Loco pilot booking-on delay at Ahmedabad Junction.
EVT002311,12291,NDLS,2026-02-26 10:00,65,Passenger,"Medical emergency on board, halted at New Delhi."
EVT002312,12033,SC,2026-01-02 09:45,24,Infrastructure,Speed restriction due to track renewal work near Secunderabad Junction.
EVT002313,12114,UMB,2026-02-23 09:30,10,Weather,Heavy rain reducing visibility near Ambala Cantt Junction.
EVT002314,12195,ASR,2026-02-06 12:00,31,Infrastructure,Speed restriction due to track renewal work near Amritsar Junction.
EVT002315,12031,LDH,2026-01-29 14:15,59,Crew,Crew shortage reported at Ludhiana Junction link.
EVT002316,12082,GHY,2026-01-20 12:00,13,Weather,"Dense fog conditions near Guwahati, speed restricted."
EVT002317,12123,SUR,2026-01-09 14:30,59,Operational,Late running of connecting rake into Solapur Junction.
EVT002318,12030,CTC,2026-02-23 13:45,31,Passenger,Overcrowding-related boarding delay at Cuttack Junction.
EVT002319,12223,BPL,2026-02-27 10:00,53,Crew,Loco pilot booking-on delay at Bhopal Junction.
EVT002320,12183,GKP,2026-01-25 20:00,1,Operational,Platform congestion at Gorakhpur Junction delaying berthing.
EVT002321,12222,JBP,2026-02-26 01:45,68,Operational,Crossing conflict with another service at Jabalpur Junction.
EVT002322,12003,ST,2026-02-09 19:00,48,Signal,Automatic signalling fault reported at Surat yard.
EVT002323,12187,SDAH,2026-02-25 18:15,11,Operational,Platform congestion at Sealdah delaying berthing.
EVT002324,12132,DLI,2026-01-28 10:15,56,Infrastructure,Track maintenance block in effect near Delhi Junction (Old Delhi).
EVT002325,12092,JP,2026-02-09 09:30,28,Signal,Signal failure near Jaipur Junction causing hold-up.
EVT002326,12097,BSL,2026-02-06 18:30,1,Passenger,Overcrowding-related boarding delay at Bhusaval Junction.
EVT002327,12043,CBE,2026-01-04 07:00,14,Rolling Stock,Coach fault detected during pre-departure check at Coimbatore Junction.
EVT002328,12222,R,2026-02-28 01:45,23,Infrastructure,Track maintenance block in effect near Raipur Junction.
EVT002329,12178,HWH,2026-02-15 02:00,32,Weather,"Dense fog conditions near Howrah Junction, speed restricted."
EVT002330,12106,ERS,2026-02-11 02:15,1,Operational,Late running of connecting rake into Ernakulam Junction.
EVT002331,12248,KGP,2026-01-05 14:15,42,Signal,Signal failure near Kharagpur Junction causing hold-up.
EVT002332,12192,GHY,2026-01-15 16:15,1,Passenger,Passenger chain-pulling incident near Guwahati.
EVT002333,12141,NGP,2026-02-03 18:45,1,Signal,Signal failure near Nagpur Junction causing hold-up.
EVT002334,12258,BCT,2026-01-16 00:15,64,Operational,Late running of connecting rake into Mumbai Central.
EVT002335,12146,COR,2026-01-21 12:00,51,Rolling Stock,Brake power certification delay at Kota Junction.
EVT002336,12097,PNBE,2026-01-07 04:45,40,Signal,Signal failure near Patna Junction causing hold-up.
EVT002337,12134,PURI,2026-02-06 13:30,1,Weather,"Dense fog conditions near Puri, speed restricted."
EVT002338,12313,JP,2026-02-05 08:30,102,Crew,Crew shortage reported at Jaipur Junction link.
EVT002339,12304,MAO,2026-01-23 09:45,74,Infrastructure,Track maintenance block in effect near Madgaon Junction.
EVT002340,12318,JP,2026-02-01 20:00,13,Infrastructure,Speed restriction due to track renewal work near Jaipur Junction.
EVT002341,12190,JBP,2026-01-22 12:45,20,Crew,Crew shortage reported at Jabalpur Junction link.
EVT002342,12115,NGP,2026-03-01 23:00,56,Operational,Crossing conflict with another service at Nagpur Junction.
EVT002343,12200,PRYJ,2026-01-26 03:30,49,Crew,Crew shortage reported at Prayagraj Junction link.
EVT002344,12049,GHY,2026-02-28 21:15,29,Passenger,"Medical emergency on board, halted at Guwahati."
EVT002345,12026,NDLS,2026-02-23 01:30,12,Rolling Stock,"Locomotive failure reported, engine change required at New Delhi."
EVT002346,12178,ERS,2026-02-02 11:30,47,Signal,Points failure at Ernakulam Junction delaying departure.
EVT002347,12234,PRYJ,2026-02-22 15:15,1,Infrastructure,Speed restriction due to track renewal work near Prayagraj Junction.
EVT002348,12049,ADI,2026-02-01 08:15,22,Weather,"Dense fog conditions near Ahmedabad Junction, speed restricted."
EVT002349,12077,NGP,2026-01-21 04:00,1,Crew,Guard unavailability causing hold at Nagpur Junction.
EVT002350,12290,MLDT,2026-01-25 00:00,8,Operational,Platform congestion at Malda Town delaying berthing.
EVT002351,12070,JU,2026-02-28 09:15,35,Rolling Stock,Coach fault detected during pre-departure check at Jodhpur Junction.
EVT002352,12116,NGP,2026-01-05 20:00,1,Signal,Signal failure near Nagpur Junction causing hold-up.
EVT002353,12223,HYB,2026-01-29 06:00,21,Rolling Stock,"Locomotive failure reported, engine change required at Hyderabad Deccan."
EVT002354,12127,GHY,2026-02-04 07:00,13,Weather,"Dense fog conditions near Guwahati, speed restricted."
EVT002355,12189,NDLS,2026-01-01 06:30,1,Infrastructure,Overhead equipment (OHE) tripping reported near New Delhi.
EVT002356,12111,MAS,2026-02-26 05:45,20,Infrastructure,Overhead equipment (OHE) tripping reported near Chennai Central.
EVT002357,12078,SUR,2026-02-28 17:45,2,Rolling Stock,Coach fault detected during pre-departure check at Solapur Junction.
EVT002358,12272,VSKP,2026-01-22 17:00,88,Weather,Heavy rain reducing visibility near Visakhapatnam.
EVT002359,12025,KYN,2026-02-28 22:15,1,Rolling Stock,Brake power certification delay at Kalyan Junction.
EVT002360,12059,KGP,2026-01-24 01:00,17,Rolling Stock,Coach fault detected during pre-departure check at Kharagpur Junction.
EVT002361,12138,ERS,2026-01-22 14:00,71,Weather,High wind speed advisory near Ernakulam Junction affecting running.
EVT002362,12025,BBS,2026-02-28 22:30,26,Rolling Stock,Brake power certification delay at Bhubaneswar.
EVT002363,12054,COR,2026-02-21 03:30,1,Infrastructure,Speed restriction due to track renewal work near Kota Junction.
EVT002364,12058,BBS,2026-01-27 02:30,24,Infrastructure,Overhead equipment (OHE) tripping reported near Bhubaneswar.
EVT002365,12056,TVC,2026-02-28 11:45,77,Signal,Signal failure near Thiruvananthapuram Central causing hold-up.
EVT002366,12202,GKP,2026-02-05 11:30,31,Rolling Stock,Coach fault detected during pre-departure check at Gorakhpur Junction.
EVT002367,12170,NDLS,2026-02-01 15:45,13,Passenger,"Medical emergency on board, halted at New Delhi."
EVT002368,12184,ROU,2026-01-23 19:00,11,Weather,Heavy rain reducing visibility near Rourkela.
EVT002369,12117,SDAH,2026-02-27 17:00,31,Infrastructure,Overhead equipment (OHE) tripping reported near Sealdah.
EVT002370,12092,KYN,2026-01-18 16:30,16,Rolling Stock,Brake power certification delay at Kalyan Junction.
EVT002371,12055,GAYA,2026-01-11 17:15,50,Weather,"Dense fog conditions near Gaya Junction, speed restricted."
EVT002372,12111,MAS,2026-01-04 21:30,44,Rolling Stock,"Locomotive failure reported, engine change required at Chennai Central."
EVT002373,12102,BBS,2026-02-13 06:30,44,Weather,"Dense fog conditions near Bhubaneswar, speed restricted."
EVT002374,12058,VSKP,2026-01-29 00:15,38,Signal,Automatic signalling fault reported at Visakhapatnam yard.
EVT002375,12259,PNBE,2026-02-23 18:15,21,Rolling Stock,Coach fault detected during pre-departure check at Patna Junction.
EVT002376,12087,CSMT,2026-02-19 19:00,56,Signal,Automatic signalling fault reported at Chhatrapati Shivaji Maharaj Terminus yard.
EVT002377,12194,MFP,2026-01-11 05:30,55,Weather,High wind speed advisory near Muzaffarpur Junction affecting running.
EVT002378,12279,MAS,2026-02-03 08:15,25,Weather,Heavy rain reducing visibility near Chennai Central.
EVT002379,12110,BWN,2026-02-01 09:00,15,Weather,High wind speed advisory near Barddhaman Junction affecting running.
EVT002380,12229,ADI,2026-01-02 14:15,64,Rolling Stock,Brake power certification delay at Ahmedabad Junction.
EVT002381,12244,UBL,2026-01-23 13:30,1,Crew,Loco pilot booking-on delay at Hubballi Junction.
EVT002382,12248,HWH,2026-02-24 01:45,49,Crew,Crew shortage reported at Howrah Junction link.
EVT002383,12259,DD,2026-01-08 02:00,26,Infrastructure,Speed restriction due to track renewal work near Daund Junction.
EVT002384,12161,BSP,2026-01-05 18:15,43,Rolling Stock,Coach fault detected during pre-departure check at Bilaspur Junction.
EVT002385,12053,PRYJ,2026-01-20 17:30,3,Operational,Platform congestion at Prayagraj Junction delaying berthing.
EVT002386,12034,CSMT,2026-01-06 21:45,27,Passenger,Passenger chain-pulling incident near Chhatrapati Shivaji Maharaj Terminus.
EVT002387,12194,PNBE,2026-01-14 07:45,45,Weather,High wind speed advisory near Patna Junction affecting running.
EVT002388,12178,MAS,2026-01-07 11:45,44,Signal,Points failure at Chennai Central delaying departure.
EVT002389,12048,JBP,2026-01-20 02:30,18,Rolling Stock,Coach fault detected during pre-departure check at Jabalpur Junction.
EVT002390,12116,BSP,2026-02-27 16:30,8,Rolling Stock,"Locomotive failure reported, engine change required at Bilaspur Junction."
EVT002391,12316,BWN,2026-01-05 00:00,56,Infrastructure,Overhead equipment (OHE) tripping reported near Barddhaman Junction.
EVT002392,12056,AII,2026-02-11 03:30,42,Rolling Stock,Coach fault detected during pre-departure check at Ajmer Junction.
EVT002393,12052,NDLS,2026-02-14 20:30,56,Crew,Loco pilot booking-on delay at New Delhi.
EVT002394,12272,VSKP,2026-02-01 06:45,49,Infrastructure,Speed restriction due to track renewal work near Visakhapatnam.
EVT002395,12018,BWN,2026-01-05 16:00,8,Rolling Stock,Brake power certification delay at Barddhaman Junction.
EVT002396,12131,BSP,2026-02-03 02:45,15,Operational,Late running of connecting rake into Bilaspur Junction.
EVT002397,12159,JP,2026-01-13 20:00,15,Signal,Points failure at Jaipur Junction delaying departure.
EVT002398,12309,PNBE,2026-01-02 09:45,33,Rolling Stock,Coach fault detected during pre-departure check at Patna Junction.
EVT002399,12128,MFP,2026-02-12 00:30,32,Signal,Automatic signalling fault reported at Muzaffarpur Junction yard.
EVT002400,12063,GAYA,2026-01-04 16:00,30,Weather,High wind speed advisory near Gaya Junction affecting running.
EVT002401,12245,DLI,2026-02-22 12:15,58,Infrastructure,Speed restriction due to track renewal work near Delhi Junction (Old Delhi).
EVT002402,12071,AII,2026-01-12 05:15,35,Operational,Crossing conflict with another service at Ajmer Junction.
EVT002403,12113,AGC,2026-02-23 06:15,35,Rolling Stock,Brake power certification delay at Agra Cantt.
EVT002404,12197,SBC,2026-02-07 01:30,23,Signal,Automatic signalling fault reported at KSR Bengaluru City Junction yard.
EVT002405,12119,BPL,2026-02-18 21:30,38,Infrastructure,Overhead equipment (OHE) tripping reported near Bhopal Junction.
EVT002406,12301,SDAH,2026-02-20 11:15,17,Signal,Points failure at Sealdah delaying departure.
EVT002407,12239,BZA,2026-01-13 21:30,21,Infrastructure,Speed restriction due to track renewal work near Vijayawada Junction.
EVT002408,12300,SC,2026-01-27 01:45,52,Infrastructure,Track maintenance block in effect near Secunderabad Junction.
EVT002409,12013,MDU,2026-01-17 00:30,26,Crew,Crew shortage reported at Madurai Junction link.
EVT002410,12132,CSMT,2026-01-08 12:30,15,Weather,Heavy rain reducing visibility near Chhatrapati Shivaji Maharaj Terminus.
EVT002411,12035,KYN,2026-01-24 13:30,44,Weather,High wind speed advisory near Kalyan Junction affecting running.
EVT002412,12025,JP,2026-01-11 22:30,38,Operational,Crossing conflict with another service at Jaipur Junction.
EVT002413,12088,ERS,2026-02-11 18:15,3,Signal,Signal failure near Ernakulam Junction causing hold-up.
EVT002414,12096,MYS,2026-01-24 14:15,46,Infrastructure,Speed restriction due to track renewal work near Mysuru Junction.
EVT002415,12305,PRYJ,2026-02-05 18:15,14,Operational,Platform congestion at Prayagraj Junction delaying berthing.
EVT002416,12166,SUR,2026-01-18 15:30,78,Weather,Heavy rain reducing visibility near Solapur Junction.
EVT002417,12305,PRYJ,2026-01-21 03:15,5,Weather,High wind speed advisory near Prayagraj Junction affecting running.
EVT002418,12262,SDAH,2026-02-12 10:45,36,Operational,Platform congestion at Sealdah delaying berthing.
EVT002419,12274,CTC,2026-01-30 01:15,10,Rolling Stock,"Locomotive failure reported, engine change required at Cuttack Junction."
EVT002420,12001,MAO,2026-02-10 02:15,42,Signal,Signal failure near Madgaon Junction causing hold-up.
EVT002421,12264,KYN,2026-02-20 08:15,40,Rolling Stock,"Locomotive failure reported, engine change required at Kalyan Junction."
EVT002422,12154,NGP,2026-01-14 10:30,71,Weather,High wind speed advisory near Nagpur Junction affecting running.
EVT002423,12169,MFP,2026-02-15 20:15,22,Passenger,Overcrowding-related boarding delay at Muzaffarpur Junction.
EVT002424,12217,HYB,2026-01-13 17:15,58,Crew,Loco pilot booking-on delay at Hyderabad Deccan.
EVT002425,12077,NGP,2026-01-13 10:15,37,Operational,Crossing conflict with another service at Nagpur Junction.
EVT002426,12088,ERS,2026-02-01 06:30,64,Rolling Stock,Coach fault detected during pre-departure check at Ernakulam Junction.
EVT002427,12215,JHS,2026-02-04 23:15,54,Passenger,Overcrowding-related boarding delay at Jhansi Junction.
EVT002428,12130,JP,2026-01-23 15:30,20,Signal,Automatic signalling fault reported at Jaipur Junction yard.
EVT002429,12053,DHN,2026-02-21 06:00,24,Crew,Crew shortage reported at Dhanbad Junction link.
EVT002430,12091,PRYJ,2026-01-09 06:30,21,Signal,Automatic signalling fault reported at Prayagraj Junction yard.
EVT002431,12054,COR,2026-01-15 04:15,43,Signal,Signal failure near Kota Junction causing hold-up.
EVT002432,12284,SDAH,2026-01-07 08:15,1,Operational,Platform congestion at Sealdah delaying berthing.
EVT002433,12209,NGP,2026-02-17 04:00,57,Infrastructure,Overhead equipment (OHE) tripping reported near Nagpur Junction.
EVT002434,12135,DURG,2026-01-31 03:30,60,Infrastructure,Speed restriction due to track renewal work near Durg Junction.
EVT002435,12018,BBS,2026-02-04 14:45,42,Infrastructure,Speed restriction due to track renewal work near Bhubaneswar.
EVT002436,12256,NDLS,2026-02-23 02:00,8,Signal,Points failure at New Delhi delaying departure.
EVT002437,12180,NJP,2026-01-20 05:15,36,Weather,Heavy rain reducing visibility near New Jalpaiguri.
EVT002438,12201,NJP,2026-02-20 08:45,55,Rolling Stock,Brake power certification delay at New Jalpaiguri.
EVT002439,12020,DD,2026-02-15 06:00,1,Infrastructure,Track maintenance block in effect near Daund Junction.
EVT002440,12174,VSKP,2026-01-30 07:15,56,Signal,Signal failure near Visakhapatnam causing hold-up.
EVT002441,12280,DLI,2026-02-05 23:45,22,Rolling Stock,Coach fault detected during pre-departure check at Delhi Junction (Old Delhi).
EVT002442,12082,GHY,2026-02-26 05:15,41,Rolling Stock,Coach fault detected during pre-departure check at Guwahati.
EVT002443,12219,SDAH,2026-02-09 19:45,21,Signal,Points failure at Sealdah delaying departure.
EVT002444,12310,SC,2026-01-24 00:45,13,Crew,Guard unavailability causing hold at Secunderabad Junction.
EVT002445,12287,KYN,2026-02-06 19:15,7,Crew,Guard unavailability causing hold at Kalyan Junction.
EVT002446,12268,NDLS,2026-02-06 20:00,19,Signal,Points failure at New Delhi delaying departure.
EVT002447,12290,MLDT,2026-01-18 12:00,45,Crew,Crew shortage reported at Malda Town link.
EVT002448,12120,BBS,2026-02-14 21:00,1,Signal,Signal failure near Bhubaneswar causing hold-up.
EVT002449,12072,GHY,2026-02-28 10:45,14,Signal,Signal failure near Guwahati causing hold-up.
EVT002450,12231,GHY,2026-01-13 05:45,54,Rolling Stock,"Locomotive failure reported, engine change required at Guwahati."
EVT002451,12066,NGP,2026-01-28 16:45,8,Passenger,Overcrowding-related boarding delay at Nagpur Junction.
EVT002452,12188,ROU,2026-02-17 08:15,16,Crew,Crew shortage reported at Rourkela link.
EVT002453,12045,CSMT,2026-02-14 12:30,66,Signal,Signal failure near Chhatrapati Shivaji Maharaj Terminus causing hold-up.
EVT002454,12156,BAM,2026-02-23 14:15,46,Weather,High wind speed advisory near Brahmapur affecting running.
EVT002455,12206,SBC,2026-01-06 00:30,40,Rolling Stock,Coach fault detected during pre-departure check at KSR Bengaluru City Junction.
EVT002456,12224,JBP,2026-01-03 06:00,1,Signal,Points failure at Jabalpur Junction delaying departure.
EVT002457,12073,SDAH,2026-02-10 17:30,2,Rolling Stock,Brake power certification delay at Sealdah.
EVT002458,12196,HWH,2026-01-13 10:30,46,Rolling Stock,"Locomotive failure reported, engine change required at Howrah Junction."
EVT002459,12130,CTC,2026-02-19 10:15,56,Signal,Points failure at Cuttack Junction delaying departure.
EVT002460,12051,NJP,2026-02-25 17:45,48,Rolling Stock,"Locomotive failure reported, engine change required at New Jalpaiguri."
EVT002461,12217,MAS,2026-02-27 16:00,32,Weather,High wind speed advisory near Chennai Central affecting running.
EVT002462,12022,COR,2026-02-11 18:00,1,Infrastructure,Overhead equipment (OHE) tripping reported near Kota Junction.
EVT002463,12063,GAYA,2026-01-23 01:30,29,Operational,Platform congestion at Gaya Junction delaying berthing.
EVT002464,12040,TVC,2026-01-18 15:30,9,Infrastructure,Speed restriction due to track renewal work near Thiruvananthapuram Central.
EVT002465,12082,NJP,2026-01-17 02:15,66,Weather,Heavy rain reducing visibility near New Jalpaiguri.
EVT002466,12210,PUNE,2026-01-21 22:30,6,Rolling Stock,Brake power certification delay at Pune Junction.
EVT002467,12112,COR,2026-01-14 19:45,43,Crew,Crew shortage reported at Kota Junction link.
EVT002468,12148,ADI,2026-02-04 02:45,14,Infrastructure,Overhead equipment (OHE) tripping reported near Ahmedabad Junction.
EVT002469,12141,BCT,2026-02-14 23:45,32,Rolling Stock,Brake power certification delay at Mumbai Central.
EVT002470,12172,SDAH,2026-01-29 13:15,62,Weather,Heavy rain reducing visibility near Sealdah.
EVT002471,12291,SDAH,2026-01-20 12:45,15,Crew,Crew shortage reported at Sealdah link.
EVT002472,12132,CSMT,2026-02-19 17:00,25,Signal,Points failure at Chhatrapati Shivaji Maharaj Terminus delaying departure.
EVT002473,12249,HWH,2026-02-07 22:00,1,Signal,Points failure at Howrah Junction delaying departure.
EVT002474,12222,COR,2026-02-25 03:30,1,Infrastructure,Speed restriction due to track renewal work near Kota Junction.
EVT002475,12039,SBC,2026-01-29 01:15,19,Rolling Stock,Brake power certification delay at KSR Bengaluru City Junction.
EVT002476,12179,PRYJ,2026-02-01 19:45,15,Infrastructure,Track maintenance block in effect near Prayagraj Junction.
EVT002477,12272,VSKP,2026-02-18 15:30,44,Signal,Points failure at Visakhapatnam delaying departure.
EVT002478,12235,SC,2026-01-13 14:00,19,Passenger,"Medical emergency on board, halted at Secunderabad Junction."
EVT002479,12070,JU,2026-01-02 00:15,21,Weather,Heavy rain reducing visibility near Jodhpur Junction.
EVT002480,12172,MAS,2026-02-28 13:30,46,Rolling Stock,Coach fault detected during pre-departure check at Chennai Central.
EVT002481,12128,MFP,2026-01-05 03:30,49,Operational,Platform congestion at Muzaffarpur Junction delaying berthing.
EVT002482,12304,SBC,2026-02-09 09:30,80,Crew,Crew shortage reported at KSR Bengaluru City Junction link.
EVT002483,12072,GHY,2026-02-26 06:00,37,Weather,High wind speed advisory near Guwahati affecting running.
EVT002484,12314,RTM,2026-02-11 20:30,52,Operational,Late running of connecting rake into Ratlam Junction.
EVT002485,12291,NJP,2026-01-22 06:45,14,Infrastructure,Overhead equipment (OHE) tripping reported near New Jalpaiguri.
EVT002486,12254,CTC,2026-01-20 13:15,49,Infrastructure,Overhead equipment (OHE) tripping reported near Cuttack Junction.
EVT002487,12042,KGP,2026-02-18 20:15,22,Operational,Platform congestion at Kharagpur Junction delaying berthing.
EVT002488,12071,AII,2026-01-14 09:30,44,Infrastructure,Speed restriction due to track renewal work near Ajmer Junction.
EVT002489,12095,JP,2026-01-14 22:30,1,Weather,High wind speed advisory near Jaipur Junction affecting running.
EVT002490,12208,PNBE,2026-01-30 10:15,41,Operational,Late running of connecting rake into Patna Junction.
EVT002491,12113,VSKP,2026-02-13 12:30,15,Signal,Signal failure near Visakhapatnam causing hold-up.
EVT002492,12221,JHS,2026-01-13 22:00,4,Signal,Automatic signalling fault reported at Jhansi Junction yard.
EVT002493,12143,PNBE,2026-01-14 00:45,28,Signal,Automatic signalling fault reported at Patna Junction yard.
EVT002494,12007,AII,2026-01-10 15:00,57,Rolling Stock,"Locomotive failure reported, engine change required at Ajmer Junction."
EVT002495,12137,SBC,2026-01-23 04:45,33,Signal,Points failure at KSR Bengaluru City Junction delaying departure.
EVT002496,12203,NDLS,2026-01-27 09:15,32,Passenger,"Medical emergency on board, halted at New Delhi."
EVT002497,12078,SC,2026-01-17 21:30,51,Signal,Automatic signalling fault reported at Secunderabad Junction yard.
EVT002498,12103,SDAH,2026-02-02 20:45,16,Crew,Guard unavailability causing hold at Sealdah.
EVT002499,12221,JHS,2026-03-01 05:45,2,Weather,High wind speed advisory near Jhansi Junction affecting running.
EVT002500,12263,SC,2026-01-01 02:15,52,Weather,Heavy rain reducing visibility near Secunderabad Junction.
EVT002501,12112,NDLS,2026-02-16 17:15,36,Crew,Crew shortage reported at New Delhi link.
EVT002502,12231,MLDT,2026-01-27 21:45,1,Signal,Signal failure near Malda Town causing hold-up.
EVT002503,12308,ADI,2026-02-09 03:30,20,Rolling Stock,"Locomotive failure reported, engine change required at Ahmedabad Junction."
EVT002504,12157,BSP,2026-01-28 03:45,62,Rolling Stock,Brake power certification delay at Bilaspur Junction.
EVT002505,12021,MYS,2026-02-14 04:45,17,Infrastructure,Track maintenance block in effect near Mysuru Junction.
EVT002506,12214,KYN,2026-02-23 05:45,89,Operational,Late running of connecting rake into Kalyan Junction.
EVT002507,12160,PRYJ,2026-01-01 18:45,26,Rolling Stock,Coach fault detected during pre-departure check at Prayagraj Junction.
EVT002508,12035,KYN,2026-02-09 05:15,39,Operational,Platform congestion at Kalyan Junction delaying berthing.
EVT002509,12172,MAS,2026-02-05 16:30,22,Operational,Platform congestion at Chennai Central delaying berthing.
EVT002510,12216,BPL,2026-01-04 22:15,28,Signal,Automatic signalling fault reported at Bhopal Junction yard.
EVT002511,12247,ERS,2026-01-05 02:15,24,Passenger,Passenger chain-pulling incident near Ernakulam Junction.
EVT002512,12070,JU,2026-02-23 20:15,1,Infrastructure,Track maintenance block in effect near Jodhpur Junction.
EVT002513,12270,PNBE,2026-01-22 22:00,8,Passenger,Overcrowding-related boarding delay at Patna Junction.
EVT002514,12071,SUR,2026-01-03 14:15,54,Weather,Heavy rain reducing visibility near Solapur Junction.
EVT002515,12100,SDAH,2026-01-10 07:15,31,Passenger,Overcrowding-related boarding delay at Sealdah.
EVT002516,12276,MAS,2026-01-05 03:00,70,Weather,Heavy rain reducing visibility near Chennai Central.
EVT002517,12317,VSKP,2026-01-16 17:45,26,Crew,Guard unavailability causing hold at Visakhapatnam.
EVT002518,12080,KGP,2026-01-30 12:45,1,Crew,Guard unavailability causing hold at Kharagpur Junction.
EVT002519,12080,PRYJ,2026-01-12 04:45,3,Rolling Stock,Coach fault detected during pre-departure check at Prayagraj Junction.
EVT002520,12168,BPL,2026-02-13 08:45,1,Infrastructure,Overhead equipment (OHE) tripping reported near Bhopal Junction.
EVT002521,12235,HYB,2026-01-02 12:00,41,Infrastructure,Overhead equipment (OHE) tripping reported near Hyderabad Deccan.
EVT002522,12285,BPL,2026-02-06 19:00,21,Infrastructure,Speed restriction due to track renewal work near Bhopal Junction.
EVT002523,12258,BCT,2026-02-02 02:00,75,Rolling Stock,"Locomotive failure reported, engine change required at Mumbai Central."
EVT002524,12005,KYN,2026-01-18 07:15,44,Signal,Points failure at Kalyan Junction delaying departure.
EVT002525,12061,NDLS,2026-02-18 02:45,2,Operational,Late running of connecting rake into New Delhi.
EVT002526,12210,PUNE,2026-01-02 20:30,14,Operational,Platform congestion at Pune Junction delaying berthing.
EVT002527,12232,MAS,2026-02-25 09:30,9,Operational,Platform congestion at Chennai Central delaying berthing.
EVT002528,12087,NGP,2026-02-23 18:15,20,Signal,Points failure at Nagpur Junction delaying departure.
EVT002529,12285,GHY,2026-01-18 20:30,69,Weather,Heavy rain reducing visibility near Guwahati.
EVT002530,12209,BPL,2026-02-07 06:45,31,Weather,Heavy rain reducing visibility near Bhopal Junction.
EVT002531,12139,CTC,2026-02-25 03:45,27,Signal,Signal failure near Cuttack Junction causing hold-up.
EVT002532,12067,HWH,2026-01-13 15:00,1,Crew,Guard unavailability causing hold at Howrah Junction.
EVT002533,12163,VSKP,2026-01-31 13:15,28,Weather,Heavy rain reducing visibility near Visakhapatnam.
EVT002534,12212,NDLS,2026-02-08 08:00,36,Weather,High wind speed advisory near New Delhi affecting running.
EVT002535,12167,BPL,2026-02-03 11:00,52,Rolling Stock,Coach fault detected during pre-departure check at Bhopal Junction.
EVT002536,12119,BPL,2026-01-05 03:45,8,Crew,Loco pilot booking-on delay at Bhopal Junction.
EVT002537,12142,KGP,2026-01-31 03:15,38,Rolling Stock,"Locomotive failure reported, engine change required at Kharagpur Junction."
EVT002538,12317,BBS,2026-01-07 01:15,12,Passenger,Overcrowding-related boarding delay at Bhubaneswar.
EVT002539,12051,COR,2026-02-13 10:00,37,Rolling Stock,"Locomotive failure reported, engine change required at Kota Junction."
EVT002540,12282,BBS,2026-02-28 03:00,1,Crew,Crew shortage reported at Bhubaneswar link.
EVT002541,12146,COR,2026-01-16 10:45,44,Signal,Points failure at Kota Junction delaying departure.
EVT002542,12083,BCT,2026-01-07 08:00,68,Crew,Guard unavailability causing hold at Mumbai Central.
EVT002543,12058,NDLS,2026-02-21 02:45,31,Signal,Automatic signalling fault reported at New Delhi yard.
EVT002544,12195,NDLS,2026-01-29 03:45,56,Signal,Points failure at New Delhi delaying departure.
EVT002545,12298,SUR,2026-01-18 14:45,55,Rolling Stock,"Locomotive failure reported, engine change required at Solapur Junction."
EVT002546,12279,HYB,2026-01-13 17:15,10,Operational,Crossing conflict with another service at Hyderabad Deccan.
EVT002547,12255,KGP,2026-01-06 00:30,29,Operational,Crossing conflict with another service at Kharagpur Junction.
EVT002548,12119,BZA,2026-02-05 00:15,6,Operational,Late running of connecting rake into Vijayawada Junction.
EVT002549,12084,BCT,2026-01-20 16:15,37,Signal,Automatic signalling fault reported at Mumbai Central yard.
EVT002550,12047,GKP,2026-02-17 07:00,36,Weather,"Dense fog conditions near Gorakhpur Junction, speed restricted."
EVT002551,12151,HYB,2026-01-19 04:30,1,Rolling Stock,Brake power certification delay at Hyderabad Deccan.
EVT002552,12211,JP,2026-03-01 00:00,37,Infrastructure,Track maintenance block in effect near Jaipur Junction.
EVT002553,12302,PNBE,2026-01-16 08:30,23,Rolling Stock,"Locomotive failure reported, engine change required at Patna Junction."
EVT002554,12031,UMB,2026-01-24 02:00,1,Signal,Signal failure near Ambala Cantt Junction causing hold-up.
EVT002555,12022,COR,2026-01-05 15:00,38,Signal,Automatic signalling fault reported at Kota Junction yard.
EVT002556,12054,NDLS,2026-01-26 17:30,1,Weather,"Dense fog conditions near New Delhi, speed restricted."
EVT002557,12159,COR,2026-02-11 00:45,23,Weather,Heavy rain reducing visibility near Kota Junction.
EVT002558,12271,KGP,2026-02-28 02:00,18,Passenger,Overcrowding-related boarding delay at Kharagpur Junction.
EVT002559,12199,MYS,2026-01-17 08:00,57,Rolling Stock,Coach fault detected during pre-departure check at Mysuru Junction.
EVT002560,12189,NDLS,2026-03-01 09:45,63,Signal,Automatic signalling fault reported at New Delhi yard.
EVT002561,12087,NGP,2026-01-13 20:45,34,Passenger,Passenger chain-pulling incident near Nagpur Junction.
EVT002562,12013,COR,2026-01-05 13:00,4,Operational,Late running of connecting rake into Kota Junction.
EVT002563,12139,CTC,2026-02-17 22:15,26,Weather,Heavy rain reducing visibility near Cuttack Junction.
EVT002564,12034,SUR,2026-01-05 14:00,41,Weather,High wind speed advisory near Solapur Junction affecting running.
EVT002565,12199,MAS,2026-02-22 14:15,6,Operational,Platform congestion at Chennai Central delaying berthing.
EVT002566,12279,MAS,2026-02-05 18:15,25,Rolling Stock,Coach fault detected during pre-departure check at Chennai Central.
EVT002567,12262,DLI,2026-01-04 09:45,22,Infrastructure,Track maintenance block in effect near Delhi Junction (Old Delhi).
EVT002568,12187,BSP,2026-02-22 05:45,1,Rolling Stock,Coach fault detected during pre-departure check at Bilaspur Junction.
EVT002569,12198,PNBE,2026-02-13 13:30,46,Rolling Stock,Coach fault detected during pre-departure check at Patna Junction.
EVT002570,12199,SBC,2026-01-22 14:00,18,Rolling Stock,"Locomotive failure reported, engine change required at KSR Bengaluru City Junction."
EVT002571,12060,SBC,2026-02-14 21:00,18,Signal,Points failure at KSR Bengaluru City Junction delaying departure.
EVT002572,12172,MAS,2026-02-06 06:30,30,Crew,Guard unavailability causing hold at Chennai Central.
EVT002573,12216,COR,2026-02-26 13:15,46,Weather,"Dense fog conditions near Kota Junction, speed restricted."
EVT002574,12173,MYS,2026-01-27 02:30,1,Rolling Stock,"Locomotive failure reported, engine change required at Mysuru Junction."
EVT002575,12121,KYN,2026-02-02 20:30,50,Rolling Stock,Brake power certification delay at Kalyan Junction.
EVT002576,12024,SBC,2026-01-05 16:45,1,Crew,Guard unavailability causing hold at KSR Bengaluru City Junction.
EVT002577,12264,MAO,2026-01-14 08:15,30,Operational,Platform congestion at Madgaon Junction delaying berthing.
EVT002578,12303,ASN,2026-02-23 15:30,1,Operational,Platform congestion at Asansol Junction delaying berthing.
EVT002579,12066,NGP,2026-02-15 07:15,29,Operational,Late running of connecting rake into Nagpur Junction.
EVT002580,12278,MYS,2026-01-01 18:00,28,Passenger,"Medical emergency on board, halted at Mysuru Junction."
EVT002581,12003,BBS,2026-01-23 17:30,76,Infrastructure,Speed restriction due to track renewal work near Bhubaneswar.
EVT002582,12290,NJP,2026-01-07 09:00,8,Passenger,"Medical emergency on board, halted at New Jalpaiguri."
EVT002583,12221,MYS,2026-02-05 15:00,43,Weather,High wind speed advisory near Mysuru Junction affecting running.
EVT002584,12306,DLI,2026-02-09 01:15,48,Weather,High wind speed advisory near Delhi Junction (Old Delhi) affecting running.
EVT002585,12236,HWH,2026-01-26 19:00,54,Weather,High wind speed advisory near Howrah Junction affecting running.
EVT002586,12294,ASN,2026-02-18 06:45,31,Signal,Automatic signalling fault reported at Asansol Junction yard.
EVT002587,12271,CBE,2026-02-28 13:00,11,Crew,Loco pilot booking-on delay at Coimbatore Junction.
EVT002588,12099,MDU,2026-02-12 15:00,47,Operational,Crossing conflict with another service at Madurai Junction.
EVT002589,12234,PRYJ,2026-02-06 22:30,1,Infrastructure,Speed restriction due to track renewal work near Prayagraj Junction.
EVT002590,12092,KYN,2026-01-07 11:30,60,Rolling Stock,Brake power certification delay at Kalyan Junction.
EVT002591,12276,SC,2026-01-06 21:30,57,Weather,Heavy rain reducing visibility near Secunderabad Junction.
EVT002592,12070,COR,2026-01-11 14:45,15,Infrastructure,Track maintenance block in effect near Kota Junction.
EVT002593,12185,RTM,2026-03-01 10:00,39,Passenger,"Medical emergency on board, halted at Ratlam Junction."
EVT002594,12220,HWH,2026-02-23 17:00,3,Infrastructure,Speed restriction due to track renewal work near Howrah Junction.
EVT002595,12274,VSKP,2026-02-07 22:30,53,Weather,Heavy rain reducing visibility near Visakhapatnam.
EVT002596,12051,JBP,2026-01-08 18:15,16,Operational,Late running of connecting rake into Jabalpur Junction.
EVT002597,12236,KGP,2026-01-20 05:00,22,Rolling Stock,"Locomotive failure reported, engine change required at Kharagpur Junction."
EVT002598,12123,SUR,2026-02-22 21:30,68,Passenger,Passenger chain-pulling incident near Solapur Junction.
EVT002599,12282,NGP,2026-01-05 09:00,1,Weather,"Dense fog conditions near Nagpur Junction, speed restricted."
EVT002600,12199,SBC,2026-02-04 13:15,17,Infrastructure,Overhead equipment (OHE) tripping reported near KSR Bengaluru City Junction.
EVT002601,12225,NDLS,2026-01-31 07:15,37,Passenger,Passenger chain-pulling incident near New Delhi.
EVT002602,12256,DLI,2026-01-16 09:30,66,Crew,Loco pilot booking-on delay at Delhi Junction (Old Delhi).
EVT002603,12158,MAS,2026-02-18 05:00,18,Weather,High wind speed advisory near Chennai Central affecting running.
EVT002604,12021,MYS,2026-01-21 09:45,82,Operational,Late running of connecting rake into Mysuru Junction.
EVT002605,12214,BBS,2026-01-04 15:00,41,Crew,Guard unavailability causing hold at Bhubaneswar.
EVT002606,12317,BBS,2026-02-16 18:30,1,Weather,"Dense fog conditions near Bhubaneswar, speed restricted."
EVT002607,12228,TVC,2026-01-08 02:00,62,Signal,Signal failure near Thiruvananthapuram Central causing hold-up.
EVT002608,12179,PNBE,2026-01-11 10:45,33,Weather,High wind speed advisory near Patna Junction affecting running.
EVT002609,12203,NDLS,2026-02-08 01:15,69,Signal,Points failure at New Delhi delaying departure.
EVT002610,12013,JP,2026-02-28 18:30,24,Rolling Stock,Coach fault detected during pre-departure check at Jaipur Junction.
EVT002611,12011,MLDT,2026-01-05 11:45,31,Passenger,"Medical emergency on board, halted at Malda Town."
EVT002612,12121,PUNE,2026-01-24 23:45,9,Operational,Platform congestion at Pune Junction delaying berthing.
EVT002613,12254,BCT,2026-01-12 00:15,47,Rolling Stock,"Locomotive failure reported, engine change required at Mumbai Central."
EVT002614,12230,TVC,2026-01-12 17:15,1,Crew,Guard unavailability causing hold at Thiruvananthapuram Central.
EVT002615,12011,NJP,2026-02-11 15:45,70,Infrastructure,Speed restriction due to track renewal work near New Jalpaiguri.
EVT002616,12014,CTC,2026-01-12 00:15,37,Weather,Heavy rain reducing visibility near Cuttack Junction.
EVT002617,12142,HWH,2026-01-15 20:45,45,Operational,Crossing conflict with another service at Howrah Junction.
EVT002618,12187,BSP,2026-02-09 08:45,70,Crew,Loco pilot booking-on delay at Bilaspur Junction.
EVT002619,12279,KGP,2026-02-18 09:30,34,Infrastructure,Track maintenance block in effect near Kharagpur Junction.
EVT002620,12214,GHY,2026-02-08 16:00,41,Operational,Crossing conflict with another service at Guwahati.
EVT002621,12225,MAS,2026-02-20 11:30,16,Rolling Stock,Brake power certification delay at Chennai Central.
EVT002622,12224,JBP,2026-02-22 09:30,14,Rolling Stock,"Locomotive failure reported, engine change required at Jabalpur Junction."
EVT002623,12297,ADI,2026-01-25 17:15,12,Infrastructure,Speed restriction due to track renewal work near Ahmedabad Junction.
EVT002624,12315,MAS,2026-01-24 02:45,35,Crew,Loco pilot booking-on delay at Chennai Central.
EVT002625,12073,NDLS,2026-01-21 03:00,1,Weather,High wind speed advisory near New Delhi affecting running.
EVT002626,12239,BZA,2026-01-16 08:00,33,Crew,Loco pilot booking-on delay at Vijayawada Junction.
EVT002627,12145,JU,2026-01-29 13:15,16,Operational,Late running of connecting rake into Jodhpur Junction.
EVT002628,12228,JP,2026-01-02 06:00,6,Weather,High wind speed advisory near Jaipur Junction affecting running.
EVT002629,12274,NDLS,2026-01-12 15:45,92,Operational,Late running of connecting rake into New Delhi.
EVT002630,12214,BCT,2026-02-12 17:45,29,Operational,Crossing conflict with another service at Mumbai Central.
EVT002631,12144,MAS,2026-02-14 00:30,51,Operational,Crossing conflict with another service at Chennai Central.
EVT002632,12273,AGC,2026-01-10 02:45,23,Rolling Stock,"Locomotive failure reported, engine change required at Agra Cantt."
EVT002633,12134,NDLS,2026-02-24 10:00,63,Rolling Stock,Coach fault detected during pre-departure check at New Delhi.
EVT002634,12119,BZA,2026-01-19 02:15,51,Signal,Points failure at Vijayawada Junction delaying departure.
EVT002635,12266,BPL,2026-02-09 01:45,1,Weather,High wind speed advisory near Bhopal Junction affecting running.
EVT002636,12260,PRYJ,2026-01-07 20:30,29,Infrastructure,Overhead equipment (OHE) tripping reported near Prayagraj Junction.
EVT002637,12209,SUR,2026-02-21 23:30,37,Signal,Points failure at Solapur Junction delaying departure.
EVT002638,12121,KYN,2026-01-03 03:30,1,Rolling Stock,Coach fault detected during pre-departure check at Kalyan Junction.
EVT002639,12084,NGP,2026-01-25 11:30,41,Rolling Stock,"Locomotive failure reported, engine change required at Nagpur Junction."
EVT002640,12307,BCT,2026-02-05 14:15,36,Weather,"Dense fog conditions near Mumbai Central, speed restricted."
EVT002641,12058,VSKP,2026-01-12 05:45,68,Crew,Guard unavailability causing hold at Visakhapatnam.
EVT002642,12063,GAYA,2026-01-06 16:00,75,Infrastructure,Track maintenance block in effect near Gaya Junction.
EVT002643,12073,NDLS,2026-02-16 17:30,23,Weather,"Dense fog conditions near New Delhi, speed restricted."
EVT002644,12161,PRYJ,2026-01-24 14:45,25,Operational,Platform congestion at Prayagraj Junction delaying berthing.
EVT002645,12148,JBP,2026-02-26 19:00,39,Weather,Heavy rain reducing visibility near Jabalpur Junction.
EVT002646,12065,NDLS,2026-01-05 17:15,42,Weather,"Dense fog conditions near New Delhi, speed restricted."
EVT002647,12199,SBC,2026-01-16 11:00,64,Passenger,Overcrowding-related boarding delay at KSR Bengaluru City Junction.
EVT002648,12139,VSKP,2026-02-22 15:15,28,Weather,Heavy rain reducing visibility near Visakhapatnam.
EVT002649,12295,HWH,2026-01-22 13:15,22,Rolling Stock,Coach fault detected during pre-departure check at Howrah Junction.
EVT002650,12054,COR,2026-01-30 01:15,48,Weather,"Dense fog conditions near Kota Junction, speed restricted."
EVT002651,12153,VSKP,2026-02-04 19:00,7,Passenger,Overcrowding-related boarding delay at Visakhapatnam.
EVT002652,12031,LDH,2026-02-22 00:30,26,Rolling Stock,Coach fault detected during pre-departure check at Ludhiana Junction.
EVT002653,12268,DLI,2026-02-24 13:30,35,Operational,Crossing conflict with another service at Delhi Junction (Old Delhi).
EVT002654,12169,MFP,2026-03-01 18:45,17,Operational,Platform congestion at Muzaffarpur Junction delaying berthing.
EVT002655,12137,SBC,2026-01-16 02:15,1,Passenger,Overcrowding-related boarding delay at KSR Bengaluru City Junction.
EVT002656,12271,KGP,2026-01-09 21:00,70,Infrastructure,Speed restriction due to track renewal work near Kharagpur Junction.
EVT002657,12088,BBS,2026-01-03 18:00,30,Infrastructure,Speed restriction due to track renewal work near Bhubaneswar.
EVT002658,12040,TVC,2026-01-12 02:30,62,Signal,Points failure at Thiruvananthapuram Central delaying departure.
EVT002659,12049,ST,2026-01-25 16:30,19,Weather,Heavy rain reducing visibility near Surat.
EVT002660,12166,NGP,2026-02-15 12:30,29,Passenger,Passenger chain-pulling incident near Nagpur Junction.
EVT002661,12117,BPL,2026-01-29 15:45,35,Signal,Automatic signalling fault reported at Bhopal Junction yard.
EVT002662,12039,RTM,2026-01-03 06:15,1,Signal,Signal failure near Ratlam Junction causing hold-up.
EVT002663,12220,BWN,2026-02-02 23:30,18,Rolling Stock,"Locomotive failure reported, engine change required at Barddhaman Junction."
EVT002664,12082,SDAH,2026-01-17 17:30,79,Rolling Stock,Coach fault detected during pre-departure check at Sealdah.
EVT002665,12139,BZA,2026-01-14 04:15,37,Infrastructure,Track maintenance block in effect near Vijayawada Junction.
EVT002666,12278,BPL,2026-01-23 08:15,1,Weather,"Dense fog conditions near Bhopal Junction, speed restricted."
EVT002667,12222,BSP,2026-01-22 17:15,52,Crew,Crew shortage reported at Bilaspur Junction link.
EVT002668,12317,BBS,2026-01-18 10:45,37,Operational,Late running of connecting rake into Bhubaneswar.
EVT002669,12076,SC,2026-02-12 02:15,41,Infrastructure,Overhead equipment (OHE) tripping reported near Secunderabad Junction.
EVT002670,12187,PRYJ,2026-02-09 16:15,37,Crew,Guard unavailability causing hold at Prayagraj Junction.
EVT002671,12315,HWH,2026-01-18 03:15,61,Weather,"Dense fog conditions near Howrah Junction, speed restricted."
EVT002672,12239,VSKP,2026-01-29 01:45,34,Weather,"Dense fog conditions near Visakhapatnam, speed restricted."
EVT002673,12317,KGP,2026-02-11 05:30,65,Weather,"Dense fog conditions near Kharagpur Junction, speed restricted."
EVT002674,12175,COR,2026-01-31 10:45,23,Weather,Heavy rain reducing visibility near Kota Junction.
EVT002675,12052,NDLS,2026-01-27 16:45,1,Passenger,Passenger chain-pulling incident near New Delhi.
EVT002676,12059,TVC,2026-01-20 05:45,59,Signal,Automatic signalling fault reported at Thiruvananthapuram Central yard.
EVT002677,12162,JP,2026-01-18 13:30,13,Weather,"Dense fog conditions near Jaipur Junction, speed restricted."
EVT002678,12262,HWH,2026-02-21 00:00,37,Weather,Heavy rain reducing visibility near Howrah Junction.
EVT002679,12177,KGP,2026-01-25 06:15,1,Weather,High wind speed advisory near Kharagpur Junction affecting running.
EVT002680,12242,PRYJ,2026-01-12 15:00,29,Signal,Points failure at Prayagraj Junction delaying departure.
EVT002681,12079,DURG,2026-01-16 17:45,32,Infrastructure,Track maintenance block in effect near Durg Junction.
EVT002682,12264,KYN,2026-02-01 07:45,31,Crew,Loco pilot booking-on delay at Kalyan Junction.
EVT002683,12157,BSP,2026-02-22 10:00,64,Operational,Late running of connecting rake into Bilaspur Junction.
EVT002684,12059,KGP,2026-02-12 20:30,39,Passenger,Passenger chain-pulling incident near Kharagpur Junction.
EVT002685,12122,HYB,2026-01-02 05:00,38,Rolling Stock,"Locomotive failure reported, engine change required at Hyderabad Deccan."
EVT002686,12061,VSKP,2026-02-02 15:00,50,Operational,Late running of connecting rake into Visakhapatnam.
EVT002687,12022,COR,2026-01-04 11:15,40,Signal,Signal failure near Kota Junction causing hold-up.
EVT002688,12085,SDAH,2026-01-16 18:30,18,Crew,Loco pilot booking-on delay at Sealdah.
EVT002689,12025,AII,2026-01-05 14:00,55,Crew,Crew shortage reported at Ajmer Junction link.
EVT002690,12047,GKP,2026-02-04 05:30,34,Rolling Stock,Coach fault detected during pre-departure check at Gorakhpur Junction.
EVT002691,12180,ADI,2026-02-27 15:15,22,Crew,Guard unavailability causing hold at Ahmedabad Junction.
EVT002692,12022,COR,2026-01-21 01:45,1,Rolling Stock,Brake power certification delay at Kota Junction.
EVT002693,12271,MAS,2026-02-19 01:15,3,Weather,"Dense fog conditions near Chennai Central, speed restricted."
EVT002694,12100,PUNE,2026-01-16 11:00,59,Rolling Stock,"Locomotive failure reported, engine change required at Pune Junction."
EVT002695,12156,COR,2026-01-13 04:45,76,Operational,Platform congestion at Kota Junction delaying berthing.
EVT002696,12178,BWN,2026-01-18 02:45,34,Passenger,Overcrowding-related boarding delay at Barddhaman Junction.
EVT002697,12131,MAS,2026-01-20 12:45,28,Passenger,"Medical emergency on board, halted at Chennai Central."
EVT002698,12239,DLI,2026-03-01 21:30,3,Passenger,"Medical emergency on board, halted at Delhi Junction (Old Delhi)."
EVT002699,12314,COR,2026-01-20 00:00,23,Operational,Platform congestion at Kota Junction delaying berthing.
EVT002700,12006,NDLS,2026-01-14 14:30,68,Weather,Heavy rain reducing visibility near New Delhi.
EVT002701,12229,ADI,2026-01-31 07:15,29,Infrastructure,Track maintenance block in effect near Ahmedabad Junction.
EVT002702,12092,JP,2026-02-16 21:15,25,Infrastructure,Track maintenance block in effect near Jaipur Junction.
EVT002703,12246,PRYJ,2026-01-10 06:15,59,Passenger,"Medical emergency on board, halted at Prayagraj Junction."
EVT002704,12168,BPL,2026-01-18 03:45,9,Signal,Automatic signalling fault reported at Bhopal Junction yard.
EVT002705,12207,DLI,2026-01-28 02:00,121,Rolling Stock,Brake power certification delay at Delhi Junction (Old Delhi).
EVT002706,12025,BBS,2026-01-23 19:00,29,Signal,Signal failure near Bhubaneswar causing hold-up.
EVT002707,12271,MAS,2026-02-08 07:15,17,Rolling Stock,Brake power certification delay at Chennai Central.
EVT002708,12105,BBS,2026-02-06 02:30,14,Crew,Crew shortage reported at Bhubaneswar link.
EVT002709,12065,NDLS,2026-02-28 07:00,14,Operational,Crossing conflict with another service at New Delhi.
EVT002710,12177,NJP,2026-02-03 01:00,10,Rolling Stock,Brake power certification delay at New Jalpaiguri.
EVT002711,12246,PRYJ,2026-02-14 06:00,18,Crew,Guard unavailability causing hold at Prayagraj Junction.
EVT002712,12114,SBC,2026-01-09 06:45,48,Weather,Heavy rain reducing visibility near KSR Bengaluru City Junction.
EVT002713,12275,NDLS,2026-01-21 00:00,1,Infrastructure,Speed restriction due to track renewal work near New Delhi.
EVT002714,12101,PNBE,2026-01-16 16:30,67,Crew,Guard unavailability causing hold at Patna Junction.
EVT002715,12152,PUNE,2026-01-15 05:45,44,Signal,Points failure at Pune Junction delaying departure.
EVT002716,12143,SBC,2026-01-05 15:45,24,Rolling Stock,"Locomotive failure reported, engine change required at KSR Bengaluru City Junction."
EVT002717,12117,SDAH,2026-01-28 11:15,25,Operational,Crossing conflict with another service at Sealdah.
EVT002718,12022,COR,2026-02-16 18:45,22,Infrastructure,Track maintenance block in effect near Kota Junction.
EVT002719,12094,COR,2026-01-10 12:15,36,Crew,Guard unavailability causing hold at Kota Junction.
EVT002720,12246,LDH,2026-02-24 23:00,33,Infrastructure,Overhead equipment (OHE) tripping reported near Ludhiana Junction.
EVT002721,12011,MLDT,2026-01-01 19:30,1,Signal,Automatic signalling fault reported at Malda Town yard.
EVT002722,12206,MAS,2026-01-06 23:15,48,Passenger,Overcrowding-related boarding delay at Chennai Central.
EVT002723,12295,BSP,2026-01-21 16:45,9,Operational,Crossing conflict with another service at Bilaspur Junction.
EVT002724,12112,UMB,2026-01-16 00:45,1,Crew,Loco pilot booking-on delay at Ambala Cantt Junction.
EVT002725,12114,COR,2026-02-07 04:45,50,Weather,High wind speed advisory near Kota Junction affecting running.
EVT002726,12048,BPL,2026-01-08 21:45,89,Weather,"Dense fog conditions near Bhopal Junction, speed restricted."
EVT002727,12202,PNBE,2026-01-18 18:45,29,Rolling Stock,Coach fault detected during pre-departure check at Patna Junction.
EVT002728,12086,VSKP,2026-02-21 18:15,51,Signal,Automatic signalling fault reported at Visakhapatnam yard.
EVT002729,12175,BZA,2026-02-23 11:00,45,Passenger,Overcrowding-related boarding delay at Vijayawada Junction.
EVT002730,12282,NGP,2026-01-26 20:15,35,Rolling Stock,Coach fault detected during pre-departure check at Nagpur Junction.
EVT002731,12148,JBP,2026-02-03 11:15,34,Signal,Automatic signalling fault reported at Jabalpur Junction yard.
EVT002732,12285,ADI,2026-02-28 02:15,24,Crew,Loco pilot booking-on delay at Ahmedabad Junction.
EVT002733,12083,BCT,2026-02-02 06:30,80,Rolling Stock,"Locomotive failure reported, engine change required at Mumbai Central."
EVT002734,12254,CTC,2026-02-10 06:15,10,Passenger,Overcrowding-related boarding delay at Cuttack Junction.
EVT002735,12040,PUNE,2026-02-27 15:45,8,Crew,Guard unavailability causing hold at Pune Junction.
EVT002736,12048,JBP,2026-01-19 01:15,48,Signal,Signal failure near Jabalpur Junction causing hold-up.
EVT002737,12251,PRYJ,2026-01-30 08:00,49,Infrastructure,Overhead equipment (OHE) tripping reported near Prayagraj Junction.
EVT002738,12314,COR,2026-02-10 16:00,38,Crew,Crew shortage reported at Kota Junction link.
EVT002739,12031,LDH,2026-01-16 01:15,37,Passenger,Overcrowding-related boarding delay at Ludhiana Junction.
EVT002740,12060,JBP,2026-02-07 00:30,22,Passenger,Passenger chain-pulling incident near Jabalpur Junction.
EVT002741,12040,TVC,2026-02-19 20:15,67,Weather,Heavy rain reducing visibility near Thiruvananthapuram Central.
EVT002742,12181,GHY,2026-02-25 23:00,1,Weather,High wind speed advisory near Guwahati affecting running.
EVT002743,12076,SBC,2026-01-16 20:45,48,Passenger,Overcrowding-related boarding delay at KSR Bengaluru City Junction.
EVT002744,12215,COR,2026-01-25 02:30,22,Infrastructure,Overhead equipment (OHE) tripping reported near Kota Junction.
EVT002745,12287,KYN,2026-02-04 23:15,3,Operational,Platform congestion at Kalyan Junction delaying berthing.
EVT002746,12203,PRYJ,2026-02-18 14:30,57,Infrastructure,Overhead equipment (OHE) tripping reported near Prayagraj Junction.
EVT002747,12022,COR,2026-02-02 14:00,41,Operational,Late running of connecting rake into Kota Junction.
EVT002748,12094,BSP,2026-02-18 00:15,27,Weather,Heavy rain reducing visibility near Bilaspur Junction.
EVT002749,12267,BBS,2026-01-08 18:45,29,Signal,Points failure at Bhubaneswar delaying departure.
EVT002750,12297,ADI,2026-01-05 04:45,6,Crew,Loco pilot booking-on delay at Ahmedabad Junction.
EVT002751,12210,PUNE,2026-02-06 18:15,59,Weather,High wind speed advisory near Pune Junction affecting running.
EVT002752,12234,PRYJ,2026-01-02 21:45,57,Rolling Stock,Brake power certification delay at Prayagraj Junction.
EVT002753,12192,ADI,2026-02-04 23:45,47,Rolling Stock,Coach fault detected during pre-departure check at Ahmedabad Junction.
EVT002754,12305,ASR,2026-01-21 19:45,18,Rolling Stock,Coach fault detected during pre-departure check at Amritsar Junction.
EVT002755,12222,COR,2026-02-02 00:00,7,Infrastructure,Overhead equipment (OHE) tripping reported near Kota Junction.
EVT002756,12162,KYN,2026-01-27 16:15,1,Weather,Heavy rain reducing visibility near Kalyan Junction.
EVT002757,12127,GHY,2026-01-16 08:45,39,Rolling Stock,Coach fault detected during pre-departure check at Guwahati.
EVT002758,12047,GHY,2026-01-12 13:45,14,Weather,High wind speed advisory near Guwahati affecting running.
EVT002759,12256,DLI,2026-02-11 17:30,4,Passenger,"Medical emergency on board, halted at Delhi Junction (Old Delhi)."
EVT002760,12206,MAS,2026-02-18 11:15,38,Weather,Heavy rain reducing visibility near Chennai Central.
EVT002761,12235,BCT,2026-01-01 20:30,42,Operational,Late running of connecting rake into Mumbai Central.
EVT002762,12224,COR,2026-01-11 20:00,44,Crew,Crew shortage reported at Kota Junction link.
EVT002763,12080,NDLS,2026-02-25 15:45,5,Weather,High wind speed advisory near New Delhi affecting running.
EVT002764,12111,MDU,2026-02-04 06:45,65,Crew,Guard unavailability causing hold at Madurai Junction.
EVT002765,12016,GHY,2026-02-14 21:00,21,Crew,Loco pilot booking-on delay at Guwahati.
EVT002766,12065,DLI,2026-02-11 02:30,25,Weather,High wind speed advisory near Delhi Junction (Old Delhi) affecting running.
EVT002767,12144,MAS,2026-02-22 15:30,27,Passenger,"Medical emergency on board, halted at Chennai Central."
EVT002768,12001,KYN,2026-02-26 09:45,39,Crew,Loco pilot booking-on delay at Kalyan Junction.
EVT002769,12063,GAYA,2026-02-09 16:30,30,Weather,High wind speed advisory near Gaya Junction affecting running.
EVT002770,12193,ROU,2026-01-28 11:00,15,Infrastructure,Speed restriction due to track renewal work near Rourkela.
EVT002771,12128,MFP,2026-02-14 12:45,54,Rolling Stock,"Locomotive failure reported, engine change required at Muzaffarpur Junction."
EVT002772,12136,CSMT,2026-01-25 05:45,59,Crew,Crew shortage reported at Chhatrapati Shivaji Maharaj Terminus link.
EVT002773,12042,DURG,2026-02-25 12:45,37,Weather,"Dense fog conditions near Durg Junction, speed restricted."
EVT002774,12031,UMB,2026-02-09 02:45,39,Weather,Heavy rain reducing visibility near Ambala Cantt Junction.
EVT002775,12237,JBP,2026-02-06 19:15,38,Signal,Points failure at Jabalpur Junction delaying departure.
EVT002776,12023,ASR,2026-02-28 16:00,1,Passenger,Passenger chain-pulling incident near Amritsar Junction.
EVT002777,12088,BBS,2026-01-26 01:30,63,Infrastructure,Track maintenance block in effect near Bhubaneswar.
EVT002778,12097,BSL,2026-01-07 20:00,28,Infrastructure,Overhead equipment (OHE) tripping reported near Bhusaval Junction.
EVT002779,12121,BZA,2026-01-17 02:30,82,Signal,Automatic signalling fault reported at Vijayawada Junction yard.
EVT002780,12176,JHS,2026-01-06 05:15,22,Infrastructure,Track maintenance block in effect near Jhansi Junction.
EVT002781,12174,MAS,2026-01-20 23:00,1,Crew,Loco pilot booking-on delay at Chennai Central.
EVT002782,12210,PUNE,2026-02-14 06:45,67,Infrastructure,Track maintenance block in effect near Pune Junction.
EVT002783,12119,BZA,2026-01-02 01:45,21,Rolling Stock,Coach fault detected during pre-departure check at Vijayawada Junction.
EVT002784,12134,NDLS,2026-02-27 10:00,53,Infrastructure,Track maintenance block in effect near New Delhi.
EVT002785,12290,MAS,2026-01-02 12:45,32,Rolling Stock,Brake power certification delay at Chennai Central.
EVT002786,12218,MYS,2026-02-19 21:45,49,Passenger,"Medical emergency on board, halted at Mysuru Junction."
EVT002787,12259,GKP,2026-01-20 10:15,41,Signal,Automatic signalling fault reported at Gorakhpur Junction yard.
EVT002788,12141,BCT,2026-01-18 18:00,13,Operational,Late running of connecting rake into Mumbai Central.
EVT002789,12161,BSP,2026-01-17 06:30,34,Rolling Stock,Brake power certification delay at Bilaspur Junction.
EVT002790,12038,PNBE,2026-01-03 12:15,30,Crew,Guard unavailability causing hold at Patna Junction.
EVT002791,12078,SC,2026-01-07 06:15,13,Weather,"Dense fog conditions near Secunderabad Junction, speed restricted."
EVT002792,12043,MAS,2026-02-09 20:00,10,Signal,Signal failure near Chennai Central causing hold-up.
EVT002793,12219,BAM,2026-02-18 07:30,46,Operational,Crossing conflict with another service at Brahmapur.
EVT002794,12013,COR,2026-01-07 18:15,18,Weather,High wind speed advisory near Kota Junction affecting running.
EVT002795,12008,MAO,2026-02-24 06:15,1,Signal,Points failure at Madgaon Junction delaying departure.
EVT002796,12077,BCT,2026-02-21 12:15,1,Infrastructure,Overhead equipment (OHE) tripping reported near Mumbai Central.
EVT002797,12298,SUR,2026-02-17 03:00,7,Signal,Points failure at Solapur Junction delaying departure.
EVT002798,12311,KGP,2026-02-06 23:00,22,Weather,Heavy rain reducing visibility near Kharagpur Junction.
EVT002799,12261,HWH,2026-01-02 13:15,30,Weather,Heavy rain reducing visibility near Howrah Junction.
EVT002800,12272,MAS,2026-02-28 20:15,28,Crew,Loco pilot booking-on delay at Chennai Central.
EVT002801,12186,MLDT,2026-01-26 03:45,3,Rolling Stock,"Locomotive failure reported, engine change required at Malda Town."
EVT002802,12251,R,2026-01-07 15:15,17,Passenger,Overcrowding-related boarding delay at Raipur Junction.
EVT002803,12076,SC,2026-01-08 07:15,52,Infrastructure,Overhead equipment (OHE) tripping reported near Secunderabad Junction.
EVT002804,12105,BBS,2026-01-16 11:45,27,Operational,Platform congestion at Bhubaneswar delaying berthing.
EVT002805,12278,MYS,2026-01-23 22:00,44,Rolling Stock,Coach fault detected during pre-departure check at Mysuru Junction.
EVT002806,12014,NJP,2026-01-18 14:45,46,Infrastructure,Track maintenance block in effect near New Jalpaiguri.
EVT002807,12219,VSKP,2026-01-05 17:15,14,Signal,Automatic signalling fault reported at Visakhapatnam yard.
EVT002808,12146,SDAH,2026-02-22 03:45,3,Crew,Crew shortage reported at Sealdah link.
EVT002809,12192,ADI,2026-02-24 20:30,60,Crew,Guard unavailability causing hold at Ahmedabad Junction.
EVT002810,12224,JU,2026-02-15 05:15,30,Infrastructure,Track maintenance block in effect near Jodhpur Junction.
EVT002811,12070,JU,2026-02-25 17:15,4,Signal,Automatic signalling fault reported at Jodhpur Junction yard.
EVT002812,12262,SDAH,2026-01-22 08:00,41,Signal,Automatic signalling fault reported at Sealdah yard.
EVT002813,12175,BPL,2026-02-04 08:45,40,Operational,Crossing conflict with another service at Bhopal Junction.
EVT002814,12312,BCT,2026-01-30 09:00,1,Infrastructure,Overhead equipment (OHE) tripping reported near Mumbai Central.
EVT002815,12217,MAS,2026-01-30 18:30,29,Infrastructure,Speed restriction due to track renewal work near Chennai Central.
EVT002816,12017,LDH,2026-01-12 11:15,32,Weather,Heavy rain reducing visibility near Ludhiana Junction.
EVT002817,12296,AGC,2026-02-12 17:15,24,Weather,"Dense fog conditions near Agra Cantt, speed restricted."
EVT002818,12191,JP,2026-02-07 11:30,77,Crew,Crew shortage reported at Jaipur Junction link.
EVT002819,12281,DLI,2026-02-21 08:45,9,Weather,Heavy rain reducing visibility near Delhi Junction (Old Delhi).
EVT002820,12278,RTM,2026-01-21 21:45,36,Signal,Signal failure near Ratlam Junction causing hold-up.
EVT002821,12219,NDLS,2026-02-15 13:15,30,Signal,Signal failure near New Delhi causing hold-up.
EVT002822,12013,COR,2026-02-23 14:45,29,Infrastructure,Track maintenance block in effect near Kota Junction.
EVT002823,12132,TVC,2026-01-19 16:30,2,Operational,Late running of connecting rake into Thiruvananthapuram Central.
EVT002824,12066,BCT,2026-01-12 16:15,21,Signal,Signal failure near Mumbai Central causing hold-up.
EVT002825,12165,BCT,2026-02-05 01:15,35,Rolling Stock,"Locomotive failure reported, engine change required at Mumbai Central."
EVT002826,12242,PUNE,2026-01-01 19:15,36,Crew,Crew shortage reported at Pune Junction link.
EVT002827,12018,MLDT,2026-01-01 20:30,8,Passenger,Passenger chain-pulling incident near Malda Town.
EVT002828,12100,NDLS,2026-01-17 15:00,57,Rolling Stock,"Locomotive failure reported, engine change required at New Delhi."
EVT002829,12025,AII,2026-02-07 18:00,51,Signal,Signal failure near Ajmer Junction causing hold-up.
EVT002830,12161,PRYJ,2026-02-20 21:15,5,Signal,Signal failure near Prayagraj Junction causing hold-up.
EVT002831,12245,NGP,2026-02-23 14:15,44,Crew,Loco pilot booking-on delay at Nagpur Junction.
EVT002832,12313,GHY,2026-02-12 08:15,1,Passenger,Passenger chain-pulling incident near Guwahati.
EVT002833,12220,BWN,2026-01-04 17:00,36,Signal,Points failure at Barddhaman Junction delaying departure.
EVT002834,12239,NDLS,2026-01-01 07:45,43,Weather,High wind speed advisory near New Delhi affecting running.
EVT002835,12053,AII,2026-02-04 10:15,1,Signal,Automatic signalling fault reported at Ajmer Junction yard.
EVT002836,12195,ASR,2026-02-27 17:30,73,Crew,Guard unavailability causing hold at Amritsar Junction.
EVT002837,12082,MLDT,2026-01-06 05:15,2,Signal,Points failure at Malda Town delaying departure.
EVT002838,12261,HWH,2026-01-03 00:45,83,Operational,Late running of connecting rake into Howrah Junction.
EVT002839,12148,ADI,2026-01-08 11:00,63,Infrastructure,Track maintenance block in effect near Ahmedabad Junction.
EVT002840,12207,CSMT,2026-02-02 23:45,57,Passenger,Passenger chain-pulling incident near Chhatrapati Shivaji Maharaj Terminus.
EVT002841,12241,BZA,2026-02-19 00:00,1,Weather,Heavy rain reducing visibility near Vijayawada Junction.
EVT002842,12161,PRYJ,2026-02-02 08:15,1,Crew,Loco pilot booking-on delay at Prayagraj Junction.
EVT002843,12117,NDLS,2026-01-29 17:45,1,Signal,Points failure at New Delhi delaying departure.
EVT002844,12251,BSP,2026-02-12 05:30,15,Rolling Stock,Brake power certification delay at Bilaspur Junction.
EVT002845,12317,KGP,2026-02-01 02:30,31,Operational,Crossing conflict with another service at Kharagpur Junction.
EVT002846,12254,CTC,2026-01-06 19:00,7,Signal,Points failure at Cuttack Junction delaying departure.
EVT002847,12024,MAS,2026-02-27 11:15,38,Rolling Stock,"Locomotive failure reported, engine change required at Chennai Central."
EVT002848,12240,MAS,2026-01-01 10:00,75,Infrastructure,Overhead equipment (OHE) tripping reported near Chennai Central.
EVT002849,12164,CSMT,2026-01-28 13:15,62,Operational,Platform congestion at Chhatrapati Shivaji Maharaj Terminus delaying berthing.
EVT002850,12139,BZA,2026-01-30 01:45,14,Infrastructure,Track maintenance block in effect near Vijayawada Junction.
EVT002851,12032,COR,2026-01-08 22:30,86,Infrastructure,Speed restriction due to track renewal work near Kota Junction.
EVT002852,12131,R,2026-01-08 19:15,1,Weather,High wind speed advisory near Raipur Junction affecting running.
EVT002853,12197,SBC,2026-01-15 12:45,15,Weather,"Dense fog conditions near KSR Bengaluru City Junction, speed restricted."
EVT002854,12156,PURI,2026-01-15 02:15,54,Signal,Automatic signalling fault reported at Puri yard.
EVT002855,12135,DURG,2026-02-06 17:00,28,Operational,Platform congestion at Durg Junction delaying berthing.
EVT002856,12055,PNBE,2026-01-16 17:15,1,Operational,Platform congestion at Patna Junction delaying berthing.
EVT002857,12140,SC,2026-01-17 18:30,42,Infrastructure,Track maintenance block in effect near Secunderabad Junction.
EVT002858,12263,UBL,2026-02-02 03:45,49,Weather,High wind speed advisory near Hubballi Junction affecting running.
EVT002859,12169,MFP,2026-01-23 09:15,63,Infrastructure,Overhead equipment (OHE) tripping reported near Muzaffarpur Junction.
EVT002860,12296,PRYJ,2026-01-03 20:15,28,Operational,Crossing conflict with another service at Prayagraj Junction.
EVT002861,12187,SDAH,2026-01-02 09:30,1,Weather,Heavy rain reducing visibility near Sealdah.
EVT002862,12268,DLI,2026-01-05 01:00,22,Weather,"Dense fog conditions near Delhi Junction (Old Delhi), speed restricted."
EVT002863,12300,CSMT,2026-02-14 06:15,1,Rolling Stock,"Locomotive failure reported, engine change required at Chhatrapati Shivaji Maharaj Terminus."
EVT002864,12043,BCT,2026-02-18 05:45,21,Rolling Stock,Coach fault detected during pre-departure check at Mumbai Central.
EVT002865,12147,UBL,2026-01-04 14:30,39,Passenger,Passenger chain-pulling incident near Hubballi Junction.
EVT002866,12172,MS,2026-02-06 00:45,14,Passenger,"Medical emergency on board, halted at Chennai Egmore."
EVT002867,12010,BSL,2026-02-06 03:45,21,Signal,Points failure at Bhusaval Junction delaying departure.
EVT002868,12192,ADI,2026-02-21 10:15,38,Signal,Signal failure near Ahmedabad Junction causing hold-up.
EVT002869,12276,MAS,2026-01-18 11:30,26,Infrastructure,Speed restriction due to track renewal work near Chennai Central.
EVT002870,12272,NDLS,2026-01-06 16:30,9,Crew,Guard unavailability causing hold at New Delhi.
EVT002871,12222,JBP,2026-01-16 08:45,4,Weather,High wind speed advisory near Jabalpur Junction affecting running.
EVT002872,12054,VSKP,2026-01-27 16:00,75,Signal,Signal failure near Visakhapatnam causing hold-up.
EVT002873,12240,MAS,2026-01-25 22:15,8,Operational,Platform congestion at Chennai Central delaying berthing.
EVT002874,12030,CSMT,2026-01-03 20:15,6,Crew,Crew shortage reported at Chhatrapati Shivaji Maharaj Terminus link.
EVT002875,12251,R,2026-01-09 07:15,59,Passenger,"Medical emergency on board, halted at Raipur Junction."
EVT002876,12171,PRYJ,2026-01-08 02:00,58,Crew,Crew shortage reported at Prayagraj Junction link.
EVT002877,12225,MAS,2026-02-04 00:45,66,Rolling Stock,Brake power certification delay at Chennai Central.
EVT002878,12136,BBS,2026-01-25 14:45,1,Signal,Points failure at Bhubaneswar delaying departure.
EVT002879,12009,MFP,2026-01-23 19:45,22,Infrastructure,Overhead equipment (OHE) tripping reported near Muzaffarpur Junction.
EVT002880,12161,JBP,2026-01-22 08:30,18,Signal,Automatic signalling fault reported at Jabalpur Junction yard.
EVT002881,12279,HYB,2026-02-21 11:00,1,Passenger,Overcrowding-related boarding delay at Hyderabad Deccan.
EVT002882,12200,PNBE,2026-02-24 19:00,43,Infrastructure,Track maintenance block in effect near Patna Junction.
EVT002883,12135,NDLS,2026-01-20 20:30,25,Weather,"Dense fog conditions near New Delhi, speed restricted."
EVT002884,12292,VSKP,2026-02-17 11:15,27,Signal,Signal failure near Visakhapatnam causing hold-up.
EVT002885,12215,COR,2026-02-22 23:15,58,Infrastructure,Speed restriction due to track renewal work near Kota Junction.
EVT002886,12024,SC,2026-01-25 23:45,10,Operational,Crossing conflict with another service at Secunderabad Junction.
EVT002887,12182,ST,2026-01-01 07:00,29,Signal,Automatic signalling fault reported at Surat yard.
EVT002888,12246,PRYJ,2026-01-01 12:30,50,Crew,Guard unavailability causing hold at Prayagraj Junction.
EVT002889,12033,SC,2026-02-20 15:45,22,Operational,Late running of connecting rake into Secunderabad Junction.
EVT002890,12119,BZA,2026-01-03 21:45,71,Infrastructure,Speed restriction due to track renewal work near Vijayawada Junction.
EVT002891,12261,COR,2026-01-30 03:45,1,Operational,Crossing conflict with another service at Kota Junction.
EVT002892,12087,CSMT,2026-02-08 20:15,1,Operational,Crossing conflict with another service at Chhatrapati Shivaji Maharaj Terminus.
EVT002893,12092,JP,2026-01-29 05:45,104,Rolling Stock,Coach fault detected during pre-departure check at Jaipur Junction.
EVT002894,12171,PNBE,2026-02-27 06:15,73,Signal,Automatic signalling fault reported at Patna Junction yard.
EVT002895,12050,BBS,2026-02-22 14:00,46,Rolling Stock,"Locomotive failure reported, engine change required at Bhubaneswar."
EVT002896,12282,NGP,2026-02-11 04:00,1,Infrastructure,Track maintenance block in effect near Nagpur Junction.
EVT002897,12085,SDAH,2026-02-23 23:45,27,Operational,Crossing conflict with another service at Sealdah.
EVT002898,12158,SBC,2026-01-07 17:30,23,Passenger,Passenger chain-pulling incident near KSR Bengaluru City Junction.
EVT002899,12119,BZA,2026-02-02 07:30,18,Passenger,"Medical emergency on board, halted at Vijayawada Junction."
EVT002900,12090,UBL,2026-02-17 17:45,47,Passenger,"Medical emergency on board, halted at Hubballi Junction."
EVT002901,12098,HYB,2026-03-01 07:15,1,Signal,Automatic signalling fault reported at Hyderabad Deccan yard.
EVT002902,12147,KYN,2026-01-23 04:45,28,Signal,Automatic signalling fault reported at Kalyan Junction yard.
EVT002903,12186,ADI,2026-01-13 20:15,30,Crew,Guard unavailability causing hold at Ahmedabad Junction.
EVT002904,12024,MAS,2026-01-11 03:45,5,Operational,Late running of connecting rake into Chennai Central.
EVT002905,12262,DLI,2026-01-06 22:30,42,Rolling Stock,Coach fault detected during pre-departure check at Delhi Junction (Old Delhi).
EVT002906,12250,BBS,2026-02-22 21:00,38,Operational,Platform congestion at Bhubaneswar delaying berthing.
EVT002907,12188,TATA,2026-02-26 22:15,14,Signal,Automatic signalling fault reported at Tatanagar Junction yard.
EVT002908,12007,JP,2026-01-31 18:00,25,Weather,High wind speed advisory near Jaipur Junction affecting running.
EVT002909,12155,NGP,2026-02-26 15:45,21,Operational,Late running of connecting rake into Nagpur Junction.
EVT002910,12198,LDH,2026-02-15 12:15,1,Crew,Loco pilot booking-on delay at Ludhiana Junction.
EVT002911,12103,SDAH,2026-02-17 04:00,52,Rolling Stock,"Locomotive failure reported, engine change required at Sealdah."
EVT002912,12156,PURI,2026-01-31 22:30,47,Weather,Heavy rain reducing visibility near Puri.
EVT002913,12227,BZA,2026-02-16 05:15,75,Rolling Stock,"Locomotive failure reported, engine change required at Vijayawada Junction."
EVT002914,12024,MAS,2026-01-19 05:15,24,Signal,Signal failure near Chennai Central causing hold-up.
EVT002915,12230,TVC,2026-01-14 21:15,16,Rolling Stock,Brake power certification delay at Thiruvananthapuram Central.
EVT002916,12182,ST,2026-02-08 19:45,41,Signal,Points failure at Surat delaying departure.
EVT002917,12081,BCT,2026-02-09 05:45,42,Signal,Signal failure near Mumbai Central causing hold-up.
EVT002918,12315,MYS,2026-01-14 23:00,35,Weather,"Dense fog conditions near Mysuru Junction, speed restricted."
EVT002919,12241,VSKP,2026-02-15 22:00,54,Weather,High wind speed advisory near Visakhapatnam affecting running.
EVT002920,12047,GHY,2026-02-23 22:15,55,Operational,Platform congestion at Guwahati delaying berthing.
EVT002921,12020,GKP,2026-02-13 08:45,34,Signal,Signal failure near Gorakhpur Junction causing hold-up.
EVT002922,12024,SBC,2026-02-11 01:30,25,Rolling Stock,Brake power certification delay at KSR Bengaluru City Junction.
EVT002923,12174,VSKP,2026-02-15 11:00,1,Rolling Stock,"Locomotive failure reported, engine change required at Visakhapatnam."
EVT002924,12102,BBS,2026-01-23 06:45,52,Passenger,Overcrowding-related boarding delay at Bhubaneswar.
EVT002925,12092,JP,2026-02-22 18:15,21,Rolling Stock,Brake power certification delay at Jaipur Junction.
EVT002926,12307,PRYJ,2026-02-20 06:15,1,Signal,Automatic signalling fault reported at Prayagraj Junction yard.
EVT002927,12137,MAS,2026-02-19 13:45,33,Crew,Loco pilot booking-on delay at Chennai Central.
EVT002928,12236,MAS,2026-01-21 09:15,26,Passenger,Overcrowding-related boarding delay at Chennai Central.
EVT002929,12180,ADI,2026-01-28 07:00,19,Operational,Platform congestion at Ahmedabad Junction delaying berthing.
EVT002930,12151,NGP,2026-01-17 14:30,26,Weather,High wind speed advisory near Nagpur Junction affecting running.
EVT002931,12033,CSMT,2026-02-13 14:00,59,Signal,Points failure at Chhatrapati Shivaji Maharaj Terminus delaying departure.
EVT002932,12080,PRYJ,2026-02-11 22:30,36,Signal,Points failure at Prayagraj Junction delaying departure.
EVT002933,12138,ADI,2026-02-21 21:30,23,Crew,Guard unavailability causing hold at Ahmedabad Junction.
EVT002934,12155,DLI,2026-02-12 12:30,56,Rolling Stock,Coach fault detected during pre-departure check at Delhi Junction (Old Delhi).
EVT002935,12168,BZA,2026-01-30 04:00,45,Weather,"Dense fog conditions near Vijayawada Junction, speed restricted."
EVT002936,12067,ASN,2026-01-31 02:15,61,Weather,Heavy rain reducing visibility near Asansol Junction.
EVT002937,12296,AGC,2026-01-26 09:45,40,Infrastructure,Track maintenance block in effect near Agra Cantt.
EVT002938,12067,DURG,2026-01-23 10:30,22,Weather,"Dense fog conditions near Durg Junction, speed restricted."
EVT002939,12075,BPL,2026-01-14 14:15,19,Rolling Stock,"Locomotive failure reported, engine change required at Bhopal Junction."
EVT002940,12211,JP,2026-02-10 21:15,24,Rolling Stock,"Locomotive failure reported, engine change required at Jaipur Junction."
EVT002941,12317,BBS,2026-02-09 23:15,78,Rolling Stock,Coach fault detected during pre-departure check at Bhubaneswar.
EVT002942,12204,KGP,2026-01-04 22:45,38,Rolling Stock,Coach fault detected during pre-departure check at Kharagpur Junction.
EVT002943,12108,VSKP,2026-02-20 20:15,1,Signal,Points failure at Visakhapatnam delaying departure.
EVT002944,12080,PNBE,2026-02-06 02:15,5,Operational,Late running of connecting rake into Patna Junction.
EVT002945,12164,BSP,2026-02-10 10:30,14,Rolling Stock,"Locomotive failure reported, engine change required at Bilaspur Junction."
EVT002946,12185,RTM,2026-01-08 11:00,15,Rolling Stock,Brake power certification delay at Ratlam Junction.
EVT002947,12044,PRYJ,2026-01-26 20:45,1,Rolling Stock,"Locomotive failure reported, engine change required at Prayagraj Junction."
EVT002948,12036,KGP,2026-02-15 12:15,37,Operational,Late running of connecting rake into Kharagpur Junction.
EVT002949,12236,MDU,2026-02-23 03:30,13,Weather,"Dense fog conditions near Madurai Junction, speed restricted."
EVT002950,12185,RTM,2026-01-23 02:30,72,Operational,Late running of connecting rake into Ratlam Junction.
EVT002951,12308,ADI,2026-01-17 12:15,24,Rolling Stock,"Locomotive failure reported, engine change required at Ahmedabad Junction."
EVT002952,12278,BPL,2026-01-19 10:00,22,Infrastructure,Track maintenance block in effect near Bhopal Junction.
EVT002953,12064,COR,2026-02-13 16:30,61,Signal,Points failure at Kota Junction delaying departure.
EVT002954,12051,GHY,2026-01-04 11:15,45,Signal,Signal failure near Guwahati causing hold-up.
EVT002955,12283,ASR,2026-02-06 22:15,28,Crew,Guard unavailability causing hold at Amritsar Junction.
EVT002956,12094,JBP,2026-01-11 22:30,24,Weather,Heavy rain reducing visibility near Jabalpur Junction.
EVT002957,12255,KGP,2026-02-22 21:45,35,Rolling Stock,Brake power certification delay at Kharagpur Junction.
EVT002958,12103,NDLS,2026-02-05 05:45,3,Crew,Guard unavailability causing hold at New Delhi.
EVT002959,12209,JHS,2026-01-01 19:45,28,Infrastructure,Overhead equipment (OHE) tripping reported near Jhansi Junction.
EVT002960,12113,MAS,2026-01-19 18:45,25,Weather,Heavy rain reducing visibility near Chennai Central.
EVT002961,12187,BSP,2026-01-08 04:00,27,Passenger,Passenger chain-pulling incident near Bilaspur Junction.
EVT002962,12186,MLDT,2026-01-04 03:15,33,Operational,Crossing conflict with another service at Malda Town.
EVT002963,12113,AGC,2026-01-25 13:15,42,Weather,"Dense fog conditions near Agra Cantt, speed restricted."
EVT002964,12031,UMB,2026-01-22 13:30,68,Rolling Stock,Coach fault detected during pre-departure check at Ambala Cantt Junction.
EVT002965,12011,MLDT,2026-01-08 02:30,28,Weather,"Dense fog conditions near Malda Town, speed restricted."
EVT002966,12252,COR,2026-02-25 11:30,45,Signal,Automatic signalling fault reported at Kota Junction yard.
EVT002967,12116,ROU,2026-02-17 20:30,51,Signal,Automatic signalling fault reported at Rourkela yard.
EVT002968,12162,TPJ,2026-02-22 19:30,1,Signal,Automatic signalling fault reported at Tiruchchirapalli Junction yard.
EVT002969,12007,COR,2026-01-04 14:15,46,Operational,Platform congestion at Kota Junction delaying berthing.
EVT002970,12286,MFP,2026-02-07 18:15,1,Infrastructure,Speed restriction due to track renewal work near Muzaffarpur Junction.
EVT002971,12076,SBC,2026-02-16 22:45,1,Weather,"Dense fog conditions near KSR Bengaluru City Junction, speed restricted."
EVT002972,12258,BBS,2026-01-07 00:45,16,Crew,Guard unavailability causing hold at Bhubaneswar.
EVT002973,12174,VSKP,2026-01-23 09:30,41,Passenger,Overcrowding-related boarding delay at Visakhapatnam.
EVT002974,12100,SDAH,2026-02-12 06:45,19,Infrastructure,Track maintenance block in effect near Sealdah.
EVT002975,12130,KYN,2026-03-01 07:45,68,Operational,Platform congestion at Kalyan Junction delaying berthing.
EVT002976,12235,CSMT,2026-02-28 08:15,56,Signal,Signal failure near Chhatrapati Shivaji Maharaj Terminus causing hold-up.
EVT002977,12023,ASR,2026-01-23 01:15,56,Operational,Late running of connecting rake into Amritsar Junction.
EVT002978,12317,KGP,2026-01-01 14:15,6,Passenger,Overcrowding-related boarding delay at Kharagpur Junction.
EVT002979,12226,SUR,2026-03-01 08:30,19,Weather,High wind speed advisory near Solapur Junction affecting running.
EVT002980,12051,JBP,2026-02-08 00:30,29,Rolling Stock,Coach fault detected during pre-departure check at Jabalpur Junction.
EVT002981,12087,MAS,2026-01-19 20:00,4,Passenger,"Medical emergency on board, halted at Chennai Central."
EVT002982,12053,COR,2026-01-07 08:00,20,Infrastructure,Speed restriction due to track renewal work near Kota Junction.
EVT002983,12262,NGP,2026-02-22 18:30,35,Passenger,Passenger chain-pulling incident near Nagpur Junction.
EVT002984,12165,SUR,2026-02-09 18:15,2,Operational,Platform congestion at Solapur Junction delaying berthing.
EVT002985,12302,KGP,2026-02-07 01:00,41,Operational,Crossing conflict with another service at Kharagpur Junction.
EVT002986,12283,NDLS,2026-01-01 09:45,63,Infrastructure,Overhead equipment (OHE) tripping reported near New Delhi.
EVT002987,12120,BBS,2026-02-07 09:45,1,Signal,Points failure at Bhubaneswar delaying departure.
EVT002988,12305,PRYJ,2026-02-27 10:15,1,Infrastructure,Speed restriction due to track renewal work near Prayagraj Junction.
EVT002989,12154,R,2026-02-22 14:30,52,Rolling Stock,"Locomotive failure reported, engine change required at Raipur Junction."
EVT002990,12221,SBC,2026-01-29 08:45,21,Infrastructure,Speed restriction due to track renewal work near KSR Bengaluru City Junction.
EVT002991,12192,ADI,2026-01-14 21:45,1,Operational,Platform congestion at Ahmedabad Junction delaying berthing.
EVT002992,12193,MAS,2026-01-05 20:00,13,Infrastructure,Track maintenance block in effect near Chennai Central.
EVT002993,12207,SDAH,2026-02-26 04:30,9,Crew,Crew shortage reported at Sealdah link.
EVT002994,12253,PNBE,2026-02-01 09:45,17,Rolling Stock,Brake power certification delay at Patna Junction.
EVT002995,12083,ST,2026-01-14 05:30,30,Rolling Stock,"Locomotive failure reported, engine change required at Surat."
EVT002996,12005,JP,2026-01-02 05:15,70,Operational,Late running of connecting rake into Jaipur Junction.
EVT002997,12060,BPL,2026-01-05 01:00,25,Infrastructure,Track maintenance block in effect near Bhopal Junction.
EVT002998,12066,VSKP,2026-02-11 14:30,21,Passenger,"Medical emergency on board, halted at Visakhapatnam."
EVT002999,12132,CSMT,2026-02-06 13:00,68,Crew,Guard unavailability causing hold at Chhatrapati Shivaji Maharaj Terminus.
EVT003000,12140,KGP,2026-02-19 16:00,28,Signal,Signal failure near Kharagpur Junction causing hold-up.
EVT003001,12034,BZA,2026-01-17 15:00,40,Infrastructure,Speed restriction due to track renewal work near Vijayawada Junction.
EVT003002,12012,UBL,2026-02-07 05:45,1,Crew,Guard unavailability causing hold at Hubballi Junction.
EVT003003,12185,RTM,2026-01-11 10:30,43,Infrastructure,Track maintenance block in effect near Ratlam Junction.
EVT003004,12158,TVC,2026-01-12 12:00,66,Rolling Stock,Brake power certification delay at Thiruvananthapuram Central.
EVT003005,12163,NDLS,2026-02-08 20:15,23,Passenger,Passenger chain-pulling incident near New Delhi.
EVT003006,12247,AGC,2026-02-06 14:15,54,Weather,Heavy rain reducing visibility near Agra Cantt.
EVT003007,12120,BCT,2026-01-02 16:45,62,Signal,Points failure at Mumbai Central delaying departure.
EVT003008,12123,SUR,2026-01-20 23:30,15,Passenger,"Medical emergency on board, halted at Solapur Junction."
EVT003009,12118,MAS,2026-02-05 05:00,1,Rolling Stock,Brake power certification delay at Chennai Central.
EVT003010,12102,KYN,2026-01-21 12:00,70,Weather,Heavy rain reducing visibility near Kalyan Junction.
EVT003011,12285,NJP,2026-02-03 06:45,43,Infrastructure,Speed restriction due to track renewal work near New Jalpaiguri.
EVT003012,12067,ASN,2026-02-28 22:30,24,Rolling Stock,Brake power certification delay at Asansol Junction.
EVT003013,12151,HYB,2026-01-30 19:00,20,Weather,"Dense fog conditions near Hyderabad Deccan, speed restricted."
EVT003014,12146,ADI,2026-01-23 07:45,11,Infrastructure,Speed restriction due to track renewal work near Ahmedabad Junction.
EVT003015,12310,BPL,2026-01-28 00:15,1,Rolling Stock,"Locomotive failure reported, engine change required at Bhopal Junction."
EVT003016,12264,KYN,2026-02-13 00:00,1,Signal,Points failure at Kalyan Junction delaying departure.
EVT003017,12088,ERS,2026-02-16 17:15,65,Rolling Stock,Brake power certification delay at Ernakulam Junction.
EVT003018,12137,SC,2026-01-21 06:00,31,Infrastructure,Speed restriction due to track renewal work near Secunderabad Junction.
EVT003019,12075,BPL,2026-02-05 03:45,36,Infrastructure,Speed restriction due to track renewal work near Bhopal Junction.
EVT003020,12010,SC,2026-01-21 17:15,41,Passenger,Passenger chain-pulling incident near Secunderabad Junction.
EVT003021,12076,SC,2026-01-09 08:00,43,Signal,Automatic signalling fault reported at Secunderabad Junction yard.
EVT003022,12029,BZA,2026-02-03 20:00,46,Infrastructure,Overhead equipment (OHE) tripping reported near Vijayawada Junction.
EVT003023,12278,RTM,2026-01-11 21:15,22,Weather,Heavy rain reducing visibility near Ratlam Junction.
EVT003024,12098,MAS,2026-02-16 09:45,88,Signal,Automatic signalling fault reported at Chennai Central yard.
EVT003025,12061,NDLS,2026-02-15 03:45,22,Crew,Crew shortage reported at New Delhi link.
EVT003026,12075,COR,2026-01-08 07:15,32,Operational,Crossing conflict with another service at Kota Junction.
EVT003027,12162,TPJ,2026-01-17 11:30,36,Operational,Crossing conflict with another service at Tiruchchirapalli Junction.
EVT003028,12131,TPJ,2026-01-31 00:00,21,Signal,Automatic signalling fault reported at Tiruchchirapalli Junction yard.
EVT003029,12264,MAO,2026-02-01 08:30,15,Weather,Heavy rain reducing visibility near Madgaon Junction.
EVT003030,12089,SBC,2026-02-13 14:15,1,Rolling Stock,"Locomotive failure reported, engine change required at KSR Bengaluru City Junction."
EVT003031,12111,NDLS,2026-01-04 16:15,45,Infrastructure,Overhead equipment (OHE) tripping reported near New Delhi.
EVT003032,12137,SC,2026-02-16 01:00,11,Infrastructure,Overhead equipment (OHE) tripping reported near Secunderabad Junction.
EVT003033,12002,CSMT,2026-01-30 15:15,28,Weather,"Dense fog conditions near Chhatrapati Shivaji Maharaj Terminus, speed restricted."
EVT003034,12195,CSMT,2026-02-02 11:45,29,Passenger,"Medical emergency on board, halted at Chhatrapati Shivaji Maharaj Terminus."
EVT003035,12047,GHY,2026-01-15 07:15,27,Weather,"Dense fog conditions near Guwahati, speed restricted."
EVT003036,12113,VSKP,2026-02-19 18:00,2,Infrastructure,Track maintenance block in effect near Visakhapatnam.
EVT003037,12126,DLI,2026-01-19 21:00,63,Weather,"Dense fog conditions near Delhi Junction (Old Delhi), speed restricted."
EVT003038,12223,BPL,2026-02-13 14:45,28,Weather,Heavy rain reducing visibility near Bhopal Junction.
EVT003039,12313,ADI,2026-01-10 23:00,27,Rolling Stock,Coach fault detected during pre-departure check at Ahmedabad Junction.
EVT003040,12310,BPL,2026-01-18 17:00,1,Rolling Stock,Brake power certification delay at Bhopal Junction.
EVT003041,12314,RTM,2026-01-30 10:45,28,Signal,Signal failure near Ratlam Junction causing hold-up.
EVT003042,12230,JP,2026-01-29 04:00,43,Infrastructure,Track maintenance block in effect near Jaipur Junction.
EVT003043,12243,NDLS,2026-01-08 14:30,32,Weather,High wind speed advisory near New Delhi affecting running.
EVT003044,12169,GKP,2026-01-30 14:30,25,Weather,"Dense fog conditions near Gorakhpur Junction, speed restricted."
EVT003045,12126,NDLS,2026-01-20 09:30,51,Signal,Points failure at New Delhi delaying departure.
EVT003046,12309,PRYJ,2026-02-02 18:00,12,Weather,High wind speed advisory near Prayagraj Junction affecting running.
EVT003047,12251,PRYJ,2026-02-03 23:00,1,Signal,Signal failure near Prayagraj Junction causing hold-up.
EVT003048,12009,NDLS,2026-01-19 18:15,50,Signal,Signal failure near New Delhi causing hold-up.
EVT003049,12000,GHY,2026-02-27 17:45,34,Signal,Signal failure near Guwahati causing hold-up.
EVT003050,12163,JHS,2026-02-13 00:15,50,Infrastructure,Speed restriction due to track renewal work near Jhansi Junction.
EVT003051,12099,HWH,2026-03-01 00:15,37,Passenger,"Medical emergency on board, halted at Howrah Junction."
EVT003052,12137,ERS,2026-02-28 07:45,89,Signal,Points failure at Ernakulam Junction delaying departure.
EVT003053,12112,UMB,2026-02-14 00:30,24,Signal,Points failure at Ambala Cantt Junction delaying departure.
EVT003054,12263,SC,2026-02-28 23:00,6,Operational,Late running of connecting rake into Secunderabad Junction.
EVT003055,12277,NDLS,2026-01-30 07:15,1,Weather,High wind speed advisory near New Delhi affecting running.
EVT003056,12090,SC,2026-02-25 15:00,1,Crew,Guard unavailability causing hold at Secunderabad Junction.
EVT003057,12302,MAS,2026-02-12 18:45,34,Operational,Platform congestion at Chennai Central delaying berthing.
EVT003058,12295,ASN,2026-01-27 05:00,74,Weather,"Dense fog conditions near Asansol Junction, speed restricted."
EVT003059,12219,HWH,2026-01-03 07:00,15,Rolling Stock,Coach fault detected during pre-departure check at Howrah Junction.
EVT003060,12296,PRYJ,2026-02-18 08:45,38,Operational,Crossing conflict with another service at Prayagraj Junction.
EVT003061,12020,PRYJ,2026-02-17 13:30,10,Weather,"Dense fog conditions near Prayagraj Junction, speed restricted."
EVT003062,12140,HYB,2026-02-04 11:00,1,Signal,Signal failure near Hyderabad Deccan causing hold-up.
EVT003063,12054,VSKP,2026-01-12 10:30,51,Infrastructure,Overhead equipment (OHE) tripping reported near Visakhapatnam.
EVT003064,12117,HWH,2026-02-02 23:00,67,Weather,High wind speed advisory near Howrah Junction affecting running.
EVT003065,12253,ST,2026-01-02 04:15,14,Rolling Stock,Brake power certification delay at Surat.
EVT003066,12243,DLI,2026-02-21 05:45,76,Operational,Late running of connecting rake into Delhi Junction (Old Delhi).
EVT003067,12190,BSP,2026-02-01 23:15,1,Signal,Signal failure near Bilaspur Junction causing hold-up.
EVT003068,12035,UBL,2026-01-18 07:30,81,Signal,Signal failure near Hubballi Junction causing hold-up.
EVT003069,12197,MS,2026-01-30 14:30,31,Operational,Late running of connecting rake into Chennai Egmore.
EVT003070,12224,COR,2026-01-30 03:30,44,Rolling Stock,Coach fault detected during pre-departure check at Kota Junction.
EVT003071,12013,COR,2026-02-28 23:30,84,Infrastructure,Speed restriction due to track renewal work near Kota Junction.
EVT003072,12225,VSKP,2026-02-18 01:45,1,Operational,Late running of connecting rake into Visakhapatnam.
EVT003073,12118,JP,2026-02-10 19:45,3,Weather,Heavy rain reducing visibility near Jaipur Junction.
EVT003074,12218,MYS,2026-01-26 05:15,24,Infrastructure,Speed restriction due to track renewal work near Mysuru Junction.
EVT003075,12047,GKP,2026-01-02 10:15,30,Crew,Guard unavailability causing hold at Gorakhpur Junction.
EVT003076,12001,BBS,2026-02-04 02:00,5,Operational,Platform congestion at Bhubaneswar delaying berthing.
EVT003077,12011,MLDT,2026-02-26 03:15,20,Crew,Guard unavailability causing hold at Malda Town.
EVT003078,12209,NGP,2026-01-17 02:45,1,Rolling Stock,Brake power certification delay at Nagpur Junction.
EVT003079,12024,MAS,2026-02-02 02:15,33,Operational,Platform congestion at Chennai Central delaying berthing.
EVT003080,12319,HYB,2026-01-31 08:30,37,Signal,Automatic signalling fault reported at Hyderabad Deccan yard.
EVT003081,12135,PRYJ,2026-01-19 15:15,26,Weather,"Dense fog conditions near Prayagraj Junction, speed restricted."
EVT003082,12265,TATA,2026-02-08 05:30,9,Crew,Loco pilot booking-on delay at Tatanagar Junction.
EVT003083,12224,NJP,2026-01-05 14:30,7,Weather,Heavy rain reducing visibility near New Jalpaiguri.
EVT003084,12208,ASN,2026-01-25 14:30,1,Rolling Stock,"Locomotive failure reported, engine change required at Asansol Junction."
EVT003085,12002,BSP,2026-02-08 17:15,50,Passenger,Passenger chain-pulling incident near Bilaspur Junction.
EVT003086,12231,MLDT,2026-02-05 04:30,49,Signal,Points failure at Malda Town delaying departure.
EVT003087,12309,PNBE,2026-02-04 15:45,82,Operational,Late running of connecting rake into Patna Junction.
EVT003088,12014,GHY,2026-02-02 02:15,13,Signal,Signal failure near Guwahati causing hold-up.
EVT003089,12082,SDAH,2026-02-15 17:00,7,Rolling Stock,Coach fault detected during pre-departure check at Sealdah.
EVT003090,12222,COR,2026-01-12 12:15,80,Signal,Signal failure near Kota Junction causing hold-up.
EVT003091,12166,RTM,2026-01-21 13:15,43,Passenger,Overcrowding-related boarding delay at Ratlam Junction.
EVT003092,12147,KYN,2026-02-13 05:15,39,Infrastructure,Speed restriction due to track renewal work near Kalyan Junction.
EVT003093,12130,JP,2026-02-26 22:15,42,Weather,Heavy rain reducing visibility near Jaipur Junction.
EVT003094,12022,COR,2026-01-03 18:00,38,Infrastructure,Speed restriction due to track renewal work near Kota Junction.
EVT003095,12080,PRYJ,2026-02-28 19:45,45,Passenger,Overcrowding-related boarding delay at Prayagraj Junction.
EVT003096,12214,BCT,2026-02-12 14:15,43,Operational,Platform congestion at Mumbai Central delaying berthing.
EVT003097,12098,HWH,2026-02-09 19:15,13,Crew,Loco pilot booking-on delay at Howrah Junction.
EVT003098,12179,AGC,2026-01-27 21:30,18,Infrastructure,Speed restriction due to track renewal work near Agra Cantt.
EVT003099,12057,KGP,2026-01-25 15:00,56,Weather,High wind speed advisory near Kharagpur Junction affecting running.
EVT003100,12148,JBP,2026-02-09 04:00,50,Infrastructure,Speed restriction due to track renewal work near Jabalpur Junction.
EVT003101,12139,SC,2026-01-22 02:30,4,Weather,Heavy rain reducing visibility near Secunderabad Junction.
EVT003102,12191,JBP,2026-01-19 21:30,65,Rolling Stock,Brake power certification delay at Jabalpur Junction.
EVT003103,12297,JBP,2026-01-07 01:45,29,Infrastructure,Overhead equipment (OHE) tripping reported near Jabalpur Junction.
EVT003104,12089,NGP,2026-02-22 19:45,88,Rolling Stock,"Locomotive failure reported, engine change required at Nagpur Junction."
EVT003105,12071,KYN,2026-02-12 22:30,6,Operational,Platform congestion at Kalyan Junction delaying berthing.
EVT003106,12065,MFP,2026-02-09 07:00,67,Signal,Points failure at Muzaffarpur Junction delaying departure.
EVT003107,12080,NDLS,2026-01-18 09:30,44,Passenger,"Medical emergency on board, halted at New Delhi."
EVT003108,12006,PNBE,2026-01-29 18:30,26,Weather,High wind speed advisory near Patna Junction affecting running.
EVT003109,12067,ASN,2026-01-10 07:45,1,Infrastructure,Overhead equipment (OHE) tripping reported near Asansol Junction.
EVT003110,12248,MLDT,2026-01-01 14:30,58,Infrastructure,Track maintenance block in effect near Malda Town.
EVT003111,12208,AGC,2026-02-18 15:30,17,Crew,Crew shortage reported at Agra Cantt link.
EVT003112,12311,TATA,2026-02-24 01:45,39,Crew,Crew shortage reported at Tatanagar Junction link.
EVT003113,12238,DLI,2026-02-01 12:30,1,Signal,Points failure at Delhi Junction (Old Delhi) delaying departure.
EVT003114,12007,JP,2026-01-19 20:30,3,Rolling Stock,Coach fault detected during pre-departure check at Jaipur Junction.
EVT003115,12128,MFP,2026-02-09 11:45,34,Weather,"Dense fog conditions near Muzaffarpur Junction, speed restricted."
EVT003116,12009,VSKP,2026-02-17 16:30,39,Passenger,Overcrowding-related boarding delay at Visakhapatnam.
EVT003117,12153,VSKP,2026-01-09 17:15,27,Operational,Crossing conflict with another service at Visakhapatnam.
EVT003118,12205,ERS,2026-01-09 18:15,45,Weather,"Dense fog conditions near Ernakulam Junction, speed restricted."
EVT003119,12032,RTM,2026-02-02 20:45,37,Weather,Heavy rain reducing visibility near Ratlam Junction.
EVT003120,12212,NDLS,2026-02-04 23:00,1,Infrastructure,Overhead equipment (OHE) tripping reported near New Delhi.
EVT003121,12275,NDLS,2026-02-20 08:15,32,Rolling Stock,Coach fault detected during pre-departure check at New Delhi.
EVT003122,12053,PNBE,2026-01-13 02:45,30,Rolling Stock,"Locomotive failure reported, engine change required at Patna Junction."
EVT003123,12216,SBC,2026-02-13 08:30,34,Operational,Crossing conflict with another service at KSR Bengaluru City Junction.
EVT003124,12102,KYN,2026-02-18 08:45,25,Weather,High wind speed advisory near Kalyan Junction affecting running.
EVT003125,12302,DHN,2026-02-03 17:45,39,Signal,Automatic signalling fault reported at Dhanbad Junction yard.
EVT003126,12171,PRYJ,2026-01-13 15:45,50,Passenger,Overcrowding-related boarding delay at Prayagraj Junction.
EVT003127,12261,HWH,2026-01-03 19:45,22,Signal,Automatic signalling fault reported at Howrah Junction yard.
EVT003128,12039,ST,2026-02-18 16:45,1,Crew,Loco pilot booking-on delay at Surat.
EVT003129,12155,NGP,2026-02-10 14:30,32,Rolling Stock,Coach fault detected during pre-departure check at Nagpur Junction.
EVT003130,12162,TPJ,2026-01-31 21:45,19,Infrastructure,Track maintenance block in effect near Tiruchchirapalli Junction.
EVT003131,12203,NDLS,2026-01-22 17:15,15,Crew,Loco pilot booking-on delay at New Delhi.
EVT003132,12276,TVC,2026-01-27 09:15,12,Rolling Stock,"Locomotive failure reported, engine change required at Thiruvananthapuram Central."
EVT003133,12238,KYN,2026-02-16 10:45,85,Rolling Stock,Coach fault detected during pre-departure check at Kalyan Junction.
EVT003134,12076,SC,2026-02-28 02:30,61,Rolling Stock,Coach fault detected during pre-departure check at Secunderabad Junction.
EVT003135,12082,MLDT,2026-01-06 17:00,31,Rolling Stock,Coach fault detected during pre-departure check at Malda Town.
EVT003136,12064,SDAH,2026-02-07 04:00,1,Operational,Platform congestion at Sealdah delaying berthing.
EVT003137,12285,BPL,2026-02-16 08:45,30,Infrastructure,Track maintenance block in effect near Bhopal Junction.
EVT003138,12204,ROU,2026-01-20 18:15,41,Rolling Stock,"Locomotive failure reported, engine change required at Rourkela."
EVT003139,12122,NDLS,2026-02-02 16:15,19,Rolling Stock,Brake power certification delay at New Delhi.
EVT003140,12115,NGP,2026-01-17 18:15,1,Weather,High wind speed advisory near Nagpur Junction affecting running.
EVT003141,12079,ERS,2026-02-13 05:15,1,Operational,Late running of connecting rake into Ernakulam Junction.
EVT003142,12004,BCT,2026-01-26 13:45,25,Operational,Crossing conflict with another service at Mumbai Central.
EVT003143,12106,MAS,2026-01-06 01:00,1,Crew,Crew shortage reported at Chennai Central link.
EVT003144,12077,CTC,2026-01-06 00:00,42,Crew,Crew shortage reported at Cuttack Junction link.
EVT003145,12105,KYN,2026-01-06 14:00,7,Signal,Points failure at Kalyan Junction delaying departure.
EVT003146,12261,SDAH,2026-01-17 09:00,42,Rolling Stock,Coach fault detected during pre-departure check at Sealdah.
EVT003147,12073,VSKP,2026-01-01 04:30,4,Crew,Crew shortage reported at Visakhapatnam link.
EVT003148,12181,NJP,2026-01-10 04:00,32,Passenger,"Medical emergency on board, halted at New Jalpaiguri."
EVT003149,12103,NDLS,2026-02-27 05:45,14,Infrastructure,Track maintenance block in effect near New Delhi.
EVT003150,12303,ASN,2026-02-17 12:00,59,Operational,Crossing conflict with another service at Asansol Junction.
EVT003151,12085,MLDT,2026-02-03 00:00,30,Signal,Points failure at Malda Town delaying departure.
EVT003152,12024,MAS,2026-02-26 21:00,13,Passenger,Passenger chain-pulling incident near Chennai Central.
EVT003153,12224,COR,2026-01-02 17:15,47,Passenger,"Medical emergency on board, halted at Kota Junction."
EVT003154,12286,COR,2026-02-06 03:45,18,Rolling Stock,Brake power certification delay at Kota Junction.
EVT003155,12165,SUR,2026-01-07 04:15,33,Rolling Stock,"Locomotive failure reported, engine change required at Solapur Junction."
EVT003156,12059,KGP,2026-02-13 07:30,1,Infrastructure,Speed restriction due to track renewal work near Kharagpur Junction.
EVT003157,12255,MAS,2026-02-10 00:15,40,Signal,Automatic signalling fault reported at Chennai Central yard.
EVT003158,12178,MAS,2026-01-25 08:45,12,Infrastructure,Speed restriction due to track renewal work near Chennai Central.
EVT003159,12196,BWN,2026-01-13 19:45,1,Weather,High wind speed advisory near Barddhaman Junction affecting running.
EVT003160,12098,KGP,2026-01-29 16:45,9,Weather,Heavy rain reducing visibility near Kharagpur Junction.
EVT003161,12081,BBS,2026-02-19 13:15,10,Crew,Loco pilot booking-on delay at Bhubaneswar.
EVT003162,12187,SDAH,2026-02-12 00:00,1,Rolling Stock,"Locomotive failure reported, engine change required at Sealdah."
EVT003163,12033,PUNE,2026-01-17 21:30,44,Weather,Heavy rain reducing visibility near Pune Junction.
EVT003164,12164,NGP,2026-01-22 18:30,1,Operational,Platform congestion at Nagpur Junction delaying berthing.
EVT003165,12003,KYN,2026-02-16 15:00,14,Passenger,"Medical emergency on board, halted at Kalyan Junction."
EVT003166,12319,KGP,2026-01-17 11:00,42,Infrastructure,Overhead equipment (OHE) tripping reported near Kharagpur Junction.
EVT003167,12160,PRYJ,2026-02-10 06:45,42,Passenger,Passenger chain-pulling incident near Prayagraj Junction.
EVT003168,12231,GHY,2026-02-17 20:45,35,Infrastructure,Track maintenance block in effect near Guwahati.
EVT003169,12147,BBS,2026-02-21 00:00,65,Signal,Automatic signalling fault reported at Bhubaneswar yard.
EVT003170,12208,ASN,2026-01-31 11:15,73,Crew,Crew shortage reported at Asansol Junction link.
EVT003171,12020,PUNE,2026-01-20 05:30,24,Signal,Points failure at Pune Junction delaying departure.
EVT003172,12169,MFP,2026-02-15 16:45,55,Rolling Stock,"Locomotive failure reported, engine change required at Muzaffarpur Junction."
EVT003173,12093,HWH,2026-02-21 08:30,64,Weather,Heavy rain reducing visibility near Howrah Junction.
EVT003174,12235,SC,2026-02-25 12:45,19,Signal,Signal failure near Secunderabad Junction causing hold-up.
EVT003175,12307,PRYJ,2026-02-11 13:00,40,Signal,Automatic signalling fault reported at Prayagraj Junction yard.
EVT003176,12004,BCT,2026-02-13 16:45,79,Rolling Stock,"Locomotive failure reported, engine change required at Mumbai Central."
EVT003177,12123,SUR,2026-02-18 23:15,104,Passenger,Overcrowding-related boarding delay at Solapur Junction.
EVT003178,12294,PNBE,2026-02-26 10:00,12,Operational,Crossing conflict with another service at Patna Junction.
EVT003179,12186,MLDT,2026-01-03 09:15,20,Signal,Points failure at Malda Town delaying departure.
EVT003180,12003,ST,2026-01-26 04:45,57,Operational,Platform congestion at Surat delaying berthing.
EVT003181,12087,NGP,2026-02-16 09:15,3,Rolling Stock,Brake power certification delay at Nagpur Junction.
EVT003182,12119,BPL,2026-01-26 05:15,22,Weather,"Dense fog conditions near Bhopal Junction, speed restricted."
EVT003183,12029,JBP,2026-01-30 07:15,37,Operational,Platform congestion at Jabalpur Junction delaying berthing.
EVT003184,12001,BCT,2026-01-27 08:45,59,Infrastructure,Overhead equipment (OHE) tripping reported near Mumbai Central.
EVT003185,12186,GHY,2026-02-20 19:30,60,Passenger,Overcrowding-related boarding delay at Guwahati.
EVT003186,12151,BCT,2026-02-04 10:15,35,Operational,Platform congestion at Mumbai Central delaying berthing.
EVT003187,12108,BCT,2026-01-08 22:00,55,Crew,Loco pilot booking-on delay at Mumbai Central.
EVT003188,12138,TVC,2026-01-24 01:00,1,Infrastructure,Speed restriction due to track renewal work near Thiruvananthapuram Central.
EVT003189,12300,SC,2026-02-07 13:00,33,Passenger,Passenger chain-pulling incident near Secunderabad Junction.
EVT003190,12270,PRYJ,2026-01-26 16:30,23,Crew,Guard unavailability causing hold at Prayagraj Junction.
EVT003191,12269,HYB,2026-01-11 11:15,8,Rolling Stock,Coach fault detected during pre-departure check at Hyderabad Deccan.
EVT003192,12225,ASR,2026-01-30 10:30,27,Crew,Guard unavailability causing hold at Amritsar Junction.
EVT003193,12222,COR,2026-02-07 05:45,12,Passenger,"Medical emergency on board, halted at Kota Junction."
EVT003194,12174,BBS,2026-01-14 04:30,93,Signal,Signal failure near Bhubaneswar causing hold-up.
EVT003195,12208,PRYJ,2026-01-12 05:00,19,Rolling Stock,Coach fault detected during pre-departure check at Prayagraj Junction.
EVT003196,12197,SC,2026-02-27 11:15,21,Weather,Heavy rain reducing visibility near Secunderabad Junction.
EVT003197,12260,PUNE,2026-01-05 22:30,25,Signal,Signal failure near Pune Junction causing hold-up.
EVT003198,12011,ADI,2026-01-15 21:30,61,Operational,Crossing conflict with another service at Ahmedabad Junction.
EVT003199,12255,MAS,2026-01-19 18:15,43,Weather,High wind speed advisory near Chennai Central affecting running.
EVT003200,12196,BSP,2026-01-25 04:15,43,Operational,Platform congestion at Bilaspur Junction delaying berthing.
EVT003201,12251,BSP,2026-01-13 20:30,41,Weather,"Dense fog conditions near Bilaspur Junction, speed restricted."
EVT003202,12239,VSKP,2026-01-04 22:45,68,Rolling Stock,Coach fault detected during pre-departure check at Visakhapatnam.
EVT003203,12274,NDLS,2026-01-23 09:45,1,Crew,Guard unavailability causing hold at New Delhi.
EVT003204,12300,SC,2026-02-10 17:45,42,Rolling Stock,"Locomotive failure reported, engine change required at Secunderabad Junction."
EVT003205,12014,NJP,2026-01-21 16:00,1,Infrastructure,Overhead equipment (OHE) tripping reported near New Jalpaiguri.
EVT003206,12159,AII,2026-02-06 16:15,31,Operational,Crossing conflict with another service at Ajmer Junction.
EVT003207,12272,MAS,2026-01-02 10:45,10,Rolling Stock,"Locomotive failure reported, engine change required at Chennai Central."
EVT003208,12050,BCT,2026-02-19 11:30,10,Weather,Heavy rain reducing visibility near Mumbai Central.
EVT003209,12022,COR,2026-01-08 17:45,42,Operational,Late running of connecting rake into Kota Junction.
EVT003210,12195,ASR,2026-01-24 17:00,1,Signal,Signal failure near Amritsar Junction causing hold-up.
EVT003211,12249,SC,2026-01-30 00:00,17,Weather,High wind speed advisory near Secunderabad Junction affecting running.
EVT003212,12095,JP,2026-01-14 20:00,34,Rolling Stock,Coach fault detected during pre-departure check at Jaipur Junction.
EVT003213,12207,SDAH,2026-01-04 11:00,29,Weather,Heavy rain reducing visibility near Sealdah.
EVT003214,12206,SBC,2026-01-31 13:00,38,Passenger,"Medical emergency on board, halted at KSR Bengaluru City Junction."
EVT003215,12136,KYN,2026-02-05 04:00,44,Rolling Stock,Brake power certification delay at Kalyan Junction.
EVT003216,12152,PUNE,2026-02-07 23:00,50,Rolling Stock,Brake power certification delay at Pune Junction.
EVT003217,12067,ROU,2026-02-22 22:45,18,Infrastructure,Track maintenance block in effect near Rourkela.
EVT003218,12064,COR,2026-01-24 19:15,30,Operational,Platform congestion at Kota Junction delaying berthing.
EVT003219,12092,KYN,2026-01-20 16:00,35,Passenger,"Medical emergency on board, halted at Kalyan Junction."
EVT003220,12209,SUR,2026-02-21 06:00,14,Infrastructure,Overhead equipment (OHE) tripping reported near Solapur Junction.
EVT003221,12070,JP,2026-01-18 12:15,27,Operational,Platform congestion at Jaipur Junction delaying berthing.
EVT003222,12036,KGP,2026-02-18 23:45,1,Weather,Heavy rain reducing visibility near Kharagpur Junction.
EVT003223,12034,SUR,2026-01-23 00:30,1,Crew,Loco pilot booking-on delay at Solapur Junction.
EVT003224,12151,HYB,2026-01-07 17:00,19,Weather,Heavy rain reducing visibility near Hyderabad Deccan.
EVT003225,12048,JBP,2026-03-01 18:45,31,Rolling Stock,"Locomotive failure reported, engine change required at Jabalpur Junction."
EVT003226,12131,MAS,2026-01-23 20:00,28,Signal,Automatic signalling fault reported at Chennai Central yard.
EVT003227,12142,HWH,2026-02-18 15:00,50,Signal,Points failure at Howrah Junction delaying departure.
EVT003228,12284,NDLS,2026-02-14 04:30,14,Weather,Heavy rain reducing visibility near New Delhi.
EVT003229,12209,SUR,2026-01-22 07:30,37,Weather,High wind speed advisory near Solapur Junction affecting running.
EVT003230,12004,ADI,2026-01-09 00:45,49,Rolling Stock,Brake power certification delay at Ahmedabad Junction.
EVT003231,12128,MFP,2026-01-22 17:30,14,Operational,Platform congestion at Muzaffarpur Junction delaying berthing.
EVT003232,12090,KGP,2026-02-16 15:45,3,Signal,Points failure at Kharagpur Junction delaying departure.
EVT003233,12002,BSP,2026-01-28 15:15,56,Signal,Automatic signalling fault reported at Bilaspur Junction yard.
EVT003234,12090,SBC,2026-02-18 23:30,27,Crew,Loco pilot booking-on delay at KSR Bengaluru City Junction.
EVT003235,12138,TVC,2026-01-03 12:45,62,Operational,Crossing conflict with another service at Thiruvananthapuram Central.
EVT003236,12152,JP,2026-02-16 00:15,61,Signal,Signal failure near Jaipur Junction causing hold-up.
EVT003237,12212,JHS,2026-02-01 03:00,16,Weather,High wind speed advisory near Jhansi Junction affecting running.
EVT003238,12265,MDU,2026-01-29 23:30,75,Signal,Automatic signalling fault reported at Madurai Junction yard.
EVT003239,12094,DURG,2026-02-14 08:45,52,Infrastructure,Track maintenance block in effect near Durg Junction.
EVT003240,12159,COR,2026-02-09 16:15,27,Rolling Stock,"Locomotive failure reported, engine change required at Kota Junction."
EVT003241,12082,NJP,2026-01-22 00:15,55,Rolling Stock,"Locomotive failure reported, engine change required at New Jalpaiguri."
EVT003242,12229,ADI,2026-02-11 12:00,1,Rolling Stock,"Locomotive failure reported, engine change required at Ahmedabad Junction."
EVT003243,12117,BPL,2026-01-31 00:30,42,Infrastructure,Speed restriction due to track renewal work near Bhopal Junction.
EVT003244,12252,SBC,2026-02-01 23:30,17,Weather,Heavy rain reducing visibility near KSR Bengaluru City Junction.
EVT003245,12083,BCT,2026-02-12 05:00,60,Passenger,Passenger chain-pulling incident near Mumbai Central.
EVT003246,12156,VSKP,2026-01-14 21:30,1,Weather,Heavy rain reducing visibility near Visakhapatnam.
EVT003247,12024,TPJ,2026-01-14 17:30,43,Infrastructure,Overhead equipment (OHE) tripping reported near Tiruchchirapalli Junction.
EVT003248,12107,BZA,2026-02-20 01:15,4,Passenger,Passenger chain-pulling incident near Vijayawada Junction.
EVT003249,12160,PRYJ,2026-01-25 13:30,31,Weather,High wind speed advisory near Prayagraj Junction affecting running.
EVT003250,12096,MYS,2026-02-02 12:30,46,Operational,Late running of connecting rake into Mysuru Junction.
EVT003251,12036,HWH,2026-02-24 22:00,1,Crew,Crew shortage reported at Howrah Junction link.
EVT003252,12158,SBC,2026-02-16 10:15,16,Passenger,Overcrowding-related boarding delay at KSR Bengaluru City Junction.
EVT003253,12082,SDAH,2026-01-21 18:30,1,Rolling Stock,"Locomotive failure reported, engine change required at Sealdah."
EVT003254,12277,NGP,2026-02-11 17:45,30,Signal,Signal failure near Nagpur Junction causing hold-up.
EVT003255,12203,ASR,2026-01-12 16:00,35,Rolling Stock,Brake power certification delay at Amritsar Junction.
EVT003256,12041,PNBE,2026-02-16 03:45,75,Rolling Stock,Brake power certification delay at Patna Junction.
EVT003257,12088,BBS,2026-01-23 21:30,27,Weather,High wind speed advisory near Bhubaneswar affecting running.
EVT003258,12293,CSMT,2026-02-13 21:30,30,Signal,Signal failure near Chhatrapati Shivaji Maharaj Terminus causing hold-up.
EVT003259,12219,PURI,2026-01-07 05:45,55,Weather,"Dense fog conditions near Puri, speed restricted."
EVT003260,12140,HYB,2026-01-30 11:15,28,Operational,Crossing conflict with another service at Hyderabad Deccan.
EVT003261,12051,NJP,2026-01-11 18:15,28,Crew,Crew shortage reported at New Jalpaiguri link.
EVT003262,12154,NGP,2026-01-28 10:00,53,Weather,"Dense fog conditions near Nagpur Junction, speed restricted."
EVT003263,12272,NDLS,2026-01-04 19:30,46,Signal,Automatic signalling fault reported at New Delhi yard.
EVT003264,12205,SC,2026-01-28 14:45,24,Rolling Stock,Brake power certification delay at Secunderabad Junction.
EVT003265,12186,GHY,2026-02-28 17:15,47,Passenger,Passenger chain-pulling incident near Guwahati.
EVT003266,12152,JU,2026-01-25 15:45,40,Signal,Points failure at Jodhpur Junction delaying departure.
EVT003267,12104,KGP,2026-02-09 03:30,19,Crew,Guard unavailability causing hold at Kharagpur Junction.
EVT003268,12304,MAS,2026-01-14 10:15,40,Operational,Late running of connecting rake into Chennai Central.
EVT003269,12024,TPJ,2026-02-14 12:45,65,Operational,Crossing conflict with another service at Tiruchchirapalli Junction.
EVT003270,12135,PRYJ,2026-02-19 14:45,50,Passenger,Overcrowding-related boarding delay at Prayagraj Junction.
EVT003271,12230,ERS,2026-01-07 12:30,1,Signal,Automatic signalling fault reported at Ernakulam Junction yard.
EVT003272,12058,VSKP,2026-01-10 12:45,38,Crew,Guard unavailability causing hold at Visakhapatnam.
EVT003273,12042,DURG,2026-01-08 10:15,21,Weather,High wind speed advisory near Durg Junction affecting running.
EVT003274,12292,HYB,2026-01-18 00:30,31,Weather,"Dense fog conditions near Hyderabad Deccan, speed restricted."
EVT003275,12039,SBC,2026-02-07 09:30,44,Signal,Points failure at KSR Bengaluru City Junction delaying departure.
EVT003276,12062,SDAH,2026-01-31 09:15,1,Signal,Automatic signalling fault reported at Sealdah yard.
EVT003277,12040,JP,2026-01-19 11:00,46,Signal,Signal failure near Jaipur Junction causing hold-up.
EVT003278,12085,MLDT,2026-02-24 16:15,16,Weather,High wind speed advisory near Malda Town affecting running.
EVT003279,12235,CSMT,2026-01-29 21:30,47,Crew,Crew shortage reported at Chhatrapati Shivaji Maharaj Terminus link.
EVT003280,12044,PRYJ,2026-01-08 01:00,35,Crew,Loco pilot booking-on delay at Prayagraj Junction.
EVT003281,12298,SC,2026-01-08 04:30,1,Signal,Automatic signalling fault reported at Secunderabad Junction yard.
EVT003282,12291,NDLS,2026-02-10 14:15,57,Weather,"Dense fog conditions near New Delhi, speed restricted."
EVT003283,12116,ASN,2026-02-05 13:45,39,Weather,"Dense fog conditions near Asansol Junction, speed restricted."
EVT003284,12027,RTM,2026-02-19 04:30,33,Operational,Late running of connecting rake into Ratlam Junction.
EVT003285,12229,GHY,2026-01-03 12:30,34,Signal,Signal failure near Guwahati causing hold-up.
EVT003286,12270,PNBE,2026-01-24 18:30,49,Infrastructure,Speed restriction due to track renewal work near Patna Junction.
EVT003287,12257,MAO,2026-02-04 22:45,64,Crew,Loco pilot booking-on delay at Madgaon Junction.
EVT003288,12265,MDU,2026-01-05 05:00,18,Operational,Platform congestion at Madurai Junction delaying berthing.
EVT003289,12121,BZA,2026-02-11 06:45,63,Crew,Crew shortage reported at Vijayawada Junction link.
EVT003290,12200,SBC,2026-01-15 10:15,37,Rolling Stock,Coach fault detected during pre-departure check at KSR Bengaluru City Junction.
EVT003291,12138,JBP,2026-01-16 16:45,32,Operational,Platform congestion at Jabalpur Junction delaying berthing.
EVT003292,12164,KYN,2026-02-24 13:15,40,Signal,Points failure at Kalyan Junction delaying departure.
EVT003293,12259,PRYJ,2026-02-01 01:00,15,Crew,Guard unavailability causing hold at Prayagraj Junction.
EVT003294,12220,BWN,2026-01-18 12:30,45,Rolling Stock,Brake power certification delay at Barddhaman Junction.
EVT003295,12125,NJP,2026-01-26 23:00,54,Passenger,Passenger chain-pulling incident near New Jalpaiguri.
EVT003296,12222,R,2026-01-22 17:45,4,Rolling Stock,Coach fault detected during pre-departure check at Raipur Junction.
EVT003297,12225,NDLS,2026-02-09 14:30,31,Weather,Heavy rain reducing visibility near New Delhi.
EVT003298,12313,COR,2026-02-11 12:00,43,Signal,Points failure at Kota Junction delaying departure.
EVT003299,12292,HYB,2026-02-20 17:45,26,Infrastructure,Track maintenance block in effect near Hyderabad Deccan.
EVT003300,12190,JBP,2026-02-11 09:15,33,Rolling Stock,Brake power certification delay at Jabalpur Junction.
EVT003301,12096,JHS,2026-01-01 21:15,42,Rolling Stock,Coach fault detected during pre-departure check at Jhansi Junction.
EVT003302,12040,JP,2026-01-28 10:00,68,Signal,Automatic signalling fault reported at Jaipur Junction yard.
EVT003303,12145,COR,2026-02-23 13:30,27,Passenger,"Medical emergency on board, halted at Kota Junction."
EVT003304,12167,ST,2026-01-25 07:45,23,Infrastructure,Speed restriction due to track renewal work near Surat.
EVT003305,12107,MYS,2026-01-08 06:15,19,Infrastructure,Speed restriction due to track renewal work near Mysuru Junction.
EVT003306,12071,JP,2026-02-25 01:30,1,Signal,Signal failure near Jaipur Junction causing hold-up.
EVT003307,12049,GHY,2026-02-06 17:15,1,Infrastructure,Track maintenance block in effect near Guwahati.
EVT003308,12154,R,2026-02-06 22:15,1,Crew,Loco pilot booking-on delay at Raipur Junction.
EVT003309,12023,DLI,2026-02-19 14:15,37,Passenger,Overcrowding-related boarding delay at Delhi Junction (Old Delhi).
EVT003310,12253,ST,2026-02-17 11:00,44,Rolling Stock,"Locomotive failure reported, engine change required at Surat."
EVT003311,12091,PRYJ,2026-02-09 04:00,47,Signal,Signal failure near Prayagraj Junction causing hold-up.
EVT003312,12119,BPL,2026-02-17 09:30,1,Rolling Stock,Coach fault detected during pre-departure check at Bhopal Junction.
EVT003313,12136,VSKP,2026-03-01 23:45,9,Signal,Points failure at Visakhapatnam delaying departure.
EVT003314,12151,SC,2026-03-01 02:15,22,Weather,High wind speed advisory near Secunderabad Junction affecting running.
EVT003315,12079,KGP,2026-01-28 23:30,47,Signal,Points failure at Kharagpur Junction delaying departure.
EVT003316,12122,HYB,2026-02-19 13:15,11,Passenger,Passenger chain-pulling incident near Hyderabad Deccan.
EVT003317,12122,UMB,2026-01-16 17:15,67,Signal,Signal failure near Ambala Cantt Junction causing hold-up.
EVT003318,12222,BSP,2026-02-19 06:45,34,Rolling Stock,"Locomotive failure reported, engine change required at Bilaspur Junction."
EVT003319,12153,BBS,2026-01-05 19:30,22,Operational,Crossing conflict with another service at Bhubaneswar.
EVT003320,12215,JHS,2026-02-16 10:00,66,Operational,Late running of connecting rake into Jhansi Junction.
EVT003321,12056,JP,2026-02-08 09:15,1,Signal,Points failure at Jaipur Junction delaying departure.
EVT003322,12094,AII,2026-01-05 23:45,67,Operational,Late running of connecting rake into Ajmer Junction.
EVT003323,12258,BBS,2026-02-03 18:15,57,Weather,High wind speed advisory near Bhubaneswar affecting running.
EVT003324,12075,BPL,2026-02-20 01:00,1,Signal,Signal failure near Bhopal Junction causing hold-up.
EVT003325,12246,PRYJ,2026-02-27 21:45,28,Infrastructure,Overhead equipment (OHE) tripping reported near Prayagraj Junction.
EVT003326,12225,NDLS,2026-01-03 02:30,16,Infrastructure,Overhead equipment (OHE) tripping reported near New Delhi.
EVT003327,12063,GAYA,2026-01-18 08:15,9,Crew,Loco pilot booking-on delay at Gaya Junction.
EVT003328,12127,GHY,2026-01-18 19:30,25,Infrastructure,Track maintenance block in effect near Guwahati.
EVT003329,12253,GHY,2026-01-03 04:15,26,Rolling Stock,Brake power certification delay at Guwahati.
EVT003330,12066,NGP,2026-01-13 02:00,71,Weather,High wind speed advisory near Nagpur Junction affecting running.
EVT003331,12033,PUNE,2026-01-01 09:15,75,Rolling Stock,Brake power certification delay at Pune Junction.
EVT003332,12303,SDAH,2026-02-15 05:15,50,Passenger,"Medical emergency on board, halted at Sealdah."
EVT003333,12046,GHY,2026-01-20 04:30,77,Weather,Heavy rain reducing visibility near Guwahati.
EVT003334,12164,CSMT,2026-01-14 03:00,1,Weather,"Dense fog conditions near Chhatrapati Shivaji Maharaj Terminus, speed restricted."
EVT003335,12080,KGP,2026-02-05 14:45,15,Passenger,"Medical emergency on board, halted at Kharagpur Junction."
EVT003336,12276,SC,2026-02-14 15:45,81,Rolling Stock,Brake power certification delay at Secunderabad Junction.
EVT003337,12273,JHS,2026-02-16 00:30,6,Weather,Heavy rain reducing visibility near Jhansi Junction.
EVT003338,12300,SBC,2026-02-15 17:00,19,Rolling Stock,"Locomotive failure reported, engine change required at KSR Bengaluru City Junction."
EVT003339,12047,GHY,2026-01-02 16:15,27,Operational,Crossing conflict with another service at Guwahati.
EVT003340,12303,SDAH,2026-01-04 12:30,37,Signal,Signal failure near Sealdah causing hold-up.
EVT003341,12059,ROU,2026-02-27 03:30,55,Rolling Stock,"Locomotive failure reported, engine change required at Rourkela."
EVT003342,12258,BCT,2026-01-03 09:45,70,Signal,Signal failure near Mumbai Central causing hold-up.
EVT003343,12186,ADI,2026-02-02 09:30,77,Rolling Stock,Brake power certification delay at Ahmedabad Junction.
EVT003344,12044,PRYJ,2026-01-01 08:15,37,Weather,Heavy rain reducing visibility near Prayagraj Junction.
EVT003345,12144,MAS,2026-01-29 17:45,60,Infrastructure,Overhead equipment (OHE) tripping reported near Chennai Central.
EVT003346,12064,RTM,2026-01-11 23:30,34,Infrastructure,Overhead equipment (OHE) tripping reported near Ratlam Junction.
EVT003347,12059,ROU,2026-01-04 05:00,41,Infrastructure,Track maintenance block in effect near Rourkela.
EVT003348,12110,BPL,2026-01-01 00:15,59,Weather,Heavy rain reducing visibility near Bhopal Junction.
EVT003349,12109,DLI,2026-02-25 00:45,44,Crew,Crew shortage reported at Delhi Junction (Old Delhi) link.
EVT003350,12239,NDLS,2026-02-17 11:45,72,Weather,Heavy rain reducing visibility near New Delhi.
EVT003351,12260,AGC,2026-02-02 12:00,36,Operational,Crossing conflict with another service at Agra Cantt.
EVT003352,12049,ST,2026-01-15 10:30,14,Signal,Signal failure near Surat causing hold-up.
EVT003353,12155,DLI,2026-02-02 18:15,22,Operational,Crossing conflict with another service at Delhi Junction (Old Delhi).
EVT003354,12177,MLDT,2026-02-16 09:45,1,Infrastructure,Speed restriction due to track renewal work near Malda Town.
EVT003355,12151,ST,2026-02-22 00:15,38,Infrastructure,Track maintenance block in effect near Surat.
EVT003356,12173,PRYJ,2026-02-02 03:30,29,Passenger,Overcrowding-related boarding delay at Prayagraj Junction.
EVT003357,12262,NDLS,2026-01-09 19:15,80,Infrastructure,Overhead equipment (OHE) tripping reported near New Delhi.
EVT003358,12274,VSKP,2026-02-17 19:30,31,Signal,Points failure at Visakhapatnam delaying departure.
EVT003359,12032,UBL,2026-01-29 06:15,34,Weather,Heavy rain reducing visibility near Hubballi Junction.
EVT003360,12034,SUR,2026-02-23 19:15,1,Passenger,Overcrowding-related boarding delay at Solapur Junction.
EVT003361,12271,GKP,2026-02-19 17:30,43,Weather,High wind speed advisory near Gorakhpur Junction affecting running.
EVT003362,12030,CTC,2026-01-09 00:00,12,Signal,Automatic signalling fault reported at Cuttack Junction yard.
EVT003363,12097,PNBE,2026-02-13 21:15,32,Weather,"Dense fog conditions near Patna Junction, speed restricted."
EVT003364,12304,MAO,2026-02-24 05:30,1,Signal,Automatic signalling fault reported at Madgaon Junction yard.
EVT003365,12166,SUR,2026-02-08 03:30,9,Crew,Loco pilot booking-on delay at Solapur Junction.
EVT003366,12058,BBS,2026-01-08 23:30,1,Signal,Signal failure near Bhubaneswar causing hold-up.
EVT003367,12232,SC,2026-01-01 14:45,48,Operational,Platform congestion at Secunderabad Junction delaying berthing.
EVT003368,12215,JP,2026-02-17 00:15,21,Signal,Signal failure near Jaipur Junction causing hold-up.
EVT003369,12225,NDLS,2026-01-28 06:15,49,Infrastructure,Track maintenance block in effect near New Delhi.
EVT003370,12188,TATA,2026-02-18 07:45,1,Infrastructure,Overhead equipment (OHE) tripping reported near Tatanagar Junction.
EVT003371,12103,SDAH,2026-03-01 17:45,8,Crew,Crew shortage reported at Sealdah link.
EVT003372,12094,COR,2026-01-17 00:00,70,Weather,Heavy rain reducing visibility near Kota Junction.
EVT003373,12068,BPL,2026-02-24 17:00,1,Crew,Guard unavailability causing hold at Bhopal Junction.
EVT003374,12116,BSP,2026-01-03 05:15,31,Signal,Points failure at Bilaspur Junction delaying departure.
EVT003375,12242,BZA,2026-02-07 15:30,67,Weather,High wind speed advisory near Vijayawada Junction affecting running.
EVT003376,12249,MAS,2026-01-17 04:15,32,Crew,Loco pilot booking-on delay at Chennai Central.
EVT003377,12041,JHS,2026-01-11 13:30,11,Crew,Crew shortage reported at Jhansi Junction link.
EVT003378,12056,TVC,2026-01-09 17:30,1,Infrastructure,Track maintenance block in effect near Thiruvananthapuram Central.
EVT003379,12198,PRYJ,2026-01-19 15:45,45,Infrastructure,Speed restriction due to track renewal work near Prayagraj Junction.
EVT003380,12302,PNBE,2026-02-11 19:45,17,Infrastructure,Speed restriction due to track renewal work near Patna Junction.
EVT003381,12101,KGP,2026-01-24 02:30,31,Weather,High wind speed advisory near Kharagpur Junction affecting running.
EVT003382,12238,DLI,2026-02-22 11:15,27,Passenger,Overcrowding-related boarding delay at Delhi Junction (Old Delhi).
EVT003383,12118,TVC,2026-01-08 11:15,29,Infrastructure,Speed restriction due to track renewal work near Thiruvananthapuram Central.
EVT003384,12199,CBE,2026-01-19 07:15,49,Rolling Stock,Brake power certification delay at Coimbatore Junction.
EVT003385,12252,SBC,2026-03-01 00:15,44,Operational,Late running of connecting rake into KSR Bengaluru City Junction.
EVT003386,12010,BSL,2026-01-04 17:00,42,Operational,Late running of connecting rake into Bhusaval Junction.
EVT003387,12003,BCT,2026-01-01 15:30,62,Weather,"Dense fog conditions near Mumbai Central, speed restricted."
EVT003388,12292,VSKP,2026-01-28 05:00,45,Crew,Loco pilot booking-on delay at Visakhapatnam.
EVT003389,12110,BPL,2026-01-15 01:30,26,Crew,Crew shortage reported at Bhopal Junction link.
EVT003390,12154,NGP,2026-02-18 20:45,1,Infrastructure,Overhead equipment (OHE) tripping reported near Nagpur Junction.
EVT003391,12181,GHY,2026-01-10 16:00,40,Passenger,"Medical emergency on board, halted at Guwahati."
EVT003392,12041,JHS,2026-02-11 02:30,44,Operational,Late running of connecting rake into Jhansi Junction.
EVT003393,12263,UBL,2026-02-23 04:45,47,Operational,Platform congestion at Hubballi Junction delaying berthing.
EVT003394,12157,BSP,2026-01-22 09:15,33,Infrastructure,Speed restriction due to track renewal work near Bilaspur Junction.
EVT003395,12156,PURI,2026-02-28 20:45,37,Passenger,Passenger chain-pulling incident near Puri.
EVT003396,12026,AGC,2026-01-11 06:15,14,Operational,Platform congestion at Agra Cantt delaying berthing.
EVT003397,12064,COR,2026-02-26 04:45,15,Signal,Points failure at Kota Junction delaying departure.
EVT003398,12149,CSMT,2026-01-23 10:30,18,Signal,Points failure at Chhatrapati Shivaji Maharaj Terminus delaying departure.
EVT003399,12092,JP,2026-02-16 23:15,43,Rolling Stock,"Locomotive failure reported, engine change required at Jaipur Junction."
EVT003400,12014,GHY,2026-01-23 20:30,23,Signal,Points failure at Guwahati delaying departure.
EVT003401,12274,VSKP,2026-01-06 08:15,12,Signal,Points failure at Visakhapatnam delaying departure.
EVT003402,12264,KYN,2026-01-31 07:45,63,Weather,High wind speed advisory near Kalyan Junction affecting running.
EVT003403,12136,BBS,2026-01-18 15:00,13,Crew,Guard unavailability causing hold at Bhubaneswar.
EVT003404,12033,SBC,2026-02-25 04:30,20,Infrastructure,Track maintenance block in effect near KSR Bengaluru City Junction.
EVT003405,12208,PNBE,2026-01-07 07:15,18,Operational,Crossing conflict with another service at Patna Junction.
EVT003406,12133,JBP,2026-02-16 07:45,1,Infrastructure,Track maintenance block in effect near Jabalpur Junction.
EVT003407,12086,VSKP,2026-02-18 22:45,11,Passenger,Passenger chain-pulling incident near Visakhapatnam.
EVT003408,12148,JBP,2026-02-27 08:00,67,Crew,Guard unavailability causing hold at Jabalpur Junction.
EVT003409,12180,NJP,2026-01-04 23:45,1,Operational,Crossing conflict with another service at New Jalpaiguri.
EVT003410,12289,HWH,2026-02-12 20:15,1,Signal,Points failure at Howrah Junction delaying departure.
EVT003411,12219,BAM,2026-01-07 20:30,6,Rolling Stock,"Locomotive failure reported, engine change required at Brahmapur."
EVT003412,12303,ASN,2026-02-23 05:45,25,Crew,Loco pilot booking-on delay at Asansol Junction.
EVT003413,12162,KYN,2026-02-26 18:15,13,Rolling Stock,Coach fault detected during pre-departure check at Kalyan Junction.
EVT003414,12009,MFP,2026-01-13 07:45,46,Rolling Stock,Brake power certification delay at Muzaffarpur Junction.
EVT003415,12118,MS,2026-01-15 15:00,33,Infrastructure,Track maintenance block in effect near Chennai Egmore.
EVT003416,12050,PURI,2026-01-04 15:00,6,Rolling Stock,Brake power certification delay at Puri.
EVT003417,12029,BPL,2026-01-17 05:45,1,Operational,Platform congestion at Bhopal Junction delaying berthing.
EVT003418,12076,SBC,2026-01-12 12:30,21,Signal,Points failure at KSR Bengaluru City Junction delaying departure.
EVT003419,12163,JHS,2026-01-19 19:15,26,Operational,Crossing conflict with another service at Jhansi Junction.
EVT003420,12201,NJP,2026-01-10 03:45,49,Infrastructure,Track maintenance block in effect near New Jalpaiguri.
EVT003421,12266,COR,2026-02-07 14:30,53,Infrastructure,Track maintenance block in effect near Kota Junction.
EVT003422,12316,KGP,2026-02-13 18:15,71,Passenger,"Medical emergency on board, halted at Kharagpur Junction."
EVT003423,12313,NJP,2026-02-20 19:15,7,Operational,Crossing conflict with another service at New Jalpaiguri.
EVT003424,12112,BPL,2026-02-25 10:45,47,Weather,Heavy rain reducing visibility near Bhopal Junction.
EVT003425,12053,PRYJ,2026-01-09 13:45,56,Infrastructure,Track maintenance block in effect near Prayagraj Junction.
EVT003426,12269,SC,2026-02-11 05:45,66,Weather,High wind speed advisory near Secunderabad Junction affecting running.
EVT003427,12244,JP,2026-01-27 12:45,1,Signal,Signal failure near Jaipur Junction causing hold-up.
EVT003428,12095,KYN,2026-02-14 23:45,43,Signal,Points failure at Kalyan Junction delaying departure.
EVT003429,12229,NJP,2026-02-01 15:15,37,Crew,Crew shortage reported at New Jalpaiguri link.
EVT003430,12143,GKP,2026-01-15 14:45,10,Infrastructure,Speed restriction due to track renewal work near Gorakhpur Junction.
EVT003431,12233,MAS,2026-01-10 08:15,4,Signal,Points failure at Chennai Central delaying departure.
EVT003432,12209,BPL,2026-02-18 12:15,40,Operational,Platform congestion at Bhopal Junction delaying berthing.
EVT003433,12019,NGP,2026-02-15 06:00,44,Crew,Loco pilot booking-on delay at Nagpur Junction.
EVT003434,12256,DLI,2026-02-12 20:30,25,Passenger,"Medical emergency on board, halted at Delhi Junction (Old Delhi)."
EVT003435,12113,MAS,2026-02-05 03:45,77,Infrastructure,Track maintenance block in effect near Chennai Central.
EVT003436,12196,ROU,2026-02-06 16:45,68,Operational,Crossing conflict with another service at Rourkela.
EVT003437,12112,BPL,2026-02-24 21:45,35,Weather,Heavy rain reducing visibility near Bhopal Junction.
EVT003438,12153,BBS,2026-01-27 16:30,35,Passenger,Passenger chain-pulling incident near Bhubaneswar.
EVT003439,12018,BBS,2026-02-18 21:15,15,Infrastructure,Speed restriction due to track renewal work near Bhubaneswar.
EVT003440,12119,BZA,2026-02-19 20:00,16,Weather,"Dense fog conditions near Vijayawada Junction, speed restricted."
EVT003441,12210,JP,2026-01-03 17:45,22,Signal,Points failure at Jaipur Junction delaying departure.
EVT003442,12067,DURG,2026-02-26 12:15,1,Rolling Stock,Brake power certification delay at Durg Junction.
EVT003443,12218,UBL,2026-02-09 12:45,4,Weather,Heavy rain reducing visibility near Hubballi Junction.
EVT003444,12190,BSP,2026-01-26 00:00,37,Rolling Stock,Coach fault detected during pre-departure check at Bilaspur Junction.
EVT003445,12184,BWN,2026-01-08 22:15,61,Signal,Points failure at Barddhaman Junction delaying departure.
EVT003446,12118,MAS,2026-01-04 03:00,31,Crew,Loco pilot booking-on delay at Chennai Central.
EVT003447,12162,TPJ,2026-02-21 20:45,17,Signal,Points failure at Tiruchchirapalli Junction delaying departure.
EVT003448,12006,COR,2026-02-11 18:45,26,Crew,Crew shortage reported at Kota Junction link.
EVT003449,12264,KYN,2026-01-17 01:15,22,Rolling Stock,Brake power certification delay at Kalyan Junction.
EVT003450,12001,BBS,2026-02-05 00:15,5,Operational,Platform congestion at Bhubaneswar delaying berthing.
EVT003451,12091,PRYJ,2026-02-14 13:30,44,Infrastructure,Track maintenance block in effect near Prayagraj Junction.
EVT003452,12242,PRYJ,2026-02-05 13:45,7,Passenger,"Medical emergency on board, halted at Prayagraj Junction."
EVT003453,12093,ROU,2026-01-20 06:15,75,Rolling Stock,"Locomotive failure reported, engine change required at Rourkela."
EVT003454,12292,VSKP,2026-02-13 23:30,22,Infrastructure,Track maintenance block in effect near Visakhapatnam.
EVT003455,12318,COR,2026-02-08 02:45,39,Weather,"Dense fog conditions near Kota Junction, speed restricted."
EVT003456,12130,JP,2026-01-29 14:30,53,Crew,Crew shortage reported at Jaipur Junction link.
EVT003457,12227,BZA,2026-01-04 21:45,1,Passenger,Passenger chain-pulling incident near Vijayawada Junction.
EVT003458,12164,BSP,2026-01-04 19:15,4,Rolling Stock,Coach fault detected during pre-departure check at Bilaspur Junction.
EVT003459,12137,SBC,2026-02-07 13:45,12,Operational,Late running of connecting rake into KSR Bengaluru City Junction.
EVT003460,12304,MAS,2026-01-31 03:00,1,Infrastructure,Speed restriction due to track renewal work near Chennai Central.
EVT003461,12219,SDAH,2026-01-08 23:00,1,Crew,Crew shortage reported at Sealdah link.
EVT003462,12040,PUNE,2026-01-31 15:45,33,Rolling Stock,Coach fault detected during pre-departure check at Pune Junction.
EVT003463,12023,DLI,2026-01-16 22:45,66,Signal,Automatic signalling fault reported at Delhi Junction (Old Delhi) yard.
EVT003464,12066,BBS,2026-01-09 07:30,33,Crew,Loco pilot booking-on delay at Bhubaneswar.
EVT003465,12092,JU,2026-01-17 10:45,24,Signal,Signal failure near Jodhpur Junction causing hold-up.
EVT003466,12055,MAS,2026-02-27 00:15,43,Weather,"Dense fog conditions near Chennai Central, speed restricted."
EVT003467,12132,SC,2026-01-06 06:45,48,Weather,"Dense fog conditions near Secunderabad Junction, speed restricted."
EVT003468,12133,JP,2026-02-14 10:00,33,Signal,Automatic signalling fault reported at Jaipur Junction yard.
EVT003469,12199,MYS,2026-01-20 19:30,16,Rolling Stock,"Locomotive failure reported, engine change required at Mysuru Junction."
EVT003470,12306,CSMT,2026-01-27 04:45,18,Operational,Crossing conflict with another service at Chhatrapati Shivaji Maharaj Terminus.
EVT003471,12251,PRYJ,2026-02-15 03:30,24,Signal,Points failure at Prayagraj Junction delaying departure.
EVT003472,12100,PUNE,2026-01-07 09:15,1,Signal,Signal failure near Pune Junction causing hold-up.
EVT003473,12261,RTM,2026-01-19 14:00,60,Operational,Late running of connecting rake into Ratlam Junction.
EVT003474,12298,UBL,2026-01-27 19:00,18,Operational,Late running of connecting rake into Hubballi Junction.
EVT003475,12289,DLI,2026-01-17 09:00,35,Infrastructure,Overhead equipment (OHE) tripping reported near Delhi Junction (Old Delhi).
EVT003476,12049,ADI,2026-02-12 13:30,21,Signal,Automatic signalling fault reported at Ahmedabad Junction yard.
EVT003477,12276,SBC,2026-02-27 16:45,68,Signal,Points failure at KSR Bengaluru City Junction delaying departure.
EVT003478,12160,DURG,2026-01-13 19:00,20,Operational,Platform congestion at Durg Junction delaying berthing.
EVT003479,12235,CSMT,2026-01-13 21:45,24,Passenger,"Medical emergency on board, halted at Chhatrapati Shivaji Maharaj Terminus."
EVT003480,12038,KGP,2026-02-14 19:30,25,Weather,Heavy rain reducing visibility near Kharagpur Junction.
EVT003481,12128,PNBE,2026-01-04 07:45,1,Operational,Late running of connecting rake into Patna Junction.
EVT003482,12252,SBC,2026-02-02 00:00,13,Infrastructure,Overhead equipment (OHE) tripping reported near KSR Bengaluru City Junction.
EVT003483,12046,PRYJ,2026-02-28 22:45,35,Weather,High wind speed advisory near Prayagraj Junction affecting running.
EVT003484,12312,CBE,2026-01-20 03:00,16,Infrastructure,Overhead equipment (OHE) tripping reported near Coimbatore Junction.
EVT003485,12068,NGP,2026-02-27 22:45,32,Infrastructure,Overhead equipment (OHE) tripping reported near Nagpur Junction.
EVT003486,12279,KGP,2026-02-28 22:15,33,Signal,Signal failure near Kharagpur Junction causing hold-up.
EVT003487,12132,DLI,2026-02-24 05:00,46,Crew,Crew shortage reported at Delhi Junction (Old Delhi) link.
EVT003488,12145,JP,2026-01-26 14:30,37,Weather,"Dense fog conditions near Jaipur Junction, speed restricted."
EVT003489,12112,NDLS,2026-01-07 10:45,60,Weather,Heavy rain reducing visibility near New Delhi.
EVT003490,12233,MS,2026-01-06 05:30,47,Infrastructure,Track maintenance block in effect near Chennai Egmore.
EVT003491,12076,SC,2026-01-17 15:45,1,Weather,Heavy rain reducing visibility near Secunderabad Junction.
EVT003492,12236,MDU,2026-01-21 20:15,46,Signal,Points failure at Madurai Junction delaying departure.
EVT003493,12019,BSP,2026-01-18 03:45,55,Passenger,Passenger chain-pulling incident near Bilaspur Junction.
EVT003494,12250,MAS,2026-01-26 18:45,13,Infrastructure,Overhead equipment (OHE) tripping reported near Chennai Central.
EVT003495,12134,SDAH,2026-02-15 22:00,33,Infrastructure,Speed restriction due to track renewal work near Sealdah.
EVT003496,12052,LDH,2026-01-21 01:15,5,Passenger,Passenger chain-pulling incident near Ludhiana Junction.
EVT003497,12314,COR,2026-02-18 07:15,18,Infrastructure,Overhead equipment (OHE) tripping reported near Kota Junction.
EVT003498,12015,MAS,2026-02-20 22:00,22,Weather,Heavy rain reducing visibility near Chennai Central.
EVT003499,12263,SBC,2026-01-13 01:45,1,Operational,Platform congestion at KSR Bengaluru City Junction delaying berthing.
EVT003500,12257,MAS,2026-01-18 10:00,30,Infrastructure,Track maintenance block in effect near Chennai Central.
EVT003501,12293,NGP,2026-01-10 17:30,1,Passenger,"Medical emergency on board, halted at Nagpur Junction."
EVT003502,12277,NGP,2026-02-16 07:00,5,Crew,Loco pilot booking-on delay at Nagpur Junction.
EVT003503,12020,GKP,2026-02-16 22:30,4,Operational,Late running of connecting rake into Gorakhpur Junction.
EVT003504,12225,VSKP,2026-02-26 11:45,34,Rolling Stock,Brake power certification delay at Visakhapatnam.
EVT003505,12048,ADI,2026-01-27 19:30,99,Crew,Loco pilot booking-on delay at Ahmedabad Junction.
EVT003506,12080,NDLS,2026-01-03 22:30,55,Signal,Signal failure near New Delhi causing hold-up.
EVT003507,12040,PUNE,2026-01-31 22:30,7,Operational,Late running of connecting rake into Pune Junction.
EVT003508,12227,BZA,2026-01-18 02:00,69,Signal,Signal failure near Vijayawada Junction causing hold-up.
EVT003509,12311,KGP,2026-01-01 08:15,17,Weather,Heavy rain reducing visibility near Kharagpur Junction.
EVT003510,12282,BBS,2026-02-10 05:30,2,Weather,"Dense fog conditions near Bhubaneswar, speed restricted."
EVT003511,12317,MAS,2026-01-23 01:30,40,Infrastructure,Overhead equipment (OHE) tripping reported near Chennai Central.
EVT003512,12133,JBP,2026-01-22 19:00,12,Crew,Loco pilot booking-on delay at Jabalpur Junction.
EVT003513,12293,CSMT,2026-02-02 16:30,2,Infrastructure,Speed restriction due to track renewal work near Chhatrapati Shivaji Maharaj Terminus.
EVT003514,12278,BPL,2026-02-19 08:00,14,Operational,Crossing conflict with another service at Bhopal Junction.
EVT003515,12019,PNBE,2026-02-06 20:30,1,Passenger,Overcrowding-related boarding delay at Patna Junction.
EVT003516,12157,PRYJ,2026-02-11 04:00,2,Rolling Stock,Brake power certification delay at Prayagraj Junction.
EVT003517,12269,HYB,2026-02-19 15:45,30,Weather,"Dense fog conditions near Hyderabad Deccan, speed restricted."
EVT003518,12099,ASN,2026-02-27 16:00,30,Crew,Loco pilot booking-on delay at Asansol Junction.
EVT003519,12117,HWH,2026-01-25 14:45,15,Signal,Signal failure near Howrah Junction causing hold-up.
EVT003520,12176,JBP,2026-02-07 04:30,21,Crew,Crew shortage reported at Jabalpur Junction link.
EVT003521,12276,MAS,2026-02-14 14:00,40,Signal,Signal failure near Chennai Central causing hold-up.
EVT003522,12073,PURI,2026-01-16 04:30,1,Infrastructure,Speed restriction due to track renewal work near Puri.
EVT003523,12287,ADI,2026-02-14 00:30,35,Passenger,Passenger chain-pulling incident near Ahmedabad Junction.
EVT003524,12216,BPL,2026-01-12 04:00,1,Crew,Crew shortage reported at Bhopal Junction link.
EVT003525,12057,KGP,2026-01-20 20:30,34,Weather,"Dense fog conditions near Kharagpur Junction, speed restricted."
EVT003526,12263,UBL,2026-01-10 21:30,1,Rolling Stock,Coach fault detected during pre-departure check at Hubballi Junction.
EVT003527,12037,CBE,2026-01-06 00:45,72,Weather,Heavy rain reducing visibility near Coimbatore Junction.
EVT003528,12126,UMB,2026-02-13 18:45,50,Crew,Crew shortage reported at Ambala Cantt Junction link.
EVT003529,12007,COR,2026-02-15 09:45,1,Weather,Heavy rain reducing visibility near Kota Junction.
EVT003530,12228,TVC,2026-01-12 01:30,1,Operational,Platform congestion at Thiruvananthapuram Central delaying berthing.
EVT003531,12124,SBC,2026-01-19 09:00,20,Signal,Signal failure near KSR Bengaluru City Junction causing hold-up.
EVT003532,12081,BBS,2026-01-22 13:15,11,Rolling Stock,Brake power certification delay at Bhubaneswar.
EVT003533,12158,SBC,2026-01-03 02:15,26,Rolling Stock,Brake power certification delay at KSR Bengaluru City Junction.
EVT003534,12008,UBL,2026-02-28 05:45,53,Infrastructure,Speed restriction due to track renewal work near Hubballi Junction.
EVT003535,12217,HYB,2026-02-27 19:15,18,Rolling Stock,Coach fault detected during pre-departure check at Hyderabad Deccan.
EVT003536,12123,SUR,2026-01-10 01:30,47,Passenger,Overcrowding-related boarding delay at Solapur Junction.
EVT003537,12048,ADI,2026-02-07 18:00,23,Crew,Guard unavailability causing hold at Ahmedabad Junction.
EVT003538,12268,SUR,2026-02-22 01:00,38,Operational,Crossing conflict with another service at Solapur Junction.
EVT003539,12194,PNBE,2026-02-20 20:15,1,Operational,Crossing conflict with another service at Patna Junction.
EVT003540,12116,KGP,2026-01-18 12:45,42,Weather,High wind speed advisory near Kharagpur Junction affecting running.
EVT003541,12118,JP,2026-01-11 10:00,20,Infrastructure,Speed restriction due to track renewal work near Jaipur Junction.
EVT003542,12264,MAO,2026-01-10 08:15,6,Signal,Points failure at Madgaon Junction delaying departure.
EVT003543,12210,PUNE,2026-02-15 21:45,53,Crew,Guard unavailability causing hold at Pune Junction.
EVT003544,12251,PRYJ,2026-01-16 15:15,1,Operational,Crossing conflict with another service at Prayagraj Junction.
EVT003545,12302,SC,2026-01-16 07:15,1,Weather,"Dense fog conditions near Secunderabad Junction, speed restricted."
EVT003546,12002,NGP,2026-02-03 12:30,7,Rolling Stock,Coach fault detected during pre-departure check at Nagpur Junction.
EVT003547,12010,CSMT,2026-01-29 08:30,35,Rolling Stock,"Locomotive failure reported, engine change required at Chhatrapati Shivaji Maharaj Terminus."
EVT003548,12187,PRYJ,2026-02-09 11:15,16,Weather,"Dense fog conditions near Prayagraj Junction, speed restricted."
EVT003549,12042,HWH,2026-01-13 08:15,1,Operational,Late running of connecting rake into Howrah Junction.
EVT003550,12267,GHY,2026-01-10 10:00,44,Passenger,Passenger chain-pulling incident near Guwahati.
EVT003551,12163,NDLS,2026-01-31 13:00,53,Rolling Stock,Coach fault detected during pre-departure check at New Delhi.
EVT003552,12152,PUNE,2026-01-18 03:30,43,Infrastructure,Track maintenance block in effect near Pune Junction.
EVT003553,12213,NGP,2026-01-04 08:45,1,Rolling Stock,Coach fault detected during pre-departure check at Nagpur Junction.
EVT003554,12126,NDLS,2026-01-02 14:15,53,Operational,Crossing conflict with another service at New Delhi.
EVT003555,12237,BSP,2026-02-28 11:15,1,Rolling Stock,"Locomotive failure reported, engine change required at Bilaspur Junction."
EVT003556,12111,MAS,2026-02-18 16:15,54,Weather,"Dense fog conditions near Chennai Central, speed restricted."
EVT003557,12145,JU,2026-01-15 15:45,39,Rolling Stock,Brake power certification delay at Jodhpur Junction.
EVT003558,12246,NDLS,2026-01-20 23:15,1,Passenger,"Medical emergency on board, halted at New Delhi."
EVT003559,12086,VSKP,2026-02-24 17:45,31,Crew,Guard unavailability causing hold at Visakhapatnam.
EVT003560,12211,TVC,2026-02-20 03:15,20,Operational,Late running of connecting rake into Thiruvananthapuram Central.
EVT003561,12258,BCT,2026-02-15 18:45,45,Rolling Stock,Coach fault detected during pre-departure check at Mumbai Central.
EVT003562,12311,KGP,2026-01-19 21:00,42,Weather,High wind speed advisory near Kharagpur Junction affecting running.
EVT003563,12159,JP,2026-01-12 14:30,3,Operational,Crossing conflict with another service at Jaipur Junction.
EVT003564,12046,PNBE,2026-02-28 01:45,47,Signal,Automatic signalling fault reported at Patna Junction yard.
EVT003565,12096,MYS,2026-01-18 16:00,5,Infrastructure,Track maintenance block in effect near Mysuru Junction.
EVT003566,12193,BSP,2026-01-30 02:45,26,Signal,Automatic signalling fault reported at Bilaspur Junction yard.
EVT003567,12200,JHS,2026-02-20 17:45,53,Infrastructure,Overhead equipment (OHE) tripping reported near Jhansi Junction.
EVT003568,12035,PUNE,2026-01-22 08:00,1,Infrastructure,Overhead equipment (OHE) tripping reported near Pune Junction.
EVT003569,12065,PRYJ,2026-02-18 09:45,4,Signal,Automatic signalling fault reported at Prayagraj Junction yard.
EVT003570,12003,BCT,2026-02-07 12:15,32,Rolling Stock,"Locomotive failure reported, engine change required at Mumbai Central."
EVT003571,12077,NGP,2026-01-02 12:30,8,Infrastructure,Track maintenance block in effect near Nagpur Junction.
EVT003572,12286,AII,2026-01-31 17:30,49,Infrastructure,Overhead equipment (OHE) tripping reported near Ajmer Junction.
EVT003573,12070,COR,2026-02-11 02:15,25,Infrastructure,Speed restriction due to track renewal work near Kota Junction.
EVT003574,12009,VSKP,2026-02-21 18:45,47,Rolling Stock,"Locomotive failure reported, engine change required at Visakhapatnam."
EVT003575,12282,NGP,2026-02-22 01:30,42,Passenger,Passenger chain-pulling incident near Nagpur Junction.
EVT003576,12029,BZA,2026-02-20 02:00,24,Passenger,Overcrowding-related boarding delay at Vijayawada Junction.
EVT003577,12204,MAS,2026-02-02 01:30,9,Rolling Stock,Brake power certification delay at Chennai Central.
EVT003578,12080,NDLS,2026-02-07 20:00,43,Infrastructure,Overhead equipment (OHE) tripping reported near New Delhi.
EVT003579,12269,MAS,2026-02-22 15:00,61,Crew,Crew shortage reported at Chennai Central link.
EVT003580,12056,JP,2026-02-17 12:45,81,Rolling Stock,Brake power certification delay at Jaipur Junction.
EVT003581,12022,COR,2026-01-12 16:00,1,Passenger,"Medical emergency on board, halted at Kota Junction."
EVT003582,12314,COR,2026-02-28 11:45,1,Weather,High wind speed advisory near Kota Junction affecting running.
EVT003583,12301,NDLS,2026-01-08 11:30,43,Operational,Late running of connecting rake into New Delhi.
EVT003584,12282,NGP,2026-01-25 02:00,4,Infrastructure,Overhead equipment (OHE) tripping reported near Nagpur Junction.
EVT003585,12123,SUR,2026-02-10 09:30,53,Infrastructure,Speed restriction due to track renewal work near Solapur Junction.
EVT003586,12100,PUNE,2026-01-19 07:00,22,Rolling Stock,"Locomotive failure reported, engine change required at Pune Junction."
EVT003587,12150,R,2026-02-17 08:30,56,Signal,Automatic signalling fault reported at Raipur Junction yard.
EVT003588,12222,BSP,2026-01-05 03:30,20,Operational,Crossing conflict with another service at Bilaspur Junction.
EVT003589,12204,KGP,2026-02-08 12:30,74,Weather,High wind speed advisory near Kharagpur Junction affecting running.
EVT003590,12029,BPL,2026-02-01 13:45,1,Rolling Stock,"Locomotive failure reported, engine change required at Bhopal Junction."
EVT003591,12038,ERS,2026-01-25 03:30,63,Operational,Late running of connecting rake into Ernakulam Junction.
EVT003592,12241,BBS,2026-01-19 17:00,81,Signal,Signal failure near Bhubaneswar causing hold-up.
EVT003593,12233,MAS,2026-02-27 15:15,26,Crew,Crew shortage reported at Chennai Central link.
EVT003594,12057,MAS,2026-02-09 13:30,16,Crew,Loco pilot booking-on delay at Chennai Central.
EVT003595,12190,JU,2026-02-25 11:45,46,Passenger,"Medical emergency on board, halted at Jodhpur Junction."
EVT003596,12284,VSKP,2026-02-04 17:30,53,Operational,Platform congestion at Visakhapatnam delaying berthing.
EVT003597,12283,NDLS,2026-02-14 17:00,52,Crew,Guard unavailability causing hold at New Delhi.
EVT003598,12200,JHS,2026-01-07 09:30,1,Crew,Loco pilot booking-on delay at Jhansi Junction.
EVT003599,12294,BWN,2026-02-16 14:15,73,Operational,Late running of connecting rake into Barddhaman Junction.
EVT003600,12033,SBC,2026-02-15 14:45,15,Weather,High wind speed advisory near KSR Bengaluru City Junction affecting running.
EVT003601,12067,KGP,2026-02-11 00:15,39,Signal,Points failure at Kharagpur Junction delaying departure.
EVT003602,12116,HWH,2026-01-31 12:15,25,Signal,Points failure at Howrah Junction delaying departure.
EVT003603,12046,PRYJ,2026-02-08 15:15,33,Weather,High wind speed advisory near Prayagraj Junction affecting running.
EVT003604,12230,JP,2026-02-13 22:45,9,Crew,Loco pilot booking-on delay at Jaipur Junction.
EVT003605,12298,SBC,2026-02-04 02:45,59,Rolling Stock,Coach fault detected during pre-departure check at KSR Bengaluru City Junction.
EVT003606,12116,NGP,2026-01-28 03:45,27,Signal,Points failure at Nagpur Junction delaying departure.
EVT003607,12176,JHS,2026-01-14 09:30,4,Signal,Signal failure near Jhansi Junction causing hold-up.
EVT003608,12211,JP,2026-01-03 18:00,32,Signal,Automatic signalling fault reported at Jaipur Junction yard.
EVT003609,12093,KGP,2026-01-31 05:45,11,Weather,High wind speed advisory near Kharagpur Junction affecting running.
EVT003610,12122,NDLS,2026-02-21 05:45,12,Signal,Signal failure near New Delhi causing hold-up.
EVT003611,12251,R,2026-01-20 06:45,4,Signal,Points failure at Raipur Junction delaying departure.
EVT003612,12256,NDLS,2026-01-09 01:00,45,Signal,Automatic signalling fault reported at New Delhi yard.
EVT003613,12242,BZA,2026-01-08 11:45,5,Weather,High wind speed advisory near Vijayawada Junction affecting running.
EVT003614,12044,PRYJ,2026-02-15 14:00,38,Infrastructure,Track maintenance block in effect near Prayagraj Junction.
EVT003615,12080,KGP,2026-02-19 18:30,1,Passenger,Overcrowding-related boarding delay at Kharagpur Junction.
EVT003616,12182,COR,2026-02-20 12:30,13,Signal,Automatic signalling fault reported at Kota Junction yard.
EVT003617,12013,MDU,2026-02-10 22:45,29,Weather,"Dense fog conditions near Madurai Junction, speed restricted."
EVT003618,12084,BCT,2026-01-13 01:00,30,Rolling Stock,Coach fault detected during pre-departure check at Mumbai Central.
EVT003619,12167,NGP,2026-02-04 10:15,1,Rolling Stock,"Locomotive failure reported, engine change required at Nagpur Junction."
EVT003620,12077,BBS,2026-02-17 01:00,1,Signal,Automatic signalling fault reported at Bhubaneswar yard.
EVT003621,12177,KGP,2026-01-20 20:00,59,Weather,"Dense fog conditions near Kharagpur Junction, speed restricted."
EVT003622,12139,VSKP,2026-01-06 16:00,9,Weather,Heavy rain reducing visibility near Visakhapatnam.
EVT003623,12146,NDLS,2026-03-01 17:45,9,Signal,Signal failure near New Delhi causing hold-up.
EVT003624,12034,SUR,2026-01-18 23:45,1,Crew,Loco pilot booking-on delay at Solapur Junction.
EVT003625,12268,NDLS,2026-02-15 21:00,66,Weather,"Dense fog conditions near New Delhi, speed restricted."
EVT003626,12312,VSKP,2026-01-06 13:45,36,Signal,Signal failure near Visakhapatnam causing hold-up.
EVT003627,12075,TVC,2026-01-15 12:30,12,Signal,Points failure at Thiruvananthapuram Central delaying departure.
EVT003628,12311,TATA,2026-02-17 21:00,44,Signal,Automatic signalling fault reported at Tatanagar Junction yard.
EVT003629,12212,SDAH,2026-01-28 13:15,10,Crew,Crew shortage reported at Sealdah link.
EVT003630,12078,MDU,2026-02-04 12:00,1,Passenger,Overcrowding-related boarding delay at Madurai Junction.
EVT003631,12014,CTC,2026-01-24 00:45,54,Signal,Signal failure near Cuttack Junction causing hold-up.
EVT003632,12308,ADI,2026-02-05 06:30,1,Infrastructure,Speed restriction due to track renewal work near Ahmedabad Junction.
EVT003633,12280,NDLS,2026-02-18 17:15,1,Weather,"Dense fog conditions near New Delhi, speed restricted."
EVT003634,12227,BZA,2026-02-17 14:30,55,Signal,Signal failure near Vijayawada Junction causing hold-up.
EVT003635,12159,COR,2026-02-22 11:45,80,Infrastructure,Overhead equipment (OHE) tripping reported near Kota Junction.
EVT003636,12197,SC,2026-02-08 12:15,73,Passenger,Passenger chain-pulling incident near Secunderabad Junction.
EVT003637,12113,VSKP,2026-02-09 11:00,35,Operational,Platform congestion at Visakhapatnam delaying berthing.
EVT003638,12300,CSMT,2026-01-06 01:15,88,Passenger,Passenger chain-pulling incident near Chhatrapati Shivaji Maharaj Terminus.
EVT003639,12052,PRYJ,2026-02-05 14:15,43,Rolling Stock,Coach fault detected during pre-departure check at Prayagraj Junction.
EVT003640,12243,PRYJ,2026-02-14 10:00,1,Signal,Points failure at Prayagraj Junction delaying departure.
EVT003641,12058,NDLS,2026-02-13 01:00,12,Infrastructure,Overhead equipment (OHE) tripping reported near New Delhi.
EVT003642,12174,BBS,2026-01-26 21:45,27,Crew,Crew shortage reported at Bhubaneswar link.
EVT003643,12307,BCT,2026-01-09 01:00,33,Signal,Points failure at Mumbai Central delaying departure.
EVT003644,12187,PRYJ,2026-01-23 05:45,28,Signal,Signal failure near Prayagraj Junction causing hold-up.
EVT003645,12056,AII,2026-02-25 13:45,6,Passenger,Passenger chain-pulling incident near Ajmer Junction.
EVT003646,12095,JP,2026-02-02 12:30,39,Signal,Points failure at Jaipur Junction delaying departure.
EVT003647,12012,UBL,2026-01-04 03:30,42,Infrastructure,Speed restriction due to track renewal work near Hubballi Junction.
EVT003648,12309,PNBE,2026-01-11 05:30,12,Weather,High wind speed advisory near Patna Junction affecting running.
EVT003649,12091,VSKP,2026-01-02 22:45,28,Operational,Crossing conflict with another service at Visakhapatnam.
EVT003650,12043,MAS,2026-02-10 05:15,79,Rolling Stock,"Locomotive failure reported, engine change required at Chennai Central."
EVT003651,12026,AGC,2026-01-18 17:45,48,Crew,Crew shortage reported at Agra Cantt link.
EVT003652,12282,NGP,2026-02-05 05:30,1,Weather,"Dense fog conditions near Nagpur Junction, speed restricted."
EVT003653,12301,NDLS,2026-01-08 22:45,34,Infrastructure,Track maintenance block in effect near New Delhi.
EVT003654,12143,MAS,2026-01-04 11:00,38,Rolling Stock,Brake power certification delay at Chennai Central.
EVT003655,12089,NGP,2026-02-21 14:00,55,Crew,Guard unavailability causing hold at Nagpur Junction.
EVT003656,12253,ST,2026-01-22 07:30,36,Signal,Automatic signalling fault reported at Surat yard.
EVT003657,12100,NDLS,2026-02-27 22:30,34,Operational,Crossing conflict with another service at New Delhi.
EVT003658,12030,KYN,2026-01-24 18:30,37,Infrastructure,Speed restriction due to track renewal work near Kalyan Junction.
EVT003659,12095,JP,2026-02-26 15:15,13,Rolling Stock,Brake power certification delay at Jaipur Junction.
EVT003660,12000,NJP,2026-01-28 23:00,30,Infrastructure,Track maintenance block in effect near New Jalpaiguri.
EVT003661,12224,JU,2026-01-04 05:45,19,Operational,Late running of connecting rake into Jodhpur Junction.
EVT003662,12036,KGP,2026-01-25 22:45,15,Crew,Crew shortage reported at Kharagpur Junction link.
EVT003663,12254,BPL,2026-02-20 05:45,28,Signal,Signal failure near Bhopal Junction causing hold-up.
EVT003664,12049,GHY,2026-01-01 17:15,19,Crew,Crew shortage reported at Guwahati link.
EVT003665,12009,BBS,2026-02-15 07:00,39,Passenger,Overcrowding-related boarding delay at Bhubaneswar.
EVT003666,12121,BZA,2026-02-27 08:00,24,Passenger,"Medical emergency on board, halted at Vijayawada Junction."
EVT003667,12126,UMB,2026-01-11 07:00,21,Weather,"Dense fog conditions near Ambala Cantt Junction, speed restricted."
EVT003668,12118,MS,2026-01-30 04:45,1,Infrastructure,Track maintenance block in effect near Chennai Egmore.
EVT003669,12270,GHY,2026-02-17 01:30,79,Operational,Platform congestion at Guwahati delaying berthing.
EVT003670,12118,MS,2026-01-26 16:00,54,Rolling Stock,Brake power certification delay at Chennai Egmore.
EVT003671,12300,CSMT,2026-02-17 14:45,72,Signal,Automatic signalling fault reported at Chhatrapati Shivaji Maharaj Terminus yard.
EVT003672,12080,KGP,2026-01-30 23:00,12,Rolling Stock,Brake power certification delay at Kharagpur Junction.
EVT003673,12236,KGP,2026-02-19 18:00,41,Passenger,Passenger chain-pulling incident near Kharagpur Junction.
EVT003674,12268,NDLS,2026-01-05 07:00,45,Operational,Late running of connecting rake into New Delhi.
EVT003675,12235,BCT,2026-01-22 22:00,29,Weather,High wind speed advisory near Mumbai Central affecting running.
EVT003676,12183,NDLS,2026-01-11 21:15,67,Infrastructure,Track maintenance block in effect near New Delhi.
EVT003677,12133,JBP,2026-02-02 11:30,7,Signal,Signal failure near Jabalpur Junction causing hold-up.
EVT003678,12004,BBS,2026-01-10 20:00,52,Crew,Loco pilot booking-on delay at Bhubaneswar.
EVT003679,12049,GHY,2026-01-21 07:00,19,Operational,Crossing conflict with another service at Guwahati.
EVT003680,12308,GHY,2026-02-20 23:45,12,Weather,"Dense fog conditions near Guwahati, speed restricted."
EVT003681,12203,PNBE,2026-02-22 10:30,28,Signal,Automatic signalling fault reported at Patna Junction yard.
EVT003682,12253,ADI,2026-02-02 17:00,1,Rolling Stock,Brake power certification delay at Ahmedabad Junction.
EVT003683,12230,TVC,2026-01-18 15:00,32,Rolling Stock,Brake power certification delay at Thiruvananthapuram Central.
EVT003684,12057,SC,2026-02-12 03:45,46,Passenger,Passenger chain-pulling incident near Secunderabad Junction.
EVT003685,12058,NDLS,2026-02-19 09:45,49,Crew,Guard unavailability causing hold at New Delhi.
EVT003686,12103,SDAH,2026-02-14 02:30,9,Rolling Stock,Brake power certification delay at Sealdah.
EVT003687,12037,CBE,2026-02-01 01:30,55,Infrastructure,Overhead equipment (OHE) tripping reported near Coimbatore Junction.
EVT003688,12174,BBS,2026-01-25 09:15,52,Crew,Crew shortage reported at Bhubaneswar link.
EVT003689,12012,UBL,2026-02-09 00:00,1,Weather,"Dense fog conditions near Hubballi Junction, speed restricted."
EVT003690,12139,SC,2026-02-25 09:15,51,Crew,Loco pilot booking-on delay at Secunderabad Junction.
EVT003691,12082,MLDT,2026-01-08 19:15,61,Operational,Platform congestion at Malda Town delaying berthing.
EVT003692,12195,NDLS,2026-02-11 09:45,1,Operational,Platform congestion at New Delhi delaying berthing.
EVT003693,12296,AGC,2026-02-04 20:15,13,Passenger,Passenger chain-pulling incident near Agra Cantt.
EVT003694,12139,BZA,2026-02-08 23:30,32,Infrastructure,Track maintenance block in effect near Vijayawada Junction.
EVT003695,12120,CTC,2026-02-17 19:30,77,Infrastructure,Overhead equipment (OHE) tripping reported near Cuttack Junction.
EVT003696,12100,PRYJ,2026-01-18 13:15,1,Infrastructure,Overhead equipment (OHE) tripping reported near Prayagraj Junction.
EVT003697,12182,COR,2026-01-13 21:45,1,Rolling Stock,Coach fault detected during pre-departure check at Kota Junction.
EVT003698,12246,LDH,2026-01-04 09:15,30,Signal,Points failure at Ludhiana Junction delaying departure.
EVT003699,12254,CTC,2026-01-10 14:00,1,Signal,Points failure at Cuttack Junction delaying departure.
EVT003700,12192,GHY,2026-01-21 13:30,26,Weather,"Dense fog conditions near Guwahati, speed restricted."
EVT003701,12184,KGP,2026-02-03 08:00,1,Infrastructure,Track maintenance block in effect near Kharagpur Junction.
EVT003702,12136,BBS,2026-02-08 12:30,1,Rolling Stock,Brake power certification delay at Bhubaneswar.
EVT003703,12189,ASR,2026-01-26 16:30,30,Infrastructure,Track maintenance block in effect near Amritsar Junction.
EVT003704,12174,BBS,2026-01-13 12:15,29,Signal,Signal failure near Bhubaneswar causing hold-up.
EVT003705,12283,NDLS,2026-02-01 05:00,1,Signal,Points failure at New Delhi delaying departure.
EVT003706,12097,DD,2026-01-13 23:00,1,Crew,Crew shortage reported at Daund Junction link.
EVT003707,12018,VSKP,2026-02-11 10:45,13,Signal,Signal failure near Visakhapatnam causing hold-up.
EVT003708,12103,VSKP,2026-01-08 13:00,50,Rolling Stock,"Locomotive failure reported, engine change required at Visakhapatnam."
EVT003709,12279,HYB,2026-01-16 23:45,1,Rolling Stock,Brake power certification delay at Hyderabad Deccan.
EVT003710,12138,JP,2026-02-07 10:00,4,Weather,"Dense fog conditions near Jaipur Junction, speed restricted."
EVT003711,12038,PNBE,2026-02-28 15:15,64,Passenger,"Medical emergency on board, halted at Patna Junction."
EVT003712,12018,BBS,2026-02-02 16:30,40,Passenger,Overcrowding-related boarding delay at Bhubaneswar.
EVT003713,12235,NGP,2026-02-03 10:30,17,Infrastructure,Overhead equipment (OHE) tripping reported near Nagpur Junction.
EVT003714,12114,NDLS,2026-01-28 13:00,40,Operational,Platform congestion at New Delhi delaying berthing.
EVT003715,12114,COR,2026-02-01 20:15,65,Signal,Signal failure near Kota Junction causing hold-up.
EVT003716,12060,ADI,2026-02-04 18:00,4,Crew,Crew shortage reported at Ahmedabad Junction link.
EVT003717,12014,CTC,2026-01-06 19:00,42,Weather,"Dense fog conditions near Cuttack Junction, speed restricted."
EVT003718,12266,COR,2026-02-25 20:45,36,Infrastructure,Speed restriction due to track renewal work near Kota Junction.
EVT003719,12026,NDLS,2026-01-14 01:30,73,Rolling Stock,Coach fault detected during pre-departure check at New Delhi.
EVT003720,12295,ASN,2026-01-29 12:30,83,Operational,Late running of connecting rake into Asansol Junction.
EVT003721,12136,KYN,2026-02-23 08:30,2,Infrastructure,Speed restriction due to track renewal work near Kalyan Junction.
EVT003722,12079,ERS,2026-01-26 06:45,1,Infrastructure,Track maintenance block in effect near Ernakulam Junction.
EVT003723,12127,NJP,2026-01-18 14:00,68,Operational,Crossing conflict with another service at New Jalpaiguri.
EVT003724,12207,CSMT,2026-01-16 09:15,40,Operational,Crossing conflict with another service at Chhatrapati Shivaji Maharaj Terminus.
EVT003725,12126,NGP,2026-01-09 20:00,42,Weather,High wind speed advisory near Nagpur Junction affecting running.
EVT003726,12147,BBS,2026-01-07 02:15,33,Passenger,Overcrowding-related boarding delay at Bhubaneswar.
EVT003727,12176,JHS,2026-02-04 15:30,14,Signal,Signal failure near Jhansi Junction causing hold-up.
EVT003728,12155,DLI,2026-02-22 13:15,4,Rolling Stock,Coach fault detected during pre-departure check at Delhi Junction (Old Delhi).
EVT003729,12022,JBP,2026-02-10 21:45,27,Signal,Signal failure near Jabalpur Junction causing hold-up.
EVT003730,12233,MS,2026-01-17 07:30,68,Rolling Stock,"Locomotive failure reported, engine change required at Chennai Egmore."
EVT003731,12164,BSP,2026-01-10 21:30,16,Weather,"Dense fog conditions near Bilaspur Junction, speed restricted."
EVT003732,12207,SDAH,2026-02-09 15:30,36,Signal,Points failure at Sealdah delaying departure.
EVT003733,12000,JP,2026-01-25 03:15,61,Operational,Crossing conflict with another service at Jaipur Junction.
EVT003734,12284,SDAH,2026-01-20 03:30,12,Rolling Stock,Brake power certification delay at Sealdah.
EVT003735,12152,JP,2026-02-21 12:30,112,Signal,Automatic signalling fault reported at Jaipur Junction yard.
EVT003736,12003,KYN,2026-02-06 11:30,5,Infrastructure,Speed restriction due to track renewal work near Kalyan Junction.
EVT003737,12139,VSKP,2026-02-27 18:45,64,Operational,Crossing conflict with another service at Visakhapatnam.
EVT003738,12184,HWH,2026-02-26 02:15,7,Rolling Stock,"Locomotive failure reported, engine change required at Howrah Junction."
EVT003739,12149,BBS,2026-01-09 05:00,63,Signal,Automatic signalling fault reported at Bhubaneswar yard.
EVT003740,12012,UBL,2026-01-02 15:45,49,Signal,Signal failure near Hubballi Junction causing hold-up.
EVT003741,12303,SDAH,2026-02-17 03:45,35,Passenger,Passenger chain-pulling incident near Sealdah.
EVT003742,12094,DURG,2026-01-15 08:15,39,Crew,Crew shortage reported at Durg Junction link.
EVT003743,12012,UBL,2026-01-06 21:30,15,Operational,Crossing conflict with another service at Hubballi Junction.
EVT003744,12233,HWH,2026-01-14 09:00,77,Crew,Guard unavailability causing hold at Howrah Junction.
EVT003745,12122,SC,2026-01-15 10:45,67,Signal,Signal failure near Secunderabad Junction causing hold-up.
EVT003746,12108,MAS,2026-02-02 14:45,39,Weather,"Dense fog conditions near Chennai Central, speed restricted."
EVT003747,12295,BSP,2026-02-17 21:30,43,Crew,Crew shortage reported at Bilaspur Junction link.
EVT003748,12164,KYN,2026-01-16 10:30,10,Infrastructure,Speed restriction due to track renewal work near Kalyan Junction.
EVT003749,12316,MS,2026-01-19 07:45,25,Rolling Stock,"Locomotive failure reported, engine change required at Chennai Egmore."
EVT003750,12147,MAO,2026-01-09 09:15,40,Crew,Crew shortage reported at Madgaon Junction link.
EVT003751,12276,TVC,2026-01-28 08:00,31,Infrastructure,Overhead equipment (OHE) tripping reported near Thiruvananthapuram Central.
EVT003752,12153,BZA,2026-02-17 22:00,1,Signal,Points failure at Vijayawada Junction delaying departure.
EVT003753,12195,ASR,2026-02-01 18:00,34,Infrastructure,Track maintenance block in effect near Amritsar Junction.
EVT003754,12167,ST,2026-02-03 17:00,7,Operational,Crossing conflict with another service at Surat.
EVT003755,12103,BZA,2026-01-01 20:30,25,Rolling Stock,Brake power certification delay at Vijayawada Junction.
EVT003756,12092,KYN,2026-01-23 07:45,49,Weather,Heavy rain reducing visibility near Kalyan Junction.
EVT003757,12130,BBS,2026-02-05 11:45,21,Rolling Stock,Brake power certification delay at Bhubaneswar.
EVT003758,12120,BBS,2026-01-23 03:15,29,Infrastructure,Overhead equipment (OHE) tripping reported near Bhubaneswar.
EVT003759,12157,PRYJ,2026-02-01 21:00,17,Infrastructure,Track maintenance block in effect near Prayagraj Junction.
EVT003760,12141,NGP,2026-02-07 10:00,44,Operational,Platform congestion at Nagpur Junction delaying berthing.
EVT003761,12103,NDLS,2026-01-03 04:00,16,Crew,Crew shortage reported at New Delhi link.
EVT003762,12014,GHY,2026-02-18 18:00,42,Rolling Stock,Brake power certification delay at Guwahati.
EVT003763,12147,KYN,2026-02-10 18:15,1,Signal,Signal failure near Kalyan Junction causing hold-up.
EVT003764,12317,KGP,2026-01-28 06:30,72,Rolling Stock,Brake power certification delay at Kharagpur Junction.
EVT003765,12063,GAYA,2026-02-01 14:15,68,Rolling Stock,Brake power certification delay at Gaya Junction.
EVT003766,12294,PNBE,2026-01-22 20:30,43,Infrastructure,Track maintenance block in effect near Patna Junction.
EVT003767,12213,BCT,2026-02-10 06:00,41,Passenger,Overcrowding-related boarding delay at Mumbai Central.
EVT003768,12079,BSP,2026-01-03 17:00,61,Signal,Signal failure near Bilaspur Junction causing hold-up.
EVT003769,12020,GKP,2026-02-28 17:00,1,Crew,Crew shortage reported at Gorakhpur Junction link.
EVT003770,12228,TVC,2026-02-05 19:00,40,Crew,Guard unavailability causing hold at Thiruvananthapuram Central.
EVT003771,12206,MYS,2026-03-01 13:45,26,Passenger,"Medical emergency on board, halted at Mysuru Junction."
EVT003772,12260,PUNE,2026-03-01 06:15,31,Crew,Crew shortage reported at Pune Junction link.
EVT003773,12221,BPL,2026-02-04 02:15,12,Signal,Automatic signalling fault reported at Bhopal Junction yard.
EVT003774,12071,JP,2026-02-17 01:00,25,Infrastructure,Overhead equipment (OHE) tripping reported near Jaipur Junction.
EVT003775,12027,JP,2026-01-25 19:30,48,Infrastructure,Overhead equipment (OHE) tripping reported near Jaipur Junction.
EVT003776,12125,GKP,2026-01-16 18:30,29,Operational,Platform congestion at Gorakhpur Junction delaying berthing.
EVT003777,12249,MLDT,2026-02-22 10:15,29,Operational,Late running of connecting rake into Malda Town.
EVT003778,12188,ROU,2026-01-27 04:00,26,Infrastructure,Track maintenance block in effect near Rourkela.
EVT003779,12104,KGP,2026-02-28 23:15,33,Passenger,"Medical emergency on board, halted at Kharagpur Junction."
EVT003780,12274,NDLS,2026-01-04 03:45,30,Operational,Platform congestion at New Delhi delaying berthing.
EVT003781,12259,DD,2026-01-23 03:00,14,Infrastructure,Speed restriction due to track renewal work near Daund Junction.
EVT003782,12238,CSMT,2026-01-25 02:30,47,Weather,Heavy rain reducing visibility near Chhatrapati Shivaji Maharaj Terminus.
EVT003783,12197,MAS,2026-02-01 15:00,24,Rolling Stock,Coach fault detected during pre-departure check at Chennai Central.
EVT003784,12045,NGP,2026-01-03 01:15,47,Signal,Points failure at Nagpur Junction delaying departure.
EVT003785,12201,SDAH,2026-02-12 18:45,75,Infrastructure,Overhead equipment (OHE) tripping reported near Sealdah.
EVT003786,12269,HYB,2026-01-26 08:15,64,Rolling Stock,Coach fault detected during pre-departure check at Hyderabad Deccan.
EVT003787,12076,SC,2026-02-18 18:00,35,Rolling Stock,"Locomotive failure reported, engine change required at Secunderabad Junction."
EVT003788,12185,KYN,2026-01-12 11:45,56,Infrastructure,Overhead equipment (OHE) tripping reported near Kalyan Junction.
EVT003789,12197,MS,2026-01-13 09:00,1,Operational,Late running of connecting rake into Chennai Egmore.
EVT003790,12030,BBS,2026-02-22 00:00,31,Passenger,Passenger chain-pulling incident near Bhubaneswar.
EVT003791,12128,PNBE,2026-01-29 14:45,41,Signal,Signal failure near Patna Junction causing hold-up.
EVT003792,12199,SC,2026-01-09 11:30,1,Operational,Crossing conflict with another service at Secunderabad Junction.
EVT003793,12278,RTM,2026-02-02 09:30,40,Infrastructure,Track maintenance block in effect near Ratlam Junction.
EVT003794,12047,GHY,2026-01-12 15:30,38,Operational,Late running of connecting rake into Guwahati.
EVT003795,12076,SC,2026-02-17 09:45,23,Operational,Late running of connecting rake into Secunderabad Junction.
EVT003796,12288,ST,2026-01-06 06:45,24,Operational,Crossing conflict with another service at Surat.
EVT003797,12056,AII,2026-02-18 18:00,1,Signal,Points failure at Ajmer Junction delaying departure.
EVT003798,12078,MAS,2026-02-14 16:15,63,Operational,Crossing conflict with another service at Chennai Central.
EVT003799,12304,UBL,2026-01-23 00:45,1,Signal,Signal failure near Hubballi Junction causing hold-up.
EVT003800,12108,VSKP,2026-02-08 16:45,74,Operational,Platform congestion at Visakhapatnam delaying berthing.
EVT003801,12113,VSKP,2026-01-11 18:30,40,Operational,Late running of connecting rake into Visakhapatnam.
EVT003802,12079,KGP,2026-02-09 14:15,46,Signal,Automatic signalling fault reported at Kharagpur Junction yard.
EVT003803,12156,COR,2026-02-21 21:30,53,Infrastructure,Overhead equipment (OHE) tripping reported near Kota Junction.
EVT003804,12133,COR,2026-01-28 10:00,1,Infrastructure,Track maintenance block in effect near Kota Junction.
EVT003805,12050,BCT,2026-02-23 05:00,52,Signal,Points failure at Mumbai Central delaying departure.
EVT003806,12271,MAS,2026-02-18 18:30,22,Rolling Stock,Brake power certification delay at Chennai Central.
EVT003807,12272,NDLS,2026-02-05 16:45,1,Signal,Automatic signalling fault reported at New Delhi yard.
EVT003808,12016,BCT,2026-01-12 07:15,60,Weather,Heavy rain reducing visibility near Mumbai Central.
EVT003809,12190,JU,2026-01-11 05:30,17,Signal,Points failure at Jodhpur Junction delaying departure.
EVT003810,12135,PRYJ,2026-01-19 11:45,11,Weather,Heavy rain reducing visibility near Prayagraj Junction.
EVT003811,12107,MYS,2026-02-22 02:15,18,Rolling Stock,"Locomotive failure reported, engine change required at Mysuru Junction."
EVT003812,12142,TATA,2026-01-31 06:00,26,Signal,Points failure at Tatanagar Junction delaying departure.
EVT003813,12050,JBP,2026-01-23 14:30,37,Signal,Points failure at Jabalpur Junction delaying departure.
EVT003814,12175,COR,2026-02-23 11:00,46,Infrastructure,Overhead equipment (OHE) tripping reported near Kota Junction.
EVT003815,12118,MAS,2026-02-14 08:45,55,Weather,"Dense fog conditions near Chennai Central, speed restricted."
EVT003816,12188,TATA,2026-02-23 11:00,30,Crew,Loco pilot booking-on delay at Tatanagar Junction.
EVT003817,12200,JHS,2026-02-10 21:00,48,Operational,Crossing conflict with another service at Jhansi Junction.
EVT003818,12074,MS,2026-01-17 04:00,15,Crew,Crew shortage reported at Chennai Egmore link.
EVT003819,12222,JBP,2026-01-31 05:15,19,Operational,Late running of connecting rake into Jabalpur Junction.
EVT003820,12064,NDLS,2026-02-20 22:30,31,Operational,Crossing conflict with another service at New Delhi.
EVT003821,12102,BBS,2026-01-06 12:30,1,Signal,Automatic signalling fault reported at Bhubaneswar yard.
EVT003822,12050,PURI,2026-02-20 10:30,55,Weather,Heavy rain reducing visibility near Puri.
EVT003823,12014,BCT,2026-02-21 00:30,36,Infrastructure,Track maintenance block in effect near Mumbai Central.
EVT003824,12009,BBS,2026-01-30 19:45,70,Operational,Late running of connecting rake into Bhubaneswar.
EVT003825,12054,NDLS,2026-01-30 18:45,64,Weather,"Dense fog conditions near New Delhi, speed restricted."
EVT003826,12294,BWN,2026-01-07 03:45,38,Signal,Signal failure near Barddhaman Junction causing hold-up.
EVT003827,12267,BCT,2026-01-17 22:00,54,Crew,Loco pilot booking-on delay at Mumbai Central.
EVT003828,12248,MLDT,2026-01-21 13:45,42,Rolling Stock,"Locomotive failure reported, engine change required at Malda Town."
EVT003829,12294,BWN,2026-02-04 17:30,1,Operational,Platform congestion at Barddhaman Junction delaying berthing.
EVT003830,12217,HYB,2026-01-13 17:30,49,Signal,Signal failure near Hyderabad Deccan causing hold-up.
EVT003831,12264,KYN,2026-02-25 10:30,27,Rolling Stock,Brake power certification delay at Kalyan Junction.
EVT003832,12042,ROU,2026-01-02 12:30,38,Rolling Stock,"Locomotive failure reported, engine change required at Rourkela."
EVT003833,12054,VSKP,2026-02-20 15:45,50,Crew,Crew shortage reported at Visakhapatnam link.
EVT003834,12139,BBS,2026-02-05 10:00,43,Operational,Late running of connecting rake into Bhubaneswar.
EVT003835,12129,AII,2026-01-30 21:00,48,Operational,Late running of connecting rake into Ajmer Junction.
EVT003836,12194,PRYJ,2026-01-02 04:15,9,Infrastructure,Track maintenance block in effect near Prayagraj Junction.
EVT003837,12102,BBS,2026-02-05 06:45,67,Weather,High wind speed advisory near Bhubaneswar affecting running.
EVT003838,12316,HWH,2026-01-15 20:30,21,Rolling Stock,Coach fault detected during pre-departure check at Howrah Junction.
EVT003839,12011,GHY,2026-01-05 20:15,10,Signal,Signal failure near Guwahati causing hold-up.
EVT003840,12138,ERS,2026-01-04 05:15,23,Weather,High wind speed advisory near Ernakulam Junction affecting running.
EVT003841,12227,BZA,2026-01-03 06:00,1,Operational,Crossing conflict with another service at Vijayawada Junction.
EVT003842,12238,DLI,2026-01-04 08:00,1,Operational,Late running of connecting rake into Delhi Junction (Old Delhi).
EVT003843,12202,PRYJ,2026-01-10 18:15,52,Weather,Heavy rain reducing visibility near Prayagraj Junction.
EVT003844,12178,MAS,2026-02-20 22:30,80,Operational,Platform congestion at Chennai Central delaying berthing.
EVT003845,12226,BSL,2026-02-05 11:15,55,Signal,Signal failure near Bhusaval Junction causing hold-up.
EVT003846,12227,BZA,2026-01-09 01:45,1,Rolling Stock,Coach fault detected during pre-departure check at Vijayawada Junction.
EVT003847,12237,BSP,2026-01-24 18:45,56,Operational,Platform congestion at Bilaspur Junction delaying berthing.
EVT003848,12008,UBL,2026-02-12 07:45,5,Rolling Stock,Coach fault detected during pre-departure check at Hubballi Junction.
EVT003849,12191,JP,2026-02-19 22:15,78,Passenger,Passenger chain-pulling incident near Jaipur Junction.
EVT003850,12205,CSMT,2026-02-06 08:00,1,Passenger,"Medical emergency on board, halted at Chhatrapati Shivaji Maharaj Terminus."
EVT003851,12026,NDLS,2026-02-07 09:15,19,Operational,Crossing conflict with another service at New Delhi.
EVT003852,12317,VSKP,2026-02-07 02:45,3,Signal,Signal failure near Visakhapatnam causing hold-up.
EVT003853,12231,NJP,2026-01-18 14:15,31,Weather,Heavy rain reducing visibility near New Jalpaiguri.
EVT003854,12085,SDAH,2026-03-01 17:15,24,Weather,Heavy rain reducing visibility near Sealdah.
EVT003855,12296,PRYJ,2026-02-19 17:45,49,Crew,Loco pilot booking-on delay at Prayagraj Junction.
EVT003856,12019,PRYJ,2026-02-12 05:30,8,Signal,Points failure at Prayagraj Junction delaying departure.
EVT003857,12088,ERS,2026-01-09 19:15,78,Infrastructure,Track maintenance block in effect near Ernakulam Junction.
EVT003858,12048,SC,2026-01-26 15:30,59,Operational,Platform congestion at Secunderabad Junction delaying berthing.
EVT003859,12018,NDLS,2026-02-12 23:30,24,Infrastructure,Track maintenance block in effect near New Delhi.
EVT003860,12254,BBS,2026-02-02 06:00,1,Passenger,Overcrowding-related boarding delay at Bhubaneswar.
EVT003861,12263,MAS,2026-01-18 06:00,12,Signal,Automatic signalling fault reported at Chennai Central yard.
EVT003862,12053,NDLS,2026-02-20 17:15,24,Passenger,Passenger chain-pulling incident near New Delhi.
EVT003863,12169,GKP,2026-02-20 17:15,5,Operational,Crossing conflict with another service at Gorakhpur Junction.
EVT003864,12183,NDLS,2026-02-04 22:45,66,Operational,Late running of connecting rake into New Delhi.
EVT003865,12188,JBP,2026-02-05 21:30,49,Signal,Automatic signalling fault reported at Jabalpur Junction yard.
EVT003866,12224,ADI,2026-01-10 05:15,24,Crew,Crew shortage reported at Ahmedabad Junction link.
EVT003867,12275,VSKP,2026-01-01 09:45,28,Operational,Crossing conflict with another service at Visakhapatnam.
EVT003868,12236,KGP,2026-02-23 23:45,76,Operational,Crossing conflict with another service at Kharagpur Junction.
EVT003869,12071,KYN,2026-02-21 09:00,43,Rolling Stock,Coach fault detected during pre-departure check at Kalyan Junction.
EVT003870,12222,COR,2026-01-10 08:30,1,Signal,Signal failure near Kota Junction causing hold-up.
EVT003871,12042,DURG,2026-02-21 20:30,41,Rolling Stock,Brake power certification delay at Durg Junction.
EVT003872,12058,BBS,2026-01-07 22:45,32,Crew,Crew shortage reported at Bhubaneswar link.
EVT003873,12233,MAS,2026-02-22 12:15,56,Signal,Automatic signalling fault reported at Chennai Central yard.
EVT003874,12092,JU,2026-01-18 15:15,49,Rolling Stock,Brake power certification delay at Jodhpur Junction.
EVT003875,12009,PRYJ,2026-01-05 01:15,44,Signal,Automatic signalling fault reported at Prayagraj Junction yard.
EVT003876,12131,KGP,2026-01-23 23:30,71,Infrastructure,Track maintenance block in effect near Kharagpur Junction.
EVT003877,12176,BPL,2026-01-10 18:45,5,Rolling Stock,Brake power certification delay at Bhopal Junction.
EVT003878,12063,GAYA,2026-01-12 08:45,25,Operational,Platform congestion at Gaya Junction delaying berthing.
EVT003879,12251,PRYJ,2026-02-01 01:45,1,Infrastructure,Track maintenance block in effect near Prayagraj Junction.
EVT003880,12158,SBC,2026-01-02 06:45,25,Rolling Stock,Coach fault detected during pre-departure check at KSR Bengaluru City Junction.
EVT003881,12147,BBS,2026-02-12 13:45,61,Rolling Stock,"Locomotive failure reported, engine change required at Bhubaneswar."
EVT003882,12144,MAS,2026-02-10 02:30,45,Signal,Signal failure near Chennai Central causing hold-up.
EVT003883,12046,GKP,2026-01-05 07:45,1,Infrastructure,Speed restriction due to track renewal work near Gorakhpur Junction.
EVT003884,12194,MFP,2026-01-09 18:00,37,Infrastructure,Overhead equipment (OHE) tripping reported near Muzaffarpur Junction.
EVT003885,12029,ADI,2026-01-12 14:00,35,Crew,Guard unavailability causing hold at Ahmedabad Junction.
EVT003886,12112,BPL,2026-01-20 15:00,61,Infrastructure,Overhead equipment (OHE) tripping reported near Bhopal Junction.
EVT003887,12152,KYN,2026-01-21 22:45,61,Weather,Heavy rain reducing visibility near Kalyan Junction.
EVT003888,12215,COR,2026-01-04 00:30,65,Operational,Late running of connecting rake into Kota Junction.
EVT003889,12292,SC,2026-02-10 08:30,28,Passenger,"Medical emergency on board, halted at Secunderabad Junction."
EVT003890,12157,BSP,2026-01-14 19:45,49,Operational,Platform congestion at Bilaspur Junction delaying berthing.
EVT003891,12256,KYN,2026-01-25 06:15,65,Passenger,"Medical emergency on board, halted at Kalyan Junction."
EVT003892,12252,COR,2026-02-09 22:45,73,Weather,High wind speed advisory near Kota Junction affecting running.
EVT003893,12139,BBS,2026-01-27 08:45,51,Rolling Stock,Brake power certification delay at Bhubaneswar.
EVT003894,12216,SBC,2026-03-01 14:30,12,Rolling Stock,Brake power certification delay at KSR Bengaluru City Junction.
EVT003895,12047,MFP,2026-02-07 23:30,5,Infrastructure,Track maintenance block in effect near Muzaffarpur Junction.
EVT003896,12108,VSKP,2026-01-10 05:00,28,Infrastructure,Overhead equipment (OHE) tripping reported near Visakhapatnam.
EVT003897,12130,BBS,2026-01-19 23:30,14,Rolling Stock,Brake power certification delay at Bhubaneswar.
EVT003898,12068,CSMT,2026-01-07 00:00,1,Infrastructure,Overhead equipment (OHE) tripping reported near Chhatrapati Shivaji Maharaj Terminus.
EVT003899,12292,HYB,2026-01-04 10:00,36,Infrastructure,Speed restriction due to track renewal work near Hyderabad Deccan.
EVT003900,12287,ADI,2026-01-05 09:45,27,Rolling Stock,Brake power certification delay at Ahmedabad Junction.
EVT003901,12029,JBP,2026-01-31 13:30,76,Crew,Crew shortage reported at Jabalpur Junction link.
EVT003902,12317,VSKP,2026-01-03 01:30,57,Crew,Loco pilot booking-on delay at Visakhapatnam.
EVT003903,12275,PURI,2026-02-01 11:00,56,Passenger,Overcrowding-related boarding delay at Puri.
EVT003904,12169,MFP,2026-01-14 10:30,46,Weather,"Dense fog conditions near Muzaffarpur Junction, speed restricted."
EVT003905,12057,SC,2026-02-16 22:30,36,Operational,Platform congestion at Secunderabad Junction delaying berthing.
EVT003906,12076,SC,2026-02-12 21:30,29,Passenger,Overcrowding-related boarding delay at Secunderabad Junction.
EVT003907,12164,BSP,2026-02-20 22:00,41,Operational,Crossing conflict with another service at Bilaspur Junction.
EVT003908,12172,MAS,2026-02-06 19:30,29,Crew,Guard unavailability causing hold at Chennai Central.
EVT003909,12088,VSKP,2026-01-28 12:30,9,Infrastructure,Overhead equipment (OHE) tripping reported near Visakhapatnam.
EVT003910,12110,BPL,2026-01-08 17:00,13,Passenger,Passenger chain-pulling incident near Bhopal Junction.
EVT003911,12240,MAS,2026-01-16 04:30,35,Signal,Signal failure near Chennai Central causing hold-up.
EVT003912,12275,PURI,2026-02-26 09:30,35,Rolling Stock,Brake power certification delay at Puri.
EVT003913,12318,KYN,2026-01-27 10:00,35,Rolling Stock,Coach fault detected during pre-departure check at Kalyan Junction.
EVT003914,12279,KGP,2026-01-07 09:45,37,Operational,Late running of connecting rake into Kharagpur Junction.
EVT003915,12255,HWH,2026-01-31 00:15,51,Signal,Signal failure near Howrah Junction causing hold-up.
EVT003916,12191,JP,2026-02-18 08:30,49,Crew,Crew shortage reported at Jaipur Junction link.
EVT003917,12104,KGP,2026-01-30 07:00,8,Infrastructure,Track maintenance block in effect near Kharagpur Junction.
EVT003918,12054,COR,2026-02-21 02:15,17,Signal,Automatic signalling fault reported at Kota Junction yard.
EVT003919,12101,PNBE,2026-01-09 19:00,1,Weather,Heavy rain reducing visibility near Patna Junction.
EVT003920,12193,BSP,2026-01-15 18:30,56,Signal,Automatic signalling fault reported at Bilaspur Junction yard.
EVT003921,12007,JP,2026-01-27 23:00,83,Rolling Stock,Brake power certification delay at Jaipur Junction.
EVT003922,12067,ROU,2026-02-05 08:30,58,Rolling Stock,Coach fault detected during pre-departure check at Rourkela.
EVT003923,12231,MLDT,2026-01-02 15:30,46,Infrastructure,Speed restriction due to track renewal work near Malda Town.
EVT003924,12055,MAS,2026-02-13 06:30,81,Infrastructure,Track maintenance block in effect near Chennai Central.
EVT003925,12108,BCT,2026-01-05 14:30,1,Infrastructure,Track maintenance block in effect near Mumbai Central.
EVT003926,12256,DLI,2026-01-29 21:30,45,Weather,"Dense fog conditions near Delhi Junction (Old Delhi), speed restricted."
EVT003927,12188,TATA,2026-02-17 07:45,48,Signal,Points failure at Tatanagar Junction delaying departure.
EVT003928,12192,ADI,2026-02-27 21:30,25,Signal,Points failure at Ahmedabad Junction delaying departure.
EVT003929,12249,MAS,2026-01-14 01:00,14,Signal,Automatic signalling fault reported at Chennai Central yard.
EVT003930,12065,MFP,2026-02-13 21:30,54,Infrastructure,Overhead equipment (OHE) tripping reported near Muzaffarpur Junction.
EVT003931,12127,BWN,2026-03-01 06:45,19,Rolling Stock,Brake power certification delay at Barddhaman Junction.
EVT003932,12091,PRYJ,2026-01-16 06:45,34,Crew,Loco pilot booking-on delay at Prayagraj Junction.
EVT003933,12157,BSP,2026-01-19 06:30,22,Signal,Points failure at Bilaspur Junction delaying departure.
EVT003934,12097,GKP,2026-02-06 08:15,16,Weather,"Dense fog conditions near Gorakhpur Junction, speed restricted."
EVT003935,12087,ERS,2026-02-04 16:00,37,Passenger,"Medical emergency on board, halted at Ernakulam Junction."
EVT003936,12213,BCT,2026-02-18 12:00,1,Weather,"Dense fog conditions near Mumbai Central, speed restricted."
EVT003937,12027,JP,2026-01-30 00:45,9,Crew,Loco pilot booking-on delay at Jaipur Junction.
EVT003938,12277,ASR,2026-01-22 15:15,34,Infrastructure,Speed restriction due to track renewal work near Amritsar Junction.
EVT003939,12301,NDLS,2026-01-09 07:30,43,Signal,Signal failure near New Delhi causing hold-up.
EVT003940,12207,NDLS,2026-01-14 18:15,14,Crew,Guard unavailability causing hold at New Delhi.
EVT003941,12114,COR,2026-01-02 12:15,62,Passenger,"Medical emergency on board, halted at Kota Junction."
EVT003942,12100,PUNE,2026-01-15 19:00,16,Weather,High wind speed advisory near Pune Junction affecting running.
EVT003943,12070,JU,2026-02-13 21:45,66,Infrastructure,Overhead equipment (OHE) tripping reported near Jodhpur Junction.
EVT003944,12181,NJP,2026-01-24 13:00,10,Infrastructure,Track maintenance block in effect near New Jalpaiguri.
EVT003945,12062,UMB,2026-02-27 12:30,52,Weather,High wind speed advisory near Ambala Cantt Junction affecting running.
EVT003946,12093,BSP,2026-02-08 09:00,18,Crew,Guard unavailability causing hold at Bilaspur Junction.
EVT003947,12090,MAS,2026-01-19 16:15,11,Weather,"Dense fog conditions near Chennai Central, speed restricted."
EVT003948,12253,GKP,2026-02-16 11:00,93,Crew,Guard unavailability causing hold at Gorakhpur Junction.
EVT003949,12062,SDAH,2026-01-15 12:30,26,Weather,"Dense fog conditions near Sealdah, speed restricted."
EVT003950,12228,JP,2026-01-07 03:30,76,Signal,Automatic signalling fault reported at Jaipur Junction yard.
EVT003951,12022,JBP,2026-02-14 00:15,37,Passenger,Passenger chain-pulling incident near Jabalpur Junction.
EVT003952,12045,CSMT,2026-01-25 03:45,3,Crew,Guard unavailability causing hold at Chhatrapati Shivaji Maharaj Terminus.
EVT003953,12073,NDLS,2026-02-03 08:30,1,Crew,Guard unavailability causing hold at New Delhi.
EVT003954,12087,NGP,2026-01-08 20:00,19,Rolling Stock,Coach fault detected during pre-departure check at Nagpur Junction.
EVT003955,12184,ROU,2026-02-04 19:30,43,Weather,Heavy rain reducing visibility near Rourkela.
EVT003956,12082,GHY,2026-02-13 15:30,38,Weather,High wind speed advisory near Guwahati affecting running.
EVT003957,12157,BSP,2026-02-16 23:15,11,Rolling Stock,Coach fault detected during pre-departure check at Bilaspur Junction.
EVT003958,12175,COR,2026-01-14 15:00,48,Operational,Crossing conflict with another service at Kota Junction.
EVT003959,12234,NDLS,2026-01-08 20:15,39,Weather,"Dense fog conditions near New Delhi, speed restricted."
EVT003960,12011,NJP,2026-01-12 03:15,55,Passenger,Passenger chain-pulling incident near New Jalpaiguri.
EVT003961,12112,NDLS,2026-02-19 19:45,1,Operational,Late running of connecting rake into New Delhi.
EVT003962,12169,MFP,2026-02-24 21:45,26,Weather,High wind speed advisory near Muzaffarpur Junction affecting running.
EVT003963,12093,BSP,2026-01-24 16:45,33,Infrastructure,Track maintenance block in effect near Bilaspur Junction.
EVT003964,12119,BPL,2026-02-08 02:30,35,Passenger,"Medical emergency on board, halted at Bhopal Junction."
EVT003965,12080,PRYJ,2026-02-20 01:15,44,Signal,Automatic signalling fault reported at Prayagraj Junction yard.
EVT003966,12299,PRYJ,2026-01-23 17:30,52,Crew,Loco pilot booking-on delay at Prayagraj Junction.
EVT003967,12145,JU,2026-02-02 23:45,50,Signal,Signal failure near Jodhpur Junction causing hold-up.
EVT003968,12295,ASN,2026-02-02 21:45,34,Infrastructure,Overhead equipment (OHE) tripping reported near Asansol Junction.
EVT003969,12122,SC,2026-01-30 00:45,12,Weather,High wind speed advisory near Secunderabad Junction affecting running.
EVT003970,12110,NDLS,2026-01-01 20:00,1,Infrastructure,Overhead equipment (OHE) tripping reported near New Delhi.
EVT003971,12043,BCT,2026-01-23 15:45,23,Operational,Platform congestion at Mumbai Central delaying berthing.
EVT003972,12067,HWH,2026-02-11 03:45,1,Operational,Crossing conflict with another service at Howrah Junction.
EVT003973,12064,SDAH,2026-02-23 15:30,17,Operational,Late running of connecting rake into Sealdah.
EVT003974,12192,GHY,2026-02-22 15:00,1,Crew,Crew shortage reported at Guwahati link.
EVT003975,12008,UBL,2026-01-28 21:00,32,Rolling Stock,"Locomotive failure reported, engine change required at Hubballi Junction."
EVT003976,12197,MAS,2026-02-22 03:45,79,Crew,Loco pilot booking-on delay at Chennai Central.
EVT003977,12257,MAO,2026-02-18 02:45,47,Operational,Crossing conflict with another service at Madgaon Junction.
EVT003978,12279,KGP,2026-02-02 16:45,32,Infrastructure,Overhead equipment (OHE) tripping reported near Kharagpur Junction.
EVT003979,12063,DHN,2026-01-01 07:30,26,Signal,Signal failure near Dhanbad Junction causing hold-up.
EVT003980,12000,ADI,2026-02-05 17:15,55,Rolling Stock,Brake power certification delay at Ahmedabad Junction.
EVT003981,12230,TVC,2026-02-07 18:30,10,Passenger,Overcrowding-related boarding delay at Thiruvananthapuram Central.
EVT003982,12289,NDLS,2026-01-01 00:45,50,Infrastructure,Track maintenance block in effect near New Delhi.
EVT003983,12218,MYS,2026-02-14 15:00,38,Operational,Late running of connecting rake into Mysuru Junction.
EVT003984,12088,ERS,2026-02-21 09:45,29,Infrastructure,Track maintenance block in effect near Ernakulam Junction.
EVT003985,12049,GHY,2026-02-23 08:00,19,Passenger,Passenger chain-pulling incident near Guwahati.
EVT003986,12224,NJP,2026-02-16 05:00,49,Passenger,Passenger chain-pulling incident near New Jalpaiguri.
EVT003987,12185,RTM,2026-02-02 20:15,30,Signal,Points failure at Ratlam Junction delaying departure.
EVT003988,12179,PRYJ,2026-02-19 13:30,36,Signal,Points failure at Prayagraj Junction delaying departure.
EVT003989,12063,DHN,2026-02-25 06:30,55,Passenger,"Medical emergency on board, halted at Dhanbad Junction."
EVT003990,12028,BPL,2026-02-06 13:00,63,Passenger,Overcrowding-related boarding delay at Bhopal Junction.
EVT003991,12245,DLI,2026-02-24 12:45,29,Signal,Automatic signalling fault reported at Delhi Junction (Old Delhi) yard.
EVT003992,12006,COR,2026-02-26 01:45,12,Operational,Platform congestion at Kota Junction delaying berthing.
EVT003993,12219,PURI,2026-01-27 09:00,28,Operational,Crossing conflict with another service at Puri.
EVT003994,12048,BZA,2026-01-12 17:30,21,Crew,Crew shortage reported at Vijayawada Junction link.
EVT003995,12049,ADI,2026-01-02 08:15,24,Infrastructure,Speed restriction due to track renewal work near Ahmedabad Junction.
EVT003996,12289,KYN,2026-01-13 10:15,57,Passenger,Passenger chain-pulling incident near Kalyan Junction.
EVT003997,12232,BZA,2026-01-23 21:30,47,Weather,Heavy rain reducing visibility near Vijayawada Junction.
EVT003998,12079,ERS,2026-01-06 02:15,9,Weather,"Dense fog conditions near Ernakulam Junction, speed restricted."
EVT003999,12040,JP,2026-01-27 23:15,35,Operational,Crossing conflict with another service at Jaipur Junction.
EVT004000,12189,NDLS,2026-01-21 20:15,19,Weather,"Dense fog conditions near New Delhi, speed restricted."
EVT004001,12122,HYB,2026-02-09 13:30,65,Infrastructure,Overhead equipment (OHE) tripping reported near Hyderabad Deccan.
EVT004002,12013,RTM,2026-02-28 19:30,21,Operational,Crossing conflict with another service at Ratlam Junction.
EVT004003,12207,NDLS,2026-02-08 06:00,28,Weather,High wind speed advisory near New Delhi affecting running.
EVT004004,12191,JP,2026-02-07 13:30,38,Crew,Guard unavailability causing hold at Jaipur Junction.
EVT004005,12053,PNBE,2026-02-25 08:30,31,Operational,Late running of connecting rake into Patna Junction.
EVT004006,12111,MAS,2026-02-14 17:30,71,Rolling Stock,Coach fault detected during pre-departure check at Chennai Central.
EVT004007,12232,BZA,2026-02-16 01:15,27,Passenger,Passenger chain-pulling incident near Vijayawada Junction.
EVT004008,12029,BZA,2026-01-31 03:30,63,Passenger,Overcrowding-related boarding delay at Vijayawada Junction.
EVT004009,12197,MAS,2026-02-13 04:45,16,Infrastructure,Track maintenance block in effect near Chennai Central.
EVT004010,12038,KGP,2026-01-29 13:00,1,Crew,Crew shortage reported at Kharagpur Junction link.
EVT004011,12261,NDLS,2026-02-04 03:15,61,Passenger,"Medical emergency on board, halted at New Delhi."
EVT004012,12270,GKP,2026-01-03 09:45,5,Signal,Signal failure near Gorakhpur Junction causing hold-up.
EVT004013,12260,PUNE,2026-01-17 10:15,22,Weather,High wind speed advisory near Pune Junction affecting running.
EVT004014,12068,BPL,2026-01-09 02:00,73,Rolling Stock,Brake power certification delay at Bhopal Junction.
EVT004015,12169,MFP,2026-01-24 23:15,57,Operational,Crossing conflict with another service at Muzaffarpur Junction.
EVT004016,12181,GHY,2026-02-10 04:00,46,Passenger,"Medical emergency on board, halted at Guwahati."
EVT004017,12174,BBS,2026-02-26 00:00,35,Signal,Signal failure near Bhubaneswar causing hold-up.
EVT004018,12272,MS,2026-02-03 20:45,15,Crew,Guard unavailability causing hold at Chennai Egmore.
EVT004019,12215,COR,2026-02-27 14:15,44,Weather,Heavy rain reducing visibility near Kota Junction.
EVT004020,12091,MFP,2026-01-28 18:15,41,Rolling Stock,"Locomotive failure reported, engine change required at Muzaffarpur Junction."
EVT004021,12142,HWH,2026-02-16 01:45,22,Infrastructure,Track maintenance block in effect near Howrah Junction.
EVT004022,12073,BAM,2026-03-01 22:00,61,Rolling Stock,Brake power certification delay at Brahmapur.
EVT004023,12311,TATA,2026-01-16 02:00,3,Signal,Signal failure near Tatanagar Junction causing hold-up.
EVT004024,12087,SC,2026-02-14 06:45,39,Passenger,Overcrowding-related boarding delay at Secunderabad Junction.
EVT004025,12163,VSKP,2026-02-04 10:00,34,Operational,Late running of connecting rake into Visakhapatnam.
EVT004026,12177,NJP,2026-01-19 18:30,51,Signal,Signal failure near New Jalpaiguri causing hold-up.
EVT004027,12010,BSL,2026-01-31 04:15,51,Infrastructure,Speed restriction due to track renewal work near Bhusaval Junction.
EVT004028,12234,PRYJ,2026-02-23 16:00,1,Weather,Heavy rain reducing visibility near Prayagraj Junction.
EVT004029,12268,DLI,2026-01-04 14:45,31,Signal,Points failure at Delhi Junction (Old Delhi) delaying departure.
EVT004030,12016,GHY,2026-02-19 18:30,1,Weather,"Dense fog conditions near Guwahati, speed restricted."
EVT004031,12274,BBS,2026-01-03 08:15,1,Weather,"Dense fog conditions near Bhubaneswar, speed restricted."
EVT004032,12114,NDLS,2026-01-30 13:45,1,Rolling Stock,Coach fault detected during pre-departure check at New Delhi.
EVT004033,12127,MLDT,2026-01-25 00:45,55,Passenger,Passenger chain-pulling incident near Malda Town.
EVT004034,12090,PNBE,2026-01-14 15:15,8,Weather,Heavy rain reducing visibility near Patna Junction.
EVT004035,12281,NDLS,2026-01-26 23:45,40,Rolling Stock,"Locomotive failure reported, engine change required at New Delhi."
EVT004036,12308,ADI,2026-01-25 16:15,39,Weather,"Dense fog conditions near Ahmedabad Junction, speed restricted."
EVT004037,12117,SDAH,2026-02-21 08:15,21,Signal,Automatic signalling fault reported at Sealdah yard.
EVT004038,12277,DLI,2026-01-19 09:45,26,Weather,Heavy rain reducing visibility near Delhi Junction (Old Delhi).
EVT004039,12206,SC,2026-02-08 19:15,15,Crew,Crew shortage reported at Secunderabad Junction link.
EVT004040,12036,HWH,2026-02-22 23:15,55,Signal,Signal failure near Howrah Junction causing hold-up.
EVT004041,12016,ADI,2026-01-21 06:30,49,Infrastructure,Speed restriction due to track renewal work near Ahmedabad Junction.
EVT004042,12272,MS,2026-01-17 11:00,50,Rolling Stock,Coach fault detected during pre-departure check at Chennai Egmore.
EVT004043,12159,RTM,2026-02-13 20:30,72,Signal,Signal failure near Ratlam Junction causing hold-up.
EVT004044,12207,DLI,2026-01-28 23:45,36,Infrastructure,Overhead equipment (OHE) tripping reported near Delhi Junction (Old Delhi).
EVT004045,12048,SC,2026-02-07 00:30,46,Signal,Automatic signalling fault reported at Secunderabad Junction yard.
EVT004046,12136,VSKP,2026-01-09 23:00,36,Signal,Automatic signalling fault reported at Visakhapatnam yard.
EVT004047,12202,PNBE,2026-02-14 17:30,16,Rolling Stock,Coach fault detected during pre-departure check at Patna Junction.
EVT004048,12303,ASN,2026-01-09 23:00,3,Signal,Points failure at Asansol Junction delaying departure.
EVT004049,12254,BBS,2026-02-21 04:30,26,Crew,Crew shortage reported at Bhubaneswar link.
EVT004050,12031,LDH,2026-01-02 17:45,29,Infrastructure,Overhead equipment (OHE) tripping reported near Ludhiana Junction.
EVT004051,12074,MYS,2026-02-28 12:45,1,Rolling Stock,"Locomotive failure reported, engine change required at Mysuru Junction."
EVT004052,12142,KGP,2026-02-25 16:45,4,Infrastructure,Track maintenance block in effect near Kharagpur Junction.
EVT004053,12045,BSP,2026-02-20 17:30,59,Infrastructure,Overhead equipment (OHE) tripping reported near Bilaspur Junction.
EVT004054,12294,DHN,2026-02-14 12:30,36,Weather,Heavy rain reducing visibility near Dhanbad Junction.
EVT004055,12223,HYB,2026-01-08 04:45,38,Crew,Crew shortage reported at Hyderabad Deccan link.
EVT004056,12308,BCT,2026-01-26 02:45,17,Infrastructure,Track maintenance block in effect near Mumbai Central.
EVT004057,12262,NGP,2026-01-16 22:45,16,Rolling Stock,"Locomotive failure reported, engine change required at Nagpur Junction."
EVT004058,12013,MDU,2026-01-17 17:30,7,Passenger,"Medical emergency on board, halted at Madurai Junction."
EVT004059,12236,HWH,2026-01-06 22:45,44,Infrastructure,Track maintenance block in effect near Howrah Junction.
EVT004060,12129,TVC,2026-01-15 00:00,46,Operational,Crossing conflict with another service at Thiruvananthapuram Central.
EVT004061,12123,CSMT,2026-02-28 12:00,44,Rolling Stock,Brake power certification delay at Chhatrapati Shivaji Maharaj Terminus.
EVT004062,12170,CSMT,2026-02-11 23:15,48,Operational,Platform congestion at Chhatrapati Shivaji Maharaj Terminus delaying berthing.
EVT004063,12175,BPL,2026-02-14 12:15,57,Passenger,"Medical emergency on board, halted at Bhopal Junction."
EVT004064,12001,BCT,2026-01-25 02:00,45,Operational,Platform congestion at Mumbai Central delaying berthing.
EVT004065,12017,UMB,2026-02-06 11:00,63,Operational,Crossing conflict with another service at Ambala Cantt Junction.
EVT004066,12046,GKP,2026-02-15 04:45,9,Weather,"Dense fog conditions near Gorakhpur Junction, speed restricted."
EVT004067,12098,MAS,2026-01-02 21:00,33,Operational,Late running of connecting rake into Chennai Central.
EVT004068,12036,SC,2026-01-24 01:15,9,Rolling Stock,Coach fault detected during pre-departure check at Secunderabad Junction.
EVT004069,12154,NGP,2026-01-22 02:30,22,Weather,Heavy rain reducing visibility near Nagpur Junction.
EVT004070,12198,PNBE,2026-02-28 16:00,36,Signal,Signal failure near Patna Junction causing hold-up.
EVT004071,12159,AII,2026-01-06 20:15,27,Infrastructure,Track maintenance block in effect near Ajmer Junction.
EVT004072,12279,MFP,2026-01-03 21:45,20,Infrastructure,Track maintenance block in effect near Muzaffarpur Junction.
EVT004073,12120,BCT,2026-01-29 19:30,56,Signal,Automatic signalling fault reported at Mumbai Central yard.
EVT004074,12116,KGP,2026-01-30 11:45,17,Weather,High wind speed advisory near Kharagpur Junction affecting running.
EVT004075,12151,SC,2026-01-24 04:00,1,Signal,Automatic signalling fault reported at Secunderabad Junction yard.
EVT004076,12064,SDAH,2026-01-18 23:00,14,Rolling Stock,"Locomotive failure reported, engine change required at Sealdah."
EVT004077,12253,GHY,2026-01-16 00:30,26,Infrastructure,Speed restriction due to track renewal work near Guwahati.
EVT004078,12163,VSKP,2026-02-28 04:30,39,Signal,Automatic signalling fault reported at Visakhapatnam yard.
EVT004079,12148,JBP,2026-02-02 10:00,29,Weather,"Dense fog conditions near Jabalpur Junction, speed restricted."
EVT004080,12046,GKP,2026-01-26 23:15,42,Infrastructure,Track maintenance block in effect near Gorakhpur Junction.
EVT004081,12179,MAS,2026-01-16 06:15,37,Infrastructure,Speed restriction due to track renewal work near Chennai Central.
EVT004082,12109,ROU,2026-01-07 20:15,1,Rolling Stock,"Locomotive failure reported, engine change required at Rourkela."
EVT004083,12039,SBC,2026-01-14 22:45,20,Weather,"Dense fog conditions near KSR Bengaluru City Junction, speed restricted."
EVT004084,12317,VSKP,2026-02-17 03:15,2,Crew,Guard unavailability causing hold at Visakhapatnam.
EVT004085,12189,NDLS,2026-02-22 03:00,29,Weather,Heavy rain reducing visibility near New Delhi.
EVT004086,12264,MAO,2026-02-06 17:15,15,Signal,Points failure at Madgaon Junction delaying departure.
EVT004087,12025,AII,2026-01-14 01:00,1,Crew,Crew shortage reported at Ajmer Junction link.
EVT004088,12264,KYN,2026-01-06 20:45,7,Weather,Heavy rain reducing visibility near Kalyan Junction.
EVT004089,12082,GHY,2026-02-05 18:45,43,Operational,Late running of connecting rake into Guwahati.
EVT004090,12259,GKP,2026-01-08 08:15,3,Signal,Signal failure near Gorakhpur Junction causing hold-up.
EVT004091,12162,MAO,2026-01-27 05:15,49,Operational,Crossing conflict with another service at Madgaon Junction.
EVT004092,12258,ST,2026-01-24 17:45,1,Crew,Loco pilot booking-on delay at Surat.
EVT004093,12303,ASN,2026-02-06 01:15,1,Crew,Loco pilot booking-on delay at Asansol Junction.
EVT004094,12145,JU,2026-01-11 06:30,38,Infrastructure,Speed restriction due to track renewal work near Jodhpur Junction.
EVT004095,12271,GKP,2026-01-18 00:15,26,Operational,Late running of connecting rake into Gorakhpur Junction.
EVT004096,12241,BCT,2026-02-06 01:45,10,Operational,Crossing conflict with another service at Mumbai Central.
EVT004097,12130,KYN,2026-02-10 08:00,81,Passenger,Passenger chain-pulling incident near Kalyan Junction.
EVT004098,12154,R,2026-02-06 17:15,5,Rolling Stock,Coach fault detected during pre-departure check at Raipur Junction.
EVT004099,12097,DD,2026-02-09 12:30,30,Weather,High wind speed advisory near Daund Junction affecting running.
EVT004100,12192,GHY,2026-02-16 03:30,7,Weather,Heavy rain reducing visibility near Guwahati.
EVT004101,12126,BCT,2026-01-18 10:15,60,Infrastructure,Overhead equipment (OHE) tripping reported near Mumbai Central.
EVT004102,12232,SC,2026-02-23 06:15,1,Passenger,"Medical emergency on board, halted at Secunderabad Junction."
EVT004103,12097,PRYJ,2026-02-12 02:00,26,Infrastructure,Overhead equipment (OHE) tripping reported near Prayagraj Junction.
EVT004104,12183,PRYJ,2026-01-25 13:00,22,Operational,Late running of connecting rake into Prayagraj Junction.
EVT004105,12149,CSMT,2026-01-18 18:00,6,Weather,High wind speed advisory near Chhatrapati Shivaji Maharaj Terminus affecting running.
EVT004106,12310,COR,2026-01-23 15:00,49,Operational,Platform congestion at Kota Junction delaying berthing.
EVT004107,12247,AGC,2026-01-12 05:15,71,Rolling Stock,Brake power certification delay at Agra Cantt.
EVT004108,12173,MYS,2026-02-07 13:00,58,Passenger,"Medical emergency on board, halted at Mysuru Junction."
EVT004109,12179,MAS,2026-02-18 18:30,20,Rolling Stock,"Locomotive failure reported, engine change required at Chennai Central."
EVT004110,12304,SC,2026-01-14 13:00,42,Infrastructure,Speed restriction due to track renewal work near Secunderabad Junction.
EVT004111,12138,JP,2026-02-14 22:45,60,Crew,Guard unavailability causing hold at Jaipur Junction.
EVT004112,12033,SBC,2026-01-19 10:45,26,Signal,Points failure at KSR Bengaluru City Junction delaying departure.
EVT004113,12161,PRYJ,2026-01-14 13:00,55,Rolling Stock,Brake power certification delay at Prayagraj Junction.
EVT004114,12018,SDAH,2026-02-12 15:15,22,Crew,Guard unavailability causing hold at Sealdah.
EVT004115,12024,MAS,2026-02-18 01:45,67,Rolling Stock,Coach fault detected during pre-departure check at Chennai Central.
EVT004116,12140,HYB,2026-01-17 06:15,21,Rolling Stock,Coach fault detected during pre-departure check at Hyderabad Deccan.
EVT004117,12003,BBS,2026-01-22 00:00,8,Weather,High wind speed advisory near Bhubaneswar affecting running.
EVT004118,12102,KYN,2026-02-19 09:15,35,Infrastructure,Speed restriction due to track renewal work near Kalyan Junction.
EVT004119,12045,NGP,2026-02-14 09:45,55,Rolling Stock,Brake power certification delay at Nagpur Junction.
EVT004120,12114,COR,2026-02-02 11:15,58,Crew,Guard unavailability causing hold at Kota Junction.
EVT004121,12131,MAS,2026-02-13 01:00,20,Passenger,"Medical emergency on board, halted at Chennai Central."
EVT004122,12266,MYS,2026-02-25 04:45,38,Infrastructure,Track maintenance block in effect near Mysuru Junction.
EVT004123,12086,VSKP,2026-02-20 16:30,67,Operational,Crossing conflict with another service at Visakhapatnam.
EVT004124,12242,PRYJ,2026-01-19 13:15,41,Weather,Heavy rain reducing visibility near Prayagraj Junction.
EVT004125,12190,JP,2026-01-06 16:45,68,Infrastructure,Overhead equipment (OHE) tripping reported near Jaipur Junction.
EVT004126,12261,SDAH,2026-01-26 07:30,34,Rolling Stock,"Locomotive failure reported, engine change required at Sealdah."
EVT004127,12040,JP,2026-02-21 22:45,57,Crew,Guard unavailability causing hold at Jaipur Junction.
EVT004128,12131,TPJ,2026-01-05 16:15,47,Crew,Loco pilot booking-on delay at Tiruchchirapalli Junction.
EVT004129,12040,TVC,2026-01-07 06:00,63,Rolling Stock,Brake power certification delay at Thiruvananthapuram Central.
EVT004130,12138,ERS,2026-02-04 17:15,5,Signal,Automatic signalling fault reported at Ernakulam Junction yard.
EVT004131,12212,NDLS,2026-01-28 07:30,38,Infrastructure,Overhead equipment (OHE) tripping reported near New Delhi.
EVT004132,12053,JP,2026-02-21 16:45,62,Passenger,Overcrowding-related boarding delay at Jaipur Junction.
EVT004133,12275,PURI,2026-01-15 14:30,58,Infrastructure,Overhead equipment (OHE) tripping reported near Puri.
EVT004134,12235,HYB,2026-02-14 14:15,28,Infrastructure,Overhead equipment (OHE) tripping reported near Hyderabad Deccan.
EVT004135,12135,BSP,2026-01-08 22:00,1,Weather,"Dense fog conditions near Bilaspur Junction, speed restricted."
EVT004136,12037,PNBE,2026-01-28 14:00,45,Infrastructure,Speed restriction due to track renewal work near Patna Junction.
EVT004137,12074,MAS,2026-02-18 05:15,1,Signal,Automatic signalling fault reported at Chennai Central yard.
EVT004138,12125,GKP,2026-01-29 14:00,76,Weather,"Dense fog conditions near Gorakhpur Junction, speed restricted."
EVT004139,12052,PUNE,2026-02-04 13:00,1,Passenger,Passenger chain-pulling incident near Pune Junction.
EVT004140,12202,GKP,2026-01-16 11:00,84,Infrastructure,Overhead equipment (OHE) tripping reported near Gorakhpur Junction.
EVT004141,12124,SC,2026-01-22 08:30,8,Operational,Platform congestion at Secunderabad Junction delaying berthing.
EVT004142,12007,BPL,2026-02-21 00:45,35,Signal,Points failure at Bhopal Junction delaying departure.
EVT004143,12266,SBC,2026-02-13 18:45,28,Rolling Stock,Brake power certification delay at KSR Bengaluru City Junction.
EVT004144,12213,NGP,2026-01-25 21:45,31,Weather,High wind speed advisory near Nagpur Junction affecting running.
EVT004145,12104,KGP,2026-02-04 21:15,28,Crew,Loco pilot booking-on delay at Kharagpur Junction.
EVT004146,12016,ADI,2026-02-24 15:00,1,Passenger,Overcrowding-related boarding delay at Ahmedabad Junction.
EVT004147,12290,ERS,2026-02-10 05:00,85,Weather,"Dense fog conditions near Ernakulam Junction, speed restricted."
EVT004148,12295,KGP,2026-02-14 07:00,6,Operational,Platform congestion at Kharagpur Junction delaying berthing.
EVT004149,12055,MAS,2026-01-01 16:15,19,Passenger,Passenger chain-pulling incident near Chennai Central.
EVT004150,12312,BCT,2026-01-10 22:45,37,Passenger,"Medical emergency on board, halted at Mumbai Central."
EVT004151,12202,VSKP,2026-02-14 06:15,29,Infrastructure,Track maintenance block in effect near Visakhapatnam.
EVT004152,12168,BZA,2026-02-11 12:45,52,Rolling Stock,Brake power certification delay at Vijayawada Junction.
EVT004153,12267,PURI,2026-02-05 00:30,14,Crew,Guard unavailability causing hold at Puri.
EVT004154,12169,ADI,2026-01-12 00:00,5,Rolling Stock,"Locomotive failure reported, engine change required at Ahmedabad Junction."
EVT004155,12272,MS,2026-01-15 21:45,37,Weather,Heavy rain reducing visibility near Chennai Egmore.
EVT004156,12151,HYB,2026-02-15 09:15,74,Signal,Points failure at Hyderabad Deccan delaying departure.
EVT004157,12257,MAO,2026-02-16 14:15,34,Crew,Guard unavailability causing hold at Madgaon Junction.
EVT004158,12139,CTC,2026-02-05 09:00,11,Signal,Points failure at Cuttack Junction delaying departure.
EVT004159,12292,SC,2026-02-03 21:30,4,Weather,Heavy rain reducing visibility near Secunderabad Junction.
EVT004160,12238,KYN,2026-01-07 05:15,44,Passenger,Passenger chain-pulling incident near Kalyan Junction.
EVT004161,12248,TATA,2026-02-13 17:00,57,Signal,Automatic signalling fault reported at Tatanagar Junction yard.
EVT004162,12196,SUR,2026-01-12 04:30,1,Signal,Automatic signalling fault reported at Solapur Junction yard.
EVT004163,12018,SDAH,2026-01-16 23:15,63,Signal,Automatic signalling fault reported at Sealdah yard.
EVT004164,12273,BPL,2026-01-04 12:30,11,Operational,Platform congestion at Bhopal Junction delaying berthing.
EVT004165,12315,MYS,2026-02-22 07:30,44,Rolling Stock,Coach fault detected during pre-departure check at Mysuru Junction.
EVT004166,12187,BSP,2026-02-07 06:15,28,Rolling Stock,"Locomotive failure reported, engine change required at Bilaspur Junction."
EVT004167,12019,BSP,2026-02-21 09:30,1,Weather,High wind speed advisory near Bilaspur Junction affecting running.
EVT004168,12303,HWH,2026-02-10 12:00,23,Infrastructure,Track maintenance block in effect near Howrah Junction.
EVT004169,12262,ASN,2026-01-08 18:15,33,Infrastructure,Overhead equipment (OHE) tripping reported near Asansol Junction.
EVT004170,12130,CTC,2026-02-26 12:30,22,Passenger,Passenger chain-pulling incident near Cuttack Junction.
EVT004171,12191,MDU,2026-01-12 05:30,52,Signal,Signal failure near Madurai Junction causing hold-up.
EVT004172,12114,SBC,2026-01-11 23:30,10,Weather,Heavy rain reducing visibility near KSR Bengaluru City Junction.
EVT004173,12039,RTM,2026-01-11 23:00,52,Signal,Signal failure near Ratlam Junction causing hold-up.
EVT004174,12291,NJP,2026-01-09 22:30,76,Weather,High wind speed advisory near New Jalpaiguri affecting running.
EVT004175,12061,NDLS,2026-01-12 04:00,8,Operational,Late running of connecting rake into New Delhi.
EVT004176,12137,ERS,2026-02-09 02:45,30,Operational,Platform congestion at Ernakulam Junction delaying berthing.
EVT004177,12026,LDH,2026-01-22 07:15,1,Passenger,Passenger chain-pulling incident near Ludhiana Junction.
EVT004178,12000,JP,2026-02-02 20:30,1,Weather,High wind speed advisory near Jaipur Junction affecting running.
EVT004179,12091,MFP,2026-02-21 09:15,57,Operational,Late running of connecting rake into Muzaffarpur Junction.
EVT004180,12165,NGP,2026-02-11 19:30,16,Signal,Points failure at Nagpur Junction delaying departure.
EVT004181,12062,SDAH,2026-02-04 02:45,1,Operational,Crossing conflict with another service at Sealdah.
EVT004182,12123,SUR,2026-02-08 20:00,36,Weather,Heavy rain reducing visibility near Solapur Junction.
EVT004183,12178,MAS,2026-01-28 22:45,33,Passenger,Passenger chain-pulling incident near Chennai Central.
EVT004184,12040,JP,2026-03-01 00:30,41,Infrastructure,Speed restriction due to track renewal work near Jaipur Junction.
EVT004185,12286,MFP,2026-01-23 12:15,49,Signal,Points failure at Muzaffarpur Junction delaying departure.
EVT004186,12015,SC,2026-02-05 06:15,33,Signal,Points failure at Secunderabad Junction delaying departure.
EVT004187,12253,PNBE,2026-02-12 18:15,5,Rolling Stock,Brake power certification delay at Patna Junction.
EVT004188,12233,MAS,2026-02-10 23:15,56,Rolling Stock,"Locomotive failure reported, engine change required at Chennai Central."
EVT004189,12161,BSP,2026-02-15 03:45,19,Rolling Stock,Coach fault detected during pre-departure check at Bilaspur Junction.
EVT004190,12036,HWH,2026-01-30 19:30,4,Operational,Crossing conflict with another service at Howrah Junction.
EVT004191,12009,PNBE,2026-01-09 10:15,11,Infrastructure,Track maintenance block in effect near Patna Junction.
EVT004192,12084,NGP,2026-02-07 14:00,56,Passenger,"Medical emergency on board, halted at Nagpur Junction."
EVT004193,12101,PNBE,2026-01-31 17:45,1,Rolling Stock,"Locomotive failure reported, engine change required at Patna Junction."
EVT004194,12294,PUNE,2026-02-22 01:15,44,Operational,Late running of connecting rake into Pune Junction.
EVT004195,12072,ADI,2026-01-10 12:00,25,Weather,"Dense fog conditions near Ahmedabad Junction, speed restricted."
EVT004196,12199,SC,2026-02-12 08:30,49,Operational,Late running of connecting rake into Secunderabad Junction.
EVT004197,12031,LDH,2026-01-11 10:30,1,Infrastructure,Speed restriction due to track renewal work near Ludhiana Junction.
EVT004198,12058,VSKP,2026-01-27 00:30,45,Passenger,"Medical emergency on board, halted at Visakhapatnam."
EVT004199,12312,BCT,2026-02-27 15:00,21,Infrastructure,Overhead equipment (OHE) tripping reported near Mumbai Central.
EVT004200,12222,COR,2026-01-30 21:00,33,Weather,"Dense fog conditions near Kota Junction, speed restricted."
EVT004201,12074,MS,2026-01-21 07:15,5,Signal,Automatic signalling fault reported at Chennai Egmore yard.
EVT004202,12183,NDLS,2026-01-20 06:00,47,Infrastructure,Speed restriction due to track renewal work near New Delhi.
EVT004203,12070,JP,2026-01-14 03:00,1,Weather,High wind speed advisory near Jaipur Junction affecting running.
EVT004204,12090,MFP,2026-01-04 16:30,28,Passenger,Overcrowding-related boarding delay at Muzaffarpur Junction.
EVT004205,12078,CSMT,2026-02-03 00:15,11,Weather,"Dense fog conditions near Chhatrapati Shivaji Maharaj Terminus, speed restricted."
EVT004206,12130,CTC,2026-02-21 11:45,43,Rolling Stock,Coach fault detected during pre-departure check at Cuttack Junction.
EVT004207,12315,HWH,2026-01-17 22:15,5,Rolling Stock,Brake power certification delay at Howrah Junction.
EVT004208,12176,BPL,2026-02-26 09:30,15,Signal,Points failure at Bhopal Junction delaying departure.
EVT004209,12288,JP,2026-02-07 11:30,54,Operational,Crossing conflict with another service at Jaipur Junction.
EVT004210,12187,SDAH,2026-01-06 05:15,59,Operational,Platform congestion at Sealdah delaying berthing.
EVT004211,12050,JBP,2026-03-01 18:30,13,Rolling Stock,Coach fault detected during pre-departure check at Jabalpur Junction.
EVT004212,12067,KGP,2026-01-16 04:30,1,Passenger,Overcrowding-related boarding delay at Kharagpur Junction.
EVT004213,12256,KYN,2026-02-28 19:45,40,Rolling Stock,Brake power certification delay at Kalyan Junction.
EVT004214,12112,UMB,2026-02-09 10:30,19,Operational,Platform congestion at Ambala Cantt Junction delaying berthing.
EVT004215,12290,NJP,2026-02-13 12:30,60,Operational,Platform congestion at New Jalpaiguri delaying berthing.
EVT004216,12222,JBP,2026-02-23 05:00,24,Crew,Crew shortage reported at Jabalpur Junction link.
EVT004217,12172,VSKP,2026-01-11 03:00,31,Passenger,Overcrowding-related boarding delay at Visakhapatnam.
EVT004218,12302,MAS,2026-01-25 05:15,6,Operational,Platform congestion at Chennai Central delaying berthing.
EVT004219,12042,HWH,2026-02-23 11:45,1,Operational,Platform congestion at Howrah Junction delaying berthing.
EVT004220,12218,MAO,2026-01-04 21:30,63,Infrastructure,Speed restriction due to track renewal work near Madgaon Junction.
EVT004221,12098,KGP,2026-01-23 12:30,34,Infrastructure,Track maintenance block in effect near Kharagpur Junction.
EVT004222,12234,PRYJ,2026-01-24 10:45,24,Operational,Late running of connecting rake into Prayagraj Junction.
EVT004223,12146,RTM,2026-02-28 14:15,91,Signal,Automatic signalling fault reported at Ratlam Junction yard.
EVT004224,12316,HWH,2026-01-13 23:45,1,Weather,Heavy rain reducing visibility near Howrah Junction.
EVT004225,12188,JBP,2026-02-12 12:00,1,Rolling Stock,Coach fault detected during pre-departure check at Jabalpur Junction.
EVT004226,12186,ASN,2026-02-18 10:45,40,Weather,"Dense fog conditions near Asansol Junction, speed restricted."
EVT004227,12158,TVC,2026-02-02 12:00,30,Rolling Stock,Coach fault detected during pre-departure check at Thiruvananthapuram Central.
EVT004228,12059,KGP,2026-02-06 13:45,53,Signal,Points failure at Kharagpur Junction delaying departure.
EVT004229,12199,SC,2026-02-27 18:45,41,Infrastructure,Track maintenance block in effect near Secunderabad Junction.
EVT004230,12116,KGP,2026-01-28 19:15,19,Infrastructure,Speed restriction due to track renewal work near Kharagpur Junction.
EVT004231,12161,JBP,2026-02-01 19:30,42,Rolling Stock,Coach fault detected during pre-departure check at Jabalpur Junction.
EVT004232,12229,ADI,2026-02-01 23:15,58,Infrastructure,Track maintenance block in effect near Ahmedabad Junction.
EVT004233,12126,UMB,2026-01-31 17:45,37,Weather,"Dense fog conditions near Ambala Cantt Junction, speed restricted."
EVT004234,12196,NGP,2026-01-24 06:30,32,Weather,High wind speed advisory near Nagpur Junction affecting running.
EVT004235,12171,MFP,2026-02-19 03:45,73,Infrastructure,Speed restriction due to track renewal work near Muzaffarpur Junction.
EVT004236,12185,RTM,2026-02-16 17:00,9,Infrastructure,Speed restriction due to track renewal work near Ratlam Junction.
EVT004237,12201,SDAH,2026-02-20 15:45,21,Crew,Crew shortage reported at Sealdah link.
EVT004238,12267,GHY,2026-02-24 14:45,49,Operational,Crossing conflict with another service at Guwahati.
EVT004239,12219,SDAH,2026-02-26 06:15,36,Passenger,"Medical emergency on board, halted at Sealdah."
EVT004240,12066,NGP,2026-01-26 05:15,53,Passenger,"Medical emergency on board, halted at Nagpur Junction."
EVT004241,12050,BBS,2026-01-15 13:45,22,Weather,High wind speed advisory near Bhubaneswar affecting running.
EVT004242,12172,SDAH,2026-01-15 19:00,22,Rolling Stock,Coach fault detected during pre-departure check at Sealdah.
EVT004243,12022,JBP,2026-02-18 05:15,50,Crew,Loco pilot booking-on delay at Jabalpur Junction.
EVT004244,12191,COR,2026-01-05 08:45,61,Rolling Stock,Brake power certification delay at Kota Junction.
EVT004245,12221,JHS,2026-01-31 20:00,54,Rolling Stock,Coach fault detected during pre-departure check at Jhansi Junction.
EVT004246,12130,KYN,2026-01-11 12:00,1,Operational,Late running of connecting rake into Kalyan Junction.
EVT004247,12065,PNBE,2026-01-17 10:45,51,Infrastructure,Track maintenance block in effect near Patna Junction.
EVT004248,12136,KYN,2026-01-06 14:45,4,Infrastructure,Overhead equipment (OHE) tripping reported near Kalyan Junction.
EVT004249,12275,VSKP,2026-02-03 20:00,11,Operational,Platform congestion at Visakhapatnam delaying berthing.
EVT004250,12296,AGC,2026-01-22 20:45,39,Operational,Late running of connecting rake into Agra Cantt.
EVT004251,12036,SC,2026-02-01 00:15,1,Infrastructure,Speed restriction due to track renewal work near Secunderabad Junction.
EVT004252,12122,UMB,2026-01-26 13:45,24,Signal,Signal failure near Ambala Cantt Junction causing hold-up.
EVT004253,12174,VSKP,2026-01-03 17:30,1,Passenger,Passenger chain-pulling incident near Visakhapatnam.
EVT004254,12306,DLI,2026-02-13 12:00,1,Infrastructure,Overhead equipment (OHE) tripping reported near Delhi Junction (Old Delhi).
EVT004255,12291,ASR,2026-02-08 11:45,17,Weather,High wind speed advisory near Amritsar Junction affecting running.
EVT004256,12292,BZA,2026-02-23 06:00,62,Signal,Points failure at Vijayawada Junction delaying departure.
EVT004257,12301,NDLS,2026-02-14 20:00,12,Operational,Crossing conflict with another service at New Delhi.
EVT004258,12028,JHS,2026-01-18 03:45,26,Infrastructure,Track maintenance block in effect near Jhansi Junction.
EVT004259,12202,GKP,2026-02-21 00:45,41,Weather,Heavy rain reducing visibility near Gorakhpur Junction.
EVT004260,12167,BPL,2026-01-13 18:45,29,Crew,Crew shortage reported at Bhopal Junction link.
EVT004261,12006,GKP,2026-02-28 00:30,36,Passenger,Overcrowding-related boarding delay at Gorakhpur Junction.
EVT004262,12244,AII,2026-02-25 21:45,1,Infrastructure,Overhead equipment (OHE) tripping reported near Ajmer Junction.
EVT004263,12271,GKP,2026-01-11 09:15,39,Operational,Late running of connecting rake into Gorakhpur Junction.
EVT004264,12235,BCT,2026-02-04 19:15,1,Passenger,"Medical emergency on board, halted at Mumbai Central."
EVT004265,12290,ERS,2026-02-23 08:30,9,Infrastructure,Overhead equipment (OHE) tripping reported near Ernakulam Junction.
EVT004266,12277,ASR,2026-02-19 19:00,1,Weather,"Dense fog conditions near Amritsar Junction, speed restricted."
EVT004267,12224,GHY,2026-02-07 23:30,1,Passenger,Passenger chain-pulling incident near Guwahati.
EVT004268,12202,PRYJ,2026-02-14 11:45,1,Passenger,Overcrowding-related boarding delay at Prayagraj Junction.
EVT004269,12265,MDU,2026-01-28 07:45,5,Passenger,Passenger chain-pulling incident near Madurai Junction.
EVT004270,12024,TPJ,2026-02-03 02:45,56,Signal,Signal failure near Tiruchchirapalli Junction causing hold-up.
EVT004271,12224,JP,2026-01-30 07:15,31,Crew,Crew shortage reported at Jaipur Junction link.
EVT004272,12286,MFP,2026-02-05 20:15,40,Rolling Stock,Coach fault detected during pre-departure check at Muzaffarpur Junction.
EVT004273,12292,HYB,2026-02-10 01:00,1,Weather,"Dense fog conditions near Hyderabad Deccan, speed restricted."
EVT004274,12017,LDH,2026-01-18 06:00,43,Weather,"Dense fog conditions near Ludhiana Junction, speed restricted."
EVT004275,12078,CSMT,2026-01-08 07:30,26,Signal,Signal failure near Chhatrapati Shivaji Maharaj Terminus causing hold-up.
EVT004276,12122,HYB,2026-01-06 05:00,4,Operational,Crossing conflict with another service at Hyderabad Deccan.
EVT004277,12249,NJP,2026-02-04 13:00,37,Weather,"Dense fog conditions near New Jalpaiguri, speed restricted."
EVT004278,12258,BCT,2026-01-29 04:45,14,Crew,Crew shortage reported at Mumbai Central link.
EVT004279,12072,BWN,2026-02-26 07:00,16,Rolling Stock,Brake power certification delay at Barddhaman Junction.
EVT004280,12025,AII,2026-02-07 22:00,65,Rolling Stock,Coach fault detected during pre-departure check at Ajmer Junction.
EVT004281,12015,SBC,2026-02-05 18:45,18,Passenger,"Medical emergency on board, halted at KSR Bengaluru City Junction."
EVT004282,12156,BAM,2026-02-28 10:15,8,Infrastructure,Overhead equipment (OHE) tripping reported near Brahmapur.
EVT004283,12186,ADI,2026-02-14 21:00,20,Weather,"Dense fog conditions near Ahmedabad Junction, speed restricted."
EVT004284,12217,HYB,2026-01-02 13:00,30,Infrastructure,Track maintenance block in effect near Hyderabad Deccan.
EVT004285,12040,TVC,2026-01-13 00:15,34,Infrastructure,Overhead equipment (OHE) tripping reported near Thiruvananthapuram Central.
EVT004286,12254,NGP,2026-01-19 14:15,38,Rolling Stock,"Locomotive failure reported, engine change required at Nagpur Junction."
EVT004287,12277,DLI,2026-01-02 06:30,46,Rolling Stock,"Locomotive failure reported, engine change required at Delhi Junction (Old Delhi)."
EVT004288,12022,COR,2026-02-16 19:30,27,Signal,Points failure at Kota Junction delaying departure.
EVT004289,12269,SC,2026-02-05 10:00,64,Signal,Points failure at Secunderabad Junction delaying departure.
EVT004290,12039,RTM,2026-02-16 17:15,69,Rolling Stock,Brake power certification delay at Ratlam Junction.
EVT004291,12081,BBS,2026-02-10 12:45,61,Passenger,Overcrowding-related boarding delay at Bhubaneswar.
EVT004292,12177,KGP,2026-01-13 23:30,1,Rolling Stock,Coach fault detected during pre-departure check at Kharagpur Junction.
EVT004293,12193,ROU,2026-01-26 16:15,1,Operational,Late running of connecting rake into Rourkela.
EVT004294,12106,ERS,2026-02-17 15:15,36,Operational,Crossing conflict with another service at Ernakulam Junction.
EVT004295,12007,AII,2026-01-19 13:30,72,Operational,Platform congestion at Ajmer Junction delaying berthing.
EVT004296,12259,PRYJ,2026-02-03 16:15,18,Rolling Stock,Coach fault detected during pre-departure check at Prayagraj Junction.
EVT004297,12230,ERS,2026-02-19 11:30,63,Infrastructure,Track maintenance block in effect near Ernakulam Junction.
EVT004298,12285,BPL,2026-02-02 17:45,5,Rolling Stock,Brake power certification delay at Bhopal Junction.
EVT004299,12130,KYN,2026-02-04 01:30,14,Signal,Automatic signalling fault reported at Kalyan Junction yard.
EVT004300,12233,MLDT,2026-02-11 23:30,21,Passenger,Overcrowding-related boarding delay at Malda Town.
EVT004301,12261,SDAH,2026-02-18 13:00,42,Crew,Guard unavailability causing hold at Sealdah.
EVT004302,12014,CTC,2026-01-24 22:15,30,Weather,High wind speed advisory near Cuttack Junction affecting running.
EVT004303,12117,COR,2026-02-19 12:45,1,Weather,"Dense fog conditions near Kota Junction, speed restricted."
EVT004304,12004,ADI,2026-02-15 08:15,2,Operational,Crossing conflict with another service at Ahmedabad Junction.
EVT004305,12020,BSL,2026-01-22 09:30,9,Crew,Guard unavailability causing hold at Bhusaval Junction.
EVT004306,12100,PUNE,2026-02-20 16:00,14,Passenger,Overcrowding-related boarding delay at Pune Junction.
EVT004307,12187,BSP,2026-02-20 20:00,13,Operational,Late running of connecting rake into Bilaspur Junction.
EVT004308,12198,LDH,2026-01-17 14:00,40,Crew,Loco pilot booking-on delay at Ludhiana Junction.
EVT004309,12158,SBC,2026-02-02 05:30,40,Rolling Stock,Brake power certification delay at KSR Bengaluru City Junction.
EVT004310,12055,MS,2026-02-05 14:30,41,Crew,Loco pilot booking-on delay at Chennai Egmore.
EVT004311,12292,SC,2026-02-19 22:00,13,Signal,Automatic signalling fault reported at Secunderabad Junction yard.
EVT004312,12266,NDLS,2026-02-19 16:45,29,Crew,Guard unavailability causing hold at New Delhi.
EVT004313,12131,BSP,2026-01-06 12:30,10,Rolling Stock,Brake power certification delay at Bilaspur Junction.
EVT004314,12255,MAS,2026-02-12 15:45,23,Infrastructure,Overhead equipment (OHE) tripping reported near Chennai Central.
EVT004315,12060,JBP,2026-01-27 05:30,1,Infrastructure,Overhead equipment (OHE) tripping reported near Jabalpur Junction.
EVT004316,12111,MAS,2026-01-12 10:45,57,Operational,Late running of connecting rake into Chennai Central.
EVT004317,12212,NDLS,2026-01-27 12:45,13,Passenger,Passenger chain-pulling incident near New Delhi.
EVT004318,12218,UBL,2026-01-15 04:00,57,Passenger,Passenger chain-pulling incident near Hubballi Junction.
EVT004319,12085,NJP,2026-01-18 15:30,8,Infrastructure,Overhead equipment (OHE) tripping reported near New Jalpaiguri.
EVT004320,12051,JBP,2026-01-05 19:45,40,Weather,High wind speed advisory near Jabalpur Junction affecting running.
EVT004321,12104,MAS,2026-02-20 17:00,26,Signal,Points failure at Chennai Central delaying departure.
EVT004322,12073,SDAH,2026-01-08 00:30,1,Infrastructure,Speed restriction due to track renewal work near Sealdah.
EVT004323,12214,GHY,2026-02-02 00:30,42,Operational,Crossing conflict with another service at Guwahati.
EVT004324,12125,NJP,2026-02-20 05:15,66,Operational,Crossing conflict with another service at New Jalpaiguri.
EVT004325,12097,PNBE,2026-02-04 23:00,8,Operational,Platform congestion at Patna Junction delaying berthing.
EVT004326,12218,MAO,2026-01-25 23:45,31,Rolling Stock,"Locomotive failure reported, engine change required at Madgaon Junction."
EVT004327,12257,UBL,2026-01-29 14:45,23,Signal,Signal failure near Hubballi Junction causing hold-up.
EVT004328,12196,HWH,2026-01-21 19:15,84,Signal,Points failure at Howrah Junction delaying departure.
EVT004329,12025,BBS,2026-01-30 16:45,55,Passenger,Passenger chain-pulling incident near Bhubaneswar.
EVT004330,12047,GHY,2026-01-05 18:15,61,Weather,High wind speed advisory near Guwahati affecting running.
EVT004331,12118,TVC,2026-02-13 08:00,38,Weather,Heavy rain reducing visibility near Thiruvananthapuram Central.
EVT004332,12222,BSP,2026-01-03 21:15,1,Weather,"Dense fog conditions near Bilaspur Junction, speed restricted."
EVT004333,12284,VSKP,2026-02-10 20:15,29,Weather,"Dense fog conditions near Visakhapatnam, speed restricted."
EVT004334,12156,COR,2026-03-01 16:30,2,Operational,Late running of connecting rake into Kota Junction.
EVT004335,12148,JBP,2026-02-10 08:15,17,Passenger,Overcrowding-related boarding delay at Jabalpur Junction.
EVT004336,12253,GHY,2026-02-12 10:45,70,Operational,Crossing conflict with another service at Guwahati.
EVT004337,12161,BSP,2026-01-05 09:30,3,Passenger,Overcrowding-related boarding delay at Bilaspur Junction.
EVT004338,12108,BCT,2026-01-09 21:30,47,Crew,Crew shortage reported at Mumbai Central link.
EVT004339,12102,KYN,2026-01-12 12:30,13,Operational,Platform congestion at Kalyan Junction delaying berthing.
EVT004340,12266,MYS,2026-01-20 09:30,31,Weather,High wind speed advisory near Mysuru Junction affecting running.
EVT004341,12292,SC,2026-01-09 14:15,48,Passenger,"Medical emergency on board, halted at Secunderabad Junction."
EVT004342,12312,BCT,2026-01-09 02:30,54,Signal,Automatic signalling fault reported at Mumbai Central yard.
EVT004343,12259,DD,2026-02-03 05:45,29,Passenger,Passenger chain-pulling incident near Daund Junction.
EVT004344,12085,MLDT,2026-01-21 04:45,50,Passenger,Passenger chain-pulling incident near Malda Town.
EVT004345,12018,NDLS,2026-01-28 11:15,1,Crew,Crew shortage reported at New Delhi link.
EVT004346,12064,SDAH,2026-01-26 04:30,82,Signal,Automatic signalling fault reported at Sealdah yard.
EVT004347,12112,COR,2026-01-10 23:00,49,Rolling Stock,Coach fault detected during pre-departure check at Kota Junction.
EVT004348,12214,BCT,2026-01-24 13:45,58,Rolling Stock,Coach fault detected during pre-departure check at Mumbai Central.
EVT004349,12027,COR,2026-01-05 01:30,56,Infrastructure,Speed restriction due to track renewal work near Kota Junction.
EVT004350,12186,ASN,2026-01-23 07:15,25,Passenger,"Medical emergency on board, halted at Asansol Junction."
EVT004351,12231,NJP,2026-01-07 15:00,33,Infrastructure,Speed restriction due to track renewal work near New Jalpaiguri.
EVT004352,12284,VSKP,2026-02-14 20:45,40,Operational,Late running of connecting rake into Visakhapatnam.
EVT004353,12054,VSKP,2026-02-04 02:45,20,Signal,Automatic signalling fault reported at Visakhapatnam yard.
EVT004354,12258,BCT,2026-02-05 18:00,1,Signal,Points failure at Mumbai Central delaying departure.
EVT004355,12219,SDAH,2026-01-04 16:45,38,Infrastructure,Track maintenance block in effect near Sealdah.
EVT004356,12294,PNBE,2026-01-23 12:15,59,Rolling Stock,"Locomotive failure reported, engine change required at Patna Junction."
EVT004357,12004,BCT,2026-02-15 02:30,83,Signal,Signal failure near Mumbai Central causing hold-up.
EVT004358,12222,JBP,2026-01-28 16:30,36,Infrastructure,Speed restriction due to track renewal work near Jabalpur Junction.
EVT004359,12019,NGP,2026-02-26 17:45,75,Signal,Signal failure near Nagpur Junction causing hold-up.
EVT004360,12154,R,2026-02-07 02:00,1,Passenger,Passenger chain-pulling incident near Raipur Junction.
EVT004361,12235,CSMT,2026-02-02 06:45,39,Infrastructure,Speed restriction due to track renewal work near Chhatrapati Shivaji Maharaj Terminus.
EVT004362,12216,SBC,2026-01-08 23:30,73,Operational,Crossing conflict with another service at KSR Bengaluru City Junction.
EVT004363,12002,NGP,2026-01-24 13:15,26,Operational,Late running of connecting rake into Nagpur Junction.
EVT004364,12065,MFP,2026-01-11 07:45,32,Rolling Stock,"Locomotive failure reported, engine change required at Muzaffarpur Junction."
EVT004365,12026,LDH,2026-01-07 08:45,31,Operational,Crossing conflict with another service at Ludhiana Junction.
EVT004366,12117,NDLS,2026-02-07 16:45,43,Signal,Signal failure near New Delhi causing hold-up.
EVT004367,12257,MAO,2026-01-26 22:30,42,Signal,Signal failure near Madgaon Junction causing hold-up.
EVT004368,12186,GHY,2026-02-17 11:15,31,Signal,Points failure at Guwahati delaying departure.
EVT004369,12219,VSKP,2026-02-03 16:15,45,Crew,Loco pilot booking-on delay at Visakhapatnam.
EVT004370,12169,GHY,2026-01-08 19:45,16,Weather,High wind speed advisory near Guwahati affecting running.
EVT004371,12057,SC,2026-01-10 06:15,1,Infrastructure,Speed restriction due to track renewal work near Secunderabad Junction.
EVT004372,12265,KGP,2026-01-15 19:15,11,Weather,High wind speed advisory near Kharagpur Junction affecting running.
EVT004373,12234,PRYJ,2026-01-31 01:30,38,Infrastructure,Overhead equipment (OHE) tripping reported near Prayagraj Junction.
EVT004374,12146,RTM,2026-02-21 10:30,1,Infrastructure,Overhead equipment (OHE) tripping reported near Ratlam Junction.
EVT004375,12165,BSL,2026-01-13 13:00,26,Infrastructure,Overhead equipment (OHE) tripping reported near Bhusaval Junction.
EVT004376,12017,UMB,2026-02-16 20:30,41,Passenger,Overcrowding-related boarding delay at Ambala Cantt Junction.
EVT004377,12314,COR,2026-01-31 03:45,28,Signal,Points failure at Kota Junction delaying departure.
EVT004378,12235,NGP,2026-02-01 11:15,26,Crew,Guard unavailability causing hold at Nagpur Junction.
EVT004379,12195,NDLS,2026-01-21 09:30,22,Signal,Automatic signalling fault reported at New Delhi yard.
EVT004380,12310,BZA,2026-02-25 11:15,72,Signal,Automatic signalling fault reported at Vijayawada Junction yard.
EVT004381,12109,NGP,2026-02-14 18:30,69,Infrastructure,Track maintenance block in effect near Nagpur Junction.
EVT004382,12230,JU,2026-01-18 18:45,2,Infrastructure,Speed restriction due to track renewal work near Jodhpur Junction.
EVT004383,12061,NDLS,2026-03-01 02:30,5,Operational,Late running of connecting rake into New Delhi.
EVT004384,12123,CSMT,2026-03-01 01:00,53,Crew,Guard unavailability causing hold at Chhatrapati Shivaji Maharaj Terminus.
EVT004385,12049,ADI,2026-01-24 07:30,4,Signal,Points failure at Ahmedabad Junction delaying departure.
EVT004386,12026,LDH,2026-02-28 00:30,67,Weather,Heavy rain reducing visibility near Ludhiana Junction.
EVT004387,12259,BSL,2026-02-12 08:00,1,Weather,Heavy rain reducing visibility near Bhusaval Junction.
EVT004388,12105,JP,2026-02-05 18:45,40,Crew,Loco pilot booking-on delay at Jaipur Junction.
EVT004389,12285,ADI,2026-01-25 19:15,58,Signal,Automatic signalling fault reported at Ahmedabad Junction yard.
EVT004390,12203,PRYJ,2026-02-16 18:15,1,Signal,Signal failure near Prayagraj Junction causing hold-up.
EVT004391,12279,PNBE,2026-02-08 09:00,8,Signal,Automatic signalling fault reported at Patna Junction yard.
EVT004392,12019,BSP,2026-02-14 10:00,1,Weather,"Dense fog conditions near Bilaspur Junction, speed restricted."
EVT004393,12299,UMB,2026-03-01 10:45,22,Weather,High wind speed advisory near Ambala Cantt Junction affecting running.
EVT004394,12082,GHY,2026-02-27 12:00,34,Operational,Platform congestion at Guwahati delaying berthing.
EVT004395,12185,RTM,2026-02-21 03:30,31,Signal,Signal failure near Ratlam Junction causing hold-up.
EVT004396,12225,MAS,2026-01-07 14:45,18,Crew,Guard unavailability causing hold at Chennai Central.
EVT004397,12134,SDAH,2026-02-06 14:30,9,Crew,Guard unavailability causing hold at Sealdah.
EVT004398,12108,BBS,2026-02-16 03:30,22,Passenger,Overcrowding-related boarding delay at Bhubaneswar.
EVT004399,12148,ADI,2026-01-14 23:15,29,Operational,Late running of connecting rake into Ahmedabad Junction.
EVT004400,12301,MDU,2026-02-04 07:45,3,Signal,Automatic signalling fault reported at Madurai Junction yard.
EVT004401,12000,JP,2026-02-22 17:45,29,Crew,Guard unavailability causing hold at Jaipur Junction.
EVT004402,12070,JP,2026-02-26 22:45,41,Crew,Guard unavailability causing hold at Jaipur Junction.
EVT004403,12180,HWH,2026-02-04 14:15,1,Operational,Late running of connecting rake into Howrah Junction.
EVT004404,12099,KGP,2026-01-22 22:30,1,Weather,"Dense fog conditions near Kharagpur Junction, speed restricted."
EVT004405,12281,DLI,2026-02-05 08:00,48,Passenger,Overcrowding-related boarding delay at Delhi Junction (Old Delhi).
EVT004406,12100,PUNE,2026-02-16 19:15,42,Signal,Signal failure near Pune Junction causing hold-up.
EVT004407,12084,BCT,2026-02-11 13:45,25,Rolling Stock,"Locomotive failure reported, engine change required at Mumbai Central."
EVT004408,12315,SBC,2026-02-19 02:30,33,Infrastructure,Speed restriction due to track renewal work near KSR Bengaluru City Junction.
EVT004409,12042,BSP,2026-02-12 22:15,42,Operational,Late running of connecting rake into Bilaspur Junction.
EVT004410,12206,MAS,2026-02-02 21:00,56,Weather,Heavy rain reducing visibility near Chennai Central.
EVT004411,12223,BPL,2026-02-23 17:00,58,Passenger,Passenger chain-pulling incident near Bhopal Junction.
EVT004412,12038,PNBE,2026-02-26 05:15,1,Signal,Points failure at Patna Junction delaying departure.
EVT004413,12220,ERS,2026-01-29 14:15,1,Weather,High wind speed advisory near Ernakulam Junction affecting running.
EVT004414,12094,DURG,2026-01-13 13:15,23,Rolling Stock,Coach fault detected during pre-departure check at Durg Junction.
EVT004415,12271,PNBE,2026-01-10 10:15,68,Signal,Automatic signalling fault reported at Patna Junction yard.
EVT004416,12024,MAS,2026-01-06 17:00,34,Signal,Signal failure near Chennai Central causing hold-up.
EVT004417,12125,GHY,2026-02-22 17:00,37,Signal,Signal failure near Guwahati causing hold-up.
EVT004418,12072,ADI,2026-01-17 20:15,59,Signal,Points failure at Ahmedabad Junction delaying departure.
EVT004419,12212,JHS,2026-01-05 01:45,40,Operational,Late running of connecting rake into Jhansi Junction.
EVT004420,12139,CTC,2026-02-25 01:30,26,Signal,Points failure at Cuttack Junction delaying departure.
EVT004421,12026,LDH,2026-02-10 23:45,21,Crew,Crew shortage reported at Ludhiana Junction link.
EVT004422,12164,KYN,2026-02-21 11:00,25,Signal,Signal failure near Kalyan Junction causing hold-up.
EVT004423,12032,SBC,2026-02-12 22:30,50,Operational,Platform congestion at KSR Bengaluru City Junction delaying berthing.
EVT004424,12084,DLI,2026-02-24 10:00,22,Signal,Signal failure near Delhi Junction (Old Delhi) causing hold-up.
EVT004425,12058,NDLS,2026-01-22 01:15,1,Operational,Crossing conflict with another service at New Delhi.
EVT004426,12239,BZA,2026-02-06 01:45,41,Signal,Signal failure near Vijayawada Junction causing hold-up.
EVT004427,12285,JBP,2026-01-16 15:00,12,Rolling Stock,Brake power certification delay at Jabalpur Junction.
EVT004428,12047,GHY,2026-01-08 09:00,19,Infrastructure,Overhead equipment (OHE) tripping reported near Guwahati.
EVT004429,12195,DLI,2026-02-01 10:45,33,Crew,Crew shortage reported at Delhi Junction (Old Delhi) link.
EVT004430,12021,UBL,2026-01-15 09:15,17,Rolling Stock,Coach fault detected during pre-departure check at Hubballi Junction.
EVT004431,12305,ASR,2026-01-27 23:15,1,Passenger,"Medical emergency on board, halted at Amritsar Junction."
EVT004432,12242,BZA,2026-02-17 01:30,40,Operational,Platform congestion at Vijayawada Junction delaying berthing.
EVT004433,12117,NDLS,2026-01-31 10:00,25,Infrastructure,Speed restriction due to track renewal work near New Delhi.
EVT004434,12035,UBL,2026-01-13 11:45,1,Crew,Crew shortage reported at Hubballi Junction link.
EVT004435,12193,ROU,2026-03-01 20:30,70,Passenger,Overcrowding-related boarding delay at Rourkela.
EVT004436,12169,GKP,2026-01-07 17:30,1,Crew,Loco pilot booking-on delay at Gorakhpur Junction.
EVT004437,12230,JP,2026-01-29 11:45,56,Signal,Automatic signalling fault reported at Jaipur Junction yard.
EVT004438,12221,BPL,2026-02-28 14:00,26,Signal,Signal failure near Bhopal Junction causing hold-up.
EVT004439,12199,MAS,2026-01-03 07:00,20,Operational,Crossing conflict with another service at Chennai Central.
EVT004440,12105,PURI,2026-01-23 07:45,72,Weather,High wind speed advisory near Puri affecting running.
EVT004441,12073,PURI,2026-01-30 17:00,9,Crew,Crew shortage reported at Puri link.
EVT004442,12239,VSKP,2026-02-24 17:45,72,Operational,Platform congestion at Visakhapatnam delaying berthing.
EVT004443,12219,VSKP,2026-01-17 22:45,39,Signal,Automatic signalling fault reported at Visakhapatnam yard.
EVT004444,12161,PRYJ,2026-01-20 16:00,10,Weather,"Dense fog conditions near Prayagraj Junction, speed restricted."
EVT004445,12153,SC,2026-01-27 23:15,31,Infrastructure,Overhead equipment (OHE) tripping reported near Secunderabad Junction.
EVT004446,12204,KGP,2026-01-14 19:30,10,Rolling Stock,"Locomotive failure reported, engine change required at Kharagpur Junction."
EVT004447,12299,UMB,2026-02-26 07:15,26,Crew,Loco pilot booking-on delay at Ambala Cantt Junction.
EVT004448,12315,MAS,2026-01-06 10:30,12,Infrastructure,Track maintenance block in effect near Chennai Central.
EVT004449,12293,SC,2026-01-31 21:45,9,Passenger,Passenger chain-pulling incident near Secunderabad Junction.
EVT004450,12097,PRYJ,2026-02-08 20:45,11,Crew,Crew shortage reported at Prayagraj Junction link.
EVT004451,12200,PNBE,2026-02-22 21:45,33,Signal,Points failure at Patna Junction delaying departure.
EVT004452,12227,BZA,2026-02-04 15:45,41,Passenger,Overcrowding-related boarding delay at Vijayawada Junction.
EVT004453,12268,NGP,2026-01-04 18:00,54,Passenger,"Medical emergency on board, halted at Nagpur Junction."
EVT004454,12241,BBS,2026-02-05 09:00,72,Passenger,Passenger chain-pulling incident near Bhubaneswar.
EVT004455,12310,COR,2026-01-22 00:30,16,Signal,Automatic signalling fault reported at Kota Junction yard.
EVT004456,12196,ROU,2026-01-22 00:45,38,Rolling Stock,Brake power certification delay at Rourkela.
EVT004457,12290,NJP,2026-02-17 11:15,66,Operational,Late running of connecting rake into New Jalpaiguri.
EVT004458,12266,SBC,2026-01-30 06:45,2,Passenger,Overcrowding-related boarding delay at KSR Bengaluru City Junction.
EVT004459,12286,COR,2026-01-08 18:00,19,Signal,Signal failure near Kota Junction causing hold-up.
EVT004460,12137,SBC,2026-02-13 03:45,13,Signal,Automatic signalling fault reported at KSR Bengaluru City Junction yard.
EVT004461,12069,LDH,2026-01-15 01:00,5,Operational,Crossing conflict with another service at Ludhiana Junction.
EVT004462,12114,BPL,2026-02-18 01:00,18,Passenger,Overcrowding-related boarding delay at Bhopal Junction.
EVT004463,12302,PNBE,2026-01-28 09:45,47,Infrastructure,Track maintenance block in effect near Patna Junction.
EVT004464,12132,MAS,2026-02-19 10:00,5,Rolling Stock,"Locomotive failure reported, engine change required at Chennai Central."
EVT004465,12104,KGP,2026-02-19 23:30,1,Infrastructure,Speed restriction due to track renewal work near Kharagpur Junction.
EVT004466,12138,ADI,2026-02-24 11:45,47,Crew,Loco pilot booking-on delay at Ahmedabad Junction.
EVT004467,12026,NDLS,2026-02-15 00:00,82,Passenger,"Medical emergency on board, halted at New Delhi."
EVT004468,12131,ROU,2026-02-27 16:15,67,Crew,Loco pilot booking-on delay at Rourkela.
EVT004469,12275,ASR,2026-02-15 03:30,35,Passenger,Passenger chain-pulling incident near Amritsar Junction.
EVT004470,12207,SDAH,2026-01-04 15:45,33,Operational,Late running of connecting rake into Sealdah.
EVT004471,12241,BBS,2026-01-30 03:45,38,Rolling Stock,Brake power certification delay at Bhubaneswar.
EVT004472,12229,NJP,2026-02-21 00:45,9,Rolling Stock,Brake power certification delay at New Jalpaiguri.
EVT004473,12238,DLI,2026-02-21 22:30,57,Rolling Stock,Brake power certification delay at Delhi Junction (Old Delhi).
EVT004474,12075,TVC,2026-01-14 03:30,18,Operational,Platform congestion at Thiruvananthapuram Central delaying berthing.
EVT004475,12056,JP,2026-02-21 15:15,61,Operational,Platform congestion at Jaipur Junction delaying berthing.
EVT004476,12116,ROU,2026-01-05 19:00,29,Passenger,Overcrowding-related boarding delay at Rourkela.
EVT004477,12100,PRYJ,2026-01-27 11:00,19,Passenger,Overcrowding-related boarding delay at Prayagraj Junction.
EVT004478,12261,NDLS,2026-01-16 14:45,35,Passenger,Passenger chain-pulling incident near New Delhi.
EVT004479,12215,TVC,2026-01-23 10:00,17,Weather,"Dense fog conditions near Thiruvananthapuram Central, speed restricted."
EVT004480,12176,JBP,2026-01-13 19:00,34,Infrastructure,Speed restriction due to track renewal work near Jabalpur Junction.
EVT004481,12245,NGP,2026-01-04 17:15,43,Signal,Automatic signalling fault reported at Nagpur Junction yard.
EVT004482,12139,BZA,2026-01-04 05:30,7,Infrastructure,Speed restriction due to track renewal work near Vijayawada Junction.
EVT004483,12160,DURG,2026-01-29 03:45,55,Crew,Loco pilot booking-on delay at Durg Junction.
EVT004484,12223,BPL,2026-01-16 10:45,45,Weather,High wind speed advisory near Bhopal Junction affecting running.
EVT004485,12000,NJP,2026-01-28 16:15,29,Infrastructure,Track maintenance block in effect near New Jalpaiguri.
EVT004486,12031,UMB,2026-02-16 06:45,20,Rolling Stock,Coach fault detected during pre-departure check at Ambala Cantt Junction.
EVT004487,12148,ADI,2026-01-26 19:15,40,Rolling Stock,Brake power certification delay at Ahmedabad Junction.
EVT004488,12311,TATA,2026-01-09 08:45,38,Weather,"Dense fog conditions near Tatanagar Junction, speed restricted."
EVT004489,12046,GKP,2026-02-04 15:45,20,Weather,High wind speed advisory near Gorakhpur Junction affecting running.
EVT004490,12195,DLI,2026-01-07 00:45,10,Signal,Signal failure near Delhi Junction (Old Delhi) causing hold-up.
EVT004491,12133,JBP,2026-02-18 15:00,78,Infrastructure,Speed restriction due to track renewal work near Jabalpur Junction.
EVT004492,12071,SUR,2026-01-09 05:45,2,Rolling Stock,"Locomotive failure reported, engine change required at Solapur Junction."
EVT004493,12004,BBS,2026-02-26 13:30,1,Crew,Loco pilot booking-on delay at Bhubaneswar.
EVT004494,12187,NDLS,2026-01-19 05:00,55,Infrastructure,Speed restriction due to track renewal work near New Delhi.
EVT004495,12031,LDH,2026-01-13 13:30,23,Passenger,"Medical emergency on board, halted at Ludhiana Junction."
EVT004496,12212,SDAH,2026-01-11 02:15,89,Operational,Crossing conflict with another service at Sealdah.
EVT004497,12311,TATA,2026-01-20 02:30,1,Weather,"Dense fog conditions near Tatanagar Junction, speed restricted."
EVT004498,12242,PUNE,2026-02-17 21:15,41,Operational,Platform congestion at Pune Junction delaying berthing.
EVT004499,12126,NDLS,2026-01-16 18:45,18,Operational,Late running of connecting rake into New Delhi.
EVT004500,12123,SUR,2026-02-14 01:15,1,Crew,Guard unavailability causing hold at Solapur Junction.
EVT004501,12081,BCT,2026-02-19 00:45,14,Rolling Stock,"Locomotive failure reported, engine change required at Mumbai Central."
EVT004502,12039,MYS,2026-01-02 20:15,31,Operational,Platform congestion at Mysuru Junction delaying berthing.
EVT004503,12208,PRYJ,2026-02-08 09:15,42,Crew,Loco pilot booking-on delay at Prayagraj Junction.
EVT004504,12286,COR,2026-01-31 08:30,13,Rolling Stock,Coach fault detected during pre-departure check at Kota Junction.
EVT004505,12096,JHS,2026-03-01 18:30,23,Operational,Crossing conflict with another service at Jhansi Junction.
EVT004506,12138,COR,2026-01-28 17:30,40,Passenger,"Medical emergency on board, halted at Kota Junction."
EVT004507,12080,PRYJ,2026-02-16 05:00,39,Weather,"Dense fog conditions near Prayagraj Junction, speed restricted."
EVT004508,12255,HWH,2026-01-25 18:30,32,Crew,Loco pilot booking-on delay at Howrah Junction.
EVT004509,12158,TVC,2026-01-14 05:30,1,Weather,"Dense fog conditions near Thiruvananthapuram Central, speed restricted."
EVT004510,12020,DD,2026-01-11 18:30,17,Signal,Automatic signalling fault reported at Daund Junction yard.
EVT004511,12138,JP,2026-01-15 02:45,33,Operational,Late running of connecting rake into Jaipur Junction.
EVT004512,12021,MYS,2026-02-20 17:15,35,Signal,Automatic signalling fault reported at Mysuru Junction yard.
EVT004513,12072,NJP,2026-01-26 22:45,1,Weather,"Dense fog conditions near New Jalpaiguri, speed restricted."
EVT004514,12101,KGP,2026-02-06 18:15,8,Operational,Late running of connecting rake into Kharagpur Junction.
EVT004515,12051,NJP,2026-01-04 11:30,63,Crew,Crew shortage reported at New Jalpaiguri link.
EVT004516,12298,SUR,2026-02-15 09:15,25,Weather,"Dense fog conditions near Solapur Junction, speed restricted."
EVT004517,12213,SC,2026-01-05 16:00,66,Infrastructure,Track maintenance block in effect near Secunderabad Junction.
EVT004518,12138,ADI,2026-02-14 00:45,8,Rolling Stock,"Locomotive failure reported, engine change required at Ahmedabad Junction."
EVT004519,12216,BPL,2026-02-02 02:00,37,Infrastructure,Speed restriction due to track renewal work near Bhopal Junction.
EVT004520,12202,PNBE,2026-01-01 21:45,2,Crew,Crew shortage reported at Patna Junction link.
EVT004521,12036,BWN,2026-01-05 12:15,17,Rolling Stock,Coach fault detected during pre-departure check at Barddhaman Junction.
EVT004522,12023,NDLS,2026-01-19 19:30,24,Infrastructure,Speed restriction due to track renewal work near New Delhi.
EVT004523,12010,BSL,2026-01-20 01:00,21,Signal,Signal failure near Bhusaval Junction causing hold-up.
EVT004524,12232,SC,2026-01-19 18:15,42,Rolling Stock,Coach fault detected during pre-departure check at Secunderabad Junction.
EVT004525,12230,JU,2026-02-01 00:00,82,Signal,Points failure at Jodhpur Junction delaying departure.
EVT004526,12184,ROU,2026-02-26 16:45,64,Infrastructure,Speed restriction due to track renewal work near Rourkela.
EVT004527,12069,NDLS,2026-01-08 04:15,38,Crew,Guard unavailability causing hold at New Delhi.
EVT004528,12063,GAYA,2026-02-11 17:45,17,Operational,Crossing conflict with another service at Gaya Junction.
EVT004529,12023,ASR,2026-01-25 05:30,29,Passenger,Passenger chain-pulling incident near Amritsar Junction.
EVT004530,12085,MLDT,2026-01-25 01:15,71,Weather,"Dense fog conditions near Malda Town, speed restricted."
EVT004531,12193,MAS,2026-01-10 09:45,13,Operational,Platform congestion at Chennai Central delaying berthing.
EVT004532,12070,JU,2026-01-19 15:15,18,Operational,Late running of connecting rake into Jodhpur Junction.
EVT004533,12126,NGP,2026-02-10 12:00,23,Infrastructure,Speed restriction due to track renewal work near Nagpur Junction.
EVT004534,12111,MAS,2026-02-12 14:30,47,Signal,Automatic signalling fault reported at Chennai Central yard.
EVT004535,12051,GHY,2026-02-03 06:30,81,Weather,High wind speed advisory near Guwahati affecting running.
EVT004536,12139,CTC,2026-02-22 14:15,3,Operational,Platform congestion at Cuttack Junction delaying berthing.
EVT004537,12319,KGP,2026-02-16 16:00,42,Passenger,Overcrowding-related boarding delay at Kharagpur Junction.
EVT004538,12294,DHN,2026-01-10 09:15,1,Operational,Crossing conflict with another service at Dhanbad Junction.
EVT004539,12056,AII,2026-01-23 19:45,1,Passenger,"Medical emergency on board, halted at Ajmer Junction."
EVT004540,12082,GHY,2026-02-02 07:15,1,Crew,Crew shortage reported at Guwahati link.
EVT004541,12317,BBS,2026-01-03 00:15,33,Crew,Guard unavailability causing hold at Bhubaneswar.
EVT004542,12118,JP,2026-02-04 11:00,1,Rolling Stock,Coach fault detected during pre-departure check at Jaipur Junction.
EVT004543,12178,BWN,2026-01-18 23:30,28,Infrastructure,Track maintenance block in effect near Barddhaman Junction.
EVT004544,12307,NGP,2026-02-28 07:45,8,Weather,Heavy rain reducing visibility near Nagpur Junction.
EVT004545,12219,PURI,2026-02-21 08:15,34,Infrastructure,Track maintenance block in effect near Puri.
EVT004546,12248,HWH,2026-02-14 14:15,13,Rolling Stock,Coach fault detected during pre-departure check at Howrah Junction.
EVT004547,12277,NDLS,2026-02-27 02:00,46,Signal,Automatic signalling fault reported at New Delhi yard.
EVT004548,12168,JBP,2026-02-25 13:30,26,Signal,Automatic signalling fault reported at Jabalpur Junction yard.
EVT004549,12195,ASR,2026-02-23 14:00,1,Weather,"Dense fog conditions near Amritsar Junction, speed restricted."
EVT004550,12244,JP,2026-01-31 02:30,68,Passenger,Overcrowding-related boarding delay at Jaipur Junction.
EVT004551,12044,PRYJ,2026-01-15 07:30,66,Crew,Loco pilot booking-on delay at Prayagraj Junction.
EVT004552,12085,SDAH,2026-02-21 11:30,5,Weather,Heavy rain reducing visibility near Sealdah.
EVT004553,12062,NDLS,2026-02-19 01:15,18,Rolling Stock,Brake power certification delay at New Delhi.
EVT004554,12133,JBP,2026-01-15 14:15,26,Signal,Points failure at Jabalpur Junction delaying departure.
EVT004555,12071,JP,2026-01-03 02:45,21,Operational,Platform congestion at Jaipur Junction delaying berthing.
EVT004556,12276,SC,2026-02-10 13:00,20,Operational,Crossing conflict with another service at Secunderabad Junction.
EVT004557,12275,BAM,2026-02-17 20:45,51,Weather,"Dense fog conditions near Brahmapur, speed restricted."
EVT004558,12117,NDLS,2026-01-02 19:45,6,Passenger,"Medical emergency on board, halted at New Delhi."
EVT004559,12278,COR,2026-02-09 16:45,34,Rolling Stock,Coach fault detected during pre-departure check at Kota Junction.
EVT004560,12219,SDAH,2026-02-06 05:30,63,Operational,Late running of connecting rake into Sealdah.
EVT004561,12041,JHS,2026-01-20 18:15,70,Operational,Late running of connecting rake into Jhansi Junction.
EVT004562,12097,PNBE,2026-02-06 07:15,72,Signal,Automatic signalling fault reported at Patna Junction yard.
EVT004563,12188,ROU,2026-02-24 16:45,23,Signal,Signal failure near Rourkela causing hold-up.
EVT004564,12064,NDLS,2026-01-06 07:00,1,Weather,"Dense fog conditions near New Delhi, speed restricted."
EVT004565,12165,NGP,2026-01-26 19:00,46,Infrastructure,Track maintenance block in effect near Nagpur Junction.
EVT004566,12285,NJP,2026-02-26 21:00,59,Rolling Stock,"Locomotive failure reported, engine change required at New Jalpaiguri."
EVT004567,12173,PRYJ,2026-02-19 21:30,1,Operational,Crossing conflict with another service at Prayagraj Junction.
EVT004568,12170,CSMT,2026-01-13 19:45,60,Operational,Crossing conflict with another service at Chhatrapati Shivaji Maharaj Terminus.
EVT004569,12304,UBL,2026-02-03 00:00,25,Crew,Loco pilot booking-on delay at Hubballi Junction.
EVT004570,12233,MAS,2026-01-11 13:00,32,Infrastructure,Speed restriction due to track renewal work near Chennai Central.
EVT004571,12006,COR,2026-02-24 21:15,34,Crew,Guard unavailability causing hold at Kota Junction.
EVT004572,12041,JHS,2026-01-18 19:45,1,Weather,Heavy rain reducing visibility near Jhansi Junction.
EVT004573,12060,GHY,2026-02-05 16:15,53,Operational,Platform congestion at Guwahati delaying berthing.
EVT004574,12082,MLDT,2026-01-20 23:30,33,Weather,Heavy rain reducing visibility near Malda Town.
EVT004575,12257,SBC,2026-01-08 13:00,55,Passenger,Passenger chain-pulling incident near KSR Bengaluru City Junction.
EVT004576,12010,BSL,2026-02-28 15:15,62,Operational,Late running of connecting rake into Bhusaval Junction.
EVT004577,12286,NDLS,2026-01-05 04:00,38,Weather,Heavy rain reducing visibility near New Delhi.
EVT004578,12049,ADI,2026-01-01 13:00,59,Passenger,Overcrowding-related boarding delay at Ahmedabad Junction.
EVT004579,12306,MAO,2026-01-02 09:15,20,Passenger,Overcrowding-related boarding delay at Madgaon Junction.
EVT004580,12017,UMB,2026-02-24 14:45,57,Rolling Stock,Coach fault detected during pre-departure check at Ambala Cantt Junction.
EVT004581,12123,CSMT,2026-01-22 06:00,89,Operational,Late running of connecting rake into Chhatrapati Shivaji Maharaj Terminus.
EVT004582,12142,TATA,2026-01-14 12:30,49,Signal,Points failure at Tatanagar Junction delaying departure.
EVT004583,12122,CSMT,2026-02-19 22:15,27,Rolling Stock,Brake power certification delay at Chhatrapati Shivaji Maharaj Terminus.
EVT004584,12177,KGP,2026-01-25 04:15,79,Crew,Crew shortage reported at Kharagpur Junction link.
EVT004585,12065,MFP,2026-02-12 08:30,36,Rolling Stock,Coach fault detected during pre-departure check at Muzaffarpur Junction.
EVT004586,12263,SBC,2026-03-01 21:30,28,Signal,Points failure at KSR Bengaluru City Junction delaying departure.
EVT004587,12297,GHY,2026-01-05 12:00,33,Operational,Crossing conflict with another service at Guwahati.
EVT004588,12262,SDAH,2026-02-20 22:45,29,Operational,Platform congestion at Sealdah delaying berthing.
EVT004589,12015,MYS,2026-02-26 21:30,15,Crew,Loco pilot booking-on delay at Mysuru Junction.
EVT004590,12190,COR,2026-01-16 12:15,33,Infrastructure,Speed restriction due to track renewal work near Kota Junction.
EVT004591,12060,JBP,2026-02-02 19:00,43,Passenger,Passenger chain-pulling incident near Jabalpur Junction.
EVT004592,12073,BAM,2026-01-29 17:15,40,Infrastructure,Track maintenance block in effect near Brahmapur.
EVT004593,12106,MAS,2026-02-24 10:45,8,Operational,Platform congestion at Chennai Central delaying berthing.
EVT004594,12109,DLI,2026-01-10 21:15,1,Operational,Platform congestion at Delhi Junction (Old Delhi) delaying berthing.
EVT004595,12149,CTC,2026-01-02 03:30,43,Passenger,Overcrowding-related boarding delay at Cuttack Junction.
EVT004596,12140,MAS,2026-01-13 00:30,46,Passenger,"Medical emergency on board, halted at Chennai Central."
EVT004597,12199,MYS,2026-02-16 12:00,5,Rolling Stock,Brake power certification delay at Mysuru Junction.
EVT004598,12077,CTC,2026-02-01 08:15,39,Operational,Crossing conflict with another service at Cuttack Junction.
EVT004599,12088,MAS,2026-02-04 16:15,1,Signal,Points failure at Chennai Central delaying departure.
EVT004600,12290,HWH,2026-01-07 13:45,105,Infrastructure,Overhead equipment (OHE) tripping reported near Howrah Junction.
EVT004601,12199,MAS,2026-02-22 12:45,91,Operational,Crossing conflict with another service at Chennai Central.
EVT004602,12286,PNBE,2026-02-10 03:45,34,Signal,Automatic signalling fault reported at Patna Junction yard.
EVT004603,12218,MAO,2026-02-13 12:30,1,Signal,Points failure at Madgaon Junction delaying departure.
EVT004604,12299,PRYJ,2026-01-20 13:15,32,Rolling Stock,Coach fault detected during pre-departure check at Prayagraj Junction.
EVT004605,12188,BPL,2026-02-05 05:45,25,Weather,"Dense fog conditions near Bhopal Junction, speed restricted."
EVT004606,12152,PUNE,2026-02-18 08:15,24,Weather,"Dense fog conditions near Pune Junction, speed restricted."
EVT004607,12148,ADI,2026-02-21 14:15,14,Infrastructure,Track maintenance block in effect near Ahmedabad Junction.
EVT004608,12024,TPJ,2026-02-12 12:15,44,Infrastructure,Overhead equipment (OHE) tripping reported near Tiruchchirapalli Junction.
EVT004609,12081,NGP,2026-01-09 21:30,11,Weather,Heavy rain reducing visibility near Nagpur Junction.
EVT004610,12023,CSMT,2026-02-17 11:15,27,Infrastructure,Overhead equipment (OHE) tripping reported near Chhatrapati Shivaji Maharaj Terminus.
EVT004611,12081,R,2026-02-21 15:15,1,Weather,"Dense fog conditions near Raipur Junction, speed restricted."
EVT004612,12253,GHY,2026-01-13 01:00,1,Crew,Crew shortage reported at Guwahati link.
EVT004613,12025,BBS,2026-02-20 15:45,32,Signal,Points failure at Bhubaneswar delaying departure.
EVT004614,12009,NDLS,2026-01-06 04:00,37,Signal,Automatic signalling fault reported at New Delhi yard.
EVT004615,12099,MAS,2026-02-06 19:30,21,Infrastructure,Overhead equipment (OHE) tripping reported near Chennai Central.
EVT004616,12173,BPL,2026-01-28 05:45,27,Operational,Platform congestion at Bhopal Junction delaying berthing.
EVT004617,12285,SBC,2026-01-24 09:30,40,Signal,Points failure at KSR Bengaluru City Junction delaying departure.
EVT004618,12278,MYS,2026-01-29 23:45,61,Rolling Stock,Coach fault detected during pre-departure check at Mysuru Junction.
EVT004619,12221,PRYJ,2026-02-12 22:45,48,Weather,"Dense fog conditions near Prayagraj Junction, speed restricted."
EVT004620,12032,UBL,2026-01-09 12:30,1,Rolling Stock,Coach fault detected during pre-departure check at Hubballi Junction.
EVT004621,12243,NDLS,2026-02-11 02:30,44,Infrastructure,Track maintenance block in effect near New Delhi.
EVT004622,12186,ASN,2026-01-29 14:45,33,Infrastructure,Track maintenance block in effect near Asansol Junction.
EVT004623,12013,COR,2026-01-04 13:15,1,Crew,Loco pilot booking-on delay at Kota Junction.
EVT004624,12243,PRYJ,2026-01-14 16:00,76,Infrastructure,Track maintenance block in effect near Prayagraj Junction.
EVT004625,12099,ASN,2026-01-13 20:15,19,Infrastructure,Overhead equipment (OHE) tripping reported near Asansol Junction.
EVT004626,12023,ASR,2026-01-14 15:45,64,Signal,Signal failure near Amritsar Junction causing hold-up.
EVT004627,12066,BBS,2026-01-16 15:15,25,Passenger,"Medical emergency on board, halted at Bhubaneswar."
EVT004628,12214,BBS,2026-01-16 02:45,25,Crew,Guard unavailability causing hold at Bhubaneswar.
EVT004629,12226,NGP,2026-02-27 12:45,29,Signal,Signal failure near Nagpur Junction causing hold-up.
EVT004630,12022,COR,2026-02-18 07:00,25,Rolling Stock,Brake power certification delay at Kota Junction.
EVT004631,12296,PRYJ,2026-02-09 22:00,37,Crew,Guard unavailability causing hold at Prayagraj Junction.
EVT004632,12199,MAS,2026-01-03 05:45,48,Rolling Stock,Brake power certification delay at Chennai Central.
EVT004633,12287,KYN,2026-01-21 10:30,22,Signal,Automatic signalling fault reported at Kalyan Junction yard.
EVT004634,12155,DLI,2026-02-09 08:30,18,Passenger,Overcrowding-related boarding delay at Delhi Junction (Old Delhi).
EVT004635,12022,JBP,2026-01-02 07:45,9,Weather,Heavy rain reducing visibility near Jabalpur Junction.
EVT004636,12136,BBS,2026-01-06 22:45,12,Crew,Crew shortage reported at Bhubaneswar link.
EVT004637,12213,ADI,2026-01-13 07:45,31,Infrastructure,Track maintenance block in effect near Ahmedabad Junction.
EVT004638,12149,CTC,2026-01-12 17:00,83,Passenger,"Medical emergency on board, halted at Cuttack Junction."
EVT004639,12112,NDLS,2026-01-18 11:00,31,Signal,Automatic signalling fault reported at New Delhi yard.
EVT004640,12154,DLI,2026-01-27 03:30,10,Operational,Platform congestion at Delhi Junction (Old Delhi) delaying berthing.
EVT004641,12258,BBS,2026-01-07 11:45,2,Crew,Loco pilot booking-on delay at Bhubaneswar.
EVT004642,12154,DLI,2026-02-10 15:30,81,Passenger,Overcrowding-related boarding delay at Delhi Junction (Old Delhi).
EVT004643,12048,BZA,2026-01-02 13:00,81,Weather,High wind speed advisory near Vijayawada Junction affecting running.
EVT004644,12277,ASR,2026-01-29 01:45,1,Signal,Signal failure near Amritsar Junction causing hold-up.
EVT004645,12079,ROU,2026-01-17 17:45,19,Weather,Heavy rain reducing visibility near Rourkela.
EVT004646,12159,JP,2026-01-27 15:30,1,Signal,Points failure at Jaipur Junction delaying departure.
EVT004647,12200,JHS,2026-02-19 21:00,74,Infrastructure,Track maintenance block in effect near Jhansi Junction.
EVT004648,12057,MAS,2026-01-29 19:45,24,Crew,Guard unavailability causing hold at Chennai Central.
EVT004649,12215,TVC,2026-02-14 17:45,1,Passenger,Overcrowding-related boarding delay at Thiruvananthapuram Central.
EVT004650,12014,BCT,2026-01-26 02:15,42,Rolling Stock,Coach fault detected during pre-departure check at Mumbai Central.
EVT004651,12223,BPL,2026-01-05 04:30,1,Signal,Signal failure near Bhopal Junction causing hold-up.
EVT004652,12216,COR,2026-01-09 16:00,47,Passenger,Passenger chain-pulling incident near Kota Junction.
EVT004653,12195,DLI,2026-01-12 04:30,46,Signal,Automatic signalling fault reported at Delhi Junction (Old Delhi) yard.
EVT004654,12146,RTM,2026-02-03 11:00,1,Crew,Crew shortage reported at Ratlam Junction link.
EVT004655,12216,COR,2026-01-02 20:30,23,Signal,Automatic signalling fault reported at Kota Junction yard.
EVT004656,12192,GHY,2026-02-13 17:00,72,Operational,Platform congestion at Guwahati delaying berthing.
EVT004657,12068,CSMT,2026-01-06 14:00,43,Passenger,"Medical emergency on board, halted at Chhatrapati Shivaji Maharaj Terminus."
EVT004658,12063,GAYA,2026-01-12 19:00,26,Signal,Automatic signalling fault reported at Gaya Junction yard.
EVT004659,12267,PURI,2026-01-13 12:15,20,Operational,Crossing conflict with another service at Puri.
EVT004660,12107,SC,2026-02-14 09:30,29,Passenger,"Medical emergency on board, halted at Secunderabad Junction."
EVT004661,12014,GHY,2026-01-22 04:00,27,Crew,Guard unavailability causing hold at Guwahati.
EVT004662,12120,CTC,2026-01-11 04:15,15,Operational,Late running of connecting rake into Cuttack Junction.
EVT004663,12111,VSKP,2026-01-15 02:00,24,Operational,Crossing conflict with another service at Visakhapatnam.
EVT004664,12159,AII,2026-02-07 22:45,44,Passenger,Overcrowding-related boarding delay at Ajmer Junction.
EVT004665,12004,BBS,2026-02-19 17:15,25,Operational,Platform congestion at Bhubaneswar delaying berthing.
EVT004666,12089,BPL,2026-01-03 10:15,1,Rolling Stock,Brake power certification delay at Bhopal Junction.
EVT004667,12175,BPL,2026-02-27 16:30,31,Passenger,"Medical emergency on board, halted at Bhopal Junction."
EVT004668,12039,COR,2026-02-08 21:15,69,Signal,Points failure at Kota Junction delaying departure.
EVT004669,12234,NDLS,2026-01-01 14:30,13,Crew,Guard unavailability causing hold at New Delhi.
EVT004670,12041,PNBE,2026-02-03 14:45,28,Operational,Crossing conflict with another service at Patna Junction.
EVT004671,12091,VSKP,2026-01-04 03:45,53,Infrastructure,Track maintenance block in effect near Visakhapatnam.
EVT004672,12214,KYN,2026-02-17 20:15,6,Passenger,Passenger chain-pulling incident near Kalyan Junction.
EVT004673,12292,HYB,2026-01-12 16:00,41,Passenger,Passenger chain-pulling incident near Hyderabad Deccan.
EVT004674,12212,SDAH,2026-03-01 14:15,34,Passenger,Passenger chain-pulling incident near Sealdah.
EVT004675,12265,KGP,2026-02-11 20:00,6,Passenger,"Medical emergency on board, halted at Kharagpur Junction."
EVT004676,12251,R,2026-03-01 17:00,35,Signal,Automatic signalling fault reported at Raipur Junction yard.
EVT004677,12214,BBS,2026-01-28 11:30,7,Operational,Platform congestion at Bhubaneswar delaying berthing.
EVT004678,12143,KGP,2026-01-04 04:45,1,Operational,Late running of connecting rake into Kharagpur Junction.
EVT004679,12252,BPL,2026-01-29 10:15,1,Rolling Stock,Brake power certification delay at Bhopal Junction.
EVT004680,12312,BBS,2026-01-22 08:15,42,Crew,Guard unavailability causing hold at Bhubaneswar.
EVT004681,12047,MFP,2026-01-05 17:45,23,Weather,High wind speed advisory near Muzaffarpur Junction affecting running.
EVT004682,12264,KYN,2026-02-19 22:15,20,Operational,Late running of connecting rake into Kalyan Junction.
EVT004683,12059,TVC,2026-01-04 00:30,54,Rolling Stock,Brake power certification delay at Thiruvananthapuram Central.
EVT004684,12140,SC,2026-02-27 18:30,82,Signal,Automatic signalling fault reported at Secunderabad Junction yard.
EVT004685,12282,CTC,2026-01-27 03:00,12,Rolling Stock,Brake power certification delay at Cuttack Junction.
EVT004686,12190,COR,2026-01-04 02:00,11,Signal,Points failure at Kota Junction delaying departure.
EVT004687,12080,PNBE,2026-02-05 22:45,35,Operational,Crossing conflict with another service at Patna Junction.
EVT004688,12164,CSMT,2026-02-21 15:00,12,Weather,High wind speed advisory near Chhatrapati Shivaji Maharaj Terminus affecting running.
EVT004689,12172,VSKP,2026-01-17 02:15,33,Rolling Stock,Brake power certification delay at Visakhapatnam.
EVT004690,12214,BBS,2026-01-30 12:45,36,Infrastructure,Speed restriction due to track renewal work near Bhubaneswar.
EVT004691,12117,COR,2026-02-23 18:00,34,Rolling Stock,Coach fault detected during pre-departure check at Kota Junction.
EVT004692,12097,PNBE,2026-01-15 03:15,15,Weather,Heavy rain reducing visibility near Patna Junction.
EVT004693,12184,ROU,2026-02-08 03:15,62,Weather,High wind speed advisory near Rourkela affecting running.
EVT004694,12301,MDU,2026-02-16 08:45,39,Infrastructure,Track maintenance block in effect near Madurai Junction.
EVT004695,12111,MDU,2026-02-28 16:00,81,Signal,Automatic signalling fault reported at Madurai Junction yard.
EVT004696,12238,CSMT,2026-01-04 18:00,30,Weather,Heavy rain reducing visibility near Chhatrapati Shivaji Maharaj Terminus.
EVT004697,12029,GHY,2026-02-07 07:45,20,Weather,High wind speed advisory near Guwahati affecting running.
EVT004698,12184,KGP,2026-01-25 07:30,1,Operational,Crossing conflict with another service at Kharagpur Junction.
EVT004699,12127,NJP,2026-01-08 19:45,50,Weather,"Dense fog conditions near New Jalpaiguri, speed restricted."
EVT004700,12088,MAS,2026-02-22 23:00,5,Infrastructure,Track maintenance block in effect near Chennai Central.
EVT004701,12097,BSL,2026-02-25 21:30,8,Rolling Stock,Coach fault detected during pre-departure check at Bhusaval Junction.
EVT004702,12018,MLDT,2026-01-05 22:00,47,Signal,Points failure at Malda Town delaying departure.
EVT004703,12233,HWH,2026-01-28 16:15,13,Operational,Crossing conflict with another service at Howrah Junction.
EVT004704,12032,RTM,2026-02-15 09:45,25,Weather,"Dense fog conditions near Ratlam Junction, speed restricted."
EVT004705,12181,NJP,2026-02-26 01:15,37,Rolling Stock,Coach fault detected during pre-departure check at New Jalpaiguri.
EVT004706,12219,VSKP,2026-01-29 09:15,24,Weather,"Dense fog conditions near Visakhapatnam, speed restricted."
EVT004707,12163,VSKP,2026-01-05 05:30,25,Operational,Crossing conflict with another service at Visakhapatnam.
EVT004708,12067,BSP,2026-01-26 11:15,63,Signal,Points failure at Bilaspur Junction delaying departure.
EVT004709,12253,GKP,2026-02-12 23:30,26,Infrastructure,Speed restriction due to track renewal work near Gorakhpur Junction.
EVT004710,12211,COR,2026-02-03 09:15,31,Operational,Crossing conflict with another service at Kota Junction.
EVT004711,12081,BBS,2026-02-03 06:15,38,Infrastructure,Overhead equipment (OHE) tripping reported near Bhubaneswar.
EVT004712,12014,BBS,2026-01-13 01:00,17,Operational,Platform congestion at Bhubaneswar delaying berthing.
EVT004713,12082,NJP,2026-01-29 03:30,15,Operational,Platform congestion at New Jalpaiguri delaying berthing.
EVT004714,12054,COR,2026-02-26 21:15,22,Signal,Points failure at Kota Junction delaying departure.
EVT004715,12152,JP,2026-01-04 01:30,56,Infrastructure,Track maintenance block in effect near Jaipur Junction.
EVT004716,12062,UMB,2026-02-22 23:30,57,Passenger,Overcrowding-related boarding delay at Ambala Cantt Junction.
EVT004717,12049,ST,2026-02-06 11:00,16,Signal,Signal failure near Surat causing hold-up.
EVT004718,12003,ST,2026-02-26 22:45,29,Weather,Heavy rain reducing visibility near Surat.
EVT004719,12090,SBC,2026-02-06 19:15,68,Infrastructure,Overhead equipment (OHE) tripping reported near KSR Bengaluru City Junction.
EVT004720,12234,PRYJ,2026-01-29 14:45,46,Crew,Crew shortage reported at Prayagraj Junction link.
EVT004721,12311,KGP,2026-01-14 00:45,53,Infrastructure,Track maintenance block in effect near Kharagpur Junction.
EVT004722,12060,ADI,2026-02-27 15:15,16,Passenger,Passenger chain-pulling incident near Ahmedabad Junction.
EVT004723,12299,PRYJ,2026-01-02 22:00,52,Weather,"Dense fog conditions near Prayagraj Junction, speed restricted."
EVT004724,12262,NGP,2026-02-24 12:30,55,Infrastructure,Track maintenance block in effect near Nagpur Junction.
EVT004725,12272,NDLS,2026-03-01 12:15,18,Operational,Late running of connecting rake into New Delhi.
EVT004726,12187,SDAH,2026-01-30 06:00,64,Operational,Platform congestion at Sealdah delaying berthing.
EVT004727,12043,BCT,2026-01-21 17:45,21,Infrastructure,Overhead equipment (OHE) tripping reported near Mumbai Central.
EVT004728,12140,HYB,2026-02-28 09:30,63,Rolling Stock,"Locomotive failure reported, engine change required at Hyderabad Deccan."
EVT004729,12061,VSKP,2026-01-24 12:00,1,Signal,Signal failure near Visakhapatnam causing hold-up.
EVT004730,12215,JP,2026-02-26 07:15,18,Infrastructure,Speed restriction due to track renewal work near Jaipur Junction.
EVT004731,12017,LDH,2026-01-19 12:45,1,Infrastructure,Overhead equipment (OHE) tripping reported near Ludhiana Junction.
EVT004732,12017,LDH,2026-02-22 16:00,50,Signal,Points failure at Ludhiana Junction delaying departure.
EVT004733,12055,MAS,2026-02-20 15:00,9,Rolling Stock,Brake power certification delay at Chennai Central.
EVT004734,12130,KYN,2026-03-01 22:15,10,Signal,Automatic signalling fault reported at Kalyan Junction yard.
EVT004735,12231,HWH,2026-02-01 10:00,1,Signal,Automatic signalling fault reported at Howrah Junction yard.
EVT004736,12104,KGP,2026-02-24 07:15,72,Rolling Stock,"Locomotive failure reported, engine change required at Kharagpur Junction."
EVT004737,12155,DLI,2026-02-19 05:15,55,Passenger,Passenger chain-pulling incident near Delhi Junction (Old Delhi).
EVT004738,12198,LDH,2026-01-07 20:45,1,Weather,High wind speed advisory near Ludhiana Junction affecting running.
EVT004739,12318,KYN,2026-01-14 00:45,43,Operational,Platform congestion at Kalyan Junction delaying berthing.
EVT004740,12215,TVC,2026-02-18 19:45,1,Signal,Automatic signalling fault reported at Thiruvananthapuram Central yard.
EVT004741,12056,JP,2026-02-08 14:00,55,Rolling Stock,Coach fault detected during pre-departure check at Jaipur Junction.
EVT004742,12088,ERS,2026-01-07 08:00,22,Rolling Stock,Coach fault detected during pre-departure check at Ernakulam Junction.
EVT004743,12279,MFP,2026-01-03 01:45,17,Rolling Stock,"Locomotive failure reported, engine change required at Muzaffarpur Junction."
EVT004744,12082,NJP,2026-02-21 04:45,1,Signal,Signal failure near New Jalpaiguri causing hold-up.
EVT004745,12071,AII,2026-01-29 20:00,54,Passenger,Overcrowding-related boarding delay at Ajmer Junction.
EVT004746,12206,MAS,2026-01-15 03:45,54,Signal,Automatic signalling fault reported at Chennai Central yard.
EVT004747,12104,MAS,2026-02-23 08:15,17,Infrastructure,Overhead equipment (OHE) tripping reported near Chennai Central.
EVT004748,12249,MLDT,2026-01-06 14:30,24,Rolling Stock,"Locomotive failure reported, engine change required at Malda Town."
EVT004749,12165,BCT,2026-01-09 00:45,62,Crew,Crew shortage reported at Mumbai Central link.
EVT004750,12064,HWH,2026-02-22 15:15,13,Rolling Stock,Coach fault detected during pre-departure check at Howrah Junction.
EVT004751,12006,PNBE,2026-02-23 16:45,1,Infrastructure,Overhead equipment (OHE) tripping reported near Patna Junction.
EVT004752,12051,ADI,2026-01-24 16:15,1,Weather,"Dense fog conditions near Ahmedabad Junction, speed restricted."
EVT004753,12284,SDAH,2026-02-08 16:15,25,Signal,Signal failure near Sealdah causing hold-up.
EVT004754,12288,ERS,2026-02-07 15:15,1,Crew,Loco pilot booking-on delay at Ernakulam Junction.
EVT004755,12256,NDLS,2026-01-05 02:15,28,Operational,Late running of connecting rake into New Delhi.
EVT004756,12200,SBC,2026-02-07 23:00,42,Operational,Late running of connecting rake into KSR Bengaluru City Junction.
EVT004757,12069,NDLS,2026-02-12 11:15,8,Weather,High wind speed advisory near New Delhi affecting running.
EVT004758,12290,MLDT,2026-01-14 15:45,32,Crew,Guard unavailability causing hold at Malda Town.
EVT004759,12239,VSKP,2026-02-22 09:15,53,Operational,Crossing conflict with another service at Visakhapatnam.
EVT004760,12212,JHS,2026-01-14 00:00,64,Rolling Stock,Coach fault detected during pre-departure check at Jhansi Junction.
EVT004761,12068,BPL,2026-02-09 21:30,14,Infrastructure,Track maintenance block in effect near Bhopal Junction.
EVT004762,12144,MS,2026-01-30 02:45,5,Operational,Platform congestion at Chennai Egmore delaying berthing.
EVT004763,12248,MLDT,2026-02-14 09:45,1,Rolling Stock,"Locomotive failure reported, engine change required at Malda Town."
EVT004764,12161,BSP,2026-01-08 07:00,34,Infrastructure,Speed restriction due to track renewal work near Bilaspur Junction.
EVT004765,12011,ADI,2026-01-10 19:45,36,Rolling Stock,"Locomotive failure reported, engine change required at Ahmedabad Junction."
EVT004766,12315,MYS,2026-01-13 23:30,26,Rolling Stock,Coach fault detected during pre-departure check at Mysuru Junction.
EVT004767,12003,KYN,2026-02-03 00:45,47,Crew,Guard unavailability causing hold at Kalyan Junction.
EVT004768,12036,MAS,2026-02-10 10:30,38,Operational,Late running of connecting rake into Chennai Central.
EVT004769,12000,JP,2026-01-10 13:15,49,Weather,Heavy rain reducing visibility near Jaipur Junction.
EVT004770,12243,NDLS,2026-02-17 20:30,1,Signal,Signal failure near New Delhi causing hold-up.
EVT004771,12078,SUR,2026-02-05 08:45,44,Weather,High wind speed advisory near Solapur Junction affecting running.
EVT004772,12093,HWH,2026-01-25 22:15,30,Operational,Crossing conflict with another service at Howrah Junction.
EVT004773,12171,PUNE,2026-01-31 22:00,28,Weather,Heavy rain reducing visibility near Pune Junction.
EVT004774,12109,TATA,2026-02-10 02:00,53,Signal,Points failure at Tatanagar Junction delaying departure.
EVT004775,12168,BPL,2026-01-20 03:30,28,Infrastructure,Speed restriction due to track renewal work near Bhopal Junction.
EVT004776,12197,SC,2026-02-13 04:30,4,Weather,High wind speed advisory near Secunderabad Junction affecting running.
EVT004777,12011,MLDT,2026-01-21 20:30,15,Crew,Crew shortage reported at Malda Town link.
EVT004778,12232,BZA,2026-01-27 08:30,1,Crew,Guard unavailability causing hold at Vijayawada Junction.
EVT004779,12192,ADI,2026-01-20 17:00,32,Infrastructure,Speed restriction due to track renewal work near Ahmedabad Junction.
EVT004780,12201,NJP,2026-01-18 22:00,14,Signal,Automatic signalling fault reported at New Jalpaiguri yard.
EVT004781,12100,SDAH,2026-01-05 22:45,29,Rolling Stock,"Locomotive failure reported, engine change required at Sealdah."
EVT004782,12025,AII,2026-01-09 04:45,19,Signal,Points failure at Ajmer Junction delaying departure.
EVT004783,12169,MFP,2026-01-11 13:45,1,Weather,Heavy rain reducing visibility near Muzaffarpur Junction.
EVT004784,12154,DLI,2026-02-27 22:00,31,Operational,Crossing conflict with another service at Delhi Junction (Old Delhi).
EVT004785,12278,BPL,2026-01-03 17:45,17,Signal,Automatic signalling fault reported at Bhopal Junction yard.
EVT004786,12285,BPL,2026-01-27 19:15,65,Signal,Points failure at Bhopal Junction delaying departure.
EVT004787,12059,BSP,2026-01-25 17:45,1,Signal,Automatic signalling fault reported at Bilaspur Junction yard.
EVT004788,12245,SUR,2026-01-11 05:45,7,Operational,Crossing conflict with another service at Solapur Junction.
EVT004789,12248,HWH,2026-02-21 02:45,23,Weather,High wind speed advisory near Howrah Junction affecting running.
EVT004790,12151,BCT,2026-02-27 19:00,86,Signal,Automatic signalling fault reported at Mumbai Central yard.
EVT004791,12018,SDAH,2026-02-16 16:15,41,Signal,Automatic signalling fault reported at Sealdah yard.
EVT004792,12167,ST,2026-01-19 05:45,23,Crew,Crew shortage reported at Surat link.
EVT004793,12300,SBC,2026-03-01 22:00,1,Operational,Platform congestion at KSR Bengaluru City Junction delaying berthing.
EVT004794,12171,PNBE,2026-02-22 10:15,7,Weather,"Dense fog conditions near Patna Junction, speed restricted."
EVT004795,12109,DLI,2026-02-25 13:45,42,Signal,Automatic signalling fault reported at Delhi Junction (Old Delhi) yard.
EVT004796,12091,PNBE,2026-02-05 10:45,28,Signal,Automatic signalling fault reported at Patna Junction yard.
EVT004797,12022,JBP,2026-02-02 17:30,1,Operational,Crossing conflict with another service at Jabalpur Junction.
EVT004798,12035,MAO,2026-02-15 03:15,4,Passenger,Passenger chain-pulling incident near Madgaon Junction.
EVT004799,12046,PNBE,2026-02-25 10:30,40,Signal,Automatic signalling fault reported at Patna Junction yard.
EVT004800,12077,NGP,2026-02-14 14:00,1,Operational,Late running of connecting rake into Nagpur Junction.
EVT004801,12139,VSKP,2026-02-25 16:45,21,Operational,Crossing conflict with another service at Visakhapatnam.
EVT004802,12148,JBP,2026-02-02 00:00,51,Rolling Stock,Brake power certification delay at Jabalpur Junction.
EVT004803,12129,TVC,2026-01-22 22:00,19,Weather,High wind speed advisory near Thiruvananthapuram Central affecting running.
EVT004804,12256,DLI,2026-02-16 23:45,52,Passenger,"Medical emergency on board, halted at Delhi Junction (Old Delhi)."
EVT004805,12048,JBP,2026-01-07 03:15,56,Infrastructure,Track maintenance block in effect near Jabalpur Junction.
EVT004806,12106,MAS,2026-02-05 17:45,63,Infrastructure,Track maintenance block in effect near Chennai Central.
EVT004807,12212,NDLS,2026-01-18 17:30,39,Crew,Guard unavailability causing hold at New Delhi.
EVT004808,12305,BSP,2026-02-21 05:45,49,Infrastructure,Overhead equipment (OHE) tripping reported near Bilaspur Junction.
EVT004809,12250,MAS,2026-02-14 09:30,22,Passenger,Passenger chain-pulling incident near Chennai Central.
EVT004810,12074,MYS,2026-02-15 17:00,41,Weather,High wind speed advisory near Mysuru Junction affecting running.
EVT004811,12047,MFP,2026-01-12 19:15,63,Signal,Points failure at Muzaffarpur Junction delaying departure.
EVT004812,12167,NGP,2026-02-17 20:45,1,Passenger,Passenger chain-pulling incident near Nagpur Junction.
EVT004813,12099,KGP,2026-02-19 00:15,30,Signal,Automatic signalling fault reported at Kharagpur Junction yard.
EVT004814,12132,DLI,2026-02-06 21:15,26,Weather,Heavy rain reducing visibility near Delhi Junction (Old Delhi).
EVT004815,12076,SC,2026-02-19 12:00,81,Weather,Heavy rain reducing visibility near Secunderabad Junction.
EVT004816,12254,NGP,2026-01-21 14:00,5,Passenger,"Medical emergency on board, halted at Nagpur Junction."
EVT004817,12185,RTM,2026-01-13 18:30,1,Operational,Crossing conflict with another service at Ratlam Junction.
EVT004818,12213,CSMT,2026-02-24 22:00,83,Operational,Late running of connecting rake into Chhatrapati Shivaji Maharaj Terminus.
EVT004819,12144,MS,2026-02-23 22:00,5,Rolling Stock,Brake power certification delay at Chennai Egmore.
EVT004820,12172,VSKP,2026-02-05 00:30,28,Weather,High wind speed advisory near Visakhapatnam affecting running.
EVT004821,12316,MS,2026-01-14 04:45,27,Operational,Crossing conflict with another service at Chennai Egmore.
EVT004822,12068,NGP,2026-02-16 03:00,33,Weather,Heavy rain reducing visibility near Nagpur Junction.
EVT004823,12049,ST,2026-01-03 07:15,57,Operational,Platform congestion at Surat delaying berthing.
EVT004824,12083,VSKP,2026-03-01 15:45,34,Rolling Stock,Brake power certification delay at Visakhapatnam.
EVT004825,12319,HYB,2026-01-29 23:00,1,Rolling Stock,Coach fault detected during pre-departure check at Hyderabad Deccan.
EVT004826,12150,BPL,2026-01-04 19:00,1,Signal,Signal failure near Bhopal Junction causing hold-up.
EVT004827,12240,KGP,2026-02-01 05:15,1,Signal,Automatic signalling fault reported at Kharagpur Junction yard.
EVT004828,12269,SC,2026-01-22 20:45,14,Rolling Stock,"Locomotive failure reported, engine change required at Secunderabad Junction."
EVT004829,12103,SDAH,2026-01-29 02:00,23,Infrastructure,Track maintenance block in effect near Sealdah.
EVT004830,12119,BZA,2026-01-22 15:00,61,Weather,"Dense fog conditions near Vijayawada Junction, speed restricted."
EVT004831,12273,BPL,2026-01-20 18:30,65,Weather,Heavy rain reducing visibility near Bhopal Junction.
EVT004832,12249,KGP,2026-01-04 13:15,21,Crew,Loco pilot booking-on delay at Kharagpur Junction.
EVT004833,12285,JBP,2026-01-12 16:45,1,Infrastructure,Speed restriction due to track renewal work near Jabalpur Junction.
EVT004834,12104,KGP,2026-02-11 21:15,1,Operational,Crossing conflict with another service at Kharagpur Junction.
EVT004835,12040,JP,2026-02-20 03:45,46,Passenger,"Medical emergency on board, halted at Jaipur Junction."
EVT004836,12025,JP,2026-01-19 06:15,49,Operational,Platform congestion at Jaipur Junction delaying berthing.
EVT004837,12176,BPL,2026-01-24 03:30,24,Signal,Points failure at Bhopal Junction delaying departure.
EVT004838,12072,MLDT,2026-02-05 05:45,1,Operational,Platform congestion at Malda Town delaying berthing.
EVT004839,12173,MYS,2026-02-09 07:00,48,Passenger,Passenger chain-pulling incident near Mysuru Junction.
EVT004840,12297,R,2026-02-27 21:15,28,Weather,"Dense fog conditions near Raipur Junction, speed restricted."
EVT004841,12037,PNBE,2026-01-13 13:45,47,Rolling Stock,"Locomotive failure reported, engine change required at Patna Junction."
EVT004842,12057,KGP,2026-01-19 05:00,45,Crew,Crew shortage reported at Kharagpur Junction link.
EVT004843,12175,JP,2026-03-01 20:15,13,Signal,Automatic signalling fault reported at Jaipur Junction yard.
EVT004844,12307,BCT,2026-01-01 18:45,1,Infrastructure,Track maintenance block in effect near Mumbai Central.
EVT004845,12240,ERS,2026-01-15 02:00,12,Operational,Platform congestion at Ernakulam Junction delaying berthing.
EVT004846,12291,NJP,2026-02-04 16:45,13,Rolling Stock,"Locomotive failure reported, engine change required at New Jalpaiguri."
EVT004847,12170,DLI,2026-02-20 15:30,32,Infrastructure,Overhead equipment (OHE) tripping reported near Delhi Junction (Old Delhi).
EVT004848,12230,JU,2026-01-30 23:45,32,Infrastructure,Track maintenance block in effect near Jodhpur Junction.
EVT004849,12311,KGP,2026-01-14 16:30,43,Infrastructure,Track maintenance block in effect near Kharagpur Junction.
EVT004850,12222,JBP,2026-01-08 04:00,49,Operational,Late running of connecting rake into Jabalpur Junction.
EVT004851,12041,PNBE,2026-01-06 09:30,27,Infrastructure,Overhead equipment (OHE) tripping reported near Patna Junction.
EVT004852,12029,BPL,2026-02-15 08:00,1,Signal,Automatic signalling fault reported at Bhopal Junction yard.
EVT004853,12130,CTC,2026-01-09 04:45,43,Infrastructure,Track maintenance block in effect near Cuttack Junction.
EVT004854,12319,KGP,2026-01-01 15:30,49,Operational,Crossing conflict with another service at Kharagpur Junction.
EVT004855,12040,JP,2026-02-08 21:45,18,Signal,Points failure at Jaipur Junction delaying departure.
EVT004856,12096,BPL,2026-02-26 09:30,8,Weather,Heavy rain reducing visibility near Bhopal Junction.
EVT004857,12266,COR,2026-02-27 20:45,33,Passenger,"Medical emergency on board, halted at Kota Junction."
EVT004858,12029,BPL,2026-01-01 22:00,1,Infrastructure,Speed restriction due to track renewal work near Bhopal Junction.
EVT004859,12296,AGC,2026-02-16 14:00,34,Crew,Crew shortage reported at Agra Cantt link.
EVT004860,12240,ERS,2026-01-24 22:00,55,Signal,Points failure at Ernakulam Junction delaying departure.
EVT004861,12135,DURG,2026-02-18 09:30,52,Passenger,Passenger chain-pulling incident near Durg Junction.
EVT004862,12031,LDH,2026-02-13 07:00,13,Infrastructure,Speed restriction due to track renewal work near Ludhiana Junction.
EVT004863,12082,GHY,2026-01-12 07:15,39,Signal,Automatic signalling fault reported at Guwahati yard.
EVT004864,12084,DLI,2026-02-19 21:30,11,Weather,Heavy rain reducing visibility near Delhi Junction (Old Delhi).
EVT004865,12113,CBE,2026-02-11 08:30,37,Crew,Crew shortage reported at Coimbatore Junction link.
EVT004866,12096,SBC,2026-01-13 23:45,57,Passenger,"Medical emergency on board, halted at KSR Bengaluru City Junction."
EVT004867,12151,HYB,2026-01-05 12:30,3,Infrastructure,Speed restriction due to track renewal work near Hyderabad Deccan.
EVT004868,12130,KYN,2026-01-08 09:30,1,Passenger,"Medical emergency on board, halted at Kalyan Junction."
EVT004869,12207,DLI,2026-01-24 11:30,22,Rolling Stock,Brake power certification delay at Delhi Junction (Old Delhi).
EVT004870,12256,NDLS,2026-02-07 03:00,46,Operational,Platform congestion at New Delhi delaying berthing.
EVT004871,12137,MAS,2026-02-09 18:30,48,Rolling Stock,Brake power certification delay at Chennai Central.
EVT004872,12171,PNBE,2026-02-18 03:00,21,Weather,Heavy rain reducing visibility near Patna Junction.
EVT004873,12114,BPL,2026-02-17 02:15,13,Signal,Signal failure near Bhopal Junction causing hold-up.
EVT004874,12218,UBL,2026-02-27 20:45,26,Operational,Crossing conflict with another service at Hubballi Junction.
EVT004875,12071,JP,2026-01-14 21:00,32,Operational,Late running of connecting rake into Jaipur Junction.
EVT004876,12015,MS,2026-02-12 19:15,1,Passenger,Passenger chain-pulling incident near Chennai Egmore.
EVT004877,12048,ADI,2026-02-02 03:00,42,Rolling Stock,"Locomotive failure reported, engine change required at Ahmedabad Junction."
EVT004878,12227,BZA,2026-02-18 19:45,24,Passenger,Passenger chain-pulling incident near Vijayawada Junction.
EVT004879,12004,BCT,2026-01-16 17:00,24,Infrastructure,Track maintenance block in effect near Mumbai Central.
EVT004880,12277,NDLS,2026-01-27 10:00,49,Rolling Stock,Coach fault detected during pre-departure check at New Delhi.
EVT004881,12106,MAS,2026-02-26 07:15,44,Infrastructure,Speed restriction due to track renewal work near Chennai Central.
EVT004882,12107,SC,2026-01-28 18:30,28,Infrastructure,Overhead equipment (OHE) tripping reported near Secunderabad Junction.
EVT004883,12290,HWH,2026-02-27 18:15,64,Infrastructure,Track maintenance block in effect near Howrah Junction.
EVT004884,12185,BBS,2026-02-03 11:00,12,Crew,Loco pilot booking-on delay at Bhubaneswar.
EVT004885,12108,MAS,2026-02-12 20:00,9,Rolling Stock,Coach fault detected during pre-departure check at Chennai Central.
EVT004886,12244,UBL,2026-01-09 11:15,14,Rolling Stock,"Locomotive failure reported, engine change required at Hubballi Junction."
EVT004887,12066,NGP,2026-01-29 04:30,14,Weather,Heavy rain reducing visibility near Nagpur Junction.
EVT004888,12249,KGP,2026-02-19 01:00,8,Signal,Points failure at Kharagpur Junction delaying departure.
EVT004889,12145,JU,2026-01-11 04:15,57,Rolling Stock,Coach fault detected during pre-departure check at Jodhpur Junction.
EVT004890,12065,NDLS,2026-01-21 18:15,18,Infrastructure,Track maintenance block in effect near New Delhi.
EVT004891,12253,GKP,2026-02-12 15:15,1,Operational,Crossing conflict with another service at Gorakhpur Junction.
EVT004892,12027,RTM,2026-01-26 15:45,29,Infrastructure,Overhead equipment (OHE) tripping reported near Ratlam Junction.
EVT004893,12233,MLDT,2026-02-10 06:45,40,Signal,Points failure at Malda Town delaying departure.
EVT004894,12207,DLI,2026-01-10 17:00,56,Rolling Stock,"Locomotive failure reported, engine change required at Delhi Junction (Old Delhi)."
EVT004895,12209,JHS,2026-02-06 18:30,21,Operational,Late running of connecting rake into Jhansi Junction.
EVT004896,12206,MAS,2026-01-03 02:15,1,Rolling Stock,"Locomotive failure reported, engine change required at Chennai Central."
EVT004897,12172,SDAH,2026-02-09 08:45,45,Crew,Crew shortage reported at Sealdah link.
EVT004898,12277,NGP,2026-01-28 04:45,25,Infrastructure,Track maintenance block in effect near Nagpur Junction.
EVT004899,12319,KGP,2026-01-18 17:45,12,Weather,"Dense fog conditions near Kharagpur Junction, speed restricted."
EVT004900,12225,MAS,2026-01-22 18:30,43,Weather,Heavy rain reducing visibility near Chennai Central.
EVT004901,12256,NDLS,2026-02-04 18:00,1,Infrastructure,Speed restriction due to track renewal work near New Delhi.
EVT004902,12098,MLDT,2026-02-08 12:30,26,Signal,Automatic signalling fault reported at Malda Town yard.
EVT004903,12269,HYB,2026-02-22 11:15,6,Operational,Crossing conflict with another service at Hyderabad Deccan.
EVT004904,12117,HWH,2026-02-10 05:30,33,Operational,Crossing conflict with another service at Howrah Junction.
EVT004905,12070,COR,2026-01-13 01:45,64,Infrastructure,Track maintenance block in effect near Kota Junction.
EVT004906,12243,DLI,2026-02-12 05:45,5,Rolling Stock,Brake power certification delay at Delhi Junction (Old Delhi).
EVT004907,12242,BZA,2026-02-26 03:30,48,Operational,Late running of connecting rake into Vijayawada Junction.
EVT004908,12107,MYS,2026-01-03 06:15,25,Rolling Stock,Brake power certification delay at Mysuru Junction.
EVT004909,12176,JBP,2026-01-15 20:45,1,Weather,Heavy rain reducing visibility near Jabalpur Junction.
EVT004910,12149,CTC,2026-02-03 16:15,59,Weather,Heavy rain reducing visibility near Cuttack Junction.
EVT004911,12200,SBC,2026-01-29 23:30,25,Weather,Heavy rain reducing visibility near KSR Bengaluru City Junction.
EVT004912,12221,MFP,2026-02-14 18:30,18,Operational,Late running of connecting rake into Muzaffarpur Junction.
EVT004913,12237,ROU,2026-02-13 21:45,39,Signal,Points failure at Rourkela delaying departure.
EVT004914,12319,SC,2026-01-05 07:00,1,Weather,High wind speed advisory near Secunderabad Junction affecting running.
EVT004915,12062,UMB,2026-01-13 00:45,43,Passenger,"Medical emergency on board, halted at Ambala Cantt Junction."
EVT004916,12200,PRYJ,2026-02-16 12:15,51,Passenger,Overcrowding-related boarding delay at Prayagraj Junction.
EVT004917,12193,MAS,2026-02-17 14:00,77,Rolling Stock,"Locomotive failure reported, engine change required at Chennai Central."
EVT004918,12231,GHY,2026-01-17 19:00,54,Passenger,"Medical emergency on board, halted at Guwahati."
EVT004919,12217,MAS,2026-02-09 17:15,17,Operational,Platform congestion at Chennai Central delaying berthing.
EVT004920,12306,MAO,2026-01-10 15:00,57,Rolling Stock,Coach fault detected during pre-departure check at Madgaon Junction.
EVT004921,12319,HYB,2026-02-18 11:45,10,Infrastructure,Track maintenance block in effect near Hyderabad Deccan.
EVT004922,12121,KYN,2026-02-04 21:15,6,Operational,Platform congestion at Kalyan Junction delaying berthing.
EVT004923,12205,MAS,2026-01-09 21:30,47,Signal,Points failure at Chennai Central delaying departure.
EVT004924,12251,BSP,2026-02-12 18:30,35,Signal,Signal failure near Bilaspur Junction causing hold-up.
EVT004925,12313,GHY,2026-01-21 11:15,39,Operational,Late running of connecting rake into Guwahati.
EVT004926,12017,UMB,2026-01-23 19:15,57,Signal,Points failure at Ambala Cantt Junction delaying departure.
EVT004927,12010,SC,2026-02-24 17:15,1,Operational,Late running of connecting rake into Secunderabad Junction.
EVT004928,12067,KGP,2026-01-27 07:00,1,Weather,Heavy rain reducing visibility near Kharagpur Junction.
EVT004929,12027,RTM,2026-01-05 20:45,30,Crew,Loco pilot booking-on delay at Ratlam Junction.
EVT004930,12075,BPL,2026-02-19 23:45,1,Weather,Heavy rain reducing visibility near Bhopal Junction.
EVT004931,12075,COR,2026-02-26 17:00,12,Operational,Late running of connecting rake into Kota Junction.
EVT004932,12084,DLI,2026-02-22 03:45,6,Infrastructure,Track maintenance block in effect near Delhi Junction (Old Delhi).
EVT004933,12101,KGP,2026-02-18 21:30,17,Crew,Loco pilot booking-on delay at Kharagpur Junction.
EVT004934,12123,CSMT,2026-01-06 09:00,19,Weather,Heavy rain reducing visibility near Chhatrapati Shivaji Maharaj Terminus.
EVT004935,12048,BZA,2026-01-01 09:00,58,Infrastructure,Track maintenance block in effect near Vijayawada Junction.
EVT004936,12235,CSMT,2026-01-30 15:00,39,Rolling Stock,"Locomotive failure reported, engine change required at Chhatrapati Shivaji Maharaj Terminus."
EVT004937,12262,HWH,2026-01-24 08:15,43,Infrastructure,Speed restriction due to track renewal work near Howrah Junction.
EVT004938,12074,MS,2026-02-12 21:00,44,Weather,High wind speed advisory near Chennai Egmore affecting running.
EVT004939,12244,MAO,2026-02-21 03:30,49,Crew,Crew shortage reported at Madgaon Junction link.
EVT004940,12243,PRYJ,2026-01-28 10:45,45,Rolling Stock,"Locomotive failure reported, engine change required at Prayagraj Junction."
EVT004941,12244,MAO,2026-01-27 06:30,10,Signal,Signal failure near Madgaon Junction causing hold-up.
EVT004942,12071,KYN,2026-01-06 00:45,1,Infrastructure,Speed restriction due to track renewal work near Kalyan Junction.
EVT004943,12061,NDLS,2026-02-17 12:30,79,Operational,Crossing conflict with another service at New Delhi.
EVT004944,12172,MAS,2026-01-01 00:30,1,Crew,Crew shortage reported at Chennai Central link.
EVT004945,12065,MFP,2026-02-08 09:45,14,Infrastructure,Overhead equipment (OHE) tripping reported near Muzaffarpur Junction.
EVT004946,12126,NGP,2026-02-09 04:15,48,Rolling Stock,Brake power certification delay at Nagpur Junction.
EVT004947,12261,RTM,2026-02-21 05:15,47,Rolling Stock,"Locomotive failure reported, engine change required at Ratlam Junction."
EVT004948,12124,BZA,2026-01-29 14:00,1,Rolling Stock,Brake power certification delay at Vijayawada Junction.
EVT004949,12282,BCT,2026-01-10 11:00,36,Passenger,"Medical emergency on board, halted at Mumbai Central."
EVT004950,12030,CTC,2026-02-15 10:00,50,Infrastructure,Speed restriction due to track renewal work near Cuttack Junction.
EVT004951,12080,PNBE,2026-01-09 08:15,80,Rolling Stock,"Locomotive failure reported, engine change required at Patna Junction."
EVT004952,12258,BCT,2026-01-01 03:45,3,Signal,Signal failure near Mumbai Central causing hold-up.
EVT004953,12284,NDLS,2026-02-23 02:00,8,Operational,Late running of connecting rake into New Delhi.
EVT004954,12092,JU,2026-02-12 04:45,85,Operational,Platform congestion at Jodhpur Junction delaying berthing.
EVT004955,12025,AII,2026-01-08 01:15,13,Weather,High wind speed advisory near Ajmer Junction affecting running.
EVT004956,12292,VSKP,2026-01-31 08:45,9,Operational,Late running of connecting rake into Visakhapatnam.
EVT004957,12304,MAS,2026-02-20 06:00,50,Rolling Stock,Coach fault detected during pre-departure check at Chennai Central.
EVT004958,12119,BZA,2026-01-14 22:30,33,Crew,Guard unavailability causing hold at Vijayawada Junction.
EVT004959,12120,BBS,2026-01-22 14:30,27,Rolling Stock,Coach fault detected during pre-departure check at Bhubaneswar.
EVT004960,12042,ROU,2026-01-21 10:45,35,Rolling Stock,Coach fault detected during pre-departure check at Rourkela.
EVT004961,12267,GHY,2026-02-15 08:45,29,Weather,High wind speed advisory near Guwahati affecting running.
EVT004962,12197,SC,2026-02-04 20:00,44,Signal,Automatic signalling fault reported at Secunderabad Junction yard.
EVT004963,12272,PRYJ,2026-02-15 20:15,64,Weather,"Dense fog conditions near Prayagraj Junction, speed restricted."
EVT004964,12103,SDAH,2026-02-08 04:45,30,Infrastructure,Track maintenance block in effect near Sealdah.
EVT004965,12009,BBS,2026-02-21 11:15,33,Infrastructure,Track maintenance block in effect near Bhubaneswar.
EVT004966,12230,TVC,2026-01-08 01:00,33,Infrastructure,Speed restriction due to track renewal work near Thiruvananthapuram Central.
EVT004967,12267,GHY,2026-02-14 20:15,1,Weather,"Dense fog conditions near Guwahati, speed restricted."
EVT004968,12244,JP,2026-01-11 10:45,44,Rolling Stock,Coach fault detected during pre-departure check at Jaipur Junction.
EVT004969,12119,BPL,2026-01-29 05:00,49,Signal,Points failure at Bhopal Junction delaying departure.
EVT004970,12261,RTM,2026-02-04 08:00,44,Weather,"Dense fog conditions near Ratlam Junction, speed restricted."
EVT004971,12123,SC,2026-02-28 21:30,34,Operational,Late running of connecting rake into Secunderabad Junction.
EVT004972,12229,NJP,2026-01-26 19:45,62,Infrastructure,Speed restriction due to track renewal work near New Jalpaiguri.
EVT004973,12236,MDU,2026-01-06 10:30,41,Weather,Heavy rain reducing visibility near Madurai Junction.
EVT004974,12068,BPL,2026-02-01 01:30,4,Weather,"Dense fog conditions near Bhopal Junction, speed restricted."
EVT004975,12243,PRYJ,2026-02-26 01:30,35,Operational,Late running of connecting rake into Prayagraj Junction.
EVT004976,12119,BPL,2026-02-21 16:00,16,Passenger,Overcrowding-related boarding delay at Bhopal Junction.
EVT004977,12295,BSP,2026-01-16 17:15,14,Infrastructure,Track maintenance block in effect near Bilaspur Junction.
EVT004978,12052,NDLS,2026-01-27 14:00,66,Rolling Stock,"Locomotive failure reported, engine change required at New Delhi."
EVT004979,12292,VSKP,2026-02-27 02:30,70,Operational,Platform congestion at Visakhapatnam delaying berthing.
EVT004980,12001,BCT,2026-02-14 15:00,24,Signal,Automatic signalling fault reported at Mumbai Central yard.
EVT004981,12099,KGP,2026-01-27 20:15,59,Rolling Stock,Coach fault detected during pre-departure check at Kharagpur Junction.
EVT004982,12064,COR,2026-01-18 14:00,90,Operational,Late running of connecting rake into Kota Junction.
EVT004983,12297,BSP,2026-01-30 02:45,6,Operational,Platform congestion at Bilaspur Junction delaying berthing.
EVT004984,12119,BZA,2026-02-27 11:15,34,Signal,Automatic signalling fault reported at Vijayawada Junction yard.
EVT004985,12177,MLDT,2026-01-22 14:45,12,Passenger,Overcrowding-related boarding delay at Malda Town.
EVT004986,12263,MAS,2026-02-23 00:00,60,Signal,Automatic signalling fault reported at Chennai Central yard.
EVT004987,12214,GHY,2026-01-04 23:30,6,Infrastructure,Track maintenance block in effect near Guwahati.
EVT004988,12246,LDH,2026-01-13 20:15,83,Weather,High wind speed advisory near Ludhiana Junction affecting running.
EVT004989,12234,PRYJ,2026-02-11 11:15,26,Operational,Platform congestion at Prayagraj Junction delaying berthing.
EVT004990,12180,NJP,2026-01-12 09:15,31,Weather,Heavy rain reducing visibility near New Jalpaiguri.
EVT004991,12285,ADI,2026-02-14 04:00,40,Infrastructure,Track maintenance block in effect near Ahmedabad Junction.
EVT004992,12241,BZA,2026-01-13 15:00,22,Signal,Points failure at Vijayawada Junction delaying departure.
EVT004993,12062,NDLS,2026-02-04 06:30,46,Rolling Stock,Coach fault detected during pre-departure check at New Delhi.
EVT004994,12097,DD,2026-02-19 15:00,1,Weather,Heavy rain reducing visibility near Daund Junction.
EVT004995,12286,JP,2026-02-18 01:30,35,Signal,Points failure at Jaipur Junction delaying departure.
EVT004996,12271,GKP,2026-01-17 19:00,59,Passenger,Overcrowding-related boarding delay at Gorakhpur Junction.
EVT004997,12101,KGP,2026-01-15 23:15,19,Signal,Automatic signalling fault reported at Kharagpur Junction yard.
EVT004998,12052,NDLS,2026-01-04 19:45,15,Operational,Platform congestion at New Delhi delaying berthing.
EVT004999,12096,SBC,2026-02-24 23:15,24,Infrastructure,Speed restriction due to track renewal work near KSR Bengaluru City Junction.
EVT005000,12315,MYS,2026-01-13 06:45,67,Infrastructure,Speed restriction due to track renewal work near Mysuru Junction.
EVT005001,12266,SBC,2026-02-03 01:30,17,Infrastructure,Speed restriction due to track renewal work near KSR Bengaluru City Junction.
EVT005002,12082,MLDT,2026-02-21 18:30,11,Weather,High wind speed advisory near Malda Town affecting running.
EVT005003,12257,SBC,2026-02-09 10:00,26,Infrastructure,Overhead equipment (OHE) tripping reported near KSR Bengaluru City Junction.
EVT005004,12175,BZA,2026-01-26 09:15,29,Crew,Crew shortage reported at Vijayawada Junction link.
EVT005005,12236,HWH,2026-01-30 01:30,8,Signal,Points failure at Howrah Junction delaying departure.
EVT005006,12245,NDLS,2026-01-09 16:00,42,Infrastructure,Overhead equipment (OHE) tripping reported near New Delhi.
EVT005007,12276,MYS,2026-01-19 20:30,40,Operational,Crossing conflict with another service at Mysuru Junction.
EVT005008,12216,COR,2026-02-12 14:45,38,Infrastructure,Speed restriction due to track renewal work near Kota Junction.
EVT005009,12293,SC,2026-01-29 01:00,49,Infrastructure,Track maintenance block in effect near Secunderabad Junction.
EVT005010,12004,ADI,2026-01-28 00:30,32,Operational,Late running of connecting rake into Ahmedabad Junction.
EVT005011,12055,MS,2026-01-30 00:30,27,Operational,Crossing conflict with another service at Chennai Egmore.
EVT005012,12296,PRYJ,2026-01-29 06:00,1,Passenger,Passenger chain-pulling incident near Prayagraj Junction.
EVT005013,12258,ST,2026-01-15 13:15,20,Weather,Heavy rain reducing visibility near Surat.
EVT005014,12162,MDU,2026-01-19 02:00,30,Crew,Crew shortage reported at Madurai Junction link.
EVT005015,12076,SC,2026-02-02 16:45,64,Signal,Points failure at Secunderabad Junction delaying departure.
EVT005016,12034,CSMT,2026-02-25 00:45,61,Rolling Stock,"Locomotive failure reported, engine change required at Chhatrapati Shivaji Maharaj Terminus."
EVT005017,12315,HWH,2026-02-01 05:30,18,Infrastructure,Track maintenance block in effect near Howrah Junction.
EVT005018,12210,JP,2026-02-02 21:30,1,Rolling Stock,Coach fault detected during pre-departure check at Jaipur Junction.
EVT005019,12106,ERS,2026-01-05 20:00,97,Rolling Stock,Coach fault detected during pre-departure check at Ernakulam Junction.
EVT005020,12102,BBS,2026-01-01 11:15,15,Operational,Crossing conflict with another service at Bhubaneswar.
EVT005021,12254,BPL,2026-02-22 06:00,49,Infrastructure,Speed restriction due to track renewal work near Bhopal Junction.
EVT005022,12276,TVC,2026-01-31 23:15,72,Passenger,"Medical emergency on board, halted at Thiruvananthapuram Central."
EVT005023,12181,NJP,2026-01-02 15:15,52,Rolling Stock,Coach fault detected during pre-departure check at New Jalpaiguri.
EVT005024,12232,BZA,2026-02-12 10:15,5,Infrastructure,Speed restriction due to track renewal work near Vijayawada Junction.
EVT005025,12115,NGP,2026-02-06 02:45,16,Rolling Stock,Brake power certification delay at Nagpur Junction.
EVT005026,12015,MAS,2026-01-12 15:00,59,Weather,"Dense fog conditions near Chennai Central, speed restricted."
EVT005027,12095,KYN,2026-02-14 05:15,34,Signal,Automatic signalling fault reported at Kalyan Junction yard.
EVT005028,12102,KYN,2026-02-03 13:00,78,Passenger,"Medical emergency on board, halted at Kalyan Junction."
EVT005029,12056,JP,2026-02-23 06:30,55,Crew,Guard unavailability causing hold at Jaipur Junction.
EVT005030,12053,NDLS,2026-01-07 00:30,97,Crew,Crew shortage reported at New Delhi link.
EVT005031,12152,JP,2026-02-11 17:15,51,Operational,Crossing conflict with another service at Jaipur Junction.
EVT005032,12159,JP,2026-01-08 22:15,31,Signal,Points failure at Jaipur Junction delaying departure.
EVT005033,12173,MYS,2026-01-17 09:00,12,Weather,Heavy rain reducing visibility near Mysuru Junction.
EVT005034,12168,BPL,2026-02-01 19:30,43,Crew,Crew shortage reported at Bhopal Junction link.
EVT005035,12042,DURG,2026-02-09 02:00,50,Rolling Stock,"Locomotive failure reported, engine change required at Durg Junction."
EVT005036,12238,LDH,2026-01-22 01:45,63,Rolling Stock,Coach fault detected during pre-departure check at Ludhiana Junction.
EVT005037,12121,PUNE,2026-01-28 17:45,32,Signal,Automatic signalling fault reported at Pune Junction yard.
EVT005038,12083,BBS,2026-01-20 04:00,29,Signal,Points failure at Bhubaneswar delaying departure.
EVT005039,12147,KYN,2026-01-01 08:15,20,Signal,Points failure at Kalyan Junction delaying departure.
EVT005040,12151,HYB,2026-01-04 02:15,82,Operational,Crossing conflict with another service at Hyderabad Deccan.
EVT005041,12247,PRYJ,2026-01-10 23:00,64,Infrastructure,Track maintenance block in effect near Prayagraj Junction.
EVT005042,12270,GHY,2026-02-14 17:45,34,Operational,Crossing conflict with another service at Guwahati.
EVT005043,12074,SC,2026-01-20 08:45,33,Operational,Crossing conflict with another service at Secunderabad Junction.
EVT005044,12112,UMB,2026-02-07 03:15,54,Signal,Signal failure near Ambala Cantt Junction causing hold-up.
EVT005045,12288,ERS,2026-02-10 11:45,13,Rolling Stock,"Locomotive failure reported, engine change required at Ernakulam Junction."
EVT005046,12240,ERS,2026-01-28 04:00,55,Crew,Guard unavailability causing hold at Ernakulam Junction.
EVT005047,12304,KGP,2026-01-17 17:15,1,Rolling Stock,"Locomotive failure reported, engine change required at Kharagpur Junction."
EVT005048,12291,MLDT,2026-02-01 08:15,13,Crew,Loco pilot booking-on delay at Malda Town.
EVT005049,12257,SBC,2026-01-30 15:30,21,Signal,Automatic signalling fault reported at KSR Bengaluru City Junction yard.
EVT005050,12231,NJP,2026-01-15 20:00,32,Rolling Stock,Coach fault detected during pre-departure check at New Jalpaiguri.
EVT005051,12263,KGP,2026-02-16 00:45,39,Rolling Stock,Brake power certification delay at Kharagpur Junction.
EVT005052,12003,BCT,2026-01-02 06:00,54,Signal,Points failure at Mumbai Central delaying departure.
EVT005053,12062,UMB,2026-01-29 12:30,25,Crew,Guard unavailability causing hold at Ambala Cantt Junction.
EVT005054,12170,ASR,2026-01-19 01:30,1,Operational,Platform congestion at Amritsar Junction delaying berthing.
EVT005055,12100,SDAH,2026-01-14 00:30,70,Crew,Crew shortage reported at Sealdah link.
EVT005056,12284,SDAH,2026-02-11 09:15,48,Signal,Points failure at Sealdah delaying departure.
EVT005057,12208,PRYJ,2026-02-21 17:45,26,Weather,Heavy rain reducing visibility near Prayagraj Junction.
EVT005058,12281,UMB,2026-01-11 03:30,44,Infrastructure,Overhead equipment (OHE) tripping reported near Ambala Cantt Junction.
EVT005059,12118,TVC,2026-02-26 22:45,85,Operational,Crossing conflict with another service at Thiruvananthapuram Central.
EVT005060,12257,MAS,2026-01-09 07:00,1,Weather,"Dense fog conditions near Chennai Central, speed restricted."
EVT005061,12144,MS,2026-02-11 19:30,33,Infrastructure,Overhead equipment (OHE) tripping reported near Chennai Egmore.
EVT005062,12229,ADI,2026-02-20 16:15,44,Infrastructure,Overhead equipment (OHE) tripping reported near Ahmedabad Junction.
EVT005063,12015,MS,2026-01-13 18:00,23,Operational,Crossing conflict with another service at Chennai Egmore.
EVT005064,12140,MAS,2026-01-09 18:45,12,Infrastructure,Speed restriction due to track renewal work near Chennai Central.
EVT005065,12067,ROU,2026-01-09 05:00,46,Passenger,Passenger chain-pulling incident near Rourkela.
EVT005066,12120,BCT,2026-02-27 21:00,68,Weather,High wind speed advisory near Mumbai Central affecting running.
EVT005067,12117,HWH,2026-02-02 17:45,22,Weather,Heavy rain reducing visibility near Howrah Junction.
EVT005068,12092,JP,2026-01-02 01:30,18,Weather,Heavy rain reducing visibility near Jaipur Junction.
EVT005069,12031,UMB,2026-02-03 09:00,61,Passenger,Passenger chain-pulling incident near Ambala Cantt Junction.
EVT005070,12197,SBC,2026-02-12 22:45,57,Crew,Loco pilot booking-on delay at KSR Bengaluru City Junction.
EVT005071,12236,MAS,2026-01-13 21:45,50,Infrastructure,Overhead equipment (OHE) tripping reported near Chennai Central.
EVT005072,12105,BBS,2026-01-19 04:00,54,Rolling Stock,Coach fault detected during pre-departure check at Bhubaneswar.
EVT005073,12279,HYB,2026-01-11 05:00,55,Weather,High wind speed advisory near Hyderabad Deccan affecting running.
EVT005074,12136,CSMT,2026-01-26 19:00,3,Weather,"Dense fog conditions near Chhatrapati Shivaji Maharaj Terminus, speed restricted."
EVT005075,12150,NGP,2026-02-18 20:45,42,Infrastructure,Speed restriction due to track renewal work near Nagpur Junction.
EVT005076,12045,BSP,2026-02-03 01:00,83,Operational,Crossing conflict with another service at Bilaspur Junction.
EVT005077,12153,SC,2026-01-21 20:15,48,Infrastructure,Overhead equipment (OHE) tripping reported near Secunderabad Junction.
EVT005078,12004,ADI,2026-03-01 03:00,50,Signal,Signal failure near Ahmedabad Junction causing hold-up.
EVT005079,12102,KYN,2026-01-19 02:00,34,Passenger,"Medical emergency on board, halted at Kalyan Junction."
EVT005080,12309,KGP,2026-02-11 01:15,1,Crew,Guard unavailability causing hold at Kharagpur Junction.
EVT005081,12304,UBL,2026-02-14 21:45,46,Weather,High wind speed advisory near Hubballi Junction affecting running.
EVT005082,12132,DLI,2026-01-16 13:30,37,Signal,Automatic signalling fault reported at Delhi Junction (Old Delhi) yard.
EVT005083,12038,MAS,2026-02-11 07:00,18,Crew,Guard unavailability causing hold at Chennai Central.
EVT005084,12015,SC,2026-01-06 17:30,21,Signal,Automatic signalling fault reported at Secunderabad Junction yard.
EVT005085,12139,SC,2026-02-03 15:00,10,Rolling Stock,"Locomotive failure reported, engine change required at Secunderabad Junction."
EVT005086,12284,SDAH,2026-02-01 03:45,31,Weather,"Dense fog conditions near Sealdah, speed restricted."
EVT005087,12247,AGC,2026-02-19 15:15,67,Weather,Heavy rain reducing visibility near Agra Cantt.
EVT005088,12072,ADI,2026-01-16 15:15,5,Rolling Stock,Coach fault detected during pre-departure check at Ahmedabad Junction.
EVT005089,12074,MYS,2026-01-10 22:00,16,Signal,Points failure at Mysuru Junction delaying departure.
EVT005090,12236,MDU,2026-01-27 19:15,53,Rolling Stock,"Locomotive failure reported, engine change required at Madurai Junction."
EVT005091,12272,MAS,2026-02-15 20:00,7,Rolling Stock,Brake power certification delay at Chennai Central.
EVT005092,12222,R,2026-02-08 11:45,29,Rolling Stock,"Locomotive failure reported, engine change required at Raipur Junction."
EVT005093,12297,JBP,2026-01-09 08:15,10,Operational,Late running of connecting rake into Jabalpur Junction.
EVT005094,12149,CSMT,2026-02-23 06:30,25,Signal,Signal failure near Chhatrapati Shivaji Maharaj Terminus causing hold-up.
EVT005095,12197,MS,2026-02-26 09:30,34,Passenger,"Medical emergency on board, halted at Chennai Egmore."
EVT005096,12287,BBS,2026-01-08 00:30,4,Signal,Automatic signalling fault reported at Bhubaneswar yard.
EVT005097,12172,VSKP,2026-01-01 02:15,59,Operational,Late running of connecting rake into Visakhapatnam.
EVT005098,12232,MAS,2026-01-11 17:45,11,Passenger,"Medical emergency on board, halted at Chennai Central."
EVT005099,12162,KYN,2026-01-02 15:15,4,Passenger,"Medical emergency on board, halted at Kalyan Junction."
EVT005100,12173,SBC,2026-02-28 14:00,47,Weather,Heavy rain reducing visibility near KSR Bengaluru City Junction.
EVT005101,12237,ROU,2026-01-21 01:15,112,Rolling Stock,Coach fault detected during pre-departure check at Rourkela.
EVT005102,12155,NGP,2026-01-13 02:30,41,Signal,Automatic signalling fault reported at Nagpur Junction yard.
EVT005103,12150,NGP,2026-01-26 11:45,62,Signal,Points failure at Nagpur Junction delaying departure.
EVT005104,12220,KGP,2026-01-23 16:00,75,Passenger,Overcrowding-related boarding delay at Kharagpur Junction.
EVT005105,12105,KYN,2026-02-24 14:45,24,Infrastructure,Speed restriction due to track renewal work near Kalyan Junction.
EVT005106,12086,VSKP,2026-02-14 18:45,49,Rolling Stock,Coach fault detected during pre-departure check at Visakhapatnam.
EVT005107,12126,DLI,2026-01-01 08:30,42,Crew,Guard unavailability causing hold at Delhi Junction (Old Delhi).
EVT005108,12252,BPL,2026-01-31 23:30,27,Passenger,Passenger chain-pulling incident near Bhopal Junction.
EVT005109,12129,JP,2026-03-01 20:15,38,Rolling Stock,Coach fault detected during pre-departure check at Jaipur Junction.
EVT005110,12043,BBS,2026-02-12 03:00,6,Operational,Crossing conflict with another service at Bhubaneswar.
EVT005111,12191,COR,2026-02-09 04:45,47,Rolling Stock,Brake power certification delay at Kota Junction.
EVT005112,12284,VSKP,2026-01-26 04:30,1,Weather,High wind speed advisory near Visakhapatnam affecting running.
EVT005113,12281,UMB,2026-02-28 19:15,27,Passenger,Passenger chain-pulling incident near Ambala Cantt Junction.
EVT005114,12284,SDAH,2026-02-20 23:00,58,Crew,Crew shortage reported at Sealdah link.
EVT005115,12237,BSP,2026-02-27 12:15,22,Rolling Stock,Brake power certification delay at Bilaspur Junction.
EVT005116,12055,MAS,2026-01-15 10:00,17,Operational,Platform congestion at Chennai Central delaying berthing.
EVT005117,12310,COR,2026-02-22 02:15,35,Crew,Crew shortage reported at Kota Junction link.
EVT005118,12034,CSMT,2026-01-02 12:45,21,Passenger,"Medical emergency on board, halted at Chhatrapati Shivaji Maharaj Terminus."
EVT005119,12117,BPL,2026-01-30 20:30,14,Rolling Stock,Coach fault detected during pre-departure check at Bhopal Junction.
EVT005120,12212,SDAH,2026-01-22 17:30,64,Signal,Points failure at Sealdah delaying departure.
EVT005121,12244,UBL,2026-02-03 03:00,32,Infrastructure,Track maintenance block in effect near Hubballi Junction.
EVT005122,12182,RTM,2026-01-11 08:00,27,Signal,Points failure at Ratlam Junction delaying departure.
EVT005123,12245,DLI,2026-02-20 03:45,5,Weather,"Dense fog conditions near Delhi Junction (Old Delhi), speed restricted."
EVT005124,12148,JBP,2026-02-03 06:45,32,Infrastructure,Track maintenance block in effect near Jabalpur Junction.
EVT005125,12104,MAS,2026-01-20 14:45,1,Signal,Signal failure near Chennai Central causing hold-up.
EVT005126,12098,HYB,2026-01-29 14:15,43,Signal,Points failure at Hyderabad Deccan delaying departure.
EVT005127,12188,BSP,2026-02-27 09:00,21,Infrastructure,Track maintenance block in effect near Bilaspur Junction.
EVT005128,12246,LDH,2026-01-31 18:00,35,Passenger,Passenger chain-pulling incident near Ludhiana Junction.
EVT005129,12234,NDLS,2026-01-13 10:15,1,Signal,Automatic signalling fault reported at New Delhi yard.
EVT005130,12036,KGP,2026-02-09 16:45,1,Signal,Automatic signalling fault reported at Kharagpur Junction yard.
EVT005131,12174,BBS,2026-01-04 00:30,1,Operational,Crossing conflict with another service at Bhubaneswar.
EVT005132,12181,GHY,2026-01-03 03:15,59,Crew,Guard unavailability causing hold at Guwahati.
EVT005133,12265,KGP,2026-01-07 03:45,14,Operational,Platform congestion at Kharagpur Junction delaying berthing.
EVT005134,12275,PURI,2026-01-06 00:15,34,Signal,Signal failure near Puri causing hold-up.
EVT005135,12052,PUNE,2026-01-09 14:00,30,Infrastructure,Track maintenance block in effect near Pune Junction.
EVT005136,12167,ST,2026-02-02 17:45,1,Operational,Platform congestion at Surat delaying berthing.
EVT005137,12285,ADI,2026-01-25 04:30,21,Weather,Heavy rain reducing visibility near Ahmedabad Junction.
EVT005138,12306,DLI,2026-01-19 12:00,62,Infrastructure,Speed restriction due to track renewal work near Delhi Junction (Old Delhi).
EVT005139,12184,BWN,2026-01-05 17:15,30,Crew,Guard unavailability causing hold at Barddhaman Junction.
EVT005140,12165,NGP,2026-02-04 11:15,66,Rolling Stock,Brake power certification delay at Nagpur Junction.
EVT005141,12310,COR,2026-01-08 19:30,2,Infrastructure,Track maintenance block in effect near Kota Junction.
EVT005142,12238,DLI,2026-01-26 07:00,57,Passenger,Overcrowding-related boarding delay at Delhi Junction (Old Delhi).
EVT005143,12298,SUR,2026-02-05 20:30,1,Signal,Automatic signalling fault reported at Solapur Junction yard.
EVT005144,12262,NDLS,2026-02-06 12:45,26,Weather,High wind speed advisory near New Delhi affecting running.
EVT005145,12103,VSKP,2026-01-25 17:00,25,Weather,High wind speed advisory near Visakhapatnam affecting running.
EVT005146,12265,MDU,2026-02-08 21:45,1,Weather,"Dense fog conditions near Madurai Junction, speed restricted."
EVT005147,12178,MAS,2026-02-14 20:30,1,Signal,Points failure at Chennai Central delaying departure.
EVT005148,12243,NDLS,2026-01-25 23:30,66,Operational,Late running of connecting rake into New Delhi.
EVT005149,12012,UBL,2026-02-02 09:15,62,Signal,Points failure at Hubballi Junction delaying departure.
EVT005150,12192,GHY,2026-02-17 00:15,14,Infrastructure,Track maintenance block in effect near Guwahati.
EVT005151,12025,JP,2026-01-21 20:45,9,Crew,Guard unavailability causing hold at Jaipur Junction.
EVT005152,12267,ADI,2026-01-15 11:15,72,Weather,"Dense fog conditions near Ahmedabad Junction, speed restricted."
EVT005153,12088,VSKP,2026-02-28 17:15,32,Operational,Crossing conflict with another service at Visakhapatnam.
EVT005154,12202,VSKP,2026-02-15 22:45,86,Signal,Signal failure near Visakhapatnam causing hold-up.
EVT005155,12203,ASR,2026-02-25 21:45,64,Rolling Stock,Brake power certification delay at Amritsar Junction.
EVT005156,12315,SBC,2026-01-07 03:00,30,Operational,Late running of connecting rake into KSR Bengaluru City Junction.
EVT005157,12166,BCT,2026-02-06 19:15,52,Rolling Stock,Brake power certification delay at Mumbai Central.
EVT005158,12092,JU,2026-01-13 13:45,38,Signal,Points failure at Jodhpur Junction delaying departure.
EVT005159,12122,UMB,2026-01-04 02:45,14,Weather,Heavy rain reducing visibility near Ambala Cantt Junction.
EVT005160,12061,NDLS,2026-01-11 00:15,1,Signal,Automatic signalling fault reported at New Delhi yard.
EVT005161,12086,MAS,2026-01-19 21:00,30,Signal,Points failure at Chennai Central delaying departure.
EVT005162,12304,KGP,2026-02-05 18:15,39,Infrastructure,Speed restriction due to track renewal work near Kharagpur Junction.
EVT005163,12230,TVC,2026-02-08 22:30,21,Infrastructure,Speed restriction due to track renewal work near Thiruvananthapuram Central.
EVT005164,12202,PRYJ,2026-01-28 18:15,75,Infrastructure,Track maintenance block in effect near Prayagraj Junction.
EVT005165,12071,CSMT,2026-01-10 18:45,39,Passenger,"Medical emergency on board, halted at Chhatrapati Shivaji Maharaj Terminus."
EVT005166,12114,BPL,2026-02-24 14:30,20,Signal,Signal failure near Bhopal Junction causing hold-up.
EVT005167,12197,MS,2026-01-06 05:15,1,Infrastructure,Speed restriction due to track renewal work near Chennai Egmore.
EVT005168,12013,MDU,2026-01-15 20:45,29,Infrastructure,Track maintenance block in effect near Madurai Junction.
EVT005169,12209,BPL,2026-02-13 06:00,81,Weather,"Dense fog conditions near Bhopal Junction, speed restricted."
EVT005170,12033,SC,2026-02-14 07:45,22,Weather,Heavy rain reducing visibility near Secunderabad Junction.
EVT005171,12081,BBS,2026-02-07 08:30,33,Crew,Guard unavailability causing hold at Bhubaneswar.
EVT005172,12143,MAS,2026-02-07 14:30,40,Weather,Heavy rain reducing visibility near Chennai Central.
EVT005173,12172,NDLS,2026-02-06 14:15,7,Infrastructure,Overhead equipment (OHE) tripping reported near New Delhi.
EVT005174,12010,SC,2026-01-25 14:00,25,Passenger,Passenger chain-pulling incident near Secunderabad Junction.
EVT005175,12072,ADI,2026-03-01 22:00,31,Operational,Late running of connecting rake into Ahmedabad Junction.
EVT005176,12008,UBL,2026-01-16 09:45,2,Infrastructure,Overhead equipment (OHE) tripping reported near Hubballi Junction.
EVT005177,12149,CTC,2026-02-13 07:15,40,Infrastructure,Speed restriction due to track renewal work near Cuttack Junction.
EVT005178,12171,PUNE,2026-03-01 06:15,30,Infrastructure,Speed restriction due to track renewal work near Pune Junction.
EVT005179,12216,LDH,2026-02-03 02:30,20,Signal,Points failure at Ludhiana Junction delaying departure.
EVT005180,12273,JHS,2026-01-25 09:30,21,Infrastructure,Speed restriction due to track renewal work near Jhansi Junction.
EVT005181,12031,UMB,2026-01-25 14:00,10,Operational,Late running of connecting rake into Ambala Cantt Junction.
EVT005182,12103,VSKP,2026-02-17 01:45,1,Rolling Stock,Brake power certification delay at Visakhapatnam.
EVT005183,12014,NJP,2026-02-28 15:30,41,Rolling Stock,Coach fault detected during pre-departure check at New Jalpaiguri.
EVT005184,12071,JP,2026-01-14 09:00,34,Crew,Loco pilot booking-on delay at Jaipur Junction.
EVT005185,12276,MAS,2026-02-19 10:15,16,Operational,Late running of connecting rake into Chennai Central.
EVT005186,12213,SC,2026-02-14 15:00,35,Crew,Loco pilot booking-on delay at Secunderabad Junction.
EVT005187,12106,ERS,2026-02-04 00:15,22,Weather,Heavy rain reducing visibility near Ernakulam Junction.
EVT005188,12203,NDLS,2026-02-02 04:15,19,Operational,Late running of connecting rake into New Delhi.
EVT005189,12255,HWH,2026-02-15 09:15,9,Operational,Late running of connecting rake into Howrah Junction.
EVT005190,12014,GHY,2026-02-02 00:45,16,Rolling Stock,"Locomotive failure reported, engine change required at Guwahati."
EVT005191,12183,PRYJ,2026-01-25 11:15,12,Passenger,Overcrowding-related boarding delay at Prayagraj Junction.
EVT005192,12276,SC,2026-01-16 20:00,43,Signal,Signal failure near Secunderabad Junction causing hold-up.
EVT005193,12203,PRYJ,2026-01-28 20:00,49,Signal,Points failure at Prayagraj Junction delaying departure.
EVT005194,12170,CSMT,2026-01-02 03:30,32,Signal,Signal failure near Chhatrapati Shivaji Maharaj Terminus causing hold-up.
EVT005195,12023,DLI,2026-01-26 08:45,3,Passenger,Passenger chain-pulling incident near Delhi Junction (Old Delhi).
EVT005196,12230,TVC,2026-01-30 11:15,20,Rolling Stock,"Locomotive failure reported, engine change required at Thiruvananthapuram Central."
EVT005197,12184,BWN,2026-02-25 10:30,33,Infrastructure,Track maintenance block in effect near Barddhaman Junction.
EVT005198,12189,HWH,2026-01-11 07:45,1,Crew,Loco pilot booking-on delay at Howrah Junction.
EVT005199,12094,JP,2026-01-21 17:00,44,Passenger,Overcrowding-related boarding delay at Jaipur Junction.
EVT005200,12297,BSP,2026-02-26 15:30,29,Infrastructure,Overhead equipment (OHE) tripping reported near Bilaspur Junction.
EVT005201,12166,BCT,2026-01-24 12:15,19,Crew,Guard unavailability causing hold at Mumbai Central.
EVT005202,12056,TVC,2026-02-20 06:15,66,Rolling Stock,Brake power certification delay at Thiruvananthapuram Central.
EVT005203,12287,BCT,2026-02-04 18:45,13,Crew,Guard unavailability causing hold at Mumbai Central.
EVT005204,12313,GHY,2026-02-25 15:15,19,Signal,Automatic signalling fault reported at Guwahati yard.
EVT005205,12115,NGP,2026-02-26 16:00,51,Weather,High wind speed advisory near Nagpur Junction affecting running.
EVT005206,12271,GKP,2026-01-07 09:15,53,Operational,Late running of connecting rake into Gorakhpur Junction.
EVT005207,12019,PNBE,2026-02-11 04:00,25,Operational,Crossing conflict with another service at Patna Junction.
EVT005208,12082,GHY,2026-02-14 17:00,35,Rolling Stock,Brake power certification delay at Guwahati.
EVT005209,12244,MYS,2026-02-01 21:00,22,Signal,Points failure at Mysuru Junction delaying departure.
EVT005210,12299,JHS,2026-02-02 23:30,47,Operational,Late running of connecting rake into Jhansi Junction.
EVT005211,12018,BWN,2026-02-11 04:00,15,Rolling Stock,Coach fault detected during pre-departure check at Barddhaman Junction.
EVT005212,12270,PNBE,2026-02-22 17:00,42,Weather,"Dense fog conditions near Patna Junction, speed restricted."
EVT005213,12094,COR,2026-01-18 04:15,5,Rolling Stock,"Locomotive failure reported, engine change required at Kota Junction."
EVT005214,12116,NGP,2026-03-01 09:30,47,Operational,Crossing conflict with another service at Nagpur Junction.
EVT005215,12204,KGP,2026-01-21 09:30,1,Signal,Points failure at Kharagpur Junction delaying departure.
EVT005216,12234,NDLS,2026-02-22 02:45,12,Signal,Signal failure near New Delhi causing hold-up.
EVT005217,12150,SBC,2026-02-10 02:30,16,Operational,Platform congestion at KSR Bengaluru City Junction delaying berthing.
EVT005218,12197,MAS,2026-02-24 02:15,13,Infrastructure,Track maintenance block in effect near Chennai Central.
EVT005219,12117,SDAH,2026-01-25 15:00,25,Signal,Automatic signalling fault reported at Sealdah yard.
EVT005220,12298,CSMT,2026-01-26 03:00,18,Operational,Platform congestion at Chhatrapati Shivaji Maharaj Terminus delaying berthing.
EVT005221,12249,KGP,2026-02-13 11:00,6,Rolling Stock,Coach fault detected during pre-departure check at Kharagpur Junction.
EVT005222,12149,BBS,2026-01-04 20:45,35,Operational,Crossing conflict with another service at Bhubaneswar.
EVT005223,12017,LDH,2026-02-15 09:30,1,Signal,Automatic signalling fault reported at Ludhiana Junction yard.
EVT005224,12052,NDLS,2026-02-02 05:45,12,Passenger,Passenger chain-pulling incident near New Delhi.
EVT005225,12318,JBP,2026-01-05 03:45,57,Passenger,"Medical emergency on board, halted at Jabalpur Junction."
EVT005226,12145,COR,2026-01-31 05:30,8,Operational,Late running of connecting rake into Kota Junction.
EVT005227,12126,DLI,2026-01-20 22:30,36,Signal,Points failure at Delhi Junction (Old Delhi) delaying departure.
EVT005228,12055,MS,2026-01-15 06:45,8,Operational,Crossing conflict with another service at Chennai Egmore.
EVT005229,12297,R,2026-02-05 05:15,33,Passenger,Overcrowding-related boarding delay at Raipur Junction.
EVT005230,12272,MS,2026-01-08 12:30,53,Crew,Loco pilot booking-on delay at Chennai Egmore.
EVT005231,12224,NJP,2026-02-12 04:15,1,Rolling Stock,Coach fault detected during pre-departure check at New Jalpaiguri.
EVT005232,12233,HWH,2026-01-31 04:30,13,Crew,Loco pilot booking-on delay at Howrah Junction.
EVT005233,12292,SC,2026-01-21 23:30,19,Rolling Stock,Coach fault detected during pre-departure check at Secunderabad Junction.
EVT005234,12096,JHS,2026-01-28 04:00,18,Crew,Crew shortage reported at Jhansi Junction link.
EVT005235,12222,JBP,2026-02-15 18:30,42,Signal,Automatic signalling fault reported at Jabalpur Junction yard.
EVT005236,12238,KYN,2026-02-20 15:15,46,Operational,Crossing conflict with another service at Kalyan Junction.
EVT005237,12181,NJP,2026-02-04 15:30,4,Weather,Heavy rain reducing visibility near New Jalpaiguri.
EVT005238,12053,DHN,2026-02-07 07:15,51,Infrastructure,Speed restriction due to track renewal work near Dhanbad Junction.
EVT005239,12113,MAS,2026-02-22 13:00,53,Passenger,Passenger chain-pulling incident near Chennai Central.
EVT005240,12159,COR,2026-01-08 11:45,4,Infrastructure,Overhead equipment (OHE) tripping reported near Kota Junction.
EVT005241,12038,ERS,2026-01-24 22:45,14,Infrastructure,Track maintenance block in effect near Ernakulam Junction.
EVT005242,12134,VSKP,2026-02-27 14:45,13,Operational,Crossing conflict with another service at Visakhapatnam.
EVT005243,12043,MAS,2026-02-28 12:30,72,Crew,Crew shortage reported at Chennai Central link.
EVT005244,12166,BCT,2026-01-24 04:15,62,Operational,Platform congestion at Mumbai Central delaying berthing.
EVT005245,12069,NDLS,2026-02-12 01:30,24,Rolling Stock,Coach fault detected during pre-departure check at New Delhi.
EVT005246,12092,JP,2026-01-18 10:15,14,Crew,Crew shortage reported at Jaipur Junction link.
EVT005247,12222,JBP,2026-02-21 08:15,9,Passenger,Overcrowding-related boarding delay at Jabalpur Junction.
EVT005248,12312,BBS,2026-01-11 05:45,11,Rolling Stock,Brake power certification delay at Bhubaneswar.
EVT005249,12303,HWH,2026-02-20 08:45,37,Signal,Signal failure near Howrah Junction causing hold-up.
EVT005250,12028,BPL,2026-03-01 17:45,7,Operational,Platform congestion at Bhopal Junction delaying berthing.
EVT005251,12002,BSP,2026-01-02 11:45,1,Signal,Points failure at Bilaspur Junction delaying departure.
EVT005252,12126,DLI,2026-02-24 08:00,16,Operational,Late running of connecting rake into Delhi Junction (Old Delhi).
EVT005253,12231,MLDT,2026-01-06 21:15,15,Signal,Points failure at Malda Town delaying departure.
EVT005254,12285,NJP,2026-02-18 13:15,25,Signal,Signal failure near New Jalpaiguri causing hold-up.
EVT005255,12010,BSL,2026-01-12 11:30,30,Crew,Crew shortage reported at Bhusaval Junction link.
EVT005256,12225,NDLS,2026-01-17 17:00,2,Passenger,"Medical emergency on board, halted at New Delhi."
EVT005257,12259,BSL,2026-02-03 02:15,27,Operational,Crossing conflict with another service at Bhusaval Junction.
EVT005258,12248,HWH,2026-01-30 14:30,44,Signal,Points failure at Howrah Junction delaying departure.
EVT005259,12086,VSKP,2026-01-17 06:45,1,Crew,Guard unavailability causing hold at Visakhapatnam.
EVT005260,12285,JBP,2026-01-09 14:30,8,Signal,Points failure at Jabalpur Junction delaying departure.
EVT005261,12041,JHS,2026-02-16 10:00,1,Signal,Points failure at Jhansi Junction delaying departure.
EVT005262,12292,SC,2026-01-07 13:30,61,Rolling Stock,Coach fault detected during pre-departure check at Secunderabad Junction.
EVT005263,12024,SC,2026-02-05 14:30,8,Weather,Heavy rain reducing visibility near Secunderabad Junction.
EVT005264,12138,ADI,2026-02-10 20:15,6,Crew,Crew shortage reported at Ahmedabad Junction link.
EVT005265,12275,ASR,2026-02-13 18:15,7,Infrastructure,Track maintenance block in effect near Amritsar Junction.
EVT005266,12070,BPL,2026-01-05 20:45,51,Operational,Platform congestion at Bhopal Junction delaying berthing.
EVT005267,12018,BBS,2026-01-08 18:30,73,Infrastructure,Track maintenance block in effect near Bhubaneswar.
EVT005268,12109,TATA,2026-02-14 15:45,11,Infrastructure,Overhead equipment (OHE) tripping reported near Tatanagar Junction.
EVT005269,12315,KGP,2026-02-04 07:30,36,Operational,Late running of connecting rake into Kharagpur Junction.
EVT005270,12282,CTC,2026-01-18 18:00,56,Infrastructure,Speed restriction due to track renewal work near Cuttack Junction.
EVT005271,12278,RTM,2026-02-02 21:15,37,Crew,Crew shortage reported at Ratlam Junction link.
EVT005272,12053,PRYJ,2026-01-07 19:45,21,Weather,High wind speed advisory near Prayagraj Junction affecting running.
EVT005273,12255,MAS,2026-02-12 16:15,17,Weather,Heavy rain reducing visibility near Chennai Central.
EVT005274,12182,ST,2026-02-03 16:15,5,Rolling Stock,Brake power certification delay at Surat.
EVT005275,12084,DLI,2026-02-26 20:45,87,Rolling Stock,Coach fault detected during pre-departure check at Delhi Junction (Old Delhi).
EVT005276,12233,NJP,2026-02-04 09:15,27,Infrastructure,Speed restriction due to track renewal work near New Jalpaiguri.
EVT005277,12258,BCT,2026-02-10 04:15,4,Operational,Crossing conflict with another service at Mumbai Central.
EVT005278,12276,TVC,2026-02-16 21:30,38,Weather,"Dense fog conditions near Thiruvananthapuram Central, speed restricted."
EVT005279,12118,MS,2026-02-26 11:30,33,Weather,"Dense fog conditions near Chennai Egmore, speed restricted."
EVT005280,12036,KGP,2026-02-16 18:00,33,Signal,Points failure at Kharagpur Junction delaying departure.
EVT005281,12089,R,2026-02-13 14:15,65,Infrastructure,Track maintenance block in effect near Raipur Junction.
EVT005282,12302,MAS,2026-02-23 20:30,29,Weather,High wind speed advisory near Chennai Central affecting running.
EVT005283,12076,SBC,2026-01-07 03:30,27,Rolling Stock,Brake power certification delay at KSR Bengaluru City Junction.
EVT005284,12258,BCT,2026-01-01 05:15,8,Passenger,Passenger chain-pulling incident near Mumbai Central.
EVT005285,12165,BCT,2026-02-17 20:00,48,Passenger,Overcrowding-related boarding delay at Mumbai Central.
EVT005286,12210,KYN,2026-03-01 19:15,62,Signal,Signal failure near Kalyan Junction causing hold-up.
EVT005287,12057,MAS,2026-01-21 23:45,62,Weather,Heavy rain reducing visibility near Chennai Central.
EVT005288,12006,GKP,2026-01-04 13:30,4,Weather,"Dense fog conditions near Gorakhpur Junction, speed restricted."
EVT005289,12074,MYS,2026-02-14 10:30,18,Operational,Crossing conflict with another service at Mysuru Junction.
EVT005290,12214,KYN,2026-01-17 11:30,28,Infrastructure,Speed restriction due to track renewal work near Kalyan Junction.
EVT005291,12003,BBS,2026-01-28 16:00,7,Rolling Stock,Coach fault detected during pre-departure check at Bhubaneswar.
EVT005292,12133,JBP,2026-02-08 16:30,40,Signal,Points failure at Jabalpur Junction delaying departure.
EVT005293,12080,PRYJ,2026-02-06 13:15,1,Rolling Stock,"Locomotive failure reported, engine change required at Prayagraj Junction."
EVT005294,12296,AGC,2026-02-13 09:45,36,Infrastructure,Overhead equipment (OHE) tripping reported near Agra Cantt.
EVT005295,12054,NDLS,2026-01-13 04:45,1,Infrastructure,Overhead equipment (OHE) tripping reported near New Delhi.
EVT005296,12124,SBC,2026-01-26 23:45,48,Weather,"Dense fog conditions near KSR Bengaluru City Junction, speed restricted."
EVT005297,12129,AII,2026-02-16 22:30,65,Signal,Automatic signalling fault reported at Ajmer Junction yard.
EVT005298,12218,MYS,2026-02-08 23:30,32,Rolling Stock,"Locomotive failure reported, engine change required at Mysuru Junction."
EVT005299,12176,JHS,2026-01-18 01:30,19,Rolling Stock,Brake power certification delay at Jhansi Junction.
EVT005300,12243,PRYJ,2026-01-10 00:30,33,Rolling Stock,Coach fault detected during pre-departure check at Prayagraj Junction.
EVT005301,12089,NGP,2026-01-04 06:00,30,Weather,High wind speed advisory near Nagpur Junction affecting running.
EVT005302,12148,JBP,2026-01-30 03:00,17,Passenger,"Medical emergency on board, halted at Jabalpur Junction."
EVT005303,12162,TPJ,2026-02-17 01:00,5,Crew,Guard unavailability causing hold at Tiruchchirapalli Junction.
EVT005304,12232,MAS,2026-02-14 18:45,52,Signal,Automatic signalling fault reported at Chennai Central yard.
EVT005305,12074,MAS,2026-01-27 15:45,26,Passenger,"Medical emergency on board, halted at Chennai Central."
EVT005306,12256,DLI,2026-01-13 00:00,30,Crew,Loco pilot booking-on delay at Delhi Junction (Old Delhi).
EVT005307,12103,VSKP,2026-02-02 08:15,40,Weather,"Dense fog conditions near Visakhapatnam, speed restricted."
EVT005308,12123,CSMT,2026-01-06 17:00,1,Infrastructure,Track maintenance block in effect near Chhatrapati Shivaji Maharaj Terminus.
EVT005309,12162,KYN,2026-01-24 14:15,61,Operational,Crossing conflict with another service at Kalyan Junction.
EVT005310,12074,MS,2026-02-05 03:30,5,Crew,Guard unavailability causing hold at Chennai Egmore.
EVT005311,12058,BBS,2026-02-20 21:15,14,Infrastructure,Speed restriction due to track renewal work near Bhubaneswar.
EVT005312,12018,SDAH,2026-02-18 15:00,33,Rolling Stock,Brake power certification delay at Sealdah.
EVT005313,12148,JBP,2026-01-06 23:45,1,Signal,Automatic signalling fault reported at Jabalpur Junction yard.
EVT005314,12037,CBE,2026-02-28 13:00,46,Signal,Automatic signalling fault reported at Coimbatore Junction yard.
EVT005315,12294,DHN,2026-01-28 06:15,1,Signal,Signal failure near Dhanbad Junction causing hold-up.
EVT005316,12265,TATA,2026-02-12 05:45,1,Operational,Late running of connecting rake into Tatanagar Junction.
EVT005317,12261,SDAH,2026-01-20 15:15,38,Passenger,Overcrowding-related boarding delay at Sealdah.
EVT005318,12021,MYS,2026-02-01 07:45,14,Crew,Loco pilot booking-on delay at Mysuru Junction.
EVT005319,12247,VSKP,2026-02-22 12:45,14,Signal,Signal failure near Visakhapatnam causing hold-up.
EVT005320,12124,SBC,2026-02-16 05:45,37,Weather,"Dense fog conditions near KSR Bengaluru City Junction, speed restricted."
EVT005321,12317,MAS,2026-02-09 14:30,33,Signal,Signal failure near Chennai Central causing hold-up.
EVT005322,12175,BPL,2026-02-05 20:15,61,Infrastructure,Track maintenance block in effect near Bhopal Junction.
EVT005323,12192,GHY,2026-01-19 13:45,83,Operational,Platform congestion at Guwahati delaying berthing.
EVT005324,12179,PRYJ,2026-02-10 17:15,19,Signal,Automatic signalling fault reported at Prayagraj Junction yard.
EVT005325,12026,NDLS,2026-02-02 19:00,40,Signal,Signal failure near New Delhi causing hold-up.
EVT005326,12192,GHY,2026-01-13 14:30,11,Infrastructure,Overhead equipment (OHE) tripping reported near Guwahati.
EVT005327,12189,SDAH,2026-02-16 07:30,1,Weather,Heavy rain reducing visibility near Sealdah.
EVT005328,12274,VSKP,2026-01-09 15:30,65,Crew,Guard unavailability causing hold at Visakhapatnam.
EVT005329,12140,HWH,2026-02-07 09:45,44,Crew,Guard unavailability causing hold at Howrah Junction.
EVT005330,12095,KYN,2026-02-12 01:00,52,Signal,Points failure at Kalyan Junction delaying departure.
EVT005331,12077,BBS,2026-01-31 19:45,1,Weather,Heavy rain reducing visibility near Bhubaneswar.
EVT005332,12125,PNBE,2026-03-01 22:00,37,Signal,Points failure at Patna Junction delaying departure.
EVT005333,12102,KYN,2026-01-30 03:45,1,Signal,Automatic signalling fault reported at Kalyan Junction yard.
EVT005334,12027,RTM,2026-01-08 14:00,47,Passenger,Passenger chain-pulling incident near Ratlam Junction.
EVT005335,12224,GHY,2026-02-05 03:45,20,Signal,Points failure at Guwahati delaying departure.
EVT005336,12140,HWH,2026-02-14 22:30,48,Infrastructure,Overhead equipment (OHE) tripping reported near Howrah Junction.
EVT005337,12175,BPL,2026-01-09 08:30,5,Signal,Points failure at Bhopal Junction delaying departure.
EVT005338,12224,JBP,2026-02-20 19:45,3,Passenger,Overcrowding-related boarding delay at Jabalpur Junction.
EVT005339,12298,SUR,2026-02-26 16:15,24,Weather,High wind speed advisory near Solapur Junction affecting running.
EVT005340,12085,MLDT,2026-02-09 05:30,20,Operational,Late running of connecting rake into Malda Town.
EVT005341,12293,BSP,2026-02-12 10:00,5,Operational,Crossing conflict with another service at Bilaspur Junction.
EVT005342,12213,BCT,2026-03-01 02:45,11,Signal,Automatic signalling fault reported at Mumbai Central yard.
EVT005343,12172,NDLS,2026-01-23 00:15,21,Operational,Crossing conflict with another service at New Delhi.
EVT005344,12186,ASN,2026-02-21 17:00,36,Crew,Guard unavailability causing hold at Asansol Junction.
EVT005345,12026,PRYJ,2026-02-13 15:45,55,Rolling Stock,Brake power certification delay at Prayagraj Junction.
EVT005346,12095,KYN,2026-01-28 00:00,34,Signal,Points failure at Kalyan Junction delaying departure.
EVT005347,12139,BZA,2026-01-02 23:45,31,Weather,Heavy rain reducing visibility near Vijayawada Junction.
EVT005348,12311,KGP,2026-02-01 16:15,36,Operational,Platform congestion at Kharagpur Junction delaying berthing.
EVT005349,12216,COR,2026-02-09 23:45,55,Weather,High wind speed advisory near Kota Junction affecting running.
EVT005350,12269,MAS,2026-02-26 02:00,52,Signal,Automatic signalling fault reported at Chennai Central yard.
EVT005351,12101,PNBE,2026-01-08 13:30,11,Signal,Signal failure near Patna Junction causing hold-up.
EVT005352,12214,BBS,2026-01-18 15:15,1,Signal,Signal failure near Bhubaneswar causing hold-up.
EVT005353,12167,BCT,2026-02-09 06:30,34,Rolling Stock,Brake power certification delay at Mumbai Central.
EVT005354,12230,TVC,2026-02-27 01:15,25,Signal,Signal failure near Thiruvananthapuram Central causing hold-up.
EVT005355,12026,PRYJ,2026-01-24 00:00,85,Weather,High wind speed advisory near Prayagraj Junction affecting running.
EVT005356,12278,RTM,2026-02-07 00:00,7,Operational,Late running of connecting rake into Ratlam Junction.
EVT005357,12166,NGP,2026-01-15 04:30,14,Infrastructure,Overhead equipment (OHE) tripping reported near Nagpur Junction.
EVT005358,12135,PRYJ,2026-02-11 06:30,17,Passenger,Overcrowding-related boarding delay at Prayagraj Junction.
EVT005359,12087,SC,2026-03-01 05:30,50,Passenger,Passenger chain-pulling incident near Secunderabad Junction.
EVT005360,12003,KYN,2026-02-12 20:15,68,Rolling Stock,"Locomotive failure reported, engine change required at Kalyan Junction."
EVT005361,12008,UBL,2026-02-01 13:00,42,Rolling Stock,Coach fault detected during pre-departure check at Hubballi Junction.
EVT005362,12247,VSKP,2026-01-20 15:15,35,Weather,Heavy rain reducing visibility near Visakhapatnam.
EVT005363,12309,MAS,2026-02-23 23:45,68,Weather,High wind speed advisory near Chennai Central affecting running.
EVT005364,12284,SDAH,2026-02-23 17:45,58,Passenger,"Medical emergency on board, halted at Sealdah."
EVT005365,12194,MFP,2026-01-13 09:15,1,Crew,Guard unavailability causing hold at Muzaffarpur Junction.
EVT005366,12124,BZA,2026-01-30 16:30,92,Weather,Heavy rain reducing visibility near Vijayawada Junction.
EVT005367,12233,MAS,2026-02-13 01:15,17,Passenger,Passenger chain-pulling incident near Chennai Central.
EVT005368,12204,ROU,2026-01-26 06:45,3,Signal,Points failure at Rourkela delaying departure.
EVT005369,12167,BCT,2026-02-16 11:00,23,Rolling Stock,"Locomotive failure reported, engine change required at Mumbai Central."
EVT005370,12202,NDLS,2026-02-16 21:45,46,Passenger,Overcrowding-related boarding delay at New Delhi.
EVT005371,12147,KYN,2026-01-16 13:15,60,Rolling Stock,Coach fault detected during pre-departure check at Kalyan Junction.
EVT005372,12123,SC,2026-02-12 20:15,13,Infrastructure,Overhead equipment (OHE) tripping reported near Secunderabad Junction.
EVT005373,12001,BBS,2026-01-26 19:15,34,Rolling Stock,Coach fault detected during pre-departure check at Bhubaneswar.
EVT005374,12069,NDLS,2026-01-02 04:15,86,Crew,Guard unavailability causing hold at New Delhi.
EVT005375,12154,NGP,2026-01-06 02:00,5,Signal,Signal failure near Nagpur Junction causing hold-up.
EVT005376,12291,MLDT,2026-02-24 22:30,14,Weather,Heavy rain reducing visibility near Malda Town.
EVT005377,12294,ASN,2026-02-24 17:30,7,Passenger,Overcrowding-related boarding delay at Asansol Junction.
EVT005378,12194,PRYJ,2026-01-23 19:00,43,Operational,Crossing conflict with another service at Prayagraj Junction.
EVT005379,12032,COR,2026-02-07 04:30,44,Operational,Crossing conflict with another service at Kota Junction.
EVT005380,12088,BBS,2026-01-14 17:30,33,Signal,Points failure at Bhubaneswar delaying departure.
EVT005381,12104,MAS,2026-01-15 01:00,36,Signal,Points failure at Chennai Central delaying departure.
EVT005382,12025,AII,2026-01-11 19:30,1,Weather,"Dense fog conditions near Ajmer Junction, speed restricted."
EVT005383,12000,JP,2026-01-01 18:30,41,Signal,Points failure at Jaipur Junction delaying departure.
EVT005384,12251,PRYJ,2026-01-11 00:45,42,Infrastructure,Overhead equipment (OHE) tripping reported near Prayagraj Junction.
EVT005385,12078,MDU,2026-01-26 19:15,22,Signal,Signal failure near Madurai Junction causing hold-up.
EVT005386,12261,RTM,2026-02-15 05:15,9,Signal,Points failure at Ratlam Junction delaying departure.
EVT005387,12059,TVC,2026-02-01 07:00,8,Infrastructure,Overhead equipment (OHE) tripping reported near Thiruvananthapuram Central.
EVT005388,12116,ASN,2026-01-09 15:45,32,Weather,Heavy rain reducing visibility near Asansol Junction.
EVT005389,12007,COR,2026-02-18 07:15,58,Weather,"Dense fog conditions near Kota Junction, speed restricted."
EVT005390,12070,JU,2026-02-08 14:45,27,Weather,"Dense fog conditions near Jodhpur Junction, speed restricted."
EVT005391,12132,MAS,2026-01-18 04:00,33,Crew,Crew shortage reported at Chennai Central link.
EVT005392,12255,KGP,2026-02-09 09:00,62,Passenger,"Medical emergency on board, halted at Kharagpur Junction."
EVT005393,12127,MLDT,2026-02-03 17:45,47,Passenger,Overcrowding-related boarding delay at Malda Town.
EVT005394,12287,KYN,2026-02-09 11:15,33,Signal,Points failure at Kalyan Junction delaying departure.
EVT005395,12103,NDLS,2026-01-17 05:30,75,Operational,Platform congestion at New Delhi delaying berthing.
EVT005396,12274,CTC,2026-02-18 16:30,64,Weather,"Dense fog conditions near Cuttack Junction, speed restricted."
EVT005397,12113,CBE,2026-01-10 02:15,6,Signal,Signal failure near Coimbatore Junction causing hold-up.
EVT005398,12025,JP,2026-01-06 12:30,1,Infrastructure,Speed restriction due to track renewal work near Jaipur Junction.
EVT005399,12184,ROU,2026-02-24 12:30,49,Signal,Points failure at Rourkela delaying departure.
EVT005400,12244,AII,2026-02-25 04:00,16,Signal,Points failure at Ajmer Junction delaying departure.
EVT005401,12237,TATA,2026-02-12 17:30,25,Infrastructure,Track maintenance block in effect near Tatanagar Junction.
EVT005402,12118,JP,2026-02-09 08:00,35,Operational,Platform congestion at Jaipur Junction delaying berthing.
EVT005403,12035,MAO,2026-02-05 02:15,11,Crew,Loco pilot booking-on delay at Madgaon Junction.
EVT005404,12199,MYS,2026-01-25 04:15,1,Weather,"Dense fog conditions near Mysuru Junction, speed restricted."
EVT005405,12147,UBL,2026-01-27 03:30,51,Passenger,Overcrowding-related boarding delay at Hubballi Junction.
EVT005406,12251,R,2026-02-22 07:30,23,Rolling Stock,Brake power certification delay at Raipur Junction.
EVT005407,12176,JHS,2026-02-14 17:30,2,Signal,Automatic signalling fault reported at Jhansi Junction yard.
EVT005408,12304,UBL,2026-01-03 11:30,33,Infrastructure,Overhead equipment (OHE) tripping reported near Hubballi Junction.
EVT005409,12193,KGP,2026-01-27 22:30,19,Rolling Stock,Coach fault detected during pre-departure check at Kharagpur Junction.
EVT005410,12255,MDU,2026-01-28 23:45,53,Weather,"Dense fog conditions near Madurai Junction, speed restricted."
EVT005411,12002,KYN,2026-01-10 20:45,20,Weather,High wind speed advisory near Kalyan Junction affecting running.
EVT005412,12027,COR,2026-02-28 14:00,7,Weather,Heavy rain reducing visibility near Kota Junction.
EVT005413,12013,MDU,2026-01-10 06:15,1,Operational,Crossing conflict with another service at Madurai Junction.
EVT005414,12260,PUNE,2026-02-21 20:00,27,Crew,Crew shortage reported at Pune Junction link.
EVT005415,12277,DLI,2026-01-20 17:30,50,Operational,Crossing conflict with another service at Delhi Junction (Old Delhi).
EVT005416,12168,BPL,2026-01-05 05:30,26,Signal,Points failure at Bhopal Junction delaying departure.
EVT005417,12089,R,2026-02-19 19:00,38,Crew,Crew shortage reported at Raipur Junction link.
EVT005418,12284,NDLS,2026-01-08 15:15,29,Passenger,Overcrowding-related boarding delay at New Delhi.
EVT005419,12319,KGP,2026-01-28 14:15,17,Passenger,Passenger chain-pulling incident near Kharagpur Junction.
EVT005420,12297,GHY,2026-01-28 23:45,1,Crew,Loco pilot booking-on delay at Guwahati.
EVT005421,12189,NDLS,2026-01-29 17:45,49,Infrastructure,Speed restriction due to track renewal work near New Delhi.
EVT005422,12271,GKP,2026-02-16 14:00,13,Rolling Stock,"Locomotive failure reported, engine change required at Gorakhpur Junction."
EVT005423,12267,GKP,2026-02-03 03:45,23,Operational,Platform congestion at Gorakhpur Junction delaying berthing.
EVT005424,12221,PRYJ,2026-02-10 17:45,10,Infrastructure,Overhead equipment (OHE) tripping reported near Prayagraj Junction.
EVT005425,12227,BPL,2026-01-14 05:45,32,Weather,High wind speed advisory near Bhopal Junction affecting running.
EVT005426,12265,TATA,2026-01-05 10:15,3,Infrastructure,Overhead equipment (OHE) tripping reported near Tatanagar Junction.
EVT005427,12157,BSP,2026-02-10 05:15,24,Crew,Guard unavailability causing hold at Bilaspur Junction.
EVT005428,12014,ADI,2026-02-07 10:45,34,Infrastructure,Track maintenance block in effect near Ahmedabad Junction.
EVT005429,12142,KGP,2026-01-22 19:00,42,Weather,High wind speed advisory near Kharagpur Junction affecting running.
EVT005430,12066,BBS,2026-01-05 09:00,23,Weather,"Dense fog conditions near Bhubaneswar, speed restricted."
EVT005431,12086,VSKP,2026-02-24 08:30,7,Passenger,Overcrowding-related boarding delay at Visakhapatnam.
EVT005432,12060,GHY,2026-01-14 17:15,27,Infrastructure,Overhead equipment (OHE) tripping reported near Guwahati.
EVT005433,12031,LDH,2026-02-08 18:15,21,Crew,Crew shortage reported at Ludhiana Junction link.
EVT005434,12178,BWN,2026-01-17 22:00,1,Signal,Automatic signalling fault reported at Barddhaman Junction yard.
EVT005435,12303,HWH,2026-02-18 04:15,1,Passenger,"Medical emergency on board, halted at Howrah Junction."
EVT005436,12296,PRYJ,2026-01-16 11:15,1,Signal,Automatic signalling fault reported at Prayagraj Junction yard.
EVT005437,12031,LDH,2026-01-05 08:45,1,Signal,Automatic signalling fault reported at Ludhiana Junction yard.
EVT005438,12149,CTC,2026-02-09 03:45,34,Infrastructure,Speed restriction due to track renewal work near Cuttack Junction.
EVT005439,12023,NDLS,2026-01-15 09:00,40,Passenger,"Medical emergency on board, halted at New Delhi."
EVT005440,12234,PRYJ,2026-02-19 04:00,41,Operational,Late running of connecting rake into Prayagraj Junction.
EVT005441,12053,COR,2026-02-25 19:45,16,Signal,Signal failure near Kota Junction causing hold-up.
EVT005442,12318,JP,2026-02-18 15:00,45,Signal,Automatic signalling fault reported at Jaipur Junction yard.
EVT005443,12087,CSMT,2026-01-02 05:45,20,Signal,Signal failure near Chhatrapati Shivaji Maharaj Terminus causing hold-up.
EVT005444,12294,DHN,2026-01-06 11:15,11,Infrastructure,Track maintenance block in effect near Dhanbad Junction.
EVT005445,12047,MFP,2026-02-01 03:45,43,Passenger,Overcrowding-related boarding delay at Muzaffarpur Junction.
EVT005446,12213,CSMT,2026-02-27 20:45,1,Infrastructure,Speed restriction due to track renewal work near Chhatrapati Shivaji Maharaj Terminus.
EVT005447,12046,GKP,2026-01-26 08:45,2,Rolling Stock,Brake power certification delay at Gorakhpur Junction.
EVT005448,12173,JHS,2026-02-18 10:45,44,Signal,Points failure at Jhansi Junction delaying departure.
EVT005449,12198,NDLS,2026-02-03 11:15,1,Passenger,"Medical emergency on board, halted at New Delhi."
EVT005450,12249,MLDT,2026-01-11 17:00,61,Infrastructure,Speed restriction due to track renewal work near Malda Town.
EVT005451,12240,MAS,2026-02-28 22:45,64,Passenger,Passenger chain-pulling incident near Chennai Central.
EVT005452,12179,KGP,2026-01-08 07:15,47,Infrastructure,Track maintenance block in effect near Kharagpur Junction.
EVT005453,12047,GKP,2026-01-28 23:30,67,Signal,Automatic signalling fault reported at Gorakhpur Junction yard.
EVT005454,12158,TVC,2026-02-03 06:00,12,Operational,Crossing conflict with another service at Thiruvananthapuram Central.
EVT005455,12296,AGC,2026-02-16 06:15,45,Weather,"Dense fog conditions near Agra Cantt, speed restricted."
EVT005456,12300,SBC,2026-01-05 16:30,39,Signal,Points failure at KSR Bengaluru City Junction delaying departure.
EVT005457,12000,GHY,2026-01-28 08:30,23,Weather,Heavy rain reducing visibility near Guwahati.
EVT005458,12305,PRYJ,2026-02-14 10:45,34,Passenger,"Medical emergency on board, halted at Prayagraj Junction."
EVT005459,12217,SC,2026-01-25 18:15,84,Weather,"Dense fog conditions near Secunderabad Junction, speed restricted."
EVT005460,12011,ADI,2026-01-10 17:45,63,Rolling Stock,"Locomotive failure reported, engine change required at Ahmedabad Junction."
EVT005461,12177,MLDT,2026-02-12 10:00,42,Infrastructure,Overhead equipment (OHE) tripping reported near Malda Town.
EVT005462,12157,PRYJ,2026-01-05 07:15,2,Infrastructure,Overhead equipment (OHE) tripping reported near Prayagraj Junction.
EVT005463,12276,SBC,2026-01-22 04:45,31,Infrastructure,Track maintenance block in effect near KSR Bengaluru City Junction.
EVT005464,12235,NGP,2026-02-19 01:45,66,Infrastructure,Track maintenance block in effect near Nagpur Junction.
EVT005465,12253,ADI,2026-02-24 06:00,22,Weather,Heavy rain reducing visibility near Ahmedabad Junction.
EVT005466,12005,BBS,2026-01-01 10:30,29,Infrastructure,Track maintenance block in effect near Bhubaneswar.
EVT005467,12236,MDU,2026-02-02 13:45,28,Rolling Stock,"Locomotive failure reported, engine change required at Madurai Junction."
EVT005468,12222,R,2026-02-20 07:15,67,Signal,Points failure at Raipur Junction delaying departure.
EVT005469,12074,SC,2026-02-09 03:00,23,Signal,Automatic signalling fault reported at Secunderabad Junction yard.
EVT005470,12308,MLDT,2026-01-09 03:45,25,Crew,Guard unavailability causing hold at Malda Town.
EVT005471,12178,BWN,2026-02-02 19:30,92,Signal,Automatic signalling fault reported at Barddhaman Junction yard.
EVT005472,12318,KYN,2026-02-23 20:15,17,Weather,High wind speed advisory near Kalyan Junction affecting running.
EVT005473,12197,MS,2026-02-10 13:00,57,Operational,Platform congestion at Chennai Egmore delaying berthing.
EVT005474,12313,COR,2026-02-27 07:15,10,Signal,Signal failure near Kota Junction causing hold-up.
EVT005475,12107,VSKP,2026-01-14 14:30,39,Weather,"Dense fog conditions near Visakhapatnam, speed restricted."
EVT005476,12254,CTC,2026-01-03 10:15,45,Rolling Stock,Brake power certification delay at Cuttack Junction.
EVT005477,12162,MAO,2026-02-10 17:45,76,Weather,Heavy rain reducing visibility near Madgaon Junction.
EVT005478,12023,CSMT,2026-01-24 14:45,14,Weather,"Dense fog conditions near Chhatrapati Shivaji Maharaj Terminus, speed restricted."
EVT005479,12249,MAS,2026-02-20 16:45,53,Weather,Heavy rain reducing visibility near Chennai Central.
EVT005480,12097,PRYJ,2026-02-10 08:15,9,Signal,Points failure at Prayagraj Junction delaying departure.
EVT005481,12254,BPL,2026-01-14 04:30,67,Signal,Automatic signalling fault reported at Bhopal Junction yard.
EVT005482,12260,PUNE,2026-01-25 11:45,39,Crew,Loco pilot booking-on delay at Pune Junction.
EVT005483,12256,CSMT,2026-01-26 14:00,34,Passenger,"Medical emergency on board, halted at Chhatrapati Shivaji Maharaj Terminus."
EVT005484,12033,CSMT,2026-02-17 15:30,1,Weather,Heavy rain reducing visibility near Chhatrapati Shivaji Maharaj Terminus.
EVT005485,12001,MAO,2026-02-11 01:30,49,Crew,Crew shortage reported at Madgaon Junction link.
EVT005486,12285,JBP,2026-01-23 06:00,1,Signal,Automatic signalling fault reported at Jabalpur Junction yard.
EVT005487,12003,BBS,2026-02-12 06:30,24,Passenger,Overcrowding-related boarding delay at Bhubaneswar.
EVT005488,12277,DLI,2026-02-05 09:15,13,Weather,"Dense fog conditions near Delhi Junction (Old Delhi), speed restricted."
EVT005489,12168,BZA,2026-02-17 14:30,77,Signal,Signal failure near Vijayawada Junction causing hold-up.
EVT005490,12231,MLDT,2026-02-19 16:15,2,Signal,Signal failure near Malda Town causing hold-up.
EVT005491,12183,GKP,2026-02-14 12:30,17,Weather,High wind speed advisory near Gorakhpur Junction affecting running.
EVT005492,12118,MAS,2026-01-10 08:45,29,Passenger,Overcrowding-related boarding delay at Chennai Central.
EVT005493,12097,BSL,2026-01-12 10:00,70,Weather,"Dense fog conditions near Bhusaval Junction, speed restricted."
EVT005494,12003,BBS,2026-01-16 18:30,43,Weather,High wind speed advisory near Bhubaneswar affecting running.
EVT005495,12286,NDLS,2026-01-19 07:15,22,Crew,Loco pilot booking-on delay at New Delhi.
EVT005496,12157,BSP,2026-02-01 22:30,1,Passenger,Passenger chain-pulling incident near Bilaspur Junction.
EVT005497,12159,RTM,2026-01-11 04:45,1,Infrastructure,Speed restriction due to track renewal work near Ratlam Junction.
EVT005498,12170,ASR,2026-02-15 07:15,10,Crew,Crew shortage reported at Amritsar Junction link.
EVT005499,12025,AII,2026-01-09 03:00,1,Signal,Signal failure near Ajmer Junction causing hold-up.
EVT005500,12234,NDLS,2026-01-03 02:15,59,Rolling Stock,"Locomotive failure reported, engine change required at New Delhi."
EVT005501,12180,NJP,2026-01-19 02:30,72,Operational,Late running of connecting rake into New Jalpaiguri.
EVT005502,12073,PURI,2026-01-14 00:15,36,Infrastructure,Overhead equipment (OHE) tripping reported near Puri.
EVT005503,12314,RTM,2026-02-22 10:45,1,Crew,Crew shortage reported at Ratlam Junction link.
EVT005504,12304,SC,2026-02-01 08:15,11,Infrastructure,Speed restriction due to track renewal work near Secunderabad Junction.
EVT005505,12204,KGP,2026-02-12 12:15,21,Crew,Loco pilot booking-on delay at Kharagpur Junction.
EVT005506,12300,PUNE,2026-02-18 21:15,40,Signal,Automatic signalling fault reported at Pune Junction yard.
EVT005507,12111,MAS,2026-01-21 13:00,8,Crew,Loco pilot booking-on delay at Chennai Central.
EVT005508,12082,NJP,2026-01-04 07:45,55,Signal,Points failure at New Jalpaiguri delaying departure.
EVT005509,12248,HWH,2026-01-14 15:15,37,Crew,Loco pilot booking-on delay at Howrah Junction.
EVT005510,12112,UMB,2026-01-07 11:15,1,Passenger,"Medical emergency on board, halted at Ambala Cantt Junction."
EVT005511,12247,NDLS,2026-01-06 03:30,21,Rolling Stock,Coach fault detected during pre-departure check at New Delhi.
EVT005512,12279,HYB,2026-02-24 00:30,1,Crew,Crew shortage reported at Hyderabad Deccan link.
EVT005513,12294,DHN,2026-01-02 01:15,28,Crew,Loco pilot booking-on delay at Dhanbad Junction.
EVT005514,12164,BSP,2026-02-02 04:30,37,Crew,Loco pilot booking-on delay at Bilaspur Junction.
EVT005515,12101,KGP,2026-02-21 00:15,44,Operational,Crossing conflict with another service at Kharagpur Junction.
EVT005516,12125,PNBE,2026-01-20 01:30,32,Weather,High wind speed advisory near Patna Junction affecting running.
EVT005517,12119,BPL,2026-02-21 03:45,29,Weather,"Dense fog conditions near Bhopal Junction, speed restricted."
EVT005518,12235,HYB,2026-02-12 01:45,74,Weather,Heavy rain reducing visibility near Hyderabad Deccan.
EVT005519,12319,ASN,2026-02-04 12:30,33,Weather,High wind speed advisory near Asansol Junction affecting running.
EVT005520,12163,JHS,2026-02-15 22:00,38,Signal,Points failure at Jhansi Junction delaying departure.
EVT005521,12147,BBS,2026-02-21 21:15,18,Infrastructure,Track maintenance block in effect near Bhubaneswar.
EVT005522,12085,MLDT,2026-02-20 12:00,27,Operational,Crossing conflict with another service at Malda Town.
EVT005523,12087,ERS,2026-01-06 14:45,63,Infrastructure,Speed restriction due to track renewal work near Ernakulam Junction.
EVT005524,12261,SDAH,2026-01-21 00:30,36,Rolling Stock,Coach fault detected during pre-departure check at Sealdah.
EVT005525,12016,NJP,2026-02-22 01:00,18,Operational,Crossing conflict with another service at New Jalpaiguri.
EVT005526,12252,NDLS,2026-01-30 21:30,38,Weather,High wind speed advisory near New Delhi affecting running.
EVT005527,12303,SDAH,2026-02-06 07:45,45,Operational,Platform congestion at Sealdah delaying berthing.
EVT005528,12157,BSP,2026-01-02 14:00,22,Infrastructure,Overhead equipment (OHE) tripping reported near Bilaspur Junction.
EVT005529,12221,MYS,2026-01-21 04:45,5,Weather,Heavy rain reducing visibility near Mysuru Junction.
EVT005530,12295,BSP,2026-02-25 17:15,31,Passenger,Passenger chain-pulling incident near Bilaspur Junction.
EVT005531,12048,ADI,2026-01-11 04:00,16,Weather,High wind speed advisory near Ahmedabad Junction affecting running.
EVT005532,12306,MAO,2026-01-01 03:45,56,Rolling Stock,"Locomotive failure reported, engine change required at Madgaon Junction."
EVT005533,12149,CTC,2026-01-27 02:15,16,Infrastructure,Overhead equipment (OHE) tripping reported near Cuttack Junction.
EVT005534,12007,AII,2026-02-22 17:30,50,Infrastructure,Speed restriction due to track renewal work near Ajmer Junction.
EVT005535,12243,NDLS,2026-02-21 04:45,58,Infrastructure,Speed restriction due to track renewal work near New Delhi.
EVT005536,12149,CTC,2026-02-08 22:00,57,Crew,Guard unavailability causing hold at Cuttack Junction.
EVT005537,12051,JBP,2026-01-18 17:00,16,Weather,"Dense fog conditions near Jabalpur Junction, speed restricted."
EVT005538,12068,NGP,2026-01-21 04:45,47,Crew,Guard unavailability causing hold at Nagpur Junction.
EVT005539,12171,PRYJ,2026-01-11 11:00,33,Operational,Late running of connecting rake into Prayagraj Junction.
EVT005540,12097,BSL,2026-02-12 22:15,22,Weather,Heavy rain reducing visibility near Bhusaval Junction.
EVT005541,12075,TVC,2026-01-10 00:30,32,Passenger,Passenger chain-pulling incident near Thiruvananthapuram Central.
EVT005542,12261,SDAH,2026-01-11 17:00,14,Rolling Stock,"Locomotive failure reported, engine change required at Sealdah."
EVT005543,12128,MFP,2026-03-01 10:15,11,Rolling Stock,"Locomotive failure reported, engine change required at Muzaffarpur Junction."
EVT005544,12074,MAS,2026-01-03 06:15,72,Rolling Stock,"Locomotive failure reported, engine change required at Chennai Central."
EVT005545,12060,GHY,2026-02-18 01:15,51,Rolling Stock,Coach fault detected during pre-departure check at Guwahati.
EVT005546,12163,PRYJ,2026-02-26 18:45,31,Infrastructure,Track maintenance block in effect near Prayagraj Junction.
EVT005547,12311,TATA,2026-01-19 20:45,49,Infrastructure,Overhead equipment (OHE) tripping reported near Tatanagar Junction.
EVT005548,12008,UBL,2026-01-19 10:45,1,Signal,Signal failure near Hubballi Junction causing hold-up.
EVT005549,12036,HWH,2026-01-10 03:45,64,Rolling Stock,Brake power certification delay at Howrah Junction.
EVT005550,12052,PUNE,2026-02-18 15:30,70,Operational,Late running of connecting rake into Pune Junction.
EVT005551,12155,NGP,2026-01-17 18:00,27,Weather,"Dense fog conditions near Nagpur Junction, speed restricted."
EVT005552,12164,BSP,2026-02-01 16:15,11,Weather,High wind speed advisory near Bilaspur Junction affecting running.
EVT005553,12075,TVC,2026-02-21 13:45,7,Signal,Signal failure near Thiruvananthapuram Central causing hold-up.
EVT005554,12055,MS,2026-02-24 14:00,9,Crew,Crew shortage reported at Chennai Egmore link.
EVT005555,12224,COR,2026-01-01 00:45,32,Weather,Heavy rain reducing visibility near Kota Junction.
EVT005556,12281,UMB,2026-01-03 06:00,1,Signal,Automatic signalling fault reported at Ambala Cantt Junction yard.
EVT005557,12189,NDLS,2026-01-12 03:45,1,Operational,Platform congestion at New Delhi delaying berthing.
EVT005558,12188,JBP,2026-01-11 20:30,40,Passenger,Overcrowding-related boarding delay at Jabalpur Junction.
EVT005559,12143,PNBE,2026-01-29 13:30,1,Operational,Crossing conflict with another service at Patna Junction.
EVT005560,12233,KGP,2026-02-02 18:00,78,Operational,Crossing conflict with another service at Kharagpur Junction.
EVT005561,12190,BSP,2026-01-24 21:00,2,Infrastructure,Overhead equipment (OHE) tripping reported near Bilaspur Junction.
EVT005562,12068,NGP,2026-02-02 00:45,23,Operational,Late running of connecting rake into Nagpur Junction.
EVT005563,12151,HYB,2026-02-19 15:15,53,Signal,Automatic signalling fault reported at Hyderabad Deccan yard.
EVT005564,12006,COR,2026-01-21 05:15,67,Signal,Signal failure near Kota Junction causing hold-up.
EVT005565,12125,GHY,2026-02-10 01:30,45,Passenger,Passenger chain-pulling incident near Guwahati.
EVT005566,12249,KGP,2026-02-06 10:15,43,Infrastructure,Speed restriction due to track renewal work near Kharagpur Junction.
EVT005567,12149,CSMT,2026-01-20 13:45,1,Signal,Signal failure near Chhatrapati Shivaji Maharaj Terminus causing hold-up.
EVT005568,12310,BZA,2026-01-22 03:30,33,Infrastructure,Speed restriction due to track renewal work near Vijayawada Junction.
EVT005569,12026,NDLS,2026-01-16 18:15,92,Infrastructure,Overhead equipment (OHE) tripping reported near New Delhi.
EVT005570,12018,BBS,2026-02-14 15:15,1,Passenger,Overcrowding-related boarding delay at Bhubaneswar.
EVT005571,12026,LDH,2026-02-13 22:45,50,Rolling Stock,Coach fault detected during pre-departure check at Ludhiana Junction.
EVT005572,12211,TVC,2026-01-16 16:45,42,Signal,Automatic signalling fault reported at Thiruvananthapuram Central yard.
EVT005573,12272,NDLS,2026-02-15 12:00,71,Rolling Stock,Brake power certification delay at New Delhi.
EVT005574,12028,TVC,2026-02-20 21:15,15,Signal,Points failure at Thiruvananthapuram Central delaying departure.
EVT005575,12224,JBP,2026-01-14 21:30,30,Crew,Crew shortage reported at Jabalpur Junction link.
EVT005576,12181,GHY,2026-01-23 11:00,15,Passenger,"Medical emergency on board, halted at Guwahati."
EVT005577,12205,MAS,2026-02-08 18:00,44,Crew,Guard unavailability causing hold at Chennai Central.
EVT005578,12280,NGP,2026-02-02 20:00,29,Signal,Points failure at Nagpur Junction delaying departure.
EVT005579,12034,SC,2026-02-14 00:00,58,Operational,Late running of connecting rake into Secunderabad Junction.
EVT005580,12269,HYB,2026-01-30 20:00,29,Passenger,"Medical emergency on board, halted at Hyderabad Deccan."
EVT005581,12302,KGP,2026-02-05 14:45,1,Rolling Stock,Coach fault detected during pre-departure check at Kharagpur Junction.
EVT005582,12062,UMB,2026-01-29 15:30,22,Signal,Points failure at Ambala Cantt Junction delaying departure.
EVT005583,12132,TVC,2026-01-19 06:45,42,Signal,Automatic signalling fault reported at Thiruvananthapuram Central yard.
EVT005584,12307,BSP,2026-02-04 02:15,9,Infrastructure,Track maintenance block in effect near Bilaspur Junction.
EVT005585,12275,ASR,2026-01-07 05:30,25,Operational,Crossing conflict with another service at Amritsar Junction.
EVT005586,12257,UBL,2026-01-21 14:15,29,Weather,"Dense fog conditions near Hubballi Junction, speed restricted."
EVT005587,12085,SDAH,2026-02-16 09:00,33,Infrastructure,Track maintenance block in effect near Sealdah.
EVT005588,12055,MS,2026-03-01 23:30,18,Infrastructure,Track maintenance block in effect near Chennai Egmore.
EVT005589,12255,MAS,2026-01-17 10:30,26,Signal,Signal failure near Chennai Central causing hold-up.
EVT005590,12034,SC,2026-01-04 07:15,6,Signal,Automatic signalling fault reported at Secunderabad Junction yard.
EVT005591,12163,VSKP,2026-02-06 18:15,6,Signal,Automatic signalling fault reported at Visakhapatnam yard.
EVT005592,12114,NDLS,2026-02-27 20:00,15,Rolling Stock,Brake power certification delay at New Delhi.
EVT005593,12178,ERS,2026-02-22 02:15,45,Signal,Signal failure near Ernakulam Junction causing hold-up.
EVT005594,12079,ROU,2026-01-28 03:30,1,Weather,High wind speed advisory near Rourkela affecting running.
EVT005595,12130,JP,2026-03-01 17:45,26,Signal,Points failure at Jaipur Junction delaying departure.
EVT005596,12151,CSMT,2026-01-16 03:30,19,Infrastructure,Speed restriction due to track renewal work near Chhatrapati Shivaji Maharaj Terminus.
EVT005597,12110,SDAH,2026-01-31 11:45,30,Operational,Platform congestion at Sealdah delaying berthing.
EVT005598,12102,BBS,2026-01-02 19:45,14,Operational,Platform congestion at Bhubaneswar delaying berthing.
EVT005599,12274,BBS,2026-01-26 04:45,9,Infrastructure,Speed restriction due to track renewal work near Bhubaneswar.
EVT005600,12136,BBS,2026-02-16 03:45,25,Passenger,Passenger chain-pulling incident near Bhubaneswar.
EVT005601,12059,MAS,2026-02-07 15:45,45,Weather,"Dense fog conditions near Chennai Central, speed restricted."
EVT005602,12083,ST,2026-01-17 20:45,14,Operational,Late running of connecting rake into Surat.
EVT005603,12162,KYN,2026-03-01 21:30,6,Crew,Guard unavailability causing hold at Kalyan Junction.
EVT005604,12276,MAS,2026-02-23 19:15,46,Passenger,"Medical emergency on board, halted at Chennai Central."
EVT005605,12145,JP,2026-01-15 19:00,64,Weather,"Dense fog conditions near Jaipur Junction, speed restricted."
EVT005606,12062,NDLS,2026-01-06 03:00,41,Signal,Signal failure near New Delhi causing hold-up.
EVT005607,12250,TPJ,2026-02-04 20:45,16,Infrastructure,Track maintenance block in effect near Tiruchchirapalli Junction.
EVT005608,12243,NDLS,2026-01-24 04:00,81,Crew,Guard unavailability causing hold at New Delhi.
EVT005609,12237,TATA,2026-02-06 15:00,83,Signal,Points failure at Tatanagar Junction delaying departure.
EVT005610,12040,TVC,2026-01-08 13:15,46,Weather,High wind speed advisory near Thiruvananthapuram Central affecting running.
EVT005611,12161,PRYJ,2026-01-29 15:00,71,Operational,Late running of connecting rake into Prayagraj Junction.
EVT005612,12202,PRYJ,2026-01-28 15:30,7,Operational,Platform congestion at Prayagraj Junction delaying berthing.
EVT005613,12206,ASN,2026-01-22 17:30,48,Operational,Late running of connecting rake into Asansol Junction.
EVT005614,12159,COR,2026-01-19 10:00,36,Weather,"Dense fog conditions near Kota Junction, speed restricted."
EVT005615,12315,MYS,2026-01-15 16:45,1,Crew,Guard unavailability causing hold at Mysuru Junction.
EVT005616,12149,CTC,2026-01-27 10:15,57,Signal,Automatic signalling fault reported at Cuttack Junction yard.
EVT005617,12212,NDLS,2026-01-07 10:30,1,Operational,Platform congestion at New Delhi delaying berthing.
EVT005618,12161,BSP,2026-02-14 14:15,52,Infrastructure,Track maintenance block in effect near Bilaspur Junction.
EVT005619,12045,JBP,2026-02-05 13:30,88,Signal,Signal failure near Jabalpur Junction causing hold-up.
EVT005620,12200,BPL,2026-02-03 21:30,11,Infrastructure,Overhead equipment (OHE) tripping reported near Bhopal Junction.
EVT005621,12302,KGP,2026-02-11 12:15,49,Operational,Crossing conflict with another service at Kharagpur Junction.
EVT005622,12120,CTC,2026-01-20 05:15,38,Signal,Automatic signalling fault reported at Cuttack Junction yard.
EVT005623,12315,KGP,2026-02-28 00:30,1,Crew,Crew shortage reported at Kharagpur Junction link.
EVT005624,12178,BWN,2026-01-26 05:45,26,Passenger,Passenger chain-pulling incident near Barddhaman Junction.
EVT005625,12167,ST,2026-01-07 02:30,5,Operational,Platform congestion at Surat delaying berthing.
EVT005626,12280,NDLS,2026-02-16 16:45,47,Operational,Crossing conflict with another service at New Delhi.
EVT005627,12079,DURG,2026-01-08 05:00,15,Signal,Points failure at Durg Junction delaying departure.
EVT005628,12192,GHY,2026-01-24 14:15,14,Signal,Signal failure near Guwahati causing hold-up.
EVT005629,12094,JP,2026-02-13 19:15,71,Signal,Automatic signalling fault reported at Jaipur Junction yard.
EVT005630,12283,NDLS,2026-01-10 19:45,58,Rolling Stock,Coach fault detected during pre-departure check at New Delhi.
EVT005631,12276,TVC,2026-02-23 11:15,26,Signal,Signal failure near Thiruvananthapuram Central causing hold-up.
EVT005632,12163,PRYJ,2026-01-17 21:30,12,Crew,Guard unavailability causing hold at Prayagraj Junction.
EVT005633,12221,PRYJ,2026-02-03 09:45,38,Passenger,Passenger chain-pulling incident near Prayagraj Junction.
EVT005634,12230,JP,2026-01-05 12:00,66,Crew,Loco pilot booking-on delay at Jaipur Junction.
EVT005635,12167,NGP,2026-02-18 22:00,41,Rolling Stock,Brake power certification delay at Nagpur Junction.
EVT005636,12159,JP,2026-02-28 03:00,62,Weather,"Dense fog conditions near Jaipur Junction, speed restricted."
EVT005637,12094,AII,2026-01-26 11:15,16,Passenger,Passenger chain-pulling incident near Ajmer Junction.
EVT005638,12125,NJP,2026-01-31 02:45,58,Passenger,"Medical emergency on board, halted at New Jalpaiguri."
EVT005639,12280,DLI,2026-02-25 08:30,46,Weather,Heavy rain reducing visibility near Delhi Junction (Old Delhi).
EVT005640,12267,GHY,2026-02-17 14:45,73,Operational,Platform congestion at Guwahati delaying berthing.
EVT005641,12240,ERS,2026-02-25 04:45,33,Operational,Crossing conflict with another service at Ernakulam Junction.
EVT005642,12037,CBE,2026-01-02 21:30,34,Signal,Automatic signalling fault reported at Coimbatore Junction yard.
EVT005643,12131,R,2026-01-31 07:45,20,Crew,Crew shortage reported at Raipur Junction link.
EVT005644,12260,PUNE,2026-02-17 10:15,23,Rolling Stock,Coach fault detected during pre-departure check at Pune Junction.
EVT005645,12186,MLDT,2026-02-11 01:00,1,Operational,Platform congestion at Malda Town delaying berthing.
EVT005646,12264,KYN,2026-02-19 21:30,64,Crew,Loco pilot booking-on delay at Kalyan Junction.
EVT005647,12287,KYN,2026-02-28 02:15,57,Weather,Heavy rain reducing visibility near Kalyan Junction.
EVT005648,12186,GHY,2026-02-20 13:15,60,Operational,Platform congestion at Guwahati delaying berthing.
EVT005649,12126,NGP,2026-02-06 21:30,54,Signal,Signal failure near Nagpur Junction causing hold-up.
EVT005650,12224,ADI,2026-02-28 01:00,16,Operational,Crossing conflict with another service at Ahmedabad Junction.
EVT005651,12239,DLI,2026-02-21 10:15,24,Operational,Platform congestion at Delhi Junction (Old Delhi) delaying berthing.
EVT005652,12239,VSKP,2026-02-08 20:15,24,Weather,"Dense fog conditions near Visakhapatnam, speed restricted."
EVT005653,12116,NGP,2026-02-14 13:30,1,Passenger,Passenger chain-pulling incident near Nagpur Junction.
EVT005654,12132,DLI,2026-03-01 06:45,1,Operational,Crossing conflict with another service at Delhi Junction (Old Delhi).
EVT005655,12220,HWH,2026-01-23 09:30,22,Crew,Crew shortage reported at Howrah Junction link.
EVT005656,12038,ERS,2026-02-07 05:45,1,Signal,Automatic signalling fault reported at Ernakulam Junction yard.
EVT005657,12063,DHN,2026-01-18 00:30,1,Operational,Crossing conflict with another service at Dhanbad Junction.
EVT005658,12212,PRYJ,2026-02-12 07:00,19,Signal,Automatic signalling fault reported at Prayagraj Junction yard.
EVT005659,12126,UMB,2026-02-01 18:45,26,Operational,Late running of connecting rake into Ambala Cantt Junction.
EVT005660,12130,KYN,2026-02-28 15:45,32,Weather,High wind speed advisory near Kalyan Junction affecting running.
EVT005661,12179,PNBE,2026-02-14 04:30,27,Rolling Stock,Coach fault detected during pre-departure check at Patna Junction.
EVT005662,12295,ROU,2026-02-04 16:45,71,Infrastructure,Speed restriction due to track renewal work near Rourkela.
EVT005663,12163,PRYJ,2026-01-01 21:45,42,Rolling Stock,Coach fault detected during pre-departure check at Prayagraj Junction.
EVT005664,12140,HWH,2026-01-05 22:45,34,Rolling Stock,Brake power certification delay at Howrah Junction.
EVT005665,12191,JP,2026-02-13 21:45,16,Operational,Crossing conflict with another service at Jaipur Junction.
EVT005666,12065,DLI,2026-01-20 21:00,52,Infrastructure,Track maintenance block in effect near Delhi Junction (Old Delhi).
EVT005667,12279,SC,2026-02-25 15:00,38,Infrastructure,Track maintenance block in effect near Secunderabad Junction.
EVT005668,12236,MDU,2026-02-25 19:45,13,Infrastructure,Speed restriction due to track renewal work near Madurai Junction.
EVT005669,12191,MDU,2026-02-11 19:00,38,Rolling Stock,"Locomotive failure reported, engine change required at Madurai Junction."
EVT005670,12318,COR,2026-02-20 19:15,26,Rolling Stock,"Locomotive failure reported, engine change required at Kota Junction."
EVT005671,12065,PNBE,2026-01-14 19:30,39,Rolling Stock,Brake power certification delay at Patna Junction.
EVT005672,12053,AII,2026-01-10 04:30,25,Signal,Signal failure near Ajmer Junction causing hold-up.
EVT005673,12089,NGP,2026-01-23 06:15,25,Infrastructure,Overhead equipment (OHE) tripping reported near Nagpur Junction.
EVT005674,12221,PRYJ,2026-01-25 07:00,41,Signal,Points failure at Prayagraj Junction delaying departure.
EVT005675,12268,SDAH,2026-02-19 12:00,20,Crew,Guard unavailability causing hold at Sealdah.
EVT005676,12310,SC,2026-02-21 20:45,42,Infrastructure,Track maintenance block in effect near Secunderabad Junction.
EVT005677,12028,JP,2026-02-19 06:30,12,Crew,Crew shortage reported at Jaipur Junction link.
EVT005678,12205,CSMT,2026-01-30 05:15,21,Operational,Late running of connecting rake into Chhatrapati Shivaji Maharaj Terminus.
EVT005679,12068,CSMT,2026-02-05 13:30,46,Rolling Stock,Coach fault detected during pre-departure check at Chhatrapati Shivaji Maharaj Terminus.
EVT005680,12302,SC,2026-02-05 03:00,38,Weather,Heavy rain reducing visibility near Secunderabad Junction.
EVT005681,12095,JP,2026-01-15 21:15,29,Signal,Points failure at Jaipur Junction delaying departure.
EVT005682,12042,ROU,2026-02-25 20:30,41,Weather,High wind speed advisory near Rourkela affecting running.
EVT005683,12157,PRYJ,2026-02-01 08:00,52,Operational,Late running of connecting rake into Prayagraj Junction.
EVT005684,12002,NGP,2026-01-01 09:15,57,Weather,"Dense fog conditions near Nagpur Junction, speed restricted."
EVT005685,12280,NDLS,2026-02-03 14:15,59,Operational,Crossing conflict with another service at New Delhi.
EVT005686,12025,KYN,2026-02-14 07:30,44,Operational,Platform congestion at Kalyan Junction delaying berthing.
EVT005687,12190,JBP,2026-01-03 11:45,44,Operational,Platform congestion at Jabalpur Junction delaying berthing.
EVT005688,12119,BPL,2026-01-12 14:00,38,Rolling Stock,Brake power certification delay at Bhopal Junction.
EVT005689,12087,MAS,2026-01-27 04:45,50,Infrastructure,Speed restriction due to track renewal work near Chennai Central.
EVT005690,12281,NDLS,2026-02-19 10:30,50,Weather,High wind speed advisory near New Delhi affecting running.
EVT005691,12047,GHY,2026-01-15 11:15,57,Infrastructure,Speed restriction due to track renewal work near Guwahati.
EVT005692,12050,ADI,2026-01-10 06:15,58,Rolling Stock,Coach fault detected during pre-departure check at Ahmedabad Junction.
EVT005693,12253,PNBE,2026-01-31 18:15,59,Operational,Crossing conflict with another service at Patna Junction.
EVT005694,12043,VSKP,2026-02-17 02:15,20,Rolling Stock,Coach fault detected during pre-departure check at Visakhapatnam.
EVT005695,12027,JP,2026-01-29 19:45,19,Weather,High wind speed advisory near Jaipur Junction affecting running.
EVT005696,12008,UBL,2026-02-10 09:00,1,Crew,Loco pilot booking-on delay at Hubballi Junction.
EVT005697,12262,HWH,2026-01-15 19:15,1,Operational,Crossing conflict with another service at Howrah Junction.
EVT005698,12305,PRYJ,2026-02-17 23:30,36,Crew,Loco pilot booking-on delay at Prayagraj Junction.
EVT005699,12094,AII,2026-01-08 01:30,35,Signal,Points failure at Ajmer Junction delaying departure.
EVT005700,12049,ADI,2026-01-17 13:00,50,Passenger,Passenger chain-pulling incident near Ahmedabad Junction.
EVT005701,12273,JHS,2026-01-15 07:00,69,Operational,Platform congestion at Jhansi Junction delaying berthing.
EVT005702,12268,NGP,2026-02-12 09:15,20,Infrastructure,Track maintenance block in effect near Nagpur Junction.
EVT005703,12165,NGP,2026-02-08 06:45,34,Weather,High wind speed advisory near Nagpur Junction affecting running.
EVT005704,12057,MAS,2026-01-07 14:45,1,Operational,Platform congestion at Chennai Central delaying berthing.
EVT005705,12284,NDLS,2026-01-07 00:15,12,Rolling Stock,Brake power certification delay at New Delhi.
EVT005706,12003,BBS,2026-02-22 02:45,1,Passenger,"Medical emergency on board, halted at Bhubaneswar."
EVT005707,12021,MAO,2026-01-30 21:45,34,Infrastructure,Track maintenance block in effect near Madgaon Junction.
EVT005708,12059,TVC,2026-02-05 00:45,64,Crew,Guard unavailability causing hold at Thiruvananthapuram Central.
EVT005709,12018,MLDT,2026-01-07 09:15,58,Infrastructure,Track maintenance block in effect near Malda Town.
EVT005710,12311,TATA,2026-01-08 05:00,13,Crew,Loco pilot booking-on delay at Tatanagar Junction.
EVT005711,12075,JP,2026-01-21 00:00,38,Operational,Late running of connecting rake into Jaipur Junction.
EVT005712,12213,BCT,2026-01-19 21:00,26,Rolling Stock,Coach fault detected during pre-departure check at Mumbai Central.
EVT005713,12009,PRYJ,2026-02-28 10:45,68,Weather,High wind speed advisory near Prayagraj Junction affecting running.
EVT005714,12044,PRYJ,2026-01-17 07:00,15,Weather,"Dense fog conditions near Prayagraj Junction, speed restricted."
EVT005715,12114,COR,2026-02-07 07:15,31,Infrastructure,Speed restriction due to track renewal work near Kota Junction.
EVT005716,12264,MAO,2026-01-11 06:30,40,Signal,Points failure at Madgaon Junction delaying departure.
EVT005717,12312,MAS,2026-02-22 05:45,23,Rolling Stock,"Locomotive failure reported, engine change required at Chennai Central."
EVT005718,12138,COR,2026-02-27 19:15,68,Rolling Stock,Brake power certification delay at Kota Junction.
EVT005719,12048,BZA,2026-02-27 14:15,56,Infrastructure,Track maintenance block in effect near Vijayawada Junction.
EVT005720,12278,MYS,2026-02-13 08:00,23,Weather,Heavy rain reducing visibility near Mysuru Junction.
EVT005721,12202,PNBE,2026-02-14 05:30,33,Crew,Guard unavailability causing hold at Patna Junction.
EVT005722,12147,KYN,2026-01-18 23:45,27,Rolling Stock,Brake power certification delay at Kalyan Junction.
EVT005723,12232,SC,2026-02-17 15:30,42,Rolling Stock,"Locomotive failure reported, engine change required at Secunderabad Junction."
EVT005724,12080,KGP,2026-01-09 06:45,35,Signal,Automatic signalling fault reported at Kharagpur Junction yard.
EVT005725,12170,NDLS,2026-01-01 00:00,55,Infrastructure,Speed restriction due to track renewal work near New Delhi.
EVT005726,12188,TATA,2026-03-01 17:15,50,Signal,Automatic signalling fault reported at Tatanagar Junction yard.
EVT005727,12006,GKP,2026-02-02 07:30,62,Signal,Signal failure near Gorakhpur Junction causing hold-up.
EVT005728,12197,MS,2026-01-24 12:45,84,Operational,Platform congestion at Chennai Egmore delaying berthing.
EVT005729,12011,ASN,2026-01-28 18:30,34,Passenger,Overcrowding-related boarding delay at Asansol Junction.
EVT005730,12027,JP,2026-02-19 19:30,24,Weather,Heavy rain reducing visibility near Jaipur Junction.
EVT005731,12200,SBC,2026-01-24 02:30,21,Passenger,"Medical emergency on board, halted at KSR Bengaluru City Junction."
EVT005732,12048,BPL,2026-01-10 22:15,54,Weather,Heavy rain reducing visibility near Bhopal Junction.
EVT005733,12006,COR,2026-02-06 21:15,42,Crew,Guard unavailability causing hold at Kota Junction.
EVT005734,12136,CSMT,2026-01-21 01:45,72,Infrastructure,Overhead equipment (OHE) tripping reported near Chhatrapati Shivaji Maharaj Terminus.
EVT005735,12087,SC,2026-01-02 06:45,1,Weather,High wind speed advisory near Secunderabad Junction affecting running.
EVT005736,12140,KGP,2026-01-04 00:00,25,Signal,Signal failure near Kharagpur Junction causing hold-up.
EVT005737,12168,BZA,2026-01-31 19:00,77,Crew,Crew shortage reported at Vijayawada Junction link.
EVT005738,12221,MYS,2026-02-28 19:45,1,Infrastructure,Overhead equipment (OHE) tripping reported near Mysuru Junction.
EVT005739,12154,NGP,2026-02-22 12:45,64,Operational,Late running of connecting rake into Nagpur Junction.
EVT005740,12267,GHY,2026-02-14 16:45,79,Passenger,Overcrowding-related boarding delay at Guwahati.
EVT005741,12249,MLDT,2026-02-23 09:30,61,Passenger,Overcrowding-related boarding delay at Malda Town.
EVT005742,12221,MFP,2026-01-24 15:15,21,Infrastructure,Track maintenance block in effect near Muzaffarpur Junction.
EVT005743,12102,KYN,2026-01-26 01:30,75,Signal,Points failure at Kalyan Junction delaying departure.
EVT005744,12234,PRYJ,2026-01-05 10:45,75,Infrastructure,Overhead equipment (OHE) tripping reported near Prayagraj Junction.
EVT005745,12271,GKP,2026-01-20 09:45,70,Operational,Crossing conflict with another service at Gorakhpur Junction.
EVT005746,12032,SBC,2026-01-24 15:15,39,Infrastructure,Overhead equipment (OHE) tripping reported near KSR Bengaluru City Junction.
EVT005747,12291,SDAH,2026-01-04 04:00,23,Crew,Guard unavailability causing hold at Sealdah.
EVT005748,12114,COR,2026-02-03 15:00,29,Operational,Crossing conflict with another service at Kota Junction.
EVT005749,12267,GHY,2026-02-03 23:15,22,Crew,Crew shortage reported at Guwahati link.
EVT005750,12068,BPL,2026-02-08 22:00,36,Weather,"Dense fog conditions near Bhopal Junction, speed restricted."
EVT005751,12184,R,2026-01-16 22:15,36,Infrastructure,Overhead equipment (OHE) tripping reported near Raipur Junction.
EVT005752,12018,VSKP,2026-01-23 09:15,42,Rolling Stock,Coach fault detected during pre-departure check at Visakhapatnam.
EVT005753,12319,ASN,2026-01-11 01:00,1,Weather,Heavy rain reducing visibility near Asansol Junction.
EVT005754,12139,BBS,2026-02-05 06:00,21,Infrastructure,Speed restriction due to track renewal work near Bhubaneswar.
EVT005755,12214,BBS,2026-02-14 22:45,27,Weather,Heavy rain reducing visibility near Bhubaneswar.
EVT005756,12224,GHY,2026-01-13 00:15,52,Rolling Stock,Brake power certification delay at Guwahati.
EVT005757,12107,MYS,2026-01-31 22:45,44,Weather,Heavy rain reducing visibility near Mysuru Junction.
EVT005758,12137,SC,2026-01-14 20:00,1,Rolling Stock,Brake power certification delay at Secunderabad Junction.
EVT005759,12078,CSMT,2026-01-14 05:45,18,Infrastructure,Overhead equipment (OHE) tripping reported near Chhatrapati Shivaji Maharaj Terminus.
EVT005760,12005,JP,2026-01-13 03:45,34,Operational,Late running of connecting rake into Jaipur Junction.
EVT005761,12147,UBL,2026-01-17 02:00,10,Operational,Crossing conflict with another service at Hubballi Junction.
EVT005762,12228,TVC,2026-02-13 11:00,32,Rolling Stock,Coach fault detected during pre-departure check at Thiruvananthapuram Central.
EVT005763,12031,LDH,2026-01-22 19:15,14,Signal,Signal failure near Ludhiana Junction causing hold-up.
EVT005764,12294,BWN,2026-01-06 15:45,41,Signal,Signal failure near Barddhaman Junction causing hold-up.
EVT005765,12261,RTM,2026-01-23 09:00,26,Signal,Points failure at Ratlam Junction delaying departure.
EVT005766,12114,SBC,2026-01-10 11:15,25,Signal,Automatic signalling fault reported at KSR Bengaluru City Junction yard.
EVT005767,12165,BCT,2026-01-29 05:00,27,Crew,Guard unavailability causing hold at Mumbai Central.
EVT005768,12166,BCT,2026-01-01 20:45,13,Rolling Stock,Brake power certification delay at Mumbai Central.
EVT005769,12150,BPL,2026-02-24 11:45,1,Signal,Signal failure near Bhopal Junction causing hold-up.
EVT005770,12316,HWH,2026-02-21 01:45,1,Rolling Stock,"Locomotive failure reported, engine change required at Howrah Junction."
EVT005771,12021,MYS,2026-02-18 02:15,41,Weather,High wind speed advisory near Mysuru Junction affecting running.
EVT005772,12002,KYN,2026-01-14 21:15,31,Signal,Signal failure near Kalyan Junction causing hold-up.
EVT005773,12181,NJP,2026-02-28 08:30,39,Infrastructure,Track maintenance block in effect near New Jalpaiguri.
EVT005774,12220,BWN,2026-01-26 01:15,57,Passenger,"Medical emergency on board, halted at Barddhaman Junction."
EVT005775,12243,PRYJ,2026-02-24 12:15,42,Infrastructure,Speed restriction due to track renewal work near Prayagraj Junction.
EVT005776,12084,DLI,2026-02-28 12:15,39,Infrastructure,Track maintenance block in effect near Delhi Junction (Old Delhi).
EVT005777,12116,ROU,2026-02-04 08:15,9,Weather,High wind speed advisory near Rourkela affecting running.
EVT005778,12218,UBL,2026-02-16 01:45,31,Weather,High wind speed advisory near Hubballi Junction affecting running.
EVT005779,12027,JP,2026-01-01 11:00,48,Rolling Stock,Coach fault detected during pre-departure check at Jaipur Junction.
EVT005780,12015,SC,2026-02-10 01:00,76,Rolling Stock,Coach fault detected during pre-departure check at Secunderabad Junction.
EVT005781,12189,SDAH,2026-02-04 11:00,8,Weather,"Dense fog conditions near Sealdah, speed restricted."
EVT005782,12102,KYN,2026-01-04 22:15,62,Operational,Late running of connecting rake into Kalyan Junction.
EVT005783,12116,HWH,2026-02-10 19:30,24,Rolling Stock,"Locomotive failure reported, engine change required at Howrah Junction."
EVT005784,12040,JP,2026-01-11 22:00,65,Operational,Platform congestion at Jaipur Junction delaying berthing.
EVT005785,12213,SC,2026-02-10 10:45,41,Passenger,Overcrowding-related boarding delay at Secunderabad Junction.
EVT005786,12233,MS,2026-01-14 21:15,23,Crew,Loco pilot booking-on delay at Chennai Egmore.
EVT005787,12206,SC,2026-02-25 05:45,14,Weather,Heavy rain reducing visibility near Secunderabad Junction.
EVT005788,12270,GHY,2026-02-06 13:00,41,Weather,Heavy rain reducing visibility near Guwahati.
EVT005789,12094,JP,2026-02-23 01:00,1,Rolling Stock,Coach fault detected during pre-departure check at Jaipur Junction.
EVT005790,12159,AII,2026-02-27 05:30,15,Rolling Stock,Brake power certification delay at Ajmer Junction.
EVT005791,12139,BZA,2026-01-06 16:15,1,Signal,Signal failure near Vijayawada Junction causing hold-up.
EVT005792,12172,MS,2026-01-11 12:45,11,Signal,Points failure at Chennai Egmore delaying departure.
EVT005793,12304,UBL,2026-01-11 19:45,1,Crew,Crew shortage reported at Hubballi Junction link.
EVT005794,12057,BZA,2026-02-14 00:45,19,Rolling Stock,Coach fault detected during pre-departure check at Vijayawada Junction.
EVT005795,12009,VSKP,2026-01-27 11:00,14,Operational,Platform congestion at Visakhapatnam delaying berthing.
EVT005796,12092,JU,2026-01-19 21:00,20,Passenger,Overcrowding-related boarding delay at Jodhpur Junction.
EVT005797,12106,ERS,2026-01-01 21:45,53,Operational,Platform congestion at Ernakulam Junction delaying berthing.
EVT005798,12102,BBS,2026-01-31 19:15,46,Crew,Guard unavailability causing hold at Bhubaneswar.
EVT005799,12193,ROU,2026-02-22 04:00,23,Signal,Points failure at Rourkela delaying departure.
EVT005800,12278,RTM,2026-02-21 12:30,31,Passenger,"Medical emergency on board, halted at Ratlam Junction."
EVT005801,12271,PNBE,2026-01-16 00:00,17,Infrastructure,Track maintenance block in effect near Patna Junction.
EVT005802,12066,VSKP,2026-01-08 10:15,1,Weather,High wind speed advisory near Visakhapatnam affecting running.
EVT005803,12165,NGP,2026-03-01 00:30,50,Passenger,Passenger chain-pulling incident near Nagpur Junction.
EVT005804,12317,BBS,2026-02-27 04:00,49,Passenger,"Medical emergency on board, halted at Bhubaneswar."
EVT005805,12071,SUR,2026-02-25 05:30,17,Rolling Stock,"Locomotive failure reported, engine change required at Solapur Junction."
EVT005806,12266,MYS,2026-02-10 00:45,17,Operational,Crossing conflict with another service at Mysuru Junction.
EVT005807,12293,HYB,2026-01-09 07:15,29,Crew,Loco pilot booking-on delay at Hyderabad Deccan.
EVT005808,12068,CSMT,2026-01-20 00:15,40,Crew,Guard unavailability causing hold at Chhatrapati Shivaji Maharaj Terminus.
EVT005809,12057,BZA,2026-02-24 00:15,48,Infrastructure,Speed restriction due to track renewal work near Vijayawada Junction.
EVT005810,12092,JU,2026-01-07 13:30,51,Signal,Points failure at Jodhpur Junction delaying departure.
EVT005811,12019,SUR,2026-01-24 10:00,38,Infrastructure,Track maintenance block in effect near Solapur Junction.
EVT005812,12314,COR,2026-01-26 22:15,64,Crew,Crew shortage reported at Kota Junction link.
EVT005813,12264,KYN,2026-02-24 00:45,11,Signal,Automatic signalling fault reported at Kalyan Junction yard.
EVT005814,12299,JHS,2026-01-19 12:15,29,Passenger,"Medical emergency on board, halted at Jhansi Junction."
EVT005815,12011,GHY,2026-02-22 17:30,41,Rolling Stock,Brake power certification delay at Guwahati.
EVT005816,12120,BCT,2026-01-24 07:15,26,Rolling Stock,Coach fault detected during pre-departure check at Mumbai Central.
EVT005817,12304,KGP,2026-02-21 10:15,8,Weather,Heavy rain reducing visibility near Kharagpur Junction.
EVT005818,12086,VSKP,2026-02-10 23:15,5,Infrastructure,Track maintenance block in effect near Visakhapatnam.
EVT005819,12167,ST,2026-01-19 09:15,2,Signal,Signal failure near Surat causing hold-up.
EVT005820,12264,MAO,2026-01-21 08:45,15,Signal,Points failure at Madgaon Junction delaying departure.
EVT005821,12045,NGP,2026-02-22 12:45,1,Operational,Crossing conflict with another service at Nagpur Junction.
EVT005822,12158,TVC,2026-02-11 13:45,35,Rolling Stock,Brake power certification delay at Thiruvananthapuram Central.
EVT005823,12192,ADI,2026-01-23 22:30,1,Crew,Crew shortage reported at Ahmedabad Junction link.
EVT005824,12075,JP,2026-01-04 23:00,66,Passenger,Passenger chain-pulling incident near Jaipur Junction.
EVT005825,12270,GKP,2026-01-15 23:45,99,Infrastructure,Track maintenance block in effect near Gorakhpur Junction.
EVT005826,12164,BSP,2026-01-27 22:30,55,Infrastructure,Track maintenance block in effect near Bilaspur Junction.
EVT005827,12171,PUNE,2026-01-15 22:45,38,Weather,Heavy rain reducing visibility near Pune Junction.
EVT005828,12156,VSKP,2026-01-20 03:15,16,Signal,Points failure at Visakhapatnam delaying departure.
EVT005829,12284,SDAH,2026-01-18 22:00,11,Signal,Signal failure near Sealdah causing hold-up.
EVT005830,12004,BBS,2026-02-06 00:30,53,Weather,Heavy rain reducing visibility near Bhubaneswar.
EVT005831,12154,DLI,2026-01-27 09:30,44,Infrastructure,Speed restriction due to track renewal work near Delhi Junction (Old Delhi).
EVT005832,12017,UMB,2026-01-07 01:45,57,Weather,High wind speed advisory near Ambala Cantt Junction affecting running.
EVT005833,12115,BCT,2026-01-10 12:15,53,Rolling Stock,Coach fault detected during pre-departure check at Mumbai Central.
EVT005834,12139,CTC,2026-01-24 17:15,47,Infrastructure,Overhead equipment (OHE) tripping reported near Cuttack Junction.
EVT005835,12252,BPL,2026-03-01 17:30,12,Crew,Loco pilot booking-on delay at Bhopal Junction.
EVT005836,12301,SDAH,2026-01-04 11:00,1,Signal,Signal failure near Sealdah causing hold-up.
EVT005837,12043,MAS,2026-01-20 21:45,56,Signal,Automatic signalling fault reported at Chennai Central yard.
EVT005838,12234,PRYJ,2026-02-17 03:15,29,Crew,Crew shortage reported at Prayagraj Junction link.
EVT005839,12067,DURG,2026-01-22 11:30,8,Passenger,Overcrowding-related boarding delay at Durg Junction.
EVT005840,12226,SUR,2026-02-16 07:00,45,Operational,Late running of connecting rake into Solapur Junction.
EVT005841,12305,BSP,2026-01-06 02:45,56,Operational,Platform congestion at Bilaspur Junction delaying berthing.
EVT005842,12183,GHY,2026-01-09 19:15,26,Rolling Stock,Brake power certification delay at Guwahati.
EVT005843,12203,PNBE,2026-01-31 20:15,20,Operational,Late running of connecting rake into Patna Junction.
EVT005844,12239,VSKP,2026-01-16 20:45,25,Weather,High wind speed advisory near Visakhapatnam affecting running.
EVT005845,12067,BSP,2026-02-25 10:45,38,Rolling Stock,"Locomotive failure reported, engine change required at Bilaspur Junction."
EVT005846,12011,ADI,2026-01-14 16:30,35,Signal,Automatic signalling fault reported at Ahmedabad Junction yard.
EVT005847,12238,KYN,2026-01-29 18:30,19,Crew,Loco pilot booking-on delay at Kalyan Junction.
EVT005848,12126,NGP,2026-01-06 03:15,63,Infrastructure,Track maintenance block in effect near Nagpur Junction.
EVT005849,12208,DHN,2026-02-04 10:00,17,Passenger,"Medical emergency on board, halted at Dhanbad Junction."
EVT005850,12293,SC,2026-01-10 23:00,1,Rolling Stock,Coach fault detected during pre-departure check at Secunderabad Junction.
EVT005851,12136,VSKP,2026-01-02 07:45,24,Infrastructure,Overhead equipment (OHE) tripping reported near Visakhapatnam.
EVT005852,12006,COR,2026-02-17 13:00,6,Operational,Crossing conflict with another service at Kota Junction.
EVT005853,12186,NJP,2026-02-24 14:00,25,Weather,Heavy rain reducing visibility near New Jalpaiguri.
EVT005854,12118,MS,2026-01-12 17:45,58,Weather,High wind speed advisory near Chennai Egmore affecting running.
EVT005855,12121,BZA,2026-01-28 08:15,44,Crew,Guard unavailability causing hold at Vijayawada Junction.
EVT005856,12211,JP,2026-02-20 19:00,3,Infrastructure,Speed restriction due to track renewal work near Jaipur Junction.
EVT005857,12160,BSP,2026-01-17 23:00,3,Rolling Stock,Coach fault detected during pre-departure check at Bilaspur Junction.
EVT005858,12269,SC,2026-02-14 08:45,30,Crew,Crew shortage reported at Secunderabad Junction link.
EVT005859,12172,SDAH,2026-02-05 00:30,27,Signal,Automatic signalling fault reported at Sealdah yard.
EVT005860,12104,KGP,2026-01-15 10:00,26,Weather,Heavy rain reducing visibility near Kharagpur Junction.
EVT005861,12024,SC,2026-02-16 14:45,1,Weather,Heavy rain reducing visibility near Secunderabad Junction.
EVT005862,12126,UMB,2026-01-17 11:15,37,Weather,Heavy rain reducing visibility near Ambala Cantt Junction.
EVT005863,12016,SUR,2026-01-06 11:15,14,Passenger,"Medical emergency on board, halted at Solapur Junction."
EVT005864,12141,DLI,2026-02-17 02:15,34,Weather,High wind speed advisory near Delhi Junction (Old Delhi) affecting running.
EVT005865,12062,UMB,2026-01-16 16:00,89,Infrastructure,Track maintenance block in effect near Ambala Cantt Junction.
EVT005866,12280,DLI,2026-02-01 22:30,53,Signal,Signal failure near Delhi Junction (Old Delhi) causing hold-up.
EVT005867,12232,BZA,2026-01-02 00:15,69,Signal,Automatic signalling fault reported at Vijayawada Junction yard.
EVT005868,12224,COR,2026-02-18 16:45,22,Rolling Stock,"Locomotive failure reported, engine change required at Kota Junction."
EVT005869,12267,BCT,2026-01-02 12:15,43,Weather,"Dense fog conditions near Mumbai Central, speed restricted."
EVT005870,12274,NDLS,2026-01-09 21:00,29,Rolling Stock,"Locomotive failure reported, engine change required at New Delhi."
EVT005871,12287,BBS,2026-01-23 10:15,44,Rolling Stock,"Locomotive failure reported, engine change required at Bhubaneswar."
EVT005872,12011,NJP,2026-02-04 09:00,69,Infrastructure,Track maintenance block in effect near New Jalpaiguri.
EVT005873,12004,ADI,2026-01-08 12:00,52,Operational,Late running of connecting rake into Ahmedabad Junction.
EVT005874,12173,BPL,2026-01-30 04:15,46,Infrastructure,Speed restriction due to track renewal work near Bhopal Junction.
EVT005875,12007,JHS,2026-02-04 11:00,24,Weather,"Dense fog conditions near Jhansi Junction, speed restricted."
EVT005876,12035,PUNE,2026-01-14 16:15,50,Passenger,Overcrowding-related boarding delay at Pune Junction.
EVT005877,12176,JHS,2026-01-30 12:30,30,Infrastructure,Speed restriction due to track renewal work near Jhansi Junction.
EVT005878,12141,BCT,2026-02-17 17:30,50,Weather,"Dense fog conditions near Mumbai Central, speed restricted."
EVT005879,12234,PRYJ,2026-01-15 22:30,1,Signal,Points failure at Prayagraj Junction delaying departure.
EVT005880,12199,CBE,2026-01-30 00:15,44,Crew,Crew shortage reported at Coimbatore Junction link.
EVT005881,12305,NDLS,2026-01-13 04:45,64,Rolling Stock,Coach fault detected during pre-departure check at New Delhi.
EVT005882,12042,HWH,2026-02-13 05:30,62,Signal,Automatic signalling fault reported at Howrah Junction yard.
EVT005883,12061,DLI,2026-01-02 03:15,40,Rolling Stock,Brake power certification delay at Delhi Junction (Old Delhi).
EVT005884,12299,UMB,2026-02-09 02:00,2,Operational,Platform congestion at Ambala Cantt Junction delaying berthing.
EVT005885,12028,JP,2026-01-03 00:00,52,Rolling Stock,Brake power certification delay at Jaipur Junction.
EVT005886,12298,UBL,2026-01-15 18:30,5,Rolling Stock,Brake power certification delay at Hubballi Junction.
EVT005887,12285,JBP,2026-01-28 21:00,51,Infrastructure,Overhead equipment (OHE) tripping reported near Jabalpur Junction.
EVT005888,12243,DLI,2026-01-05 17:45,4,Operational,Platform congestion at Delhi Junction (Old Delhi) delaying berthing.
EVT005889,12304,KGP,2026-01-24 17:15,29,Signal,Points failure at Kharagpur Junction delaying departure.
EVT005890,12022,COR,2026-02-28 12:30,38,Infrastructure,Speed restriction due to track renewal work near Kota Junction.
EVT005891,12106,ERS,2026-01-12 04:30,52,Weather,"Dense fog conditions near Ernakulam Junction, speed restricted."
EVT005892,12251,BSP,2026-02-02 07:00,13,Operational,Crossing conflict with another service at Bilaspur Junction.
EVT005893,12067,DURG,2026-02-21 06:15,34,Infrastructure,Track maintenance block in effect near Durg Junction.
EVT005894,12046,PNBE,2026-01-03 02:15,44,Weather,High wind speed advisory near Patna Junction affecting running.
EVT005895,12196,ROU,2026-01-26 14:15,15,Operational,Platform congestion at Rourkela delaying berthing.
EVT005896,12175,BPL,2026-02-08 09:15,28,Signal,Automatic signalling fault reported at Bhopal Junction yard.
EVT005897,12050,JBP,2026-01-29 17:15,23,Crew,Crew shortage reported at Jabalpur Junction link.
EVT005898,12182,RTM,2026-01-14 02:30,42,Operational,Crossing conflict with another service at Ratlam Junction.
EVT005899,12157,PRYJ,2026-02-03 06:30,12,Passenger,"Medical emergency on board, halted at Prayagraj Junction."
EVT005900,12102,BBS,2026-01-07 13:00,17,Infrastructure,Track maintenance block in effect near Bhubaneswar.
EVT005901,12241,BCT,2026-02-08 12:30,69,Signal,Automatic signalling fault reported at Mumbai Central yard.
EVT005902,12020,PUNE,2026-01-02 01:15,20,Rolling Stock,"Locomotive failure reported, engine change required at Pune Junction."
EVT005903,12189,NDLS,2026-01-03 15:45,34,Weather,Heavy rain reducing visibility near New Delhi.
EVT005904,12129,AII,2026-02-15 00:30,9,Signal,Automatic signalling fault reported at Ajmer Junction yard.
EVT005905,12125,PNBE,2026-01-07 16:15,36,Weather,High wind speed advisory near Patna Junction affecting running.
EVT005906,12133,COR,2026-02-07 20:45,15,Operational,Late running of connecting rake into Kota Junction.
EVT005907,12297,BSP,2026-02-15 17:00,36,Signal,Automatic signalling fault reported at Bilaspur Junction yard.
EVT005908,12228,JP,2026-02-26 21:30,39,Operational,Late running of connecting rake into Jaipur Junction.
EVT005909,12306,KYN,2026-02-13 04:00,45,Weather,"Dense fog conditions near Kalyan Junction, speed restricted."
EVT005910,12222,JBP,2026-02-23 13:00,59,Operational,Platform congestion at Jabalpur Junction delaying berthing.
EVT005911,12272,MS,2026-01-28 04:45,1,Infrastructure,Overhead equipment (OHE) tripping reported near Chennai Egmore.
EVT005912,12216,NDLS,2026-01-26 03:30,32,Signal,Points failure at New Delhi delaying departure.
EVT005913,12026,NDLS,2026-01-21 01:00,33,Crew,Guard unavailability causing hold at New Delhi.
EVT005914,12255,KGP,2026-01-05 03:30,30,Passenger,Passenger chain-pulling incident near Kharagpur Junction.
EVT005915,12237,TATA,2026-01-30 00:00,37,Rolling Stock,Brake power certification delay at Tatanagar Junction.
EVT005916,12067,BSP,2026-01-31 09:45,92,Operational,Crossing conflict with another service at Bilaspur Junction.
EVT005917,12192,ADI,2026-01-29 08:45,37,Signal,Automatic signalling fault reported at Ahmedabad Junction yard.
EVT005918,12085,NJP,2026-02-23 18:15,28,Crew,Guard unavailability causing hold at New Jalpaiguri.
EVT005919,12278,BPL,2026-01-01 02:45,17,Infrastructure,Speed restriction due to track renewal work near Bhopal Junction.
EVT005920,12130,BBS,2026-01-29 02:15,1,Rolling Stock,Coach fault detected during pre-departure check at Bhubaneswar.
EVT005921,12247,NDLS,2026-02-24 22:00,11,Signal,Signal failure near New Delhi causing hold-up.
EVT005922,12146,ADI,2026-01-30 10:45,34,Crew,Loco pilot booking-on delay at Ahmedabad Junction.
EVT005923,12103,NDLS,2026-01-08 14:45,24,Weather,"Dense fog conditions near New Delhi, speed restricted."
EVT005924,12001,KYN,2026-01-29 19:00,1,Passenger,Overcrowding-related boarding delay at Kalyan Junction.
EVT005925,12067,ASN,2026-02-02 21:30,19,Signal,Automatic signalling fault reported at Asansol Junction yard.
EVT005926,12308,ADI,2026-01-15 18:15,89,Signal,Automatic signalling fault reported at Ahmedabad Junction yard.
EVT005927,12286,JP,2026-01-22 06:15,31,Signal,Signal failure near Jaipur Junction causing hold-up.
EVT005928,12243,NDLS,2026-01-10 02:45,51,Weather,"Dense fog conditions near New Delhi, speed restricted."
EVT005929,12298,SC,2026-01-31 18:00,3,Signal,Signal failure near Secunderabad Junction causing hold-up.
EVT005930,12198,PNBE,2026-02-12 16:30,61,Weather,Heavy rain reducing visibility near Patna Junction.
EVT005931,12226,NGP,2026-01-16 19:45,5,Signal,Points failure at Nagpur Junction delaying departure.
EVT005932,12279,MFP,2026-01-05 15:15,23,Infrastructure,Speed restriction due to track renewal work near Muzaffarpur Junction.
EVT005933,12252,COR,2026-02-02 05:30,48,Infrastructure,Track maintenance block in effect near Kota Junction.
EVT005934,12275,VSKP,2026-01-18 21:15,42,Passenger,Passenger chain-pulling incident near Visakhapatnam.
EVT005935,12060,SBC,2026-01-12 17:15,1,Signal,Points failure at KSR Bengaluru City Junction delaying departure.
EVT005936,12048,ADI,2026-02-26 14:00,10,Rolling Stock,Brake power certification delay at Ahmedabad Junction.
EVT005937,12163,JHS,2026-01-06 04:30,44,Operational,Late running of connecting rake into Jhansi Junction.
EVT005938,12183,GHY,2026-01-19 06:15,21,Passenger,Overcrowding-related boarding delay at Guwahati.
EVT005939,12141,NGP,2026-01-04 14:00,28,Weather,Heavy rain reducing visibility near Nagpur Junction.
EVT005940,12169,GHY,2026-02-23 17:30,14,Operational,Late running of connecting rake into Guwahati.
EVT005941,12026,LDH,2026-01-30 05:15,28,Crew,Crew shortage reported at Ludhiana Junction link.
EVT005942,12205,SC,2026-01-07 23:00,4,Infrastructure,Overhead equipment (OHE) tripping reported near Secunderabad Junction.
EVT005943,12111,LDH,2026-01-19 20:15,1,Rolling Stock,Coach fault detected during pre-departure check at Ludhiana Junction.
EVT005944,12217,HYB,2026-02-07 09:00,98,Operational,Crossing conflict with another service at Hyderabad Deccan.
EVT005945,12147,UBL,2026-01-07 14:30,46,Weather,"Dense fog conditions near Hubballi Junction, speed restricted."
EVT005946,12163,VSKP,2026-02-01 17:00,16,Infrastructure,Track maintenance block in effect near Visakhapatnam.
EVT005947,12266,BPL,2026-02-21 00:00,27,Operational,Crossing conflict with another service at Bhopal Junction.
EVT005948,12096,BPL,2026-01-27 03:15,19,Signal,Points failure at Bhopal Junction delaying departure.
EVT005949,12300,SBC,2026-02-28 07:45,19,Crew,Crew shortage reported at KSR Bengaluru City Junction link.
EVT005950,12278,MYS,2026-01-29 18:45,39,Signal,Automatic signalling fault reported at Mysuru Junction yard.
EVT005951,12208,ASN,2026-02-15 16:30,48,Infrastructure,Track maintenance block in effect near Asansol Junction.
EVT005952,12231,HWH,2026-01-02 20:30,50,Crew,Loco pilot booking-on delay at Howrah Junction.
EVT005953,12191,TVC,2026-01-16 06:30,30,Signal,Points failure at Thiruvananthapuram Central delaying departure.
EVT005954,12010,MAS,2026-01-11 18:00,26,Signal,Signal failure near Chennai Central causing hold-up.
EVT005955,12052,PUNE,2026-01-16 08:00,40,Signal,Points failure at Pune Junction delaying departure.
EVT005956,12181,GHY,2026-02-28 04:15,46,Crew,Crew shortage reported at Guwahati link.
EVT005957,12085,SDAH,2026-01-03 17:00,39,Signal,Points failure at Sealdah delaying departure.
EVT005958,12309,MDU,2026-03-01 01:45,29,Crew,Loco pilot booking-on delay at Madurai Junction.
EVT005959,12190,JU,2026-02-23 03:30,42,Passenger,Passenger chain-pulling incident near Jodhpur Junction.
EVT005960,12012,UBL,2026-01-20 21:30,10,Weather,Heavy rain reducing visibility near Hubballi Junction.
EVT005961,12282,BBS,2026-01-06 15:30,15,Signal,Automatic signalling fault reported at Bhubaneswar yard.
EVT005962,12251,PRYJ,2026-01-31 08:30,26,Signal,Signal failure near Prayagraj Junction causing hold-up.
EVT005963,12071,SUR,2026-02-11 17:45,3,Weather,"Dense fog conditions near Solapur Junction, speed restricted."
EVT005964,12117,COR,2026-01-02 01:45,5,Signal,Automatic signalling fault reported at Kota Junction yard.
EVT005965,12291,NJP,2026-01-30 00:00,1,Signal,Automatic signalling fault reported at New Jalpaiguri yard.
EVT005966,12064,COR,2026-01-04 13:15,48,Weather,"Dense fog conditions near Kota Junction, speed restricted."
EVT005967,12152,JU,2026-01-28 14:30,76,Weather,Heavy rain reducing visibility near Jodhpur Junction.
EVT005968,12013,JP,2026-01-25 14:30,28,Infrastructure,Speed restriction due to track renewal work near Jaipur Junction.
EVT005969,12296,PRYJ,2026-02-05 20:45,87,Operational,Platform congestion at Prayagraj Junction delaying berthing.
EVT005970,12069,SDAH,2026-02-16 06:15,27,Infrastructure,Overhead equipment (OHE) tripping reported near Sealdah.
EVT005971,12004,BCT,2026-01-08 04:45,40,Operational,Crossing conflict with another service at Mumbai Central.
EVT005972,12262,SDAH,2026-01-07 12:15,28,Weather,"Dense fog conditions near Sealdah, speed restricted."
EVT005973,12319,SC,2026-01-28 21:45,34,Rolling Stock,"Locomotive failure reported, engine change required at Secunderabad Junction."
EVT005974,12170,ASR,2026-02-06 23:15,27,Crew,Crew shortage reported at Amritsar Junction link.
EVT005975,12032,BPL,2026-01-26 06:15,26,Rolling Stock,Coach fault detected during pre-departure check at Bhopal Junction.
EVT005976,12209,BPL,2026-02-19 16:45,53,Signal,Points failure at Bhopal Junction delaying departure.
EVT005977,12201,NDLS,2026-01-27 17:00,1,Passenger,Passenger chain-pulling incident near New Delhi.
EVT005978,12259,BSL,2026-02-25 03:00,1,Operational,Platform congestion at Bhusaval Junction delaying berthing.
EVT005979,12020,DD,2026-02-04 18:15,24,Crew,Loco pilot booking-on delay at Daund Junction.
EVT005980,12170,CSMT,2026-01-03 23:15,44,Weather,Heavy rain reducing visibility near Chhatrapati Shivaji Maharaj Terminus.
EVT005981,12312,VSKP,2026-02-05 05:30,1,Crew,Guard unavailability causing hold at Visakhapatnam.
EVT005982,12138,ERS,2026-01-02 16:45,44,Signal,Automatic signalling fault reported at Ernakulam Junction yard.
EVT005983,12064,HWH,2026-01-25 01:15,1,Signal,Automatic signalling fault reported at Howrah Junction yard.
EVT005984,12208,PNBE,2026-02-23 16:00,30,Infrastructure,Track maintenance block in effect near Patna Junction.
EVT005985,12198,NDLS,2026-01-29 07:15,18,Signal,Points failure at New Delhi delaying departure.
EVT005986,12256,NDLS,2026-02-19 15:45,21,Rolling Stock,Brake power certification delay at New Delhi.
EVT005987,12243,PRYJ,2026-02-03 11:15,28,Crew,Crew shortage reported at Prayagraj Junction link.
EVT005988,12268,DLI,2026-02-08 16:15,79,Signal,Automatic signalling fault reported at Delhi Junction (Old Delhi) yard.
EVT005989,12075,JP,2026-01-31 13:15,41,Passenger,Overcrowding-related boarding delay at Jaipur Junction.
EVT005990,12316,HWH,2026-01-28 15:15,8,Weather,High wind speed advisory near Howrah Junction affecting running.
EVT005991,12091,VSKP,2026-02-16 22:45,96,Operational,Late running of connecting rake into Visakhapatnam.
EVT005992,12206,SBC,2026-01-17 05:45,81,Operational,Late running of connecting rake into KSR Bengaluru City Junction.
EVT005993,12305,NDLS,2026-01-29 22:15,7,Infrastructure,Speed restriction due to track renewal work near New Delhi.
EVT005994,12151,CSMT,2026-01-23 09:00,19,Operational,Late running of connecting rake into Chhatrapati Shivaji Maharaj Terminus.
EVT005995,12186,ADI,2026-01-25 14:15,6,Signal,Points failure at Ahmedabad Junction delaying departure.
EVT005996,12289,CSMT,2026-01-28 11:30,39,Rolling Stock,Coach fault detected during pre-departure check at Chhatrapati Shivaji Maharaj Terminus.
EVT005997,12033,CSMT,2026-01-15 02:30,8,Rolling Stock,"Locomotive failure reported, engine change required at Chhatrapati Shivaji Maharaj Terminus."
EVT005998,12029,ADI,2026-01-23 07:15,55,Operational,Platform congestion at Ahmedabad Junction delaying berthing.
EVT005999,12277,ASR,2026-01-24 21:15,34,Operational,Platform congestion at Amritsar Junction delaying berthing.
EVT006000,12167,NGP,2026-03-01 12:30,80,Crew,Loco pilot booking-on delay at Nagpur Junction.
