scenario_id,train_number,station_id,zone_id,initial_delay_minutes,station_degree,platform_capacity,track_congestion_index,has_rolling_stock_dependency,weather_condition,weather_severity,delay_cause,traffic_category,cascade_depth,affected_trains_count,delay_spread_minutes,cross_zone_propagation
SIM000001,12025,KYN,CR,54,5,8,0.77,1,Clear,0,Operational,HIGH,4,2,766.8,1
SIM000002,12132,MAS,SR,33,9,12,0.79,1,Clear,0,Crew,HIGH,2,0,149.7,0
SIM000003,12126,DLI,NR,36,3,10,0.67,1,Rain,1,Signal,HIGH,3,0,244.4,1
SIM000004,12276,SC,SCR,43,7,10,0.29,1,Clear,0,Signal,HIGH,3,2,323.9,1
SIM000005,12221,BPL,WCR,12,6,6,1.1,0,Clear,0,Signal,HIGH,1,0,17.3,0
SIM000006,12130,JP,NWR,42,6,7,0.7,0,Storm,3,Weather,HIGH,3,0,355.3,0
SIM000007,12087,SC,SCR,1,7,10,0.77,1,Clear,0,Weather,HIGH,0,0,1.0,0
SIM000008,12182,ST,WR,48,3,5,0.63,1,Heavy Rain,2,Signal,MEDIUM,4,0,509.5,1
SIM000009,12224,GHY,NFR,20,4,6,0.23,0,Rain,1,Signal,HIGH,1,0,41.7,1
SIM000010,12285,JBP,WCR,12,4,7,1.2,1,Clear,0,Rolling Stock,HIGH,0,0,12.0,0
SIM000011,12034,SC,SCR,58,7,10,1.26,1,Rain,1,Operational,HIGH,4,2,642.2,1
SIM000012,12184,BWN,ER,61,3,6,0.21,1,Clear,0,Signal,MEDIUM,4,2,927.6,1
SIM000013,12169,MFP,ECR,55,3,6,0.26,0,Fog,2,Rolling Stock,MEDIUM,4,0,740.2,1
SIM000014,12047,GHY,NFR,55,4,6,0.28,1,Clear,0,Operational,HIGH,4,2,513.0,1
SIM000015,12183,UMB,NR,21,3,8,0.12,1,Clear,0,Rolling Stock,MEDIUM,2,0,64.6,0
SIM000016,12206,SC,SCR,65,7,10,1.3,1,Clear,0,Operational,HIGH,5,2,720.1,1
SIM000017,12057,MAS,SR,52,9,12,1.22,1,Rain,1,Infrastructure,HIGH,4,2,535.0,0
SIM000018,12056,AII,NWR,42,3,6,0.3,0,Clear,0,Rolling Stock,MEDIUM,3,0,260.3,0
SIM000019,12202,PRYJ,NCR,7,6,10,0.4,1,Clear,0,Operational,HIGH,0,0,7.0,0
SIM000020,12135,DURG,SECR,60,2,6,0.11,1,Clear,0,Infrastructure,MEDIUM,4,2,705.3,1
SIM000021,12018,SDAH,ER,33,3,20,0.8,0,Fog,2,Rolling Stock,HIGH,3,0,184.2,1
SIM000022,12003,BCT,WR,54,6,7,1.1,0,Fog,2,Signal,HIGH,4,0,581.7,1
SIM000023,12089,R,SECR,4,3,7,0.78,1,Clear,0,Infrastructure,MEDIUM,0,0,4.0,0
SIM000024,12276,SC,SCR,20,7,10,0.44,1,Clear,0,Operational,HIGH,1,0,52.5,0
SIM000025,12010,BSL,CR,42,3,7,0.91,1,Rain,1,Operational,MEDIUM,3,0,313.8,1
SIM000026,12102,KYN,CR,35,5,8,0.44,1,Clear,0,Infrastructure,HIGH,3,2,253.3,1
SIM000027,12307,BCT,WR,1,6,7,0.36,1,Clear,0,Infrastructure,HIGH,0,0,1.0,0
SIM000028,12262,DLI,NR,42,3,10,1.28,1,Heavy Rain,2,Rolling Stock,HIGH,4,2,426.4,1
SIM000029,12304,UBL,SWR,28,3,6,0.84,1,Clear,0,Passenger,MEDIUM,2,0,121.3,1
SIM000030,12300,CSMT,CR,1,8,18,0.23,1,Rain,1,Weather,HIGH,0,0,1.0,0
SIM000031,12199,MYS,SWR,57,2,5,0.9,1,Rain,1,Rolling Stock,MEDIUM,4,2,506.3,1
SIM000032,12113,MAS,SR,1,9,12,1.09,1,Clear,0,Infrastructure,HIGH,0,0,1.0,0
SIM000033,12094,BSP,SECR,27,6,8,0.91,1,Rain,1,Weather,HIGH,2,0,131.4,1
SIM000034,12184,BSP,SECR,79,6,8,1.09,1,Clear,0,Rolling Stock,HIGH,5,2,2026.3,1
SIM000035,12204,KGP,SER,50,5,9,0.77,1,Clear,0,Operational,HIGH,4,0,476.7,1
SIM000036,12139,CTC,ECoR,21,1,6,0.81,1,Heavy Rain,2,Passenger,MEDIUM,1,0,30.4,0
SIM000037,12040,PUNE,CR,8,5,6,0.36,1,Clear,0,Crew,HIGH,0,0,8.0,0
SIM000038,12247,AGC,NCR,54,2,6,0.43,0,Clear,0,Weather,MEDIUM,3,0,354.6,1
SIM000039,12267,PURI,ECoR,20,2,5,0.26,0,Heavy Rain,2,Operational,MEDIUM,1,0,38.9,0
SIM000040,12310,BZA,SCR,25,5,10,0.62,1,Clear,0,Operational,HIGH,2,0,85.5,1
SIM000041,12055,KGP,SER,62,5,9,0.4,1,Rain,1,Rolling Stock,HIGH,4,2,775.1,1
SIM000042,12160,BSP,SECR,11,6,8,0.48,0,Clear,0,Rolling Stock,HIGH,0,0,11.0,0
SIM000043,12274,NDLS,NR,1,9,16,1.01,1,Clear,0,Crew,HIGH,0,0,1.0,0
SIM000044,12145,JU,NWR,39,3,6,0.44,1,Clear,0,Rolling Stock,MEDIUM,3,0,268.7,0
SIM000045,12256,KYN,CR,65,5,8,0.47,0,Clear,0,Passenger,HIGH,4,0,1245.5,1
SIM000046,12028,TVC,SR,62,5,5,0.77,1,Clear,0,Crew,HIGH,5,0,1002.4,0
SIM000047,12033,SC,SCR,22,7,10,0.78,0,Rain,1,Operational,HIGH,1,0,51.6,0
SIM000048,12287,KYN,CR,33,5,8,0.13,1,Fog,2,Signal,HIGH,2,2,170.9,1
SIM000049,12256,NDLS,NR,8,9,16,1.11,0,Clear,0,Signal,HIGH,0,0,8.0,0
SIM000050,12090,UBL,SWR,1,3,6,0.38,1,Fog,2,Operational,MEDIUM,0,0,1.0,0
SIM000051,12058,BBS,ECoR,24,6,6,0.86,0,Storm,3,Infrastructure,HIGH,2,0,77.4,0
SIM000052,12039,RTM,WR,37,4,6,0.38,0,Clear,0,Signal,MEDIUM,3,0,251.4,1
SIM000053,12243,DLI,NR,33,3,10,0.61,0,Rain,1,Infrastructure,HIGH,2,0,156.5,1
SIM000054,12286,PNBE,ECR,20,7,10,0.8,0,Clear,0,Infrastructure,HIGH,1,0,50.3,0
SIM000055,12165,BCT,WR,35,6,7,0.18,1,Clear,0,Rolling Stock,HIGH,3,0,199.3,1
SIM000056,12254,BCT,WR,47,6,7,1.29,0,Rain,1,Rolling Stock,HIGH,3,0,460.2,1
SIM000057,12042,DURG,SECR,26,2,6,0.97,0,Clear,0,Crew,MEDIUM,2,0,64.8,0
SIM000058,12003,BBS,ECoR,24,6,6,0.53,0,Clear,0,Passenger,HIGH,2,0,79.8,1
SIM000059,12271,MAS,SR,1,9,12,1.07,1,Clear,0,Weather,HIGH,0,0,1.0,0
SIM000060,12159,COR,WCR,23,5,8,0.13,1,Clear,0,Weather,MEDIUM,2,0,82.4,1
SIM000061,12282,BBS,ECoR,12,6,6,1.13,1,Clear,0,Signal,HIGH,1,0,17.1,0
SIM000062,12169,MFP,ECR,57,3,6,0.66,0,Clear,0,Operational,MEDIUM,4,0,831.8,1
SIM000063,12120,BBS,ECoR,54,6,6,0.7,1,Clear,0,Infrastructure,HIGH,4,2,701.8,1
SIM000064,12224,COR,WCR,47,5,8,0.21,0,Fog,2,Passenger,MEDIUM,4,0,450.9,1
SIM000065,12290,NJP,NFR,81,2,6,0.93,1,Fog,2,Operational,MEDIUM,5,4,1378.9,1
SIM000066,12204,ROU,SER,31,3,5,0.4,1,Clear,0,Crew,LOW,2,0,133.0,1
SIM000067,12181,NJP,NFR,10,2,6,0.83,1,Clear,0,Infrastructure,MEDIUM,0,0,10.0,0
SIM000068,12218,MYS,SWR,24,2,5,0.35,1,Rain,1,Infrastructure,MEDIUM,2,0,64.0,1
SIM000069,12054,VSKP,ECoR,36,5,8,0.24,0,Clear,0,Operational,HIGH,3,0,182.4,1
SIM000070,12040,PUNE,CR,33,5,6,0.66,1,Rain,1,Rolling Stock,HIGH,2,0,144.2,0
SIM000071,12230,TVC,SR,1,5,5,0.35,1,Rain,1,Crew,HIGH,0,0,1.0,0
SIM000072,12145,COR,WCR,8,5,8,0.12,1,Rain,1,Operational,MEDIUM,0,0,8.0,0
SIM000073,12178,MAS,SR,80,9,12,0.75,1,Heavy Rain,2,Operational,HIGH,5,2,1658.2,0
SIM000074,12248,MLDT,ER,22,5,5,0.86,1,Fog,2,Infrastructure,LOW,2,0,59.9,1
SIM000075,12046,PNBE,ECR,40,7,10,0.93,0,Clear,0,Signal,HIGH,3,0,315.7,1
SIM000076,12310,SC,SCR,42,7,10,1.09,1,Rain,1,Infrastructure,HIGH,3,0,285.2,1
SIM000077,12231,ADI,WR,17,6,12,0.59,1,Fog,2,Signal,HIGH,1,0,36.6,0
SIM000078,12285,BPL,WCR,5,6,6,0.73,1,Clear,0,Rolling Stock,HIGH,0,0,5.0,0
SIM000079,12307,BSP,SECR,13,6,8,0.58,1,Rain,1,Infrastructure,HIGH,1,0,33.4,1
SIM000080,12192,GHY,NFR,11,4,6,0.95,1,Fog,2,Signal,HIGH,1,0,16.3,0
SIM000081,12221,MFP,ECR,18,3,6,0.64,0,Storm,3,Operational,MEDIUM,1,0,45.1,1
SIM000082,12186,ADI,WR,77,6,12,0.18,1,Clear,0,Rolling Stock,HIGH,5,2,1801.2,1
SIM000083,12085,SDAH,ER,5,3,20,0.31,0,Heavy Rain,2,Weather,HIGH,0,0,5.0,0
SIM000084,12304,UBL,SWR,1,3,6,0.82,1,Clear,0,Signal,MEDIUM,0,0,1.0,0
SIM000085,12115,NGP,CR,55,7,8,0.46,1,Rain,1,Passenger,HIGH,4,2,789.8,1
SIM000086,12170,ASR,NR,75,4,6,0.6,1,Clear,0,Operational,MEDIUM,5,2,1766.6,1
SIM000087,12126,UMB,NR,75,3,8,0.31,1,Clear,0,Signal,MEDIUM,5,4,2081.7,1
SIM000088,12282,NGP,CR,60,7,8,0.74,1,Fog,2,Signal,HIGH,4,4,1034.5,1
SIM000089,12086,MAS,SR,1,9,12,0.94,0,Fog,2,Crew,HIGH,0,0,1.0,0
SIM000090,12249,KGP,SER,8,5,9,0.78,1,Clear,0,Signal,HIGH,0,0,8.0,0
SIM000091,12048,BZA,SCR,21,5,10,0.33,1,Clear,0,Crew,HIGH,2,0,68.0,1
SIM000092,12240,ERS,SR,55,3,5,0.39,1,Clear,0,Signal,MEDIUM,4,2,727.9,0
SIM000093,12011,ADI,WR,68,6,12,0.56,0,Rain,1,Operational,HIGH,5,0,945.4,1
SIM000094,12317,VSKP,ECoR,31,5,8,0.97,0,Clear,0,Operational,HIGH,2,0,147.3,1
SIM000095,12258,BCT,WR,4,6,7,0.6,0,Clear,0,Operational,HIGH,0,0,4.0,0
SIM000096,12169,GHY,NFR,53,4,6,0.42,0,Clear,0,Signal,HIGH,4,0,426.3,1
SIM000097,12029,ADI,WR,35,6,12,0.84,0,Rain,1,Crew,HIGH,3,0,191.2,1
SIM000098,12273,JHS,NCR,25,3,7,0.21,1,Clear,0,Rolling Stock,MEDIUM,2,0,89.8,1
SIM000099,12198,PNBE,ECR,46,7,10,0.79,1,Clear,0,Rolling Stock,HIGH,3,0,322.4,1
SIM000100,12235,NGP,CR,66,7,8,0.16,1,Storm,3,Infrastructure,HIGH,5,0,1111.6,1
SIM000101,12303,HWH,ER,37,5,23,1.12,1,Clear,0,Signal,HIGH,3,0,272.0,1
SIM000102,12194,NDLS,NR,15,9,16,1.27,1,Clear,0,Operational,HIGH,1,0,20.5,0
SIM000103,12178,BWN,ER,34,3,6,0.47,1,Clear,0,Passenger,MEDIUM,3,0,213.9,1
SIM000104,12074,SC,SCR,1,7,10,0.78,1,Clear,0,Weather,HIGH,0,0,1.0,0
SIM000105,12086,VSKP,ECoR,1,5,8,0.22,0,Clear,0,Crew,HIGH,0,0,1.0,0
SIM000106,12045,JBP,WCR,88,4,7,1.14,0,Rain,1,Signal,HIGH,5,0,2489.5,1
SIM000107,12272,VSKP,ECoR,37,5,8,1.18,0,Clear,0,Weather,HIGH,3,0,281.2,1
SIM000108,12009,VSKP,ECoR,14,5,8,0.68,0,Clear,0,Operational,HIGH,0,0,14.0,0
SIM000109,12051,NJP,NFR,63,2,6,0.31,1,Clear,0,Crew,MEDIUM,4,2,596.0,1
SIM000110,12056,JP,NWR,61,6,7,1.1,0,Clear,0,Operational,HIGH,5,0,1173.6,0
SIM000111,12067,DURG,SECR,34,2,6,0.9,0,Clear,0,Infrastructure,MEDIUM,2,0,121.4,1
SIM000112,12311,KGP,SER,42,5,9,0.15,0,Storm,3,Weather,HIGH,4,0,298.4,1
SIM000113,12105,KYN,CR,70,5,8,0.26,1,Clear,0,Rolling Stock,HIGH,5,0,1251.7,1
SIM000114,12148,JBP,WCR,50,4,7,0.85,1,Heavy Rain,2,Infrastructure,HIGH,4,2,586.2,1
SIM000115,12092,KYN,CR,1,5,8,0.39,0,Clear,0,Crew,HIGH,0,0,1.0,0
SIM000116,12012,UBL,SWR,10,3,6,0.46,1,Clear,0,Weather,MEDIUM,1,0,15.2,1
SIM000117,12015,MS,SR,1,2,10,0.99,1,Storm,3,Passenger,MEDIUM,0,0,1.0,0
SIM000118,12071,KYN,CR,6,5,8,0.33,1,Clear,0,Operational,HIGH,0,0,6.0,0
SIM000119,12088,MAS,SR,1,9,12,1.0,1,Clear,0,Signal,HIGH,0,0,1.0,0
SIM000120,12206,SBC,SWR,40,4,10,1.23,1,Clear,0,Rolling Stock,HIGH,3,0,262.7,1
SIM000121,12095,JP,NWR,39,6,7,1.07,1,Fog,2,Signal,HIGH,3,2,355.8,0
SIM000122,12126,NGP,CR,63,7,8,1.13,1,Clear,0,Infrastructure,HIGH,5,2,955.5,1
SIM000123,12080,PNBE,ECR,64,7,10,0.66,1,Clear,0,Passenger,HIGH,4,0,818.8,1
SIM000124,12285,ADI,WR,24,6,12,0.96,1,Clear,0,Crew,HIGH,2,0,68.4,0
SIM000125,12206,SBC,SWR,81,4,10,0.64,1,Fog,2,Operational,HIGH,5,2,1802.9,1
SIM000126,12031,UMB,NR,39,3,8,0.83,0,Clear,0,Weather,MEDIUM,3,0,274.7,0
SIM000127,12257,MAS,SR,23,9,12,0.45,1,Heavy Rain,2,Passenger,HIGH,2,2,73.8,0
SIM000128,12208,PRYJ,NCR,26,6,10,0.52,1,Clear,0,Weather,HIGH,2,0,90.5,1
SIM000129,12062,UMB,NR,22,3,8,0.38,1,Clear,0,Signal,MEDIUM,1,0,54.1,0
SIM000130,12180,ADI,WR,22,6,12,1.29,1,Rain,1,Crew,HIGH,2,0,83.0,1
SIM000131,12227,BZA,SCR,1,5,10,1.06,1,Storm,3,Operational,HIGH,0,0,1.0,0
SIM000132,12319,KGP,SER,1,5,9,1.14,0,Clear,0,Passenger,HIGH,0,0,1.0,0
SIM000133,12268,SUR,CR,31,3,6,0.54,1,Clear,0,Crew,MEDIUM,2,2,153.8,1
SIM000134,12187,NDLS,NR,55,9,16,0.38,1,Clear,0,Infrastructure,HIGH,4,2,655.9,1
SIM000135,12078,SC,SCR,1,7,10,1.04,1,Clear,0,Rolling Stock,HIGH,0,0,1.0,0
SIM000136,12046,GKP,NER,20,5,10,1.3,0,Clear,0,Weather,HIGH,2,0,51.1,1
SIM000137,12291,ASR,NR,2,4,6,0.51,1,Clear,0,Infrastructure,MEDIUM,0,0,2.0,0
SIM000138,12052,PUNE,CR,30,5,6,1.2,1,Rain,1,Infrastructure,HIGH,3,0,145.9,1
SIM000139,12259,BSL,CR,1,3,7,0.76,1,Storm,3,Operational,MEDIUM,0,0,1.0,0
SIM000140,12319,HWH,ER,9,5,23,1.03,0,Clear,0,Operational,HIGH,0,0,9.0,0
SIM000141,12176,BPL,WCR,42,6,6,0.44,1,Rain,1,Infrastructure,HIGH,3,0,325.4,1
SIM000142,12078,SC,SCR,13,7,10,1.14,1,Clear,0,Weather,HIGH,0,0,13.0,0
SIM000143,12088,MAS,SR,47,9,12,0.91,1,Clear,0,Rolling Stock,HIGH,3,0,419.1,0
SIM000144,12310,COR,WCR,35,5,8,0.44,1,Clear,0,Crew,MEDIUM,3,0,186.2,1
SIM000145,12084,NGP,CR,56,7,8,0.45,1,Rain,1,Passenger,HIGH,4,0,745.2,1
SIM000146,12206,KGP,SER,3,5,9,0.94,1,Heavy Rain,2,Crew,HIGH,0,0,3.0,0
SIM000147,12045,BSP,SECR,18,6,8,0.35,0,Fog,2,Signal,HIGH,1,0,42.0,1
SIM000148,12117,BPL,WCR,42,6,6,0.44,1,Rain,1,Infrastructure,HIGH,3,2,305.1,1
SIM000149,12213,ADI,WR,31,6,12,0.95,1,Clear,0,Infrastructure,HIGH,3,2,155.0,0
SIM000150,12172,MAS,SR,40,9,12,0.8,1,Heavy Rain,2,Rolling Stock,HIGH,3,0,302.3,0
SIM000151,12036,KGP,SER,33,5,9,0.13,1,Heavy Rain,2,Signal,HIGH,3,0,181.5,1
SIM000152,12007,COR,WCR,40,5,8,0.42,1,Heavy Rain,2,Signal,MEDIUM,3,0,252.7,1
SIM000153,12079,KGP,SER,47,5,9,1.02,1,Clear,0,Signal,HIGH,3,0,298.1,1
SIM000154,12178,MAS,SR,12,9,12,0.4,1,Clear,0,Infrastructure,HIGH,0,0,12.0,0
SIM000155,12067,BSP,SECR,92,6,8,0.76,0,Clear,0,Operational,HIGH,6,0,2740.1,1
SIM000156,12239,BZA,SCR,33,5,10,0.13,1,Clear,0,Crew,HIGH,3,0,196.6,1
SIM000157,12282,NGP,CR,35,7,8,0.56,1,Rain,1,Rolling Stock,HIGH,3,2,218.0,1
SIM000158,12257,MAO,KR,30,3,5,0.83,1,Clear,0,Passenger,MEDIUM,2,2,144.8,1
SIM000159,12020,PRYJ,NCR,10,6,10,0.85,1,Clear,0,Weather,HIGH,0,0,10.0,0
SIM000160,12100,PUNE,CR,59,5,6,0.96,1,Clear,0,Rolling Stock,HIGH,4,0,807.3,1
SIM000161,12027,RTM,WR,29,4,6,0.33,1,Rain,1,Infrastructure,MEDIUM,2,0,111.4,1
SIM000162,12243,NDLS,NR,66,9,16,0.22,0,Clear,0,Operational,HIGH,5,0,1456.5,1
SIM000163,12267,GHY,NFR,79,4,6,0.33,0,Clear,0,Passenger,HIGH,5,0,1378.5,1
SIM000164,12311,TATA,SER,44,2,6,0.71,0,Clear,0,Signal,MEDIUM,3,0,216.3,1
SIM000165,12042,DURG,SECR,26,2,6,0.94,0,Clear,0,Crew,MEDIUM,2,0,66.2,0
SIM000166,12307,BSP,SECR,13,6,8,1.12,1,Rain,1,Infrastructure,HIGH,1,0,18.0,0
SIM000167,12240,MAS,SR,64,9,12,1.09,1,Clear,0,Passenger,HIGH,5,2,1185.1,0
SIM000168,12291,NJP,NFR,30,2,6,0.14,1,Clear,0,Passenger,MEDIUM,2,2,108.2,1
SIM000169,12166,RTM,WR,31,4,6,0.54,1,Rain,1,Infrastructure,MEDIUM,2,0,131.3,1
SIM000170,12115,BCT,WR,9,6,7,0.97,1,Clear,0,Operational,HIGH,0,0,9.0,0
SIM000171,12178,ERS,SR,45,3,5,0.6,1,Fog,2,Signal,MEDIUM,3,0,414.4,0
SIM000172,12145,COR,WCR,27,5,8,0.66,1,Clear,0,Passenger,MEDIUM,2,0,98.6,1
SIM000173,12005,KYN,CR,68,5,8,0.5,1,Clear,0,Rolling Stock,HIGH,5,2,1248.2,1
SIM000174,12204,KGP,SER,21,5,9,0.37,1,Clear,0,Crew,HIGH,1,0,50.1,1
SIM000175,12159,RTM,WR,1,4,6,0.44,1,Heavy Rain,2,Infrastructure,MEDIUM,0,0,1.0,0
SIM000176,12163,JHS,NCR,28,3,7,0.34,1,Clear,0,Weather,MEDIUM,2,2,136.1,1
SIM000177,12016,GHY,NFR,1,4,6,0.15,1,Storm,3,Weather,HIGH,0,0,1.0,0
SIM000178,12059,TVC,SR,59,5,5,1.04,0,Clear,0,Signal,HIGH,4,0,858.4,0
SIM000179,12031,UMB,NR,61,3,8,0.69,0,Heavy Rain,2,Passenger,MEDIUM,4,0,981.0,1
SIM000180,12062,UMB,NR,89,3,8,0.15,1,Clear,0,Infrastructure,MEDIUM,6,2,3557.5,1
SIM000181,12088,BBS,ECoR,25,6,6,0.21,1,Rain,1,Infrastructure,HIGH,2,0,80.6,1
SIM000182,12138,JP,NWR,50,6,7,0.31,1,Rain,1,Operational,HIGH,4,0,470.0,0
SIM000183,12181,GHY,NFR,15,4,6,1.13,1,Clear,0,Passenger,HIGH,1,0,28.4,1
SIM000184,12048,ADI,WR,16,6,12,0.71,1,Clear,0,Weather,HIGH,1,0,40.9,0
SIM000185,12071,AII,NWR,54,3,6,0.18,1,Clear,0,Passenger,MEDIUM,4,0,661.7,0
SIM000186,12094,DURG,SECR,23,2,6,0.54,1,Clear,0,Rolling Stock,MEDIUM,2,0,50.6,0
SIM000187,12316,MS,SR,25,2,10,0.85,1,Fog,2,Rolling Stock,MEDIUM,2,0,59.0,0
SIM000188,12230,TVC,SR,25,5,5,0.22,1,Clear,0,Signal,HIGH,2,0,68.6,0
SIM000189,12201,NJP,NFR,14,2,6,0.44,1,Clear,0,Signal,MEDIUM,1,0,21.9,0
SIM000190,12078,SC,SCR,33,7,10,0.41,1,Fog,2,Rolling Stock,HIGH,3,2,175.4,1
SIM000191,12057,KGP,SER,4,5,9,0.35,1,Clear,0,Crew,HIGH,0,0,4.0,0
SIM000192,12118,MAS,SR,31,9,12,0.7,0,Heavy Rain,2,Crew,HIGH,2,0,117.4,0
SIM000193,12233,HWH,ER,77,5,23,0.57,0,Storm,3,Crew,HIGH,5,0,2008.2,1
SIM000194,12197,MS,SR,84,2,10,0.33,1,Fog,2,Operational,MEDIUM,5,4,1893.2,0
SIM000195,12074,SC,SCR,1,7,10,1.21,1,Clear,0,Weather,HIGH,0,0,1.0,0
SIM000196,12107,MYS,SWR,19,2,5,0.37,1,Clear,0,Infrastructure,MEDIUM,1,0,36.1,0
SIM000197,12317,KGP,SER,72,5,9,0.26,0,Clear,0,Rolling Stock,HIGH,5,0,1231.8,1
SIM000198,12292,SC,SCR,19,7,10,0.62,0,Fog,2,Rolling Stock,HIGH,1,0,36.9,0
SIM000199,12079,DURG,SECR,58,2,6,0.51,1,Clear,0,Weather,MEDIUM,4,0,613.5,1
SIM000200,12212,NDLS,NR,1,9,16,0.91,1,Fog,2,Operational,HIGH,0,0,1.0,0
SIM000201,12107,SC,SCR,29,7,10,0.96,1,Rain,1,Passenger,HIGH,2,0,100.6,1
SIM000202,12049,ADI,WR,33,6,12,1.09,0,Clear,0,Operational,HIGH,3,0,181.7,1
SIM000203,12314,COR,WCR,1,5,8,0.4,0,Clear,0,Weather,MEDIUM,0,0,1.0,0
SIM000204,12164,BSP,SECR,4,6,8,1.27,0,Clear,0,Rolling Stock,HIGH,0,0,4.0,0
SIM000205,12082,GHY,NFR,11,4,6,1.0,0,Clear,0,Rolling Stock,HIGH,0,0,11.0,0
SIM000206,12182,COR,WCR,1,5,8,0.54,1,Clear,0,Rolling Stock,MEDIUM,0,0,1.0,0
SIM000207,12140,KGP,SER,28,5,9,0.82,1,Clear,0,Signal,HIGH,2,0,128.0,1
SIM000208,12224,COR,WCR,47,5,8,0.12,0,Fog,2,Passenger,MEDIUM,4,0,474.9,1
SIM000209,12284,SDAH,ER,19,3,20,0.97,0,Clear,0,Signal,HIGH,1,0,46.2,1
SIM000210,12298,SBC,SWR,7,4,10,0.64,0,Clear,0,Crew,HIGH,0,0,7.0,0
SIM000211,12154,R,SECR,5,3,7,0.77,0,Clear,0,Rolling Stock,MEDIUM,0,0,5.0,0
SIM000212,12198,LDH,NR,1,3,6,0.1,1,Clear,0,Weather,MEDIUM,0,0,1.0,0
SIM000213,12025,KYN,CR,44,5,8,0.81,1,Fog,2,Operational,HIGH,4,2,474.8,1
SIM000214,12212,PRYJ,NCR,1,6,10,0.49,1,Fog,2,Weather,HIGH,0,0,1.0,0
SIM000215,12211,JP,NWR,3,6,7,0.43,1,Fog,2,Infrastructure,HIGH,0,0,3.0,0
SIM000216,12289,DLI,NR,35,3,10,0.25,1,Clear,0,Infrastructure,HIGH,3,2,267.6,1
SIM000217,12137,SC,SCR,1,7,10,1.15,0,Rain,1,Rolling Stock,HIGH,0,0,1.0,0
SIM000218,12028,BPL,WCR,7,6,6,1.03,1,Clear,0,Operational,HIGH,0,0,7.0,0
SIM000219,12172,NDLS,NR,7,9,16,0.43,1,Clear,0,Infrastructure,HIGH,0,0,7.0,0
SIM000220,12059,TVC,SR,19,5,5,0.85,0,Fog,2,Infrastructure,HIGH,1,0,47.1,0
SIM000221,12097,BSL,CR,28,3,7,0.61,1,Clear,0,Infrastructure,MEDIUM,2,0,139.2,0
SIM000222,12172,MS,SR,11,2,10,0.61,1,Storm,3,Signal,MEDIUM,0,0,11.0,0
SIM000223,12030,CTC,ECoR,1,1,6,0.52,0,Clear,0,Signal,MEDIUM,0,0,1.0,0
SIM000224,12149,CTC,ECoR,57,1,6,0.31,1,Rain,1,Crew,MEDIUM,3,2,277.6,1
SIM000225,12084,DLI,NR,6,3,10,0.98,1,Storm,3,Infrastructure,HIGH,0,0,6.0,0
SIM000226,12317,MAS,SR,40,9,12,1.01,0,Clear,0,Infrastructure,HIGH,3,0,265.9,0
SIM000227,12199,MYS,SWR,54,2,5,0.9,1,Clear,0,Rolling Stock,MEDIUM,4,2,490.9,1
SIM000228,12041,PNBE,ECR,75,7,10,0.89,1,Clear,0,Rolling Stock,HIGH,5,2,1654.1,1
SIM000229,12042,HWH,ER,1,5,23,0.76,0,Clear,0,Operational,HIGH,0,0,1.0,0
SIM000230,12311,TATA,SER,1,2,6,0.84,0,Clear,0,Weather,MEDIUM,0,0,1.0,0
SIM000231,12307,NGP,CR,21,7,8,0.71,1,Heavy Rain,2,Passenger,HIGH,2,0,69.5,1
SIM000232,12203,PRYJ,NCR,1,6,10,0.25,1,Rain,1,Signal,HIGH,0,0,1.0,0
SIM000233,12222,R,SECR,23,3,7,0.55,1,Rain,1,Infrastructure,MEDIUM,2,0,61.3,1
SIM000234,12080,PRYJ,NCR,36,6,10,0.58,1,Clear,0,Signal,HIGH,3,0,265.4,1
SIM000235,12277,ASR,NR,41,4,6,0.89,0,Heavy Rain,2,Infrastructure,MEDIUM,3,0,244.4,0
SIM000236,12071,AII,NWR,37,3,6,0.9,1,Clear,0,Passenger,MEDIUM,3,0,204.2,0
SIM000237,12301,NDLS,NR,43,9,16,0.16,1,Clear,0,Operational,HIGH,4,2,409.4,1
SIM000238,12179,PNBE,ECR,8,7,10,0.17,1,Clear,0,Operational,HIGH,0,0,8.0,0
SIM000239,12042,DURG,SECR,21,2,6,0.5,0,Clear,0,Weather,MEDIUM,1,0,45.8,0
SIM000240,12007,AII,NWR,1,3,6,0.16,1,Clear,0,Crew,MEDIUM,0,0,1.0,0
SIM000241,12186,ADI,WR,20,6,12,0.84,1,Clear,0,Weather,HIGH,2,0,61.1,0
SIM000242,12149,CSMT,CR,18,8,18,1.05,1,Fog,2,Signal,HIGH,1,0,44.7,0
SIM000243,12070,JU,NWR,1,3,6,0.2,1,Fog,2,Infrastructure,MEDIUM,0,0,1.0,0
SIM000244,12118,JP,NWR,61,6,7,1.19,0,Storm,3,Signal,HIGH,5,0,1128.7,0
SIM000245,12024,SBC,SWR,44,4,10,0.79,1,Clear,0,Operational,HIGH,3,2,361.1,1
SIM000246,12262,SDAH,ER,41,3,20,0.56,1,Clear,0,Signal,HIGH,3,2,319.2,1
SIM000247,12247,ERS,SR,19,3,5,0.61,0,Clear,0,Weather,MEDIUM,1,0,43.3,0
SIM000248,12296,AGC,NCR,78,2,6,1.0,1,Storm,3,Weather,MEDIUM,5,2,1511.6,1
SIM000249,12276,TVC,SR,26,5,5,0.91,1,Clear,0,Signal,HIGH,2,2,109.4,0
SIM000250,12232,MAS,SR,28,9,12,0.52,0,Clear,0,Rolling Stock,HIGH,2,0,123.0,0
SIM000251,12209,SUR,CR,14,3,6,0.76,1,Clear,0,Infrastructure,MEDIUM,1,0,20.5,0
SIM000252,12156,PURI,ECoR,47,2,5,0.21,0,Clear,0,Weather,MEDIUM,4,0,293.9,1
SIM000253,12011,MLDT,ER,8,5,5,0.36,0,Clear,0,Rolling Stock,LOW,0,0,8.0,0
SIM000254,12009,PRYJ,NCR,28,6,10,1.3,0,Clear,0,Infrastructure,HIGH,2,0,115.9,1
SIM000255,12059,MAS,SR,9,9,12,1.21,0,Clear,0,Signal,HIGH,0,0,9.0,0
SIM000256,12023,ASR,NR,56,4,6,0.8,1,Clear,0,Operational,MEDIUM,4,2,789.1,1
SIM000257,12002,BSP,SECR,58,6,8,1.15,0,Heavy Rain,2,Signal,HIGH,4,0,798.0,1
SIM000258,12005,JP,NWR,34,6,7,0.72,1,Clear,0,Operational,HIGH,2,0,146.9,0
SIM000259,12034,CSMT,CR,27,8,18,0.68,1,Clear,0,Passenger,HIGH,2,0,119.7,1
SIM000260,12047,GHY,NFR,55,4,6,0.3,1,Clear,0,Operational,HIGH,4,2,482.3,1
SIM000261,12155,DLI,NR,55,3,10,0.33,1,Clear,0,Passenger,HIGH,4,0,721.8,1
SIM000262,12208,ASN,ER,13,4,8,0.56,1,Clear,0,Rolling Stock,MEDIUM,1,0,25.4,1
SIM000263,12243,NDLS,NR,58,9,16,0.64,0,Clear,0,Infrastructure,HIGH,5,0,959.1,1
SIM000264,12170,CSMT,CR,48,8,18,0.31,1,Fog,2,Operational,HIGH,3,2,504.0,1
SIM000265,12188,TATA,SER,1,2,6,0.2,1,Rain,1,Infrastructure,MEDIUM,0,0,1.0,0
SIM000266,12200,SBC,SWR,21,4,10,0.95,0,Storm,3,Passenger,HIGH,2,0,67.6,1
SIM000267,12012,MAO,KR,1,3,5,0.45,1,Clear,0,Rolling Stock,MEDIUM,0,0,1.0,0
SIM000268,12299,UMB,NR,2,3,8,0.99,1,Clear,0,Operational,MEDIUM,0,0,2.0,0
SIM000269,12056,AII,NWR,53,3,6,0.37,0,Storm,3,Weather,MEDIUM,4,0,750.3,0
SIM000270,12170,ASR,NR,75,4,6,0.79,1,Clear,0,Operational,MEDIUM,5,2,1875.4,1
SIM000271,12187,PRYJ,NCR,28,6,10,1.16,1,Clear,0,Signal,HIGH,2,0,96.3,1
SIM000272,12295,BSP,SECR,14,6,8,0.62,1,Clear,0,Infrastructure,HIGH,1,0,20.2,0
SIM000273,12042,HWH,ER,62,5,23,0.43,0,Clear,0,Operational,HIGH,4,0,1044.5,1
SIM000274,12221,PRYJ,NCR,10,6,10,0.42,0,Fog,2,Infrastructure,HIGH,0,0,10.0,0
SIM000275,12207,CSMT,CR,40,8,18,0.62,0,Clear,0,Operational,HIGH,3,0,317.1,1
SIM000276,12195,ASR,NR,1,4,6,0.55,0,Clear,0,Weather,MEDIUM,0,0,1.0,0
SIM000277,12067,ASN,ER,1,4,8,0.26,0,Clear,0,Infrastructure,MEDIUM,0,0,1.0,0
SIM000278,12036,KGP,SER,33,5,9,0.71,1,Heavy Rain,2,Signal,HIGH,2,0,103.5,1
SIM000279,12162,MAO,KR,49,3,5,0.68,1,Heavy Rain,2,Operational,MEDIUM,4,0,502.4,1
SIM000280,12199,MAS,SR,41,9,12,0.53,1,Clear,0,Signal,HIGH,3,2,271.4,0
SIM000281,12020,PUNE,CR,24,5,6,1.14,1,Clear,0,Signal,HIGH,2,0,81.4,0
SIM000282,12110,NDLS,NR,1,9,16,0.27,1,Clear,0,Infrastructure,HIGH,0,0,1.0,0
SIM000283,12033,CSMT,CR,28,8,18,1.22,0,Rain,1,Operational,HIGH,2,0,105.5,1
SIM000284,12162,TVC,SR,7,5,5,0.72,1,Clear,0,Passenger,HIGH,0,0,7.0,0
SIM000285,12123,SUR,CR,1,3,6,0.84,1,Clear,0,Crew,MEDIUM,0,0,1.0,0
SIM000286,12225,ASR,NR,27,4,6,0.23,0,Storm,3,Crew,MEDIUM,2,0,72.8,0
SIM000287,12266,SBC,SWR,24,4,10,0.63,1,Clear,0,Signal,HIGH,2,0,91.1,1
SIM000288,12006,COR,WCR,12,5,8,0.74,1,Clear,0,Operational,MEDIUM,1,0,18.7,0
SIM000289,12262,NGP,CR,55,7,8,1.05,1,Clear,0,Infrastructure,HIGH,4,2,781.0,1
SIM000290,12059,TVC,SR,54,5,5,0.69,0,Rain,1,Rolling Stock,HIGH,4,0,669.9,0
SIM000291,12152,JP,NWR,33,6,7,0.89,1,Rain,1,Operational,HIGH,3,0,190.9,0
SIM000292,12097,BSL,CR,22,3,7,0.53,1,Fog,2,Weather,MEDIUM,1,0,53.1,0
SIM000293,12288,RTM,WR,24,4,6,0.12,0,Clear,0,Signal,MEDIUM,2,0,73.6,1
SIM000294,12222,COR,WCR,33,5,8,0.14,1,Fog,2,Weather,MEDIUM,2,0,153.4,1
SIM000295,12055,MAS,SR,81,9,12,0.56,1,Rain,1,Infrastructure,HIGH,5,2,1938.9,0
SIM000296,12017,UMB,NR,67,3,8,0.51,0,Rain,1,Operational,MEDIUM,5,0,1245.3,1
SIM000297,12001,BCT,WR,59,6,7,1.11,1,Clear,0,Infrastructure,HIGH,4,4,1159.7,1
SIM000298,12271,KGP,SER,18,5,9,0.37,1,Clear,0,Passenger,HIGH,2,0,52.1,1
SIM000299,12178,ERS,SR,45,3,5,0.19,1,Fog,2,Signal,MEDIUM,4,0,450.4,0
SIM000300,12241,BBS,ECoR,44,6,6,0.6,1,Clear,0,Crew,HIGH,3,0,343.3,1
SIM000301,12107,VSKP,ECoR,59,5,8,0.6,1,Clear,0,Rolling Stock,HIGH,4,2,766.7,1
SIM000302,12312,VSKP,ECoR,1,5,8,0.65,0,Storm,3,Crew,HIGH,0,0,1.0,0
SIM000303,12186,MLDT,ER,33,5,5,0.56,1,Storm,3,Operational,LOW,2,0,136.2,1
SIM000304,12068,BPL,WCR,4,6,6,0.57,1,Fog,2,Weather,HIGH,0,0,4.0,0
SIM000305,12035,UBL,SWR,1,3,6,0.44,0,Clear,0,Crew,MEDIUM,0,0,1.0,0
SIM000306,12188,ROU,SER,26,3,5,0.64,1,Rain,1,Infrastructure,LOW,2,0,96.4,1
SIM000307,12272,NDLS,NR,9,9,16,0.2,0,Clear,0,Crew,HIGH,0,0,9.0,0
SIM000308,12138,TVC,SR,62,5,5,1.13,1,Clear,0,Operational,HIGH,4,0,842.3,0
SIM000309,12199,SC,SCR,1,7,10,0.99,1,Rain,1,Operational,HIGH,0,0,1.0,0
SIM000310,12270,NDLS,NR,23,9,16,0.67,1,Heavy Rain,2,Infrastructure,HIGH,2,0,67.6,1
SIM000311,12271,PNBE,ECR,17,7,10,0.66,1,Clear,0,Infrastructure,HIGH,1,0,34.9,0
SIM000312,12036,SC,SCR,9,7,10,0.81,1,Clear,0,Rolling Stock,HIGH,0,0,9.0,0
SIM000313,12102,BBS,ECoR,29,6,6,0.2,1,Storm,3,Weather,HIGH,2,2,100.3,0
SIM000314,12049,ADI,WR,50,6,12,0.66,0,Rain,1,Passenger,HIGH,3,0,397.9,1
SIM000315,12187,NDLS,NR,55,9,16,0.53,1,Clear,0,Infrastructure,HIGH,4,2,699.4,1
SIM000316,12226,NGP,CR,53,7,8,0.98,1,Clear,0,Weather,HIGH,4,2,608.4,1
SIM000317,12221,MFP,ECR,18,3,6,0.27,0,Storm,3,Operational,MEDIUM,1,0,45.1,1
SIM000318,12179,PRYJ,NCR,36,6,10,0.93,1,Rain,1,Signal,HIGH,3,0,188.7,1
SIM000319,12259,PNBE,ECR,28,7,10,1.11,1,Rain,1,Passenger,HIGH,2,2,130.8,1
SIM000320,12279,HYB,SCR,1,1,6,0.77,1,Clear,0,Crew,MEDIUM,0,0,1.0,0
SIM000321,12010,BSL,CR,30,3,7,0.56,1,Rain,1,Crew,MEDIUM,3,0,142.3,0
SIM000322,12085,NJP,NFR,16,2,6,0.28,0,Clear,0,Rolling Stock,MEDIUM,1,0,23.5,1
SIM000323,12311,TATA,SER,1,2,6,0.35,0,Clear,0,Weather,MEDIUM,0,0,1.0,0
SIM000324,12104,KGP,SER,72,5,9,0.21,1,Clear,0,Rolling Stock,HIGH,5,2,1293.8,1
SIM000325,12071,KYN,CR,6,5,8,1.23,1,Clear,0,Operational,HIGH,0,0,6.0,0
SIM000326,12048,JBP,WCR,48,4,7,0.75,1,Clear,0,Signal,HIGH,4,2,622.6,1
SIM000327,12276,SC,SCR,20,7,10,0.76,1,Clear,0,Operational,HIGH,2,0,55.3,0
SIM000328,12240,MAS,SR,67,9,12,0.16,1,Clear,0,Signal,HIGH,5,2,1231.0,0
SIM000329,12285,NJP,NFR,59,2,6,0.57,1,Fog,2,Rolling Stock,MEDIUM,4,0,530.0,1
SIM000330,12162,TPJ,SR,17,4,7,0.89,1,Clear,0,Signal,MEDIUM,1,0,28.8,0
SIM000331,12080,PRYJ,NCR,60,6,10,0.6,1,Clear,0,Operational,HIGH,4,0,799.4,1
SIM000332,12178,MAS,SR,36,9,12,0.84,1,Storm,3,Infrastructure,HIGH,3,0,198.2,0
SIM000333,12112,BPL,WCR,35,6,6,1.2,1,Clear,0,Weather,HIGH,2,0,182.6,1
SIM000334,12096,BPL,WCR,36,6,6,0.91,1,Clear,0,Crew,HIGH,3,0,218.2,1
SIM000335,12254,CTC,ECoR,49,1,6,0.75,0,Clear,0,Infrastructure,MEDIUM,3,0,150.9,0
SIM000336,12175,BPL,WCR,28,6,6,0.52,0,Rain,1,Signal,HIGH,2,0,139.7,1
SIM000337,12151,ST,WR,38,3,5,0.62,0,Clear,0,Infrastructure,MEDIUM,3,0,272.0,1
SIM000338,12163,PRYJ,NCR,56,6,10,0.49,1,Clear,0,Operational,HIGH,4,2,866.5,1
SIM000339,12207,DLI,NR,56,3,10,0.76,0,Clear,0,Rolling Stock,HIGH,4,0,602.1,1
SIM000340,12122,CSMT,CR,4,8,18,0.51,1,Fog,2,Infrastructure,HIGH,0,0,4.0,0
SIM000341,12059,MAS,SR,45,9,12,1.17,0,Rain,1,Weather,HIGH,4,0,420.9,0
SIM000342,12195,ASR,NR,1,4,6,0.25,0,Clear,0,Weather,MEDIUM,0,0,1.0,0
SIM000343,12035,UBL,SWR,81,3,6,0.77,0,Clear,0,Signal,MEDIUM,5,0,1769.2,1
SIM000344,12251,BSP,SECR,5,6,8,0.61,0,Clear,0,Operational,HIGH,0,0,5.0,0
SIM000345,12256,NDLS,NR,28,9,16,0.79,0,Clear,0,Operational,HIGH,2,0,99.2,1
SIM000346,12048,BZA,SCR,81,5,10,0.82,1,Fog,2,Weather,HIGH,5,4,2304.5,1
SIM000347,12018,SDAH,ER,33,3,20,0.52,0,Fog,2,Rolling Stock,HIGH,3,0,178.7,1
SIM000348,12275,NDLS,NR,32,9,16,1.02,0,Storm,3,Rolling Stock,HIGH,3,0,181.7,1
SIM000349,12223,BZA,SCR,16,5,10,0.49,1,Clear,0,Crew,HIGH,1,0,25.0,0
SIM000350,12239,BZA,SCR,24,5,10,0.3,1,Clear,0,Crew,HIGH,2,0,64.9,1
SIM000351,12297,R,SECR,7,3,7,0.26,1,Rain,1,Weather,MEDIUM,0,0,7.0,0
SIM000352,12061,NDLS,NR,2,9,16,0.58,1,Fog,2,Operational,HIGH,0,0,2.0,0
SIM000353,12303,SDAH,ER,47,3,20,1.1,1,Clear,0,Weather,HIGH,4,0,451.0,1
SIM000354,12184,BWN,ER,61,3,6,0.28,1,Clear,0,Signal,MEDIUM,5,2,1026.5,1
SIM000355,12279,MAS,SR,25,9,12,0.26,1,Rain,1,Rolling Stock,HIGH,2,0,74.1,0
SIM000356,12062,UMB,NR,89,3,8,0.94,1,Clear,0,Infrastructure,MEDIUM,6,2,3873.0,1
SIM000357,12249,KGP,SER,1,5,9,1.18,1,Clear,0,Infrastructure,HIGH,0,0,1.0,0
SIM000358,12222,R,SECR,23,3,7,0.46,1,Rain,1,Infrastructure,MEDIUM,2,0,69.4,1
SIM000359,12266,COR,WCR,53,5,8,0.9,1,Clear,0,Infrastructure,MEDIUM,4,2,689.7,1
SIM000360,12230,JP,NWR,95,6,7,0.63,1,Storm,3,Rolling Stock,HIGH,6,0,3610.3,0
SIM000361,12249,NJP,NFR,37,2,6,0.91,1,Clear,0,Weather,MEDIUM,3,2,197.6,1
SIM000362,12184,R,SECR,21,3,7,0.63,1,Clear,0,Infrastructure,MEDIUM,1,0,43.6,1
SIM000363,12020,PUNE,CR,24,5,6,0.43,1,Clear,0,Signal,HIGH,2,0,100.3,1
SIM000364,12273,AGC,NCR,15,2,6,0.69,1,Clear,0,Crew,MEDIUM,1,0,22.3,0
SIM000365,12074,MYS,SWR,16,2,5,0.9,1,Clear,0,Signal,MEDIUM,0,0,16.0,0
SIM000366,12182,RTM,WR,1,4,6,0.31,1,Fog,2,Signal,MEDIUM,0,0,1.0,0
SIM000367,12167,NGP,CR,40,7,8,0.6,0,Storm,3,Signal,HIGH,3,0,323.4,1
SIM000368,12272,VSKP,ECoR,64,5,8,1.17,0,Clear,0,Operational,HIGH,4,0,872.5,1
SIM000369,12237,ROU,SER,8,3,5,0.13,1,Clear,0,Passenger,LOW,0,0,8.0,0
SIM000370,12235,CSMT,CR,56,8,18,0.73,1,Rain,1,Signal,HIGH,4,0,805.0,1
SIM000371,12089,R,SECR,4,3,7,0.31,1,Clear,0,Infrastructure,MEDIUM,0,0,4.0,0
SIM000372,12127,GHY,NFR,25,4,6,0.78,1,Clear,0,Infrastructure,HIGH,2,0,68.4,1
SIM000373,12156,PURI,ECoR,37,2,5,0.21,0,Heavy Rain,2,Passenger,MEDIUM,3,0,139.0,1
SIM000374,12091,NDLS,NR,47,9,16,0.38,0,Clear,0,Crew,HIGH,3,0,368.4,1
SIM000375,12078,MAS,SR,35,9,12,0.81,1,Clear,0,Signal,HIGH,3,2,237.9,0
SIM000376,12242,PRYJ,NCR,91,6,10,0.87,1,Clear,0,Rolling Stock,HIGH,6,2,2622.6,1
SIM000377,12121,BZA,SCR,44,5,10,0.33,0,Clear,0,Crew,HIGH,3,0,375.5,1
SIM000378,12246,LDH,NR,12,3,6,0.47,1,Heavy Rain,2,Signal,MEDIUM,0,0,12.0,0
SIM000379,12087,CSMT,CR,20,8,18,0.91,1,Clear,0,Signal,HIGH,1,0,48.3,0
SIM000380,12209,SUR,CR,54,3,6,0.2,1,Rain,1,Crew,MEDIUM,4,2,735.8,1
SIM000381,12254,CTC,ECoR,10,1,6,0.52,0,Clear,0,Passenger,MEDIUM,0,0,10.0,0
SIM000382,12183,NDLS,NR,66,9,16,0.88,1,Rain,1,Operational,HIGH,4,4,1286.7,1
SIM000383,12060,ADI,WR,16,6,12,1.1,1,Rain,1,Passenger,HIGH,1,0,43.3,0
SIM000384,12169,MFP,ECR,57,3,6,0.11,0,Clear,0,Operational,MEDIUM,4,0,698.2,1
SIM000385,12147,KYN,CR,28,5,8,1.22,0,Fog,2,Signal,HIGH,2,0,104.4,1
SIM000386,12098,HWH,ER,75,5,23,0.36,0,Clear,0,Signal,HIGH,5,0,1794.9,1
SIM000387,12102,KYN,CR,70,5,8,1.22,1,Clear,0,Weather,HIGH,5,4,1826.2,1
SIM000388,12248,NJP,NFR,36,2,6,0.38,1,Clear,0,Weather,MEDIUM,2,2,153.0,1
SIM000389,12317,BBS,ECoR,12,6,6,1.22,0,Clear,0,Passenger,HIGH,1,0,17.4,0
SIM000390,12184,ROU,SER,24,3,5,0.47,1,Fog,2,Passenger,LOW,2,0,99.8,1
SIM000391,12013,MDU,SR,7,4,6,0.9,1,Clear,0,Passenger,MEDIUM,0,0,7.0,0
SIM000392,12124,SBC,SWR,23,4,10,0.87,1,Clear,0,Passenger,HIGH,2,0,88.4,1
SIM000393,12004,BCT,WR,79,6,7,0.87,1,Clear,0,Rolling Stock,HIGH,5,2,2099.6,1
SIM000394,12312,BCT,WR,54,6,7,0.9,0,Clear,0,Signal,HIGH,4,0,653.2,1
SIM000395,12110,SDAH,ER,30,3,20,0.29,1,Clear,0,Operational,HIGH,2,0,119.7,1
SIM000396,12066,VSKP,ECoR,1,5,8,0.7,1,Rain,1,Weather,HIGH,0,0,1.0,0
SIM000397,12219,VSKP,ECoR,14,5,8,0.54,1,Clear,0,Signal,HIGH,1,0,25.2,1
SIM000398,12310,COR,WCR,8,5,8,0.53,1,Rain,1,Infrastructure,MEDIUM,0,0,8.0,0
SIM000399,12243,PRYJ,NCR,28,6,10,1.13,0,Clear,0,Crew,HIGH,2,0,71.3,1
SIM000400,12257,SBC,SWR,79,4,10,0.93,1,Rain,1,Weather,HIGH,5,2,1978.3,1
SIM000401,12315,HWH,ER,18,5,23,0.97,1,Clear,0,Infrastructure,HIGH,1,0,33.5,0
SIM000402,12224,JBP,WCR,1,4,7,0.77,0,Rain,1,Signal,HIGH,0,0,1.0,0
SIM000403,12211,JP,NWR,6,6,7,0.44,1,Clear,0,Operational,HIGH,0,0,6.0,0
SIM000404,12280,NDLS,NR,47,9,16,0.6,0,Clear,0,Operational,HIGH,3,0,432.8,1
SIM000405,12308,ADI,WR,24,6,12,0.76,0,Rain,1,Rolling Stock,HIGH,2,0,89.6,0
SIM000406,12053,JP,NWR,62,6,7,1.17,1,Clear,0,Passenger,HIGH,4,0,1071.1,0
SIM000407,12100,SDAH,ER,29,3,20,1.05,1,Clear,0,Rolling Stock,HIGH,2,0,130.1,1
SIM000408,12140,HYB,SCR,21,1,6,0.31,1,Clear,0,Rolling Stock,MEDIUM,1,0,32.7,0
SIM000409,12117,SDAH,ER,31,3,20,0.3,1,Heavy Rain,2,Infrastructure,HIGH,3,2,148.4,1
SIM000410,12008,UBL,SWR,5,3,6,0.96,0,Clear,0,Rolling Stock,MEDIUM,0,0,5.0,0
SIM000411,12212,SDAH,ER,89,3,20,0.4,1,Storm,3,Operational,HIGH,5,4,3385.0,1
SIM000412,12092,JP,NWR,25,6,7,1.08,0,Clear,0,Infrastructure,HIGH,2,0,99.5,0
SIM000413,12153,SC,SCR,48,7,10,0.74,1,Clear,0,Infrastructure,HIGH,3,2,352.3,1
SIM000414,12195,NDLS,NR,46,9,16,0.97,0,Storm,3,Operational,HIGH,3,0,447.5,1
SIM000415,12270,PNBE,ECR,42,7,10,0.97,1,Rain,1,Weather,HIGH,3,2,370.6,1
SIM000416,12075,BPL,WCR,1,6,6,0.66,1,Clear,0,Weather,HIGH,0,0,1.0,0
SIM000417,12130,BBS,ECoR,1,6,6,1.07,0,Clear,0,Rolling Stock,HIGH,0,0,1.0,0
SIM000418,12237,JBP,WCR,38,4,7,0.84,1,Rain,1,Signal,HIGH,3,2,253.4,1
SIM000419,12008,MAO,KR,27,3,5,0.83,0,Clear,0,Crew,MEDIUM,3,0,120.8,1
SIM000420,12002,CSMT,CR,14,8,18,0.25,0,Rain,1,Rolling Stock,HIGH,1,0,29.1,0
SIM000421,12290,ERS,SR,85,3,5,0.91,1,Clear,0,Weather,MEDIUM,5,4,2706.9,0
SIM000422,12139,VSKP,ECoR,64,5,8,0.78,1,Clear,0,Operational,HIGH,5,2,1088.4,1
SIM000423,12228,TVC,SR,40,5,5,1.21,1,Clear,0,Crew,HIGH,3,2,383.1,0
SIM000424,12228,JP,NWR,5,6,7,0.98,1,Clear,0,Weather,HIGH,0,0,5.0,0
SIM000425,12154,NGP,CR,53,7,8,0.83,0,Rain,1,Weather,HIGH,4,0,594.0,1
SIM000426,12116,ASN,ER,27,4,8,0.9,1,Clear,0,Operational,MEDIUM,2,2,115.8,1
SIM000427,12021,UBL,SWR,27,3,6,0.72,1,Clear,0,Weather,MEDIUM,2,0,95.7,1
SIM000428,12232,BZA,SCR,1,5,10,1.14,0,Clear,0,Crew,HIGH,0,0,1.0,0
SIM000429,12123,CSMT,CR,19,8,18,1.09,1,Clear,0,Weather,HIGH,1,0,43.0,0
SIM000430,12296,PRYJ,NCR,49,6,10,0.37,1,Rain,1,Crew,HIGH,4,2,451.1,1
SIM000431,12010,SC,SCR,25,7,10,0.52,1,Clear,0,Passenger,HIGH,2,0,111.8,1
SIM000432,12221,JHS,NCR,4,3,7,0.95,0,Clear,0,Signal,MEDIUM,0,0,4.0,0
SIM000433,12117,BPL,WCR,35,6,6,0.36,1,Rain,1,Signal,HIGH,2,2,205.2,1
SIM000434,12302,DHN,ECR,39,4,7,0.45,1,Clear,0,Signal,MEDIUM,3,2,358.2,1
SIM000435,12050,ADI,WR,58,6,12,1.04,0,Clear,0,Rolling Stock,HIGH,4,0,728.2,1
SIM000436,12137,ERS,SR,89,3,5,0.53,0,Clear,0,Signal,MEDIUM,5,0,2490.9,0
SIM000437,12031,LDH,NR,1,3,6,0.84,0,Fog,2,Rolling Stock,MEDIUM,0,0,1.0,0
SIM000438,12017,LDH,NR,1,3,6,0.56,0,Clear,0,Signal,MEDIUM,0,0,1.0,0
SIM000439,12265,TATA,SER,1,2,6,0.4,1,Clear,0,Operational,MEDIUM,0,0,1.0,0
SIM000440,12256,NDLS,NR,46,9,16,1.05,0,Clear,0,Operational,HIGH,3,0,364.9,1
SIM000441,12220,HWH,ER,1,5,23,0.87,1,Clear,0,Infrastructure,HIGH,0,0,1.0,0
SIM000442,12169,GHY,NFR,7,4,6,0.87,0,Clear,0,Weather,HIGH,0,0,7.0,0
SIM000443,12266,SBC,SWR,28,4,10,0.42,1,Storm,3,Rolling Stock,HIGH,2,0,120.6,1
SIM000444,12026,LDH,NR,31,3,6,0.2,1,Clear,0,Operational,MEDIUM,3,0,185.5,0
SIM000445,12138,ADI,WR,47,6,12,0.35,1,Clear,0,Crew,HIGH,4,0,406.5,1
SIM000446,12206,KGP,SER,30,5,9,0.66,1,Clear,0,Operational,HIGH,2,0,105.4,1
SIM000447,12145,COR,WCR,8,5,8,0.53,1,Rain,1,Operational,MEDIUM,0,0,8.0,0
SIM000448,12178,MAS,SR,36,9,12,1.08,1,Storm,3,Infrastructure,HIGH,3,0,235.6,0
SIM000449,12110,NDLS,NR,1,9,16,0.83,1,Clear,0,Infrastructure,HIGH,0,0,1.0,0
SIM000450,12284,SDAH,ER,25,3,20,0.16,0,Clear,0,Signal,HIGH,2,0,92.0,1
SIM000451,12275,ASR,NR,74,4,6,0.78,0,Clear,0,Rolling Stock,MEDIUM,5,0,1647.7,1
SIM000452,12056,JP,NWR,31,6,7,0.7,0,Clear,0,Weather,HIGH,3,0,162.9,0
SIM000453,12297,BSP,SECR,36,6,8,0.42,1,Clear,0,Signal,HIGH,3,2,266.3,1
SIM000454,12183,NDLS,NR,67,9,16,0.57,1,Clear,0,Infrastructure,HIGH,5,4,1500.9,1
SIM000455,12171,PUNE,CR,30,5,6,0.57,1,Clear,0,Infrastructure,HIGH,2,0,102.6,0
SIM000456,12247,ERS,SR,19,3,5,0.34,0,Clear,0,Weather,MEDIUM,1,0,45.4,0
SIM000457,12234,PRYJ,NCR,40,6,10,0.2,1,Clear,0,Weather,HIGH,3,2,325.3,1
SIM000458,12298,SUR,CR,23,3,6,0.73,0,Clear,0,Weather,MEDIUM,1,0,57.6,0
SIM000459,12278,MYS,SWR,39,2,5,0.18,1,Clear,0,Signal,MEDIUM,3,0,190.5,1
SIM000460,12148,ADI,WR,63,6,12,0.51,1,Clear,0,Infrastructure,HIGH,4,2,1036.4,1
SIM000461,12008,UBL,SWR,18,3,6,0.3,0,Heavy Rain,2,Signal,MEDIUM,1,0,34.4,1
SIM000462,12216,BPL,WCR,3,6,6,0.39,1,Clear,0,Infrastructure,HIGH,0,0,3.0,0
SIM000463,12262,NGP,CR,9,7,8,0.66,1,Clear,0,Passenger,HIGH,0,0,9.0,0
SIM000464,12061,VSKP,ECoR,29,5,8,0.31,1,Clear,0,Signal,HIGH,3,2,153.4,1
SIM000465,12253,GKP,NER,33,5,10,0.58,1,Clear,0,Operational,HIGH,3,2,182.7,1
SIM000466,12215,JP,NWR,18,6,7,0.33,0,Storm,3,Infrastructure,HIGH,2,0,48.5,0
SIM000467,12142,HWH,ER,1,5,23,0.52,1,Rain,1,Weather,HIGH,0,0,1.0,0
SIM000468,12139,BZA,SCR,14,5,10,1.28,1,Clear,0,Infrastructure,HIGH,1,0,35.4,1
SIM000469,12234,NDLS,NR,12,9,16,0.73,1,Rain,1,Signal,HIGH,1,0,17.8,0
SIM000470,12053,DHN,ECR,51,4,7,0.58,1,Heavy Rain,2,Infrastructure,MEDIUM,4,0,519.3,1
SIM000471,12212,JHS,NCR,52,3,7,0.88,1,Clear,0,Crew,MEDIUM,4,2,538.6,1
SIM000472,12236,KGP,SER,41,5,9,0.5,1,Clear,0,Passenger,HIGH,3,2,319.3,1
SIM000473,12177,KGP,SER,79,5,9,0.9,1,Clear,0,Crew,HIGH,5,2,2166.6,1
SIM000474,12062,NDLS,NR,46,9,16,1.16,1,Rain,1,Rolling Stock,HIGH,3,2,477.0,1
SIM000475,12044,PRYJ,NCR,37,6,10,0.24,1,Heavy Rain,2,Weather,HIGH,3,2,206.1,1
SIM000476,12162,KYN,CR,61,5,8,0.91,1,Rain,1,Operational,HIGH,4,0,856.2,1
SIM000477,12159,AII,NWR,27,3,6,0.75,1,Clear,0,Infrastructure,MEDIUM,2,0,103.5,0
SIM000478,12077,NGP,CR,1,7,8,1.16,0,Clear,0,Operational,HIGH,0,0,1.0,0
SIM000479,12091,NDLS,NR,14,9,16,0.94,0,Clear,0,Passenger,HIGH,1,0,22.2,0
SIM000480,12016,NJP,NFR,58,2,6,0.71,1,Clear,0,Signal,MEDIUM,4,0,677.2,1
SIM000481,12251,R,SECR,22,3,7,0.94,0,Clear,0,Weather,MEDIUM,2,0,71.5,1
SIM000482,12181,NJP,NFR,32,2,6,0.28,1,Clear,0,Passenger,MEDIUM,2,0,126.7,1
SIM000483,12296,AGC,NCR,39,2,6,0.46,1,Heavy Rain,2,Operational,MEDIUM,3,2,159.3,1
SIM000484,12035,MAO,KR,48,3,5,0.49,0,Clear,0,Crew,MEDIUM,3,0,402.7,1
SIM000485,12040,PUNE,CR,7,5,6,1.16,1,Rain,1,Operational,HIGH,0,0,7.0,0
SIM000486,12297,JBP,WCR,10,4,7,0.41,1,Fog,2,Operational,HIGH,0,0,10.0,0
SIM000487,12287,KYN,CR,3,5,8,0.45,1,Clear,0,Operational,HIGH,0,0,3.0,0
SIM000488,12262,NDLS,NR,80,9,16,1.05,1,Clear,0,Infrastructure,HIGH,5,2,2445.0,1
SIM000489,12136,VSKP,ECoR,36,5,8,0.35,1,Rain,1,Signal,HIGH,3,0,209.0,1
SIM000490,12239,BZA,SCR,24,5,10,0.37,1,Clear,0,Crew,HIGH,2,0,85.1,1
SIM000491,12255,HWH,ER,9,5,23,0.84,1,Clear,0,Operational,HIGH,0,0,9.0,0
SIM000492,12032,RTM,WR,37,4,6,0.54,1,Rain,1,Weather,MEDIUM,3,0,201.5,1
SIM000493,12105,KYN,CR,24,5,8,0.27,1,Clear,0,Infrastructure,HIGH,2,0,98.2,1
SIM000494,12103,BZA,SCR,2,5,10,0.37,0,Clear,0,Passenger,HIGH,0,0,2.0,0
SIM000495,12274,NDLS,NR,29,9,16,0.86,1,Clear,0,Rolling Stock,HIGH,2,0,119.6,1
SIM000496,12170,ASR,NR,1,4,6,0.27,1,Heavy Rain,2,Operational,MEDIUM,0,0,1.0,0
SIM000497,12296,PRYJ,NCR,38,6,10,0.54,1,Clear,0,Operational,HIGH,3,2,216.0,1
SIM000498,12195,ASR,NR,1,4,6,0.41,0,Clear,0,Weather,MEDIUM,0,0,1.0,0
SIM000499,12179,PRYJ,NCR,19,6,10,1.12,1,Fog,2,Signal,HIGH,1,0,36.6,1
SIM000500,12113,MAS,SR,25,9,12,0.68,1,Clear,0,Weather,HIGH,2,0,95.7,0
SIM000501,12199,MYS,SWR,49,2,5,0.95,1,Clear,0,Signal,MEDIUM,4,2,398.3,1
SIM000502,12172,MAS,SR,46,9,12,1.08,1,Clear,0,Rolling Stock,HIGH,4,0,411.1,0
SIM000503,12200,JHS,NCR,74,3,7,0.65,0,Rain,1,Infrastructure,MEDIUM,5,0,1547.5,1
SIM000504,12123,SC,SCR,1,7,10,1.2,1,Clear,0,Infrastructure,HIGH,0,0,1.0,0
SIM000505,12193,KGP,SER,19,5,9,0.3,1,Clear,0,Rolling Stock,HIGH,1,0,45.8,1
SIM000506,12206,KGP,SER,3,5,9,0.94,1,Heavy Rain,2,Crew,HIGH,0,0,3.0,0
SIM000507,12268,NGP,CR,54,7,8,0.8,1,Clear,0,Passenger,HIGH,4,2,797.8,1
SIM000508,12209,SUR,CR,7,3,6,0.5,1,Clear,0,Weather,MEDIUM,0,0,7.0,0
SIM000509,12042,HWH,ER,62,5,23,0.84,0,Clear,0,Signal,HIGH,4,0,880.7,1
SIM000510,12141,BCT,WR,50,6,7,0.88,0,Storm,3,Weather,HIGH,4,0,600.7,1
SIM000511,12139,BZA,SCR,14,5,10,1.06,1,Clear,0,Infrastructure,HIGH,1,0,19.9,0
SIM000512,12158,SBC,SWR,16,4,10,0.21,1,Fog,2,Passenger,HIGH,0,0,16.0,0
SIM000513,12164,BSP,SECR,16,6,8,0.24,0,Clear,0,Weather,HIGH,1,0,32.5,1
SIM000514,12208,PNBE,ECR,41,7,10,0.52,1,Clear,0,Operational,HIGH,3,2,295.3,1
SIM000515,12196,NGP,CR,30,7,8,1.17,1,Clear,0,Signal,HIGH,3,2,166.5,1
SIM000516,12296,AGC,NCR,24,2,6,0.71,1,Clear,0,Weather,MEDIUM,2,0,54.2,0
SIM000517,12291,MLDT,ER,59,5,5,0.4,1,Storm,3,Rolling Stock,LOW,4,2,968.0,1
SIM000518,12210,KYN,CR,18,5,8,0.65,1,Clear,0,Weather,HIGH,1,0,42.4,1
SIM000519,12253,GHY,NFR,1,4,6,0.87,1,Clear,0,Crew,HIGH,0,0,1.0,0
SIM000520,12014,GHY,NFR,13,4,6,1.02,0,Clear,0,Signal,HIGH,1,0,19.6,1
SIM000521,12207,CSMT,CR,57,8,18,1.24,0,Rain,1,Passenger,HIGH,4,0,825.1,1
SIM000522,12262,NGP,CR,15,7,8,0.23,1,Rain,1,Weather,HIGH,1,0,20.9,0
SIM000523,12234,PRYJ,NCR,1,6,10,0.62,1,Fog,2,Signal,HIGH,0,0,1.0,0
SIM000524,12106,MAS,SR,8,9,12,0.26,1,Rain,1,Operational,HIGH,0,0,8.0,0
SIM000525,12083,BBS,ECoR,51,6,6,0.61,1,Clear,0,Signal,HIGH,3,2,371.0,1
SIM000526,12010,CSMT,CR,35,8,18,0.57,1,Clear,0,Rolling Stock,HIGH,3,0,206.5,1
SIM000527,12028,JP,NWR,1,6,7,0.88,1,Clear,0,Weather,HIGH,0,0,1.0,0
SIM000528,12297,GHY,NFR,37,4,6,0.52,1,Rain,1,Signal,HIGH,3,2,234.5,1
SIM000529,12216,BPL,WCR,3,6,6,0.61,1,Clear,0,Infrastructure,HIGH,0,0,3.0,0
SIM000530,12295,BSP,SECR,43,6,8,0.18,1,Clear,0,Crew,HIGH,3,0,296.4,1
SIM000531,12130,JP,NWR,20,6,7,0.81,0,Heavy Rain,2,Signal,HIGH,1,0,41.7,0
SIM000532,12241,BBS,ECoR,32,6,6,0.64,1,Clear,0,Weather,HIGH,2,0,135.4,1
SIM000533,12122,HYB,SCR,65,1,6,0.17,1,Storm,3,Infrastructure,MEDIUM,4,4,337.7,1
SIM000534,12062,UMB,NR,25,3,8,0.61,1,Clear,0,Crew,MEDIUM,2,0,102.9,0
SIM000535,12031,LDH,NR,37,3,6,0.9,0,Clear,0,Passenger,MEDIUM,3,0,196.3,0
SIM000536,12263,SBC,SWR,1,4,10,0.92,0,Clear,0,Operational,HIGH,0,0,1.0,0
SIM000537,12006,COR,WCR,42,5,8,0.53,1,Clear,0,Crew,MEDIUM,3,0,371.6,1
SIM000538,12116,ASN,ER,32,4,8,0.22,1,Storm,3,Weather,MEDIUM,3,2,149.2,1
SIM000539,12051,JBP,WCR,16,4,7,0.38,1,Rain,1,Weather,HIGH,1,0,30.6,1
SIM000540,12006,GKP,NER,4,5,10,0.34,1,Clear,0,Weather,HIGH,0,0,4.0,0
SIM000541,12279,KGP,SER,37,5,9,0.35,1,Rain,1,Operational,HIGH,3,2,259.1,1
SIM000542,12078,MAS,SR,42,9,12,1.29,1,Clear,0,Crew,HIGH,3,2,396.6,0
SIM000543,12109,NGP,CR,69,7,8,0.75,1,Clear,0,Infrastructure,HIGH,5,2,1465.4,1
SIM000544,12287,KYN,CR,7,5,8,1.15,1,Heavy Rain,2,Crew,HIGH,0,0,7.0,0
SIM000545,12173,MYS,SWR,58,2,5,0.66,1,Clear,0,Passenger,MEDIUM,4,0,541.7,1
SIM000546,12006,GKP,NER,62,5,10,0.32,1,Clear,0,Signal,HIGH,5,2,713.0,1
SIM000547,12116,BSP,SECR,31,6,8,1.03,1,Clear,0,Signal,HIGH,2,2,134.9,1
SIM000548,12110,NDLS,NR,1,9,16,1.17,1,Clear,0,Infrastructure,HIGH,0,0,1.0,0
SIM000549,12255,KGP,SER,29,5,9,0.4,1,Heavy Rain,2,Operational,HIGH,2,0,110.7,1
SIM000550,12023,NDLS,NR,7,9,16,1.07,1,Clear,0,Infrastructure,HIGH,0,0,7.0,0
SIM000551,12229,GHY,NFR,32,4,6,0.82,1,Clear,0,Crew,HIGH,2,2,148.7,1
SIM000552,12237,JBP,WCR,38,4,7,1.18,1,Rain,1,Signal,HIGH,3,2,271.4,1
SIM000553,12085,SDAH,ER,27,3,20,1.15,0,Clear,0,Operational,HIGH,2,0,104.0,1
SIM000554,12015,SC,SCR,33,7,10,0.21,1,Clear,0,Signal,HIGH,3,2,158.1,1
SIM000555,12282,BBS,ECoR,12,6,6,1.06,1,Clear,0,Signal,HIGH,0,0,12.0,0
SIM000556,12141,NGP,CR,32,7,8,0.41,0,Rain,1,Infrastructure,HIGH,2,0,148.7,1
SIM000557,12224,COR,WCR,44,5,8,0.59,0,Fog,2,Rolling Stock,MEDIUM,4,0,409.7,1
SIM000558,12224,JBP,WCR,21,4,7,0.51,0,Clear,0,Infrastructure,HIGH,2,0,58.8,1
SIM000559,12135,DURG,SECR,1,2,6,0.39,1,Clear,0,Operational,MEDIUM,0,0,1.0,0
SIM000560,12198,NDLS,NR,31,9,16,0.79,1,Clear,0,Infrastructure,HIGH,3,0,151.5,1
SIM000561,12008,UBL,SWR,32,3,6,0.6,0,Clear,0,Rolling Stock,MEDIUM,2,0,163.8,1
SIM000562,12304,MAS,SR,40,9,12,1.0,1,Fog,2,Operational,HIGH,3,2,233.4,0
SIM000563,12195,ASR,NR,18,4,6,0.87,0,Clear,0,Crew,MEDIUM,1,0,43.3,0
SIM000564,12032,SBC,SWR,39,4,10,1.2,1,Storm,3,Infrastructure,HIGH,3,0,238.2,1
SIM000565,12119,BZA,SCR,1,5,10,0.14,1,Rain,1,Weather,HIGH,0,0,1.0,0
SIM000566,12073,VSKP,ECoR,4,5,8,0.44,1,Clear,0,Crew,HIGH,0,0,4.0,0
SIM000567,12162,MDU,SR,53,4,6,0.8,1,Clear,0,Rolling Stock,MEDIUM,4,0,636.0,0
SIM000568,12098,HWH,ER,7,5,23,0.18,0,Clear,0,Signal,HIGH,0,0,7.0,0
SIM000569,12109,DLI,NR,44,3,10,1.26,1,Rain,1,Crew,HIGH,3,0,360.9,1
SIM000570,12192,ADI,WR,60,6,12,0.69,1,Clear,0,Crew,HIGH,4,2,836.6,1
SIM000571,12133,JP,NWR,19,6,7,0.63,1,Fog,2,Rolling Stock,HIGH,1,0,40.0,0
SIM000572,12055,MAS,SR,43,9,12,0.61,1,Rain,1,Weather,HIGH,4,0,385.2,0
SIM000573,12075,JP,NWR,41,6,7,0.26,1,Fog,2,Passenger,HIGH,3,0,302.2,0
SIM000574,12021,MYS,SWR,17,2,5,0.92,1,Clear,0,Infrastructure,MEDIUM,1,0,24.8,0
SIM000575,12162,TPJ,SR,1,4,7,0.52,1,Clear,0,Signal,MEDIUM,0,0,1.0,0
SIM000576,12259,GKP,NER,41,5,10,0.48,1,Clear,0,Signal,HIGH,3,2,286.6,1
SIM000577,12192,GHY,NFR,29,4,6,0.7,1,Clear,0,Infrastructure,HIGH,2,0,95.2,1
SIM000578,12046,GKP,NER,42,5,10,1.22,0,Rain,1,Infrastructure,HIGH,3,0,267.3,1
SIM000579,12049,ADI,WR,22,6,12,0.82,0,Rain,1,Rolling Stock,HIGH,1,0,51.1,0
SIM000580,12136,CSMT,CR,3,8,18,0.35,1,Clear,0,Weather,HIGH,0,0,3.0,0
SIM000581,12105,KYN,CR,24,5,8,0.98,1,Clear,0,Infrastructure,HIGH,2,0,58.6,1
SIM000582,12058,NDLS,NR,4,9,16,1.07,0,Clear,0,Signal,HIGH,0,0,4.0,0
SIM000583,12297,GHY,NFR,37,4,6,0.78,1,Rain,1,Signal,HIGH,3,2,236.7,1
SIM000584,12275,PURI,ECoR,58,2,5,0.39,0,Clear,0,Infrastructure,MEDIUM,4,0,515.4,1
SIM000585,12317,VSKP,ECoR,3,5,8,0.9,0,Clear,0,Signal,HIGH,0,0,3.0,0
SIM000586,12210,JP,NWR,22,6,7,0.25,1,Clear,0,Signal,HIGH,2,0,79.7,0
SIM000587,12213,BCT,WR,41,6,7,0.46,1,Clear,0,Passenger,HIGH,3,2,389.1,1
SIM000588,12186,MLDT,ER,1,5,5,0.6,1,Storm,3,Operational,LOW,0,0,1.0,0
SIM000589,12043,CBE,SR,14,5,6,0.69,1,Clear,0,Rolling Stock,MEDIUM,1,0,19.9,0
SIM000590,12230,TVC,SR,16,5,5,0.17,1,Clear,0,Rolling Stock,HIGH,1,0,30.2,0
SIM000591,12119,BPL,WCR,49,6,6,0.85,1,Rain,1,Signal,HIGH,4,2,573.3,1
SIM000592,12085,NJP,NFR,28,2,6,0.37,0,Clear,0,Crew,MEDIUM,2,0,77.8,1
SIM000593,12127,MLDT,ER,47,5,5,0.47,1,Fog,2,Passenger,LOW,3,2,418.1,1
SIM000594,12073,NDLS,NR,1,9,16,0.32,1,Clear,0,Crew,HIGH,0,0,1.0,0
SIM000595,12191,JBP,WCR,69,4,7,0.21,0,Clear,0,Operational,HIGH,5,0,1306.3,1
SIM000596,12167,NGP,CR,80,7,8,0.69,0,Clear,0,Crew,HIGH,5,0,2106.5,1
SIM000597,12098,HWH,ER,7,5,23,0.6,0,Clear,0,Signal,HIGH,0,0,7.0,0
SIM000598,12315,HWH,ER,33,5,23,0.75,1,Clear,0,Operational,HIGH,3,2,190.1,1
SIM000599,12004,BBS,ECoR,1,6,6,0.74,1,Clear,0,Crew,HIGH,0,0,1.0,0
SIM000600,12284,SDAH,ER,19,3,20,0.85,0,Clear,0,Signal,HIGH,1,0,47.3,1
SIM000601,12048,BPL,WCR,54,6,6,0.89,1,Rain,1,Weather,HIGH,4,4,803.4,1
SIM000602,12232,MAS,SR,34,9,12,1.23,0,Clear,0,Passenger,HIGH,2,0,168.9,0
SIM000603,12114,SBC,SWR,10,4,10,0.7,0,Clear,0,Weather,HIGH,0,0,10.0,0
SIM000604,12235,CSMT,CR,39,8,18,0.35,1,Rain,1,Infrastructure,HIGH,3,0,239.6,1
SIM000605,12308,ADI,WR,20,6,12,0.29,0,Rain,1,Rolling Stock,HIGH,1,0,51.8,0
SIM000606,12105,PURI,ECoR,12,2,5,0.35,1,Clear,0,Rolling Stock,MEDIUM,0,0,12.0,0
SIM000607,12228,TVC,SR,1,5,5,1.08,1,Rain,1,Infrastructure,HIGH,0,0,1.0,0
SIM000608,12119,BZA,SCR,21,5,10,1.03,1,Fog,2,Rolling Stock,HIGH,2,0,61.3,1
SIM000609,12261,RTM,WR,47,4,6,0.7,1,Clear,0,Rolling Stock,MEDIUM,3,0,349.3,1
SIM000610,12080,NDLS,NR,43,9,16,1.07,1,Clear,0,Infrastructure,HIGH,4,0,374.9,1
SIM000611,12003,BBS,ECoR,24,6,6,0.65,0,Clear,0,Passenger,HIGH,2,0,74.1,1
SIM000612,12238,DLI,NR,19,3,10,0.76,0,Storm,3,Weather,HIGH,1,0,39.0,1
SIM000613,12099,KGP,SER,59,5,9,0.24,0,Clear,0,Rolling Stock,HIGH,4,0,794.9,1
SIM000614,12079,ERS,SR,1,3,5,0.14,1,Clear,0,Operational,MEDIUM,0,0,1.0,0
SIM000615,12071,SUR,CR,2,3,6,0.77,1,Clear,0,Rolling Stock,MEDIUM,0,0,2.0,0
SIM000616,12075,BPL,WCR,19,6,6,0.23,1,Clear,0,Rolling Stock,HIGH,1,0,41.4,1
SIM000617,12255,MAS,SR,26,9,12,1.12,1,Clear,0,Signal,HIGH,2,0,68.9,0
SIM000618,12113,VSKP,ECoR,35,5,8,0.91,1,Clear,0,Operational,HIGH,3,0,188.3,1
SIM000619,12034,SUR,CR,1,3,6,0.77,1,Rain,1,Crew,MEDIUM,0,0,1.0,0
SIM000620,12176,JBP,WCR,32,4,7,0.46,1,Clear,0,Signal,HIGH,3,0,164.9,1
SIM000621,12142,HWH,ER,45,5,23,0.24,1,Rain,1,Operational,HIGH,3,0,357.5,1
SIM000622,12094,BSP,SECR,1,6,8,1.07,1,Clear,0,Operational,HIGH,0,0,1.0,0
SIM000623,12303,HWH,ER,1,5,23,0.34,1,Clear,0,Signal,HIGH,0,0,1.0,0
SIM000624,12304,KGP,SER,39,5,9,0.32,1,Clear,0,Infrastructure,HIGH,3,2,285.5,1
SIM000625,12256,DLI,NR,30,3,10,0.64,0,Clear,0,Crew,HIGH,3,0,146.4,1
SIM000626,12262,NGP,CR,35,7,8,0.58,1,Clear,0,Passenger,HIGH,3,2,235.2,1
SIM000627,12125,NJP,NFR,54,2,6,0.93,1,Clear,0,Passenger,MEDIUM,4,2,472.8,1
SIM000628,12215,JP,NWR,18,6,7,0.54,0,Storm,3,Infrastructure,HIGH,1,0,42.8,0
SIM000629,12243,NDLS,NR,28,9,16,0.28,0,Fog,2,Signal,HIGH,2,0,96.5,1
SIM000630,12224,GHY,NFR,20,4,6,0.47,0,Rain,1,Signal,HIGH,1,0,49.6,1
SIM000631,12036,HWH,ER,20,5,23,0.3,1,Clear,0,Rolling Stock,HIGH,2,0,71.2,1
SIM000632,12118,TVC,SR,38,5,5,0.98,0,Rain,1,Weather,HIGH,3,0,274.0,0
SIM000633,12170,DLI,NR,32,3,10,0.84,1,Rain,1,Infrastructure,HIGH,3,2,187.3,1
SIM000634,12065,DLI,NR,26,3,10,0.91,0,Rain,1,Signal,HIGH,2,0,85.6,1
SIM000635,12282,BBS,ECoR,1,6,6,0.37,1,Clear,0,Crew,HIGH,0,0,1.0,0
SIM000636,12246,PRYJ,NCR,28,6,10,0.54,1,Clear,0,Infrastructure,HIGH,2,0,97.2,1
SIM000637,12040,JP,NWR,68,6,7,1.26,1,Clear,0,Signal,HIGH,5,0,1407.4,0
SIM000638,12031,LDH,NR,33,3,6,0.59,0,Clear,0,Signal,MEDIUM,3,0,212.4,0
SIM000639,12296,AGC,NCR,36,2,6,0.17,1,Rain,1,Infrastructure,MEDIUM,3,0,176.6,1
SIM000640,12181,NJP,NFR,39,2,6,0.73,1,Clear,0,Infrastructure,MEDIUM,3,0,154.6,1
SIM000641,12264,KYN,CR,28,5,8,0.63,1,Heavy Rain,2,Infrastructure,HIGH,2,0,99.0,1
SIM000642,12294,DHN,ECR,28,4,7,0.67,0,Clear,0,Crew,MEDIUM,2,0,138.1,1
SIM000643,12253,PNBE,ECR,17,7,10,0.51,1,Rain,1,Rolling Stock,HIGH,1,0,41.0,0
SIM000644,12264,KYN,CR,31,5,8,1.15,1,Clear,0,Crew,HIGH,2,0,124.8,1
SIM000645,12105,BBS,ECoR,29,6,6,0.35,1,Clear,0,Signal,HIGH,2,0,116.9,1
SIM000646,12310,SC,SCR,38,7,10,0.47,1,Fog,2,Infrastructure,HIGH,3,0,225.1,1
SIM000647,12212,JHS,NCR,16,3,7,0.93,1,Clear,0,Weather,MEDIUM,1,0,31.4,1
SIM000648,12261,SDAH,ER,14,3,20,0.89,1,Storm,3,Rolling Stock,HIGH,1,0,25.2,0
SIM000649,12194,PNBE,ECR,45,7,10,0.64,1,Clear,0,Weather,HIGH,3,2,314.2,1
SIM000650,12295,ASN,ER,83,4,8,0.78,1,Clear,0,Operational,MEDIUM,5,0,2185.9,1
SIM000651,12149,CTC,ECoR,57,1,6,0.36,1,Clear,0,Signal,MEDIUM,4,2,269.5,1
SIM000652,12266,COR,WCR,69,5,8,0.65,1,Clear,0,Infrastructure,MEDIUM,5,2,1422.3,1
SIM000653,12215,BPL,WCR,8,6,6,0.55,0,Fog,2,Operational,HIGH,0,0,8.0,0
SIM000654,12315,HWH,ER,33,5,23,0.9,1,Clear,0,Operational,HIGH,3,2,177.0,1
SIM000655,12103,VSKP,ECoR,81,5,8,0.41,0,Clear,0,Operational,HIGH,5,0,1766.1,1
SIM000656,12229,GHY,NFR,67,4,6,1.23,1,Clear,0,Signal,HIGH,5,2,1121.6,1
SIM000657,12008,MAO,KR,10,3,5,0.2,0,Clear,0,Weather,MEDIUM,0,0,10.0,0
SIM000658,12131,BSP,SECR,10,6,8,0.7,1,Rain,1,Rolling Stock,HIGH,0,0,10.0,0
SIM000659,12129,TVC,SR,37,5,5,0.49,1,Clear,0,Rolling Stock,HIGH,3,0,250.9,0
SIM000660,12083,VSKP,ECoR,43,5,8,0.81,1,Clear,0,Rolling Stock,HIGH,3,2,322.3,1
SIM000661,12044,PRYJ,NCR,27,6,10,0.24,1,Rain,1,Rolling Stock,HIGH,2,0,93.2,1
SIM000662,12004,BCT,WR,25,6,7,1.03,1,Clear,0,Operational,HIGH,2,0,64.1,0
SIM000663,12132,DLI,NR,46,3,10,0.95,1,Clear,0,Crew,HIGH,4,0,416.9,1
SIM000664,12252,SBC,SWR,23,4,10,0.91,1,Clear,0,Signal,HIGH,2,0,80.1,1
SIM000665,12102,BBS,ECoR,52,6,6,1.19,1,Heavy Rain,2,Passenger,HIGH,3,2,436.8,1
SIM000666,12148,JBP,WCR,17,4,7,0.17,1,Heavy Rain,2,Passenger,HIGH,1,0,26.3,0
SIM000667,12218,MAO,KR,37,3,5,0.78,1,Clear,0,Infrastructure,MEDIUM,3,2,245.5,1
SIM000668,12253,PNBE,ECR,5,7,10,0.72,1,Fog,2,Rolling Stock,HIGH,0,0,5.0,0
SIM000669,12081,NGP,CR,17,7,8,0.15,1,Rain,1,Operational,HIGH,1,0,31.0,1
SIM000670,12259,BSL,CR,1,3,7,0.25,1,Storm,3,Operational,MEDIUM,0,0,1.0,0
SIM000671,12046,PRYJ,NCR,33,6,10,0.74,0,Rain,1,Weather,HIGH,3,0,154.5,1
SIM000672,12135,BSP,SECR,1,6,8,1.27,1,Clear,0,Weather,HIGH,0,0,1.0,0
SIM000673,12287,ADI,WR,35,6,12,0.61,1,Clear,0,Passenger,HIGH,3,2,206.1,1
SIM000674,12265,MDU,SR,5,4,6,0.29,1,Clear,0,Passenger,MEDIUM,0,0,5.0,0
SIM000675,12165,BCT,WR,62,6,7,1.29,1,Clear,0,Crew,HIGH,5,0,1280.5,1
SIM000676,12222,JBP,WCR,49,4,7,1.29,1,Clear,0,Operational,HIGH,4,2,554.7,1
SIM000677,12239,BZA,SCR,24,5,10,0.65,1,Clear,0,Crew,HIGH,1,0,58.0,1
SIM000678,12138,JP,NWR,4,6,7,0.53,1,Rain,1,Weather,HIGH,0,0,4.0,0
SIM000679,12253,GKP,NER,33,5,10,1.25,1,Clear,0,Operational,HIGH,3,2,196.3,1
SIM000680,12015,SC,SCR,76,7,10,0.99,1,Clear,0,Rolling Stock,HIGH,5,2,1569.4,1
SIM000681,12300,CSMT,CR,8,8,18,0.54,1,Clear,0,Weather,HIGH,0,0,8.0,0
SIM000682,12313,GHY,NFR,39,4,6,0.42,0,Clear,0,Operational,HIGH,3,0,162.2,1
SIM000683,12258,ST,WR,80,3,5,0.66,0,Heavy Rain,2,Operational,MEDIUM,5,0,1997.4,1
SIM000684,12127,NJP,NFR,1,2,6,0.29,1,Clear,0,Signal,MEDIUM,0,0,1.0,0
SIM000685,12254,BBS,ECoR,6,6,6,0.67,0,Clear,0,Rolling Stock,HIGH,0,0,6.0,0
SIM000686,12118,JP,NWR,3,6,7,0.6,0,Clear,0,Weather,HIGH,0,0,3.0,0
SIM000687,12216,LDH,NR,1,3,6,0.97,1,Clear,0,Infrastructure,MEDIUM,0,0,1.0,0
SIM000688,12254,NGP,CR,38,7,8,0.57,0,Storm,3,Rolling Stock,HIGH,3,0,226.2,1
SIM000689,12240,MAS,SR,10,9,12,0.2,1,Clear,0,Infrastructure,HIGH,0,0,10.0,0
SIM000690,12109,NGP,CR,11,7,8,0.41,1,Clear,0,Infrastructure,HIGH,0,0,11.0,0
SIM000691,12112,NDLS,NR,16,9,16,0.58,1,Clear,0,Operational,HIGH,1,0,28.3,0
SIM000692,12210,JP,NWR,22,6,7,1.01,1,Clear,0,Signal,HIGH,1,0,53.2,0
SIM000693,12129,TVC,SR,28,5,5,0.54,1,Clear,0,Weather,HIGH,2,0,83.6,0
SIM000694,12305,ASR,NR,7,4,6,0.35,1,Clear,0,Rolling Stock,MEDIUM,0,0,7.0,0
SIM000695,12053,NDLS,NR,97,9,16,1.19,1,Fog,2,Crew,HIGH,6,2,3947.5,1
SIM000696,12181,NJP,NFR,4,2,6,0.45,1,Clear,0,Weather,MEDIUM,0,0,4.0,0
SIM000697,12189,HWH,ER,48,5,23,0.29,1,Clear,0,Signal,HIGH,4,2,544.6,1
SIM000698,12004,ADI,WR,2,6,12,0.86,1,Storm,3,Signal,HIGH,0,0,2.0,0
SIM000699,12311,TATA,SER,44,2,6,0.52,0,Clear,0,Signal,MEDIUM,3,0,266.0,1
SIM000700,12100,SDAH,ER,29,3,20,0.75,1,Clear,0,Rolling Stock,HIGH,2,0,119.1,1
SIM000701,12033,SBC,SWR,77,4,10,0.45,0,Clear,0,Signal,HIGH,5,0,1310.5,1
SIM000702,12200,SBC,SWR,25,4,10,0.37,0,Clear,0,Weather,HIGH,2,0,85.1,1
SIM000703,12315,KGP,SER,36,5,9,1.06,1,Clear,0,Operational,HIGH,3,2,209.2,1
SIM000704,12137,ERS,SR,30,3,5,0.12,0,Clear,0,Operational,MEDIUM,2,0,116.3,0
SIM000705,12155,DLI,NR,56,3,10,0.71,1,Fog,2,Rolling Stock,HIGH,4,0,680.4,1
SIM000706,12229,GHY,NFR,34,4,6,1.16,1,Clear,0,Signal,HIGH,3,2,155.2,1
SIM000707,12130,KYN,CR,14,5,8,1.01,0,Clear,0,Signal,HIGH,1,0,35.9,1
SIM000708,12262,SDAH,ER,41,3,20,0.61,1,Clear,0,Signal,HIGH,3,2,403.7,1
SIM000709,12216,COR,WCR,55,5,8,0.27,1,Clear,0,Weather,MEDIUM,4,4,831.4,1
SIM000710,12092,JU,NWR,20,3,6,0.96,0,Clear,0,Passenger,MEDIUM,2,0,57.4,0
SIM000711,12299,UMB,NR,46,3,8,0.71,1,Rain,1,Weather,MEDIUM,4,2,421.6,1
SIM000712,12027,JP,NWR,48,6,7,0.46,1,Fog,2,Rolling Stock,HIGH,4,0,547.9,0
SIM000713,12239,VSKP,ECoR,24,5,8,1.18,1,Clear,0,Weather,HIGH,2,0,82.7,1
SIM000714,12293,CSMT,CR,2,8,18,0.7,0,Rain,1,Infrastructure,HIGH,0,0,2.0,0
SIM000715,12160,PRYJ,NCR,1,6,10,1.25,0,Rain,1,Crew,HIGH,0,0,1.0,0
SIM000716,12041,JHS,NCR,11,3,7,0.76,1,Clear,0,Crew,MEDIUM,0,0,11.0,0
SIM000717,12264,KYN,CR,64,5,8,0.57,1,Clear,0,Crew,HIGH,4,2,1148.1,1
SIM000718,12024,SC,SCR,8,7,10,0.54,1,Clear,0,Weather,HIGH,0,0,8.0,0
SIM000719,12132,DLI,NR,46,3,10,0.71,1,Clear,0,Crew,HIGH,3,0,385.0,1
SIM000720,12123,SUR,CR,53,3,6,0.61,1,Rain,1,Infrastructure,MEDIUM,4,2,688.8,1
SIM000721,12231,MLDT,ER,46,5,5,0.61,1,Rain,1,Crew,LOW,3,2,413.3,1
SIM000722,12300,CSMT,CR,88,8,18,0.26,1,Clear,0,Passenger,HIGH,5,4,3105.3,1
SIM000723,12033,PUNE,CR,75,5,6,0.65,0,Fog,2,Rolling Stock,HIGH,5,0,1628.8,1
SIM000724,12168,BPL,WCR,9,6,6,0.21,0,Fog,2,Signal,HIGH,0,0,9.0,0
SIM000725,12125,GKP,NER,41,5,10,1.17,1,Clear,0,Passenger,HIGH,3,2,330.8,1
SIM000726,12181,GHY,NFR,59,4,6,0.96,1,Clear,0,Crew,HIGH,4,0,556.6,1
SIM000727,12114,COR,WCR,1,5,8,0.87,0,Storm,3,Signal,MEDIUM,0,0,1.0,0
SIM000728,12134,NDLS,NR,53,9,16,1.01,0,Heavy Rain,2,Infrastructure,HIGH,4,0,583.9,1
SIM000729,12313,GHY,NFR,1,4,6,0.81,0,Clear,0,Passenger,HIGH,0,0,1.0,0
SIM000730,12140,MAS,SR,12,9,12,0.33,1,Fog,2,Infrastructure,HIGH,0,0,12.0,0
SIM000731,12034,SUR,CR,78,3,6,0.2,1,Clear,0,Operational,MEDIUM,5,2,2087.5,1
SIM000732,12010,SC,SCR,41,7,10,0.3,1,Fog,2,Passenger,HIGH,3,0,234.0,1
SIM000733,12257,SC,SCR,26,7,10,0.77,1,Clear,0,Infrastructure,HIGH,3,2,110.1,1
SIM000734,12275,ASR,NR,35,4,6,0.2,0,Clear,0,Passenger,MEDIUM,3,0,218.9,1
SIM000735,12246,LDH,NR,35,3,6,0.42,1,Clear,0,Passenger,MEDIUM,3,0,194.4,0
SIM000736,12060,ADI,WR,7,6,12,0.85,1,Clear,0,Passenger,HIGH,0,0,7.0,0
SIM000737,12222,R,SECR,67,3,7,0.32,1,Clear,0,Signal,MEDIUM,4,2,1120.1,1
SIM000738,12015,SC,SCR,33,7,10,1.21,1,Clear,0,Signal,HIGH,2,2,147.0,0
SIM000739,12295,ASN,ER,83,4,8,0.69,1,Clear,0,Operational,MEDIUM,5,0,2443.9,1
SIM000740,12203,PRYJ,NCR,57,6,10,0.56,1,Clear,0,Infrastructure,HIGH,4,4,851.1,1
SIM000741,12201,VSKP,ECoR,1,5,8,0.98,1,Clear,0,Crew,HIGH,0,0,1.0,0
SIM000742,12176,JHS,NCR,22,3,7,0.57,1,Clear,0,Infrastructure,MEDIUM,2,0,94.5,1
SIM000743,12009,BBS,ECoR,33,6,6,0.79,0,Clear,0,Infrastructure,HIGH,2,0,120.0,0
SIM000744,12074,MAS,SR,1,9,12,0.93,1,Clear,0,Signal,HIGH,0,0,1.0,0
SIM000745,12025,JP,NWR,49,6,7,0.69,1,Clear,0,Operational,HIGH,4,2,654.8,0
SIM000746,12125,GKP,NER,29,5,10,0.57,1,Heavy Rain,2,Operational,HIGH,2,0,113.4,1
SIM000747,12317,MAS,SR,33,9,12,0.8,0,Rain,1,Signal,HIGH,3,0,154.5,0
SIM000748,12115,NGP,CR,16,7,8,0.62,1,Clear,0,Rolling Stock,HIGH,1,0,39.1,1
SIM000749,12172,MAS,SR,22,9,12,0.18,1,Rain,1,Operational,HIGH,1,0,48.6,0
SIM000750,12176,JHS,NCR,22,3,7,0.67,1,Clear,0,Infrastructure,MEDIUM,2,0,75.3,1
SIM000751,12040,JP,NWR,32,6,7,1.1,1,Clear,0,Infrastructure,HIGH,2,0,118.6,0
SIM000752,12255,KGP,SER,35,5,9,0.83,1,Rain,1,Rolling Stock,HIGH,3,0,217.0,1
SIM000753,12111,NDLS,NR,11,9,16,0.78,1,Clear,0,Rolling Stock,HIGH,0,0,11.0,0
SIM000754,12246,PRYJ,NCR,28,6,10,1.14,1,Clear,0,Infrastructure,HIGH,2,0,91.4,1
SIM000755,12031,UMB,NR,20,3,8,0.51,0,Storm,3,Rolling Stock,MEDIUM,2,0,68.0,0
SIM000756,12044,PRYJ,NCR,15,6,10,0.25,1,Clear,0,Weather,HIGH,1,0,25.9,1
SIM000757,12162,TPJ,SR,60,4,7,0.96,1,Clear,0,Signal,MEDIUM,4,0,906.5,0
SIM000758,12048,JBP,WCR,56,4,7,0.32,1,Rain,1,Infrastructure,HIGH,4,4,839.7,1
SIM000759,12257,MAO,KR,12,3,5,0.92,1,Fog,2,Infrastructure,MEDIUM,1,0,18.6,0
SIM000760,12096,MYS,SWR,59,2,5,0.44,1,Clear,0,Signal,MEDIUM,4,2,561.8,1
SIM000761,12226,NGP,CR,65,7,8,0.7,1,Clear,0,Rolling Stock,HIGH,4,2,1263.0,1
SIM000762,12054,VSKP,ECoR,75,5,8,0.83,0,Clear,0,Signal,HIGH,5,0,1381.1,1
SIM000763,12040,KYN,CR,54,5,8,1.14,1,Clear,0,Infrastructure,HIGH,4,0,629.0,1
SIM000764,12236,MDU,SR,41,4,6,0.37,1,Clear,0,Weather,MEDIUM,3,2,356.5,0
SIM000765,12104,MAS,SR,1,9,12,0.36,1,Clear,0,Signal,HIGH,0,0,1.0,0
SIM000766,12291,MLDT,ER,59,5,5,0.39,1,Storm,3,Rolling Stock,LOW,4,2,958.8,1
SIM000767,12260,KYN,CR,7,5,8,1.0,0,Clear,0,Signal,HIGH,0,0,7.0,0
SIM000768,12207,SDAH,ER,33,3,20,0.79,0,Clear,0,Operational,HIGH,3,0,159.8,1
SIM000769,12285,BPL,WCR,30,6,6,0.41,1,Clear,0,Infrastructure,HIGH,2,0,147.6,1
SIM000770,12148,ADI,WR,62,6,12,1.15,1,Clear,0,Weather,HIGH,4,2,976.1,1
SIM000771,12211,BPL,WCR,1,6,6,0.96,1,Clear,0,Operational,HIGH,0,0,1.0,0
SIM000772,12087,SC,SCR,50,7,10,0.58,1,Clear,0,Passenger,HIGH,3,0,321.1,1
SIM000773,12157,PRYJ,NCR,12,6,10,0.97,1,Clear,0,Passenger,HIGH,1,0,17.5,1
SIM000774,12282,BCT,WR,36,6,7,0.48,1,Storm,3,Passenger,HIGH,3,2,220.2,1
SIM000775,12292,SC,SCR,4,7,10,0.63,0,Clear,0,Weather,HIGH,0,0,4.0,0
SIM000776,12175,BPL,WCR,5,6,6,0.65,0,Clear,0,Signal,HIGH,0,0,5.0,0
SIM000777,12256,DLI,NR,45,3,10,0.72,0,Clear,0,Weather,HIGH,4,0,376.5,1
SIM000778,12278,BPL,WCR,17,6,6,1.23,1,Clear,0,Signal,HIGH,1,0,24.0,0
SIM000779,12302,KGP,SER,1,5,9,0.59,1,Clear,0,Rolling Stock,HIGH,0,0,1.0,0
SIM000780,12122,HYB,SCR,65,1,6,0.6,1,Storm,3,Infrastructure,MEDIUM,4,4,510.6,1
SIM000781,12222,BSP,SECR,47,6,8,0.46,1,Rain,1,Infrastructure,HIGH,4,2,494.2,1
SIM000782,12269,HYB,SCR,34,1,6,0.87,0,Clear,0,Rolling Stock,MEDIUM,2,0,76.5,0
SIM000783,12008,MAO,KR,10,3,5,0.19,0,Clear,0,Weather,MEDIUM,0,0,10.0,0
SIM000784,12291,ASR,NR,51,4,6,0.87,1,Clear,0,Passenger,MEDIUM,4,2,567.7,1
SIM000785,12252,COR,WCR,41,5,8,0.35,1,Fog,2,Rolling Stock,MEDIUM,3,0,287.5,1
SIM000786,12009,NDLS,NR,37,9,16,0.95,0,Clear,0,Signal,HIGH,3,0,213.3,1
SIM000787,12041,JHS,NCR,1,3,7,0.68,1,Fog,2,Weather,MEDIUM,0,0,1.0,0
SIM000788,12103,BZA,SCR,35,5,10,1.23,0,Clear,0,Infrastructure,HIGH,3,0,226.0,1
SIM000789,12127,GHY,NFR,39,4,6,1.26,1,Rain,1,Rolling Stock,HIGH,3,2,205.8,1
SIM000790,12226,SUR,CR,1,3,6,0.37,1,Clear,0,Weather,MEDIUM,0,0,1.0,0
SIM000791,12316,HWH,ER,8,5,23,0.93,1,Clear,0,Weather,HIGH,0,0,8.0,0
SIM000792,12253,GKP,NER,38,5,10,1.04,1,Storm,3,Infrastructure,HIGH,3,2,297.6,1
SIM000793,12113,VSKP,ECoR,35,5,8,1.19,1,Clear,0,Operational,HIGH,2,0,169.0,1
SIM000794,12114,COR,WCR,50,5,8,0.94,0,Clear,0,Weather,MEDIUM,4,0,553.0,1
SIM000795,12074,MYS,SWR,41,2,5,0.33,1,Clear,0,Weather,MEDIUM,3,2,290.3,1
SIM000796,12091,MFP,ECR,57,3,6,0.69,0,Clear,0,Operational,MEDIUM,4,0,660.9,1
SIM000797,12275,ASR,NR,7,4,6,0.55,0,Storm,3,Infrastructure,MEDIUM,0,0,7.0,0
SIM000798,12029,ADI,WR,55,6,12,0.5,0,Clear,0,Operational,HIGH,4,0,641.8,1
SIM000799,12156,COR,WCR,32,5,8,0.28,0,Fog,2,Crew,MEDIUM,3,0,233.9,1
SIM000800,12290,ERS,SR,85,3,5,0.49,1,Clear,0,Weather,MEDIUM,5,4,2770.0,0
SIM000801,12100,SDAH,ER,29,3,20,0.41,1,Clear,0,Rolling Stock,HIGH,2,0,116.2,1
SIM000802,12164,KYN,CR,3,5,8,1.11,0,Clear,0,Infrastructure,HIGH,0,0,3.0,0
SIM000803,12249,KGP,SER,43,5,9,0.69,1,Clear,0,Infrastructure,HIGH,3,2,394.1,1
SIM000804,12219,PURI,ECoR,34,2,5,0.92,1,Clear,0,Infrastructure,MEDIUM,3,2,166.9,0
SIM000805,12295,BSP,SECR,14,6,8,1.1,1,Clear,0,Infrastructure,HIGH,1,0,20.2,0
SIM000806,12177,KGP,SER,79,5,9,1.08,1,Clear,0,Crew,HIGH,5,2,1883.6,1
SIM000807,12206,SBC,SWR,52,4,10,1.16,1,Rain,1,Weather,HIGH,4,2,481.3,1
SIM000808,12133,JP,NWR,6,6,7,0.92,1,Clear,0,Infrastructure,HIGH,0,0,6.0,0
SIM000809,12201,NJP,NFR,49,2,6,0.31,1,Clear,0,Infrastructure,MEDIUM,4,4,376.7,1
SIM000810,12059,KGP,SER,1,5,9,0.87,0,Fog,2,Signal,HIGH,0,0,1.0,0
SIM000811,12283,ASR,NR,46,4,6,0.56,1,Clear,0,Rolling Stock,MEDIUM,3,2,330.4,0
SIM000812,12251,BSP,SECR,30,6,8,1.3,0,Clear,0,Weather,HIGH,2,0,136.2,1
SIM000813,12111,MAS,SR,47,9,12,0.89,1,Clear,0,Signal,HIGH,3,0,390.9,0
SIM000814,12289,DLI,NR,35,3,10,0.29,1,Storm,3,Passenger,HIGH,2,2,184.5,1
SIM000815,12241,BCT,WR,12,6,7,0.64,1,Clear,0,Signal,HIGH,1,0,17.3,0
SIM000816,12093,BSP,SECR,33,6,8,1.2,1,Clear,0,Infrastructure,HIGH,3,0,178.0,1
SIM000817,12065,MFP,ECR,32,3,6,0.48,0,Rain,1,Rolling Stock,MEDIUM,2,0,119.0,1
SIM000818,12166,SUR,CR,21,3,6,0.35,1,Rain,1,Signal,MEDIUM,1,0,51.3,0
SIM000819,12268,SUR,CR,5,3,6,0.87,1,Clear,0,Signal,MEDIUM,0,0,5.0,0
SIM000820,12292,HYB,SCR,8,1,6,0.76,0,Clear,0,Infrastructure,MEDIUM,0,0,8.0,0
SIM000821,12088,VSKP,ECoR,11,5,8,0.18,1,Clear,0,Rolling Stock,HIGH,0,0,11.0,0
SIM000822,12223,BPL,WCR,28,6,6,1.13,1,Heavy Rain,2,Weather,HIGH,2,0,123.7,1
SIM000823,12296,AGC,NCR,34,2,6,0.5,1,Fog,2,Crew,MEDIUM,2,0,110.1,1
SIM000824,12226,SUR,CR,61,3,6,0.28,1,Clear,0,Rolling Stock,MEDIUM,4,2,1019.7,1
SIM000825,12234,PRYJ,NCR,46,6,10,0.74,1,Clear,0,Crew,HIGH,3,2,347.4,1
SIM000826,12217,MAS,SR,29,9,12,0.46,1,Clear,0,Infrastructure,HIGH,2,2,117.6,0
SIM000827,12242,BZA,SCR,67,5,10,1.2,1,Rain,1,Weather,HIGH,5,2,1060.1,1
SIM000828,12235,CSMT,CR,47,8,18,1.17,1,Clear,0,Crew,HIGH,4,0,447.9,1
SIM000829,12185,BBS,ECoR,25,6,6,0.34,1,Storm,3,Infrastructure,HIGH,2,0,71.0,0
SIM000830,12289,NDLS,NR,50,9,16,0.37,1,Clear,0,Infrastructure,HIGH,4,4,669.5,1
SIM000831,12212,SDAH,ER,34,3,20,0.13,1,Rain,1,Passenger,HIGH,3,0,197.0,1
SIM000832,12120,CTC,ECoR,7,1,6,0.55,1,Clear,0,Passenger,MEDIUM,0,0,7.0,0
SIM000833,12193,MAS,SR,13,9,12,0.85,1,Heavy Rain,2,Operational,HIGH,1,0,19.2,0
SIM000834,12235,SC,SCR,30,7,10,0.15,1,Clear,0,Infrastructure,HIGH,3,0,142.0,1
SIM000835,12240,ERS,SR,55,3,5,0.76,1,Clear,0,Signal,MEDIUM,4,2,787.5,0
SIM000836,12219,VSKP,ECoR,38,5,8,0.4,1,Fog,2,Rolling Stock,HIGH,3,2,263.1,1
SIM000837,12302,DHN,ECR,59,4,7,0.14,1,Clear,0,Signal,MEDIUM,4,4,863.0,1
SIM000838,12072,GHY,NFR,37,4,6,1.16,0,Heavy Rain,2,Weather,HIGH,3,0,185.8,1
SIM000839,12178,BWN,ER,28,3,6,0.47,1,Clear,0,Infrastructure,MEDIUM,2,0,95.3,1
SIM000840,12109,TATA,SER,5,2,6,0.39,1,Clear,0,Signal,MEDIUM,0,0,5.0,0
SIM000841,12163,JHS,NCR,70,3,7,0.69,1,Clear,0,Crew,MEDIUM,4,2,1382.6,1
SIM000842,12018,NDLS,NR,1,9,16,0.43,0,Heavy Rain,2,Crew,HIGH,0,0,1.0,0
SIM000843,12244,AII,NWR,1,3,6,0.67,1,Rain,1,Infrastructure,MEDIUM,0,0,1.0,0
SIM000844,12302,DHN,ECR,59,4,7,0.54,1,Clear,0,Signal,MEDIUM,4,4,1029.5,1
SIM000845,12055,MAS,SR,17,9,12,0.5,1,Clear,0,Operational,HIGH,1,0,37.7,0
SIM000846,12149,CTC,ECoR,83,1,6,0.79,1,Clear,0,Passenger,MEDIUM,5,2,807.4,1
SIM000847,12040,JP,NWR,18,6,7,0.88,1,Rain,1,Signal,HIGH,1,0,41.0,0
SIM000848,12294,PNBE,ECR,12,7,10,0.46,0,Clear,0,Operational,HIGH,0,0,12.0,0
SIM000849,12252,NDLS,NR,4,9,16,0.5,1,Rain,1,Operational,HIGH,0,0,4.0,0
SIM000850,12150,BPL,WCR,7,6,6,0.66,0,Clear,0,Weather,HIGH,0,0,7.0,0
SIM000851,12233,MLDT,ER,40,5,5,0.98,0,Heavy Rain,2,Signal,LOW,3,0,231.3,1
SIM000852,12248,MLDT,ER,14,5,5,0.57,1,Storm,3,Infrastructure,LOW,1,0,21.2,0
SIM000853,12261,RTM,WR,60,4,6,0.96,1,Clear,0,Operational,MEDIUM,4,0,1002.2,1
SIM000854,12249,MLDT,ER,61,5,5,0.5,1,Storm,3,Infrastructure,LOW,4,2,881.7,1
SIM000855,12220,BWN,ER,36,3,6,0.78,1,Clear,0,Signal,MEDIUM,3,0,232.7,1
SIM000856,12056,JP,NWR,81,6,7,0.26,0,Storm,3,Rolling Stock,HIGH,5,0,2076.2,0
SIM000857,12262,SDAH,ER,28,3,20,0.96,1,Clear,0,Weather,HIGH,3,0,134.8,1
SIM000858,12137,SC,SCR,11,7,10,0.56,0,Clear,0,Infrastructure,HIGH,1,0,16.8,0
SIM000859,12315,MYS,SWR,44,2,5,0.59,1,Rain,1,Rolling Stock,MEDIUM,3,2,293.7,1
SIM000860,12220,HWH,ER,3,5,23,0.26,1,Clear,0,Infrastructure,HIGH,0,0,3.0,0
SIM000861,12018,BBS,ECoR,1,6,6,1.1,0,Storm,3,Passenger,HIGH,0,0,1.0,0
SIM000862,12261,SDAH,ER,42,3,20,0.85,1,Fog,2,Crew,HIGH,3,0,345.4,1
SIM000863,12222,JBP,WCR,19,4,7,0.31,1,Heavy Rain,2,Operational,HIGH,2,0,59.1,1
SIM000864,12052,PUNE,CR,1,5,6,0.83,1,Clear,0,Passenger,HIGH,0,0,1.0,0
SIM000865,12009,BBS,ECoR,70,6,6,1.18,0,Clear,0,Operational,HIGH,5,0,997.2,1
SIM000866,12159,RTM,WR,72,4,6,0.43,1,Storm,3,Signal,MEDIUM,5,2,1635.1,1
SIM000867,12133,COR,WCR,52,5,8,0.78,1,Clear,0,Infrastructure,MEDIUM,4,2,668.6,1
SIM000868,12001,MAO,KR,1,3,5,0.49,1,Clear,0,Operational,MEDIUM,0,0,1.0,0
SIM000869,12118,MAS,SR,31,9,12,0.41,0,Heavy Rain,2,Crew,HIGH,2,0,167.4,0
SIM000870,12279,KGP,SER,36,5,9,1.21,1,Clear,0,Operational,HIGH,3,0,178.2,1
SIM000871,12196,ROU,SER,38,3,5,0.64,1,Clear,0,Rolling Stock,LOW,3,2,283.1,1
SIM000872,12036,KGP,SER,37,5,9,0.87,1,Clear,0,Operational,HIGH,3,0,227.9,1
SIM000873,12188,TATA,SER,34,2,6,0.97,1,Clear,0,Passenger,MEDIUM,3,0,157.2,1
SIM000874,12130,CTC,ECoR,1,1,6,0.49,0,Clear,0,Signal,MEDIUM,0,0,1.0,0
SIM000875,12104,KGP,SER,19,5,9,0.78,1,Clear,0,Crew,HIGH,1,0,47.4,1
SIM000876,12000,ADI,WR,44,6,12,0.28,1,Clear,0,Rolling Stock,HIGH,3,2,383.9,1
SIM000877,12104,KGP,SER,19,5,9,1.1,1,Clear,0,Crew,HIGH,1,0,42.6,1
SIM000878,12249,KGP,SER,34,5,9,1.23,1,Clear,0,Weather,HIGH,3,2,233.4,1
SIM000879,12161,BSP,SECR,19,6,8,0.6,1,Clear,0,Rolling Stock,HIGH,1,0,45.0,1
SIM000880,12217,SC,SCR,13,7,10,0.26,1,Rain,1,Weather,HIGH,0,0,13.0,0
SIM000881,12124,VSKP,ECoR,68,5,8,1.22,1,Fog,2,Operational,HIGH,5,2,1318.5,1
SIM000882,12257,MAO,KR,34,3,5,0.4,1,Clear,0,Crew,MEDIUM,2,2,177.2,1
SIM000883,12216,SBC,SWR,34,4,10,0.32,1,Storm,3,Operational,HIGH,3,2,206.6,1
SIM000884,12104,MAS,SR,1,9,12,0.33,1,Clear,0,Signal,HIGH,0,0,1.0,0
SIM000885,12257,UBL,SWR,29,3,6,0.79,1,Fog,2,Weather,MEDIUM,2,2,136.2,1
SIM000886,12088,MAS,SR,5,9,12,0.41,1,Fog,2,Infrastructure,HIGH,0,0,5.0,0
SIM000887,12232,BZA,SCR,1,5,10,0.7,0,Clear,0,Crew,HIGH,0,0,1.0,0
SIM000888,12029,JBP,WCR,76,4,7,0.63,0,Heavy Rain,2,Crew,HIGH,5,0,1674.9,1
SIM000889,12016,NJP,NFR,18,2,6,0.24,1,Fog,2,Operational,MEDIUM,1,0,33.8,1
SIM000890,12226,NGP,CR,86,7,8,1.13,1,Rain,1,Infrastructure,HIGH,6,2,3220.5,1
SIM000891,12272,VSKP,ECoR,49,5,8,0.82,0,Clear,0,Infrastructure,HIGH,4,0,496.7,1
SIM000892,12205,ERS,SR,45,3,5,0.62,0,Clear,0,Weather,MEDIUM,3,0,397.3,0
SIM000893,12220,HWH,ER,3,5,23,1.05,1,Clear,0,Infrastructure,HIGH,0,0,3.0,0
SIM000894,12297,JBP,WCR,22,4,7,1.13,1,Clear,0,Weather,HIGH,1,2,51.9,1
SIM000895,12189,HWH,ER,1,5,23,0.52,1,Rain,1,Crew,HIGH,0,0,1.0,0
SIM000896,12144,MAS,SR,40,9,12,0.76,1,Clear,0,Rolling Stock,HIGH,3,2,325.2,0
SIM000897,12252,COR,WCR,48,5,8,0.38,1,Clear,0,Infrastructure,MEDIUM,4,0,496.2,1
SIM000898,12100,PUNE,CR,21,5,6,0.63,1,Clear,0,Infrastructure,HIGH,2,0,68.2,0
SIM000899,12038,ERS,SR,14,3,5,0.19,1,Clear,0,Infrastructure,MEDIUM,1,0,34.1,0
SIM000900,12072,GHY,NFR,36,4,6,1.08,0,Rain,1,Weather,HIGH,3,0,177.4,1
SIM000901,12257,UBL,SWR,37,3,6,0.76,1,Clear,0,Crew,MEDIUM,3,2,237.7,1
SIM000902,12008,UBL,SWR,2,3,6,0.61,0,Heavy Rain,2,Infrastructure,MEDIUM,0,0,2.0,0
SIM000903,12070,JP,NWR,1,6,7,1.2,1,Fog,2,Weather,HIGH,0,0,1.0,0
SIM000904,12009,MFP,ECR,22,3,6,0.1,0,Clear,0,Infrastructure,MEDIUM,1,0,47.8,1
SIM000905,12213,NGP,CR,31,7,8,0.92,1,Clear,0,Weather,HIGH,3,2,179.9,1
SIM000906,12056,AII,NWR,6,3,6,0.95,0,Rain,1,Passenger,MEDIUM,0,0,6.0,0
SIM000907,12117,NDLS,NR,25,9,16,0.66,1,Rain,1,Infrastructure,HIGH,2,2,87.2,1
SIM000908,12265,MDU,SR,1,4,6,0.37,1,Clear,0,Weather,MEDIUM,0,0,1.0,0
SIM000909,12294,ASN,ER,7,4,8,1.0,0,Storm,3,Passenger,MEDIUM,0,0,7.0,0
SIM000910,12190,COR,WCR,1,5,8,0.67,0,Fog,2,Infrastructure,MEDIUM,0,0,1.0,0
SIM000911,12311,KGP,SER,53,5,9,0.89,0,Rain,1,Infrastructure,HIGH,4,0,604.4,1
SIM000912,12243,PRYJ,NCR,28,6,10,0.5,0,Clear,0,Crew,HIGH,2,0,106.1,1
SIM000913,12010,MAS,SR,29,9,12,0.53,1,Clear,0,Crew,HIGH,2,0,80.8,0
SIM000914,12314,COR,WCR,64,5,8,0.55,0,Storm,3,Crew,MEDIUM,4,0,1039.7,1
SIM000915,12144,MAS,SR,27,9,12,0.44,1,Fog,2,Passenger,HIGH,2,2,133.9,0
SIM000916,12213,SC,SCR,11,7,10,0.94,1,Rain,1,Crew,HIGH,0,0,11.0,0
SIM000917,12125,GHY,NFR,1,4,6,0.63,1,Clear,0,Rolling Stock,HIGH,0,0,1.0,0
SIM000918,12018,BWN,ER,57,3,6,0.22,0,Rain,1,Rolling Stock,MEDIUM,4,0,828.1,1
SIM000919,12068,NGP,CR,33,7,8,0.49,1,Rain,1,Weather,HIGH,3,0,190.5,1
SIM000920,12124,SBC,SWR,33,4,10,1.12,1,Clear,0,Operational,HIGH,3,2,189.4,1
SIM000921,12233,MAS,SR,32,9,12,1.01,0,Clear,0,Infrastructure,HIGH,2,0,139.2,0
SIM000922,12242,PRYJ,NCR,41,6,10,0.61,1,Fog,2,Weather,HIGH,3,0,248.3,1
SIM000923,12016,SUR,CR,25,3,6,0.32,1,Storm,3,Crew,MEDIUM,2,0,91.0,1
SIM000924,12265,MDU,SR,18,4,6,0.85,1,Rain,1,Operational,MEDIUM,1,0,40.0,0
SIM000925,12307,NGP,CR,29,7,8,0.38,1,Clear,0,Operational,HIGH,3,0,137.5,1
SIM000926,12186,ASN,ER,33,4,8,0.54,1,Clear,0,Infrastructure,MEDIUM,2,0,152.3,1
SIM000927,12060,GHY,NFR,27,4,6,0.64,1,Fog,2,Infrastructure,HIGH,2,2,102.9,1
SIM000928,12292,VSKP,ECoR,70,5,8,0.53,0,Clear,0,Operational,HIGH,5,0,1189.4,1
SIM000929,12188,BSP,SECR,21,6,8,1.08,1,Clear,0,Infrastructure,HIGH,2,0,58.1,1
SIM000930,12245,DLI,NR,5,3,10,0.42,0,Rain,1,Weather,HIGH,0,0,5.0,0
SIM000931,12174,BBS,ECoR,73,6,6,0.79,0,Rain,1,Passenger,HIGH,5,0,1088.9,1
SIM000932,12315,ASN,ER,24,4,8,0.13,1,Clear,0,Signal,MEDIUM,2,0,66.2,1
SIM000933,12311,KGP,SER,22,5,9,0.48,0,Clear,0,Weather,HIGH,2,0,67.0,1
SIM000934,12287,BBS,ECoR,44,6,6,0.63,1,Heavy Rain,2,Rolling Stock,HIGH,3,2,326.8,1
SIM000935,12112,NDLS,NR,16,9,16,1.04,1,Clear,0,Operational,HIGH,1,0,27.3,0
SIM000936,12064,RTM,WR,34,4,6,0.27,1,Heavy Rain,2,Infrastructure,MEDIUM,3,2,228.0,1
SIM000937,12133,COR,WCR,52,5,8,0.75,1,Clear,0,Infrastructure,MEDIUM,4,2,629.5,1
SIM000938,12309,PNBE,ECR,82,7,10,0.63,0,Fog,2,Operational,HIGH,5,0,2156.9,1
SIM000939,12018,SDAH,ER,33,3,20,0.55,0,Fog,2,Rolling Stock,HIGH,3,0,188.8,1
SIM000940,12184,R,SECR,36,3,7,0.29,1,Clear,0,Infrastructure,MEDIUM,3,0,189.0,1
SIM000941,12123,CSMT,CR,89,8,18,0.6,1,Clear,0,Operational,HIGH,5,2,3562.6,1
SIM000942,12261,RTM,WR,9,4,6,0.2,1,Clear,0,Crew,MEDIUM,0,0,9.0,0
SIM000943,12081,NGP,CR,17,7,8,0.3,1,Rain,1,Operational,HIGH,1,0,28.8,1
SIM000944,12094,BSP,SECR,1,6,8,0.39,1,Clear,0,Operational,HIGH,0,0,1.0,0
SIM000945,12032,UBL,SWR,50,3,6,0.65,1,Clear,0,Signal,MEDIUM,4,0,516.7,1
SIM000946,12007,JHS,NCR,16,3,7,0.98,1,Rain,1,Operational,MEDIUM,1,0,28.1,1
SIM000947,12101,PNBE,ECR,11,7,10,0.19,1,Clear,0,Signal,HIGH,1,0,22.6,0
SIM000948,12113,CBE,SR,24,5,6,0.35,1,Clear,0,Infrastructure,MEDIUM,2,0,81.5,0
SIM000949,12287,KYN,CR,22,5,8,0.36,1,Clear,0,Signal,HIGH,2,0,57.5,1
SIM000950,12283,NDLS,NR,52,9,16,1.0,1,Clear,0,Crew,HIGH,4,2,654.7,1
SIM000951,12027,RTM,WR,33,4,6,0.48,1,Heavy Rain,2,Operational,MEDIUM,3,0,172.9,1
SIM000952,12195,DLI,NR,32,3,10,0.32,0,Rain,1,Weather,HIGH,3,0,166.8,1
SIM000953,12240,ERS,SR,72,3,5,0.3,1,Fog,2,Rolling Stock,MEDIUM,5,4,1774.3,0
SIM000954,12213,CSMT,CR,113,8,18,0.38,1,Clear,0,Passenger,HIGH,6,2,8089.9,1
SIM000955,12303,HWH,ER,1,5,23,0.45,1,Clear,0,Signal,HIGH,0,0,1.0,0
SIM000956,12090,SBC,SWR,29,4,10,1.1,1,Clear,0,Rolling Stock,HIGH,2,0,92.2,1
SIM000957,12254,BPL,WCR,50,6,6,0.57,0,Rain,1,Weather,HIGH,4,0,535.8,1
SIM000958,12315,HWH,ER,5,5,23,0.73,1,Clear,0,Rolling Stock,HIGH,0,0,5.0,0
SIM000959,12068,CSMT,CR,1,8,18,1.04,1,Clear,0,Signal,HIGH,0,0,1.0,0
SIM000960,12090,SBC,SWR,68,4,10,0.81,1,Clear,0,Infrastructure,HIGH,5,2,1108.4,1
SIM000961,12029,BZA,SCR,63,5,10,0.91,0,Clear,0,Passenger,HIGH,4,0,949.0,1
SIM000962,12249,HWH,ER,1,5,23,0.35,1,Rain,1,Signal,HIGH,0,0,1.0,0
SIM000963,12117,BPL,WCR,35,6,6,0.92,1,Rain,1,Signal,HIGH,3,2,215.6,1
SIM000964,12125,NJP,NFR,58,2,6,0.36,1,Clear,0,Passenger,MEDIUM,4,2,614.4,1
SIM000965,12060,JBP,WCR,22,4,7,0.86,1,Clear,0,Passenger,HIGH,2,2,78.0,1
SIM000966,12118,JP,NWR,35,6,7,0.37,0,Clear,0,Operational,HIGH,3,0,216.7,0
SIM000967,12160,BSP,SECR,33,6,8,0.56,0,Heavy Rain,2,Weather,HIGH,3,0,153.6,1
SIM000968,12019,PNBE,ECR,1,7,10,0.68,1,Fog,2,Passenger,HIGH,0,0,1.0,0
SIM000969,12280,NDLS,NR,11,9,16,1.14,0,Clear,0,Crew,HIGH,0,0,11.0,0
SIM000970,12054,COR,WCR,1,5,8,0.47,0,Clear,0,Infrastructure,MEDIUM,0,0,1.0,0
SIM000971,12220,HWH,ER,1,5,23,0.76,1,Clear,0,Infrastructure,HIGH,0,0,1.0,0
SIM000972,12050,JBP,WCR,37,4,7,0.34,0,Rain,1,Signal,HIGH,3,0,236.8,1
SIM000973,12264,KYN,CR,22,5,8,0.93,1,Clear,0,Rolling Stock,HIGH,1,0,49.2,1
SIM000974,12130,KYN,CR,25,5,8,0.46,0,Clear,0,Operational,HIGH,2,0,114.5,1
SIM000975,12253,GKP,NER,38,5,10,0.18,1,Storm,3,Infrastructure,HIGH,3,2,210.8,1
SIM000976,12177,NJP,NFR,10,2,6,0.96,1,Rain,1,Rolling Stock,MEDIUM,0,0,10.0,0
SIM000977,12092,JP,NWR,28,6,7,0.73,0,Clear,0,Signal,HIGH,2,0,97.7,0
SIM000978,12030,CTC,ECoR,1,1,6,0.12,0,Clear,0,Signal,MEDIUM,0,0,1.0,0
SIM000979,12276,SBC,SWR,38,4,10,1.24,1,Rain,1,Passenger,HIGH,3,2,279.4,1
SIM000980,12315,KGP,SER,1,5,9,0.58,1,Clear,0,Crew,HIGH,0,0,1.0,0
SIM000981,12034,SUR,CR,41,3,6,0.55,1,Rain,1,Weather,MEDIUM,3,0,293.4,1
SIM000982,12316,KGP,SER,71,5,9,0.19,1,Clear,0,Passenger,HIGH,5,2,1378.9,1
SIM000983,12099,ASN,ER,30,4,8,0.4,0,Rain,1,Crew,MEDIUM,2,0,163.4,1
SIM000984,12309,PNBE,ECR,33,7,10,0.24,0,Clear,0,Rolling Stock,HIGH,2,0,148.9,1
SIM000985,12006,GKP,NER,62,5,10,0.76,1,Clear,0,Signal,HIGH,4,2,664.8,1
SIM000986,12003,KYN,CR,5,5,8,0.16,0,Heavy Rain,2,Infrastructure,HIGH,0,0,5.0,0
SIM000987,12222,JBP,WCR,4,4,7,1.02,1,Clear,0,Weather,HIGH,0,0,4.0,0
SIM000988,12295,ROU,SER,1,3,5,0.33,1,Clear,0,Crew,LOW,0,0,1.0,0
SIM000989,12040,JP,NWR,18,6,7,0.92,1,Rain,1,Signal,HIGH,1,0,34.3,0
SIM000990,12228,TVC,SR,6,5,5,0.38,1,Clear,0,Passenger,HIGH,0,0,6.0,0
SIM000991,12276,SC,SCR,57,7,10,0.4,1,Clear,0,Weather,HIGH,4,2,582.6,1
SIM000992,12114,UMB,NR,3,3,8,0.76,0,Clear,0,Operational,MEDIUM,0,0,3.0,0
SIM000993,12097,PNBE,ECR,8,7,10,0.9,1,Fog,2,Operational,HIGH,0,0,8.0,0
SIM000994,12051,JBP,WCR,16,4,7,0.41,1,Clear,0,Operational,HIGH,1,0,28.3,1
SIM000995,12264,KYN,CR,20,5,8,0.26,1,Clear,0,Rolling Stock,HIGH,1,0,39.8,1
SIM000996,12172,NDLS,NR,21,9,16,0.52,1,Clear,0,Operational,HIGH,2,0,60.3,0
SIM000997,12163,NDLS,NR,44,9,16,0.69,1,Clear,0,Crew,HIGH,3,2,429.0,1
SIM000998,12099,HWH,ER,5,5,23,0.28,0,Clear,0,Passenger,HIGH,0,0,5.0,0
SIM000999,12006,COR,WCR,6,5,8,0.59,1,Clear,0,Operational,MEDIUM,0,0,6.0,0
SIM001000,12191,MDU,SR,52,4,6,0.86,0,Clear,0,Signal,MEDIUM,4,0,601.0,0
SIM001001,12006,NDLS,NR,23,9,16,1.08,1,Clear,0,Passenger,HIGH,2,0,59.3,0
SIM001002,12152,JU,NWR,76,3,6,0.2,1,Clear,0,Weather,MEDIUM,5,0,1829.2,0
SIM001003,12037,MAS,SR,27,9,12,1.21,1,Clear,0,Signal,HIGH,2,0,115.1,0
SIM001004,12221,SBC,SWR,10,4,10,1.22,0,Clear,0,Passenger,HIGH,0,0,10.0,0
SIM001005,12180,ADI,WR,19,6,12,1.18,1,Clear,0,Operational,HIGH,1,0,47.8,0
SIM001006,12188,TATA,SER,50,2,6,0.71,1,Clear,0,Signal,MEDIUM,4,2,379.9,1
SIM001007,12211,JP,NWR,37,6,7,0.42,1,Clear,0,Infrastructure,HIGH,3,0,225.1,0
SIM001008,12074,SC,SCR,33,7,10,0.2,1,Rain,1,Operational,HIGH,3,2,208.9,1
SIM001009,12190,BSP,SECR,2,6,8,0.78,0,Clear,0,Infrastructure,HIGH,0,0,2.0,0
SIM001010,12039,RTM,WR,69,4,6,0.15,0,Heavy Rain,2,Rolling Stock,MEDIUM,5,0,1564.7,1
SIM001011,12098,MAS,SR,71,9,12,0.25,0,Clear,0,Operational,HIGH,5,0,1116.7,0
SIM001012,12080,NDLS,NR,5,9,16,1.22,1,Clear,0,Weather,HIGH,0,0,5.0,0
SIM001013,12279,HYB,SCR,1,1,6,0.11,1,Clear,0,Crew,MEDIUM,0,0,1.0,0
SIM001014,12224,COR,WCR,32,5,8,0.35,0,Heavy Rain,2,Weather,MEDIUM,2,0,125.9,1
SIM001015,12261,RTM,WR,26,4,6,0.32,1,Clear,0,Signal,MEDIUM,2,0,78.7,1
SIM001016,12295,BSP,SECR,31,6,8,0.73,1,Clear,0,Passenger,HIGH,3,0,156.6,1
SIM001017,12239,DLI,NR,1,3,10,0.83,1,Clear,0,Signal,HIGH,0,0,1.0,0
SIM001018,12252,SBC,SWR,23,4,10,0.17,1,Clear,0,Signal,HIGH,2,0,68.9,1
SIM001019,12139,VSKP,ECoR,24,5,8,0.85,1,Fog,2,Rolling Stock,HIGH,2,0,98.6,1
SIM001020,12107,SC,SCR,34,7,10,1.22,1,Rain,1,Operational,HIGH,3,0,200.9,1
SIM001021,12214,BBS,ECoR,25,6,6,1.2,1,Rain,1,Crew,HIGH,2,0,89.6,1
SIM001022,12288,JP,NWR,54,6,7,0.51,0,Rain,1,Operational,HIGH,4,0,704.1,0
SIM001023,12216,COR,WCR,23,5,8,0.72,1,Fog,2,Signal,MEDIUM,2,2,74.6,1
SIM001024,12156,COR,WCR,32,5,8,0.44,0,Fog,2,Crew,MEDIUM,2,0,134.5,1
SIM001025,12064,HWH,ER,13,5,23,0.87,1,Clear,0,Rolling Stock,HIGH,1,0,24.8,0
SIM001026,12024,MAS,SR,34,9,12,0.26,1,Clear,0,Signal,HIGH,3,2,212.4,0
SIM001027,12228,JP,NWR,49,6,7,0.34,1,Clear,0,Operational,HIGH,3,2,499.5,0
SIM001028,12132,SC,SCR,10,7,10,0.27,1,Clear,0,Operational,HIGH,0,0,10.0,0
SIM001029,12316,MS,SR,29,2,10,0.16,1,Clear,0,Infrastructure,MEDIUM,2,0,100.6,0
SIM001030,12171,MFP,ECR,73,3,6,0.92,1,Clear,0,Infrastructure,MEDIUM,5,2,1544.7,1
SIM001031,12264,MAO,KR,29,3,5,0.82,1,Clear,0,Passenger,MEDIUM,3,0,170.5,1
SIM001032,12122,SC,SCR,67,7,10,1.14,1,Rain,1,Signal,HIGH,4,4,922.0,1
SIM001033,12130,JP,NWR,42,6,7,0.92,0,Clear,0,Operational,HIGH,4,0,350.2,0
SIM001034,12285,BPL,WCR,65,6,6,0.69,1,Clear,0,Signal,HIGH,5,0,1180.7,1
SIM001035,12031,UMB,NR,26,3,8,0.91,0,Clear,0,Crew,MEDIUM,2,0,109.3,0
SIM001036,12226,NGP,CR,65,7,8,0.29,1,Clear,0,Rolling Stock,HIGH,5,2,1118.0,1
SIM001037,12053,JP,NWR,21,6,7,1.22,1,Clear,0,Infrastructure,HIGH,2,0,62.2,0
SIM001038,12057,MAS,SR,101,9,12,0.2,1,Clear,0,Crew,HIGH,6,2,4123.4,0
SIM001039,12012,MAO,KR,1,3,5,0.15,1,Clear,0,Infrastructure,MEDIUM,0,0,1.0,0
SIM001040,12257,SC,SCR,31,7,10,1.08,1,Clear,0,Operational,HIGH,2,2,133.1,1
SIM001041,12006,GKP,NER,4,5,10,0.74,1,Clear,0,Weather,HIGH,0,0,4.0,0
SIM001042,12114,NDLS,NR,40,9,16,1.06,0,Heavy Rain,2,Operational,HIGH,3,0,288.7,1
SIM001043,12281,UMB,NR,1,3,8,0.86,1,Clear,0,Infrastructure,MEDIUM,0,0,1.0,0
SIM001044,12122,CSMT,CR,58,8,18,0.72,1,Rain,1,Operational,HIGH,4,2,708.0,1
SIM001045,12263,SBC,SWR,25,4,10,0.7,0,Heavy Rain,2,Rolling Stock,HIGH,2,0,86.1,1
SIM001046,12006,COR,WCR,42,5,8,0.65,1,Clear,0,Crew,MEDIUM,3,0,417.6,1
SIM001047,12194,MFP,ECR,55,3,6,0.33,1,Rain,1,Weather,MEDIUM,4,2,752.1,1
SIM001048,12220,BWN,ER,36,3,6,0.78,1,Clear,0,Signal,MEDIUM,3,0,253.4,1
SIM001049,12165,BCT,WR,35,6,7,1.04,1,Clear,0,Rolling Stock,HIGH,3,0,188.2,1
SIM001050,12132,TVC,SR,23,5,5,0.45,1,Clear,0,Operational,HIGH,2,0,94.4,0
SIM001051,12209,JHS,NCR,28,3,7,0.81,1,Clear,0,Infrastructure,MEDIUM,2,2,110.1,1
SIM001052,12115,BCT,WR,9,6,7,0.67,1,Clear,0,Operational,HIGH,0,0,9.0,0
SIM001053,12076,SC,SCR,1,7,10,1.27,0,Clear,0,Weather,HIGH,0,0,1.0,0
SIM001054,12004,BBS,ECoR,52,6,6,0.95,1,Fog,2,Crew,HIGH,4,0,378.2,1
SIM001055,12081,BCT,WR,10,6,7,0.5,1,Clear,0,Signal,HIGH,0,0,10.0,0
SIM001056,12182,COR,WCR,36,5,8,0.34,1,Rain,1,Rolling Stock,MEDIUM,3,0,184.2,1
SIM001057,12234,PRYJ,NCR,1,6,10,0.51,1,Rain,1,Weather,HIGH,0,0,1.0,0
SIM001058,12292,HYB,SCR,8,1,6,0.55,0,Clear,0,Infrastructure,MEDIUM,0,0,8.0,0
SIM001059,12124,VSKP,ECoR,68,5,8,1.11,1,Fog,2,Operational,HIGH,5,2,1184.4,1
SIM001060,12021,UBL,SWR,17,3,6,0.41,1,Clear,0,Rolling Stock,MEDIUM,1,0,31.9,0
SIM001061,12220,HWH,ER,35,5,23,0.23,1,Clear,0,Operational,HIGH,3,0,192.4,1
SIM001062,12260,PUNE,CR,70,5,6,1.13,0,Clear,0,Crew,HIGH,5,0,1533.1,1
SIM001063,12124,SBC,SWR,20,4,10,0.21,1,Clear,0,Signal,HIGH,1,0,44.9,1
SIM001064,12259,BSL,CR,27,3,7,0.96,1,Clear,0,Operational,MEDIUM,2,2,114.6,0
SIM001065,12260,PRYJ,NCR,29,6,10,0.15,0,Heavy Rain,2,Infrastructure,HIGH,2,0,120.4,1
SIM001066,12257,MAS,SR,23,9,12,1.06,1,Heavy Rain,2,Passenger,HIGH,2,2,68.2,0
SIM001067,12087,NGP,CR,34,7,8,0.49,1,Fog,2,Passenger,HIGH,2,0,165.9,1
SIM001068,12168,BPL,WCR,26,6,6,0.36,0,Clear,0,Signal,HIGH,2,0,109.5,1
SIM001069,12041,JHS,NCR,44,3,7,0.77,1,Rain,1,Operational,MEDIUM,3,2,435.9,1
SIM001070,12252,COR,WCR,45,5,8,0.9,1,Storm,3,Signal,MEDIUM,4,0,451.6,1
SIM001071,12187,PRYJ,NCR,28,6,10,0.67,1,Clear,0,Signal,HIGH,2,0,135.0,1
SIM001072,12231,HWH,ER,50,5,23,0.48,1,Clear,0,Crew,HIGH,4,2,679.0,1
SIM001073,12074,SC,SCR,23,7,10,0.3,1,Rain,1,Signal,HIGH,2,2,80.1,0
SIM001074,12026,NDLS,NR,19,9,16,0.91,1,Clear,0,Operational,HIGH,1,0,46.0,0
SIM001075,12077,CTC,ECoR,50,1,6,0.88,0,Rain,1,Rolling Stock,MEDIUM,3,0,146.6,0
SIM001076,12185,BBS,ECoR,25,6,6,1.19,1,Storm,3,Infrastructure,HIGH,2,0,81.1,1
SIM001077,12096,BPL,WCR,19,6,6,0.37,1,Clear,0,Signal,HIGH,1,0,39.9,1
SIM001078,12034,CSMT,CR,38,8,18,0.22,1,Rain,1,Signal,HIGH,3,0,247.7,1
SIM001079,12316,MS,SR,27,2,10,0.63,1,Rain,1,Operational,MEDIUM,2,0,97.0,0
SIM001080,12119,BZA,SCR,18,5,10,1.16,1,Rain,1,Passenger,HIGH,1,0,25.4,0
SIM001081,12178,HWH,ER,44,5,23,0.78,1,Rain,1,Weather,HIGH,3,0,348.3,1
SIM001082,12224,JBP,WCR,14,4,7,0.49,0,Clear,0,Rolling Stock,HIGH,0,0,14.0,0
SIM001083,12059,KGP,SER,53,5,9,0.63,0,Clear,0,Signal,HIGH,4,0,672.3,1
SIM001084,12090,UBL,SWR,1,3,6,0.56,1,Fog,2,Operational,MEDIUM,0,0,1.0,0
SIM001085,12267,BCT,WR,43,6,7,0.81,0,Fog,2,Weather,HIGH,4,0,439.7,1
SIM001086,12058,BBS,ECoR,1,6,6,0.27,0,Clear,0,Weather,HIGH,0,0,1.0,0
SIM001087,12014,BBS,ECoR,40,6,6,1.05,0,Storm,3,Weather,HIGH,3,0,226.1,1
SIM001088,12231,GHY,NFR,54,4,6,0.82,1,Clear,0,Rolling Stock,HIGH,4,2,522.7,1
SIM001089,12049,GHY,NFR,29,4,6,0.29,0,Clear,0,Passenger,HIGH,2,0,100.4,1
SIM001090,12302,KGP,SER,39,5,9,0.55,1,Heavy Rain,2,Rolling Stock,HIGH,3,2,353.1,1
SIM001091,12126,NGP,CR,64,7,8,0.65,1,Fog,2,Operational,HIGH,5,2,1210.3,1
SIM001092,12014,BBS,ECoR,17,6,6,0.4,0,Clear,0,Operational,HIGH,1,0,30.0,0
SIM001093,12200,JHS,NCR,1,3,7,0.41,0,Rain,1,Crew,MEDIUM,0,0,1.0,0
SIM001094,12147,KYN,CR,1,5,8,0.84,0,Clear,0,Signal,HIGH,0,0,1.0,0
SIM001095,12198,NDLS,NR,18,9,16,1.02,1,Clear,0,Signal,HIGH,1,0,41.8,0
SIM001096,12298,SUR,CR,1,3,6,0.78,0,Clear,0,Signal,MEDIUM,0,0,1.0,0
SIM001097,12091,VSKP,ECoR,53,5,8,0.86,0,Rain,1,Infrastructure,HIGH,4,0,648.0,1
SIM001098,12123,SC,SCR,39,7,10,0.52,1,Clear,0,Weather,HIGH,3,2,283.2,1
SIM001099,12079,ROU,SER,66,3,5,0.13,1,Clear,0,Signal,LOW,4,0,1053.4,1
SIM001100,12275,NDLS,NR,1,9,16,0.78,0,Rain,1,Infrastructure,HIGH,0,0,1.0,0
SIM001101,12237,TATA,SER,10,2,6,0.96,1,Storm,3,Infrastructure,MEDIUM,0,0,10.0,0
SIM001102,12309,MDU,SR,50,4,6,0.41,0,Clear,0,Rolling Stock,MEDIUM,4,0,570.0,0
SIM001103,12277,NDLS,NR,1,9,16,0.83,0,Storm,3,Weather,HIGH,0,0,1.0,0
SIM001104,12088,MAS,SR,1,9,12,0.36,1,Clear,0,Signal,HIGH,0,0,1.0,0
SIM001105,12090,PNBE,ECR,8,7,10,0.8,1,Clear,0,Weather,HIGH,0,0,8.0,0
SIM001106,12043,CBE,SR,68,5,6,1.0,1,Clear,0,Weather,MEDIUM,5,2,1221.2,0
SIM001107,12193,MAS,SR,77,9,12,0.91,1,Clear,0,Rolling Stock,HIGH,5,2,1963.1,0
SIM001108,12174,BBS,ECoR,52,6,6,0.47,0,Clear,0,Crew,HIGH,4,0,440.9,1
SIM001109,12228,TVC,SR,1,5,5,0.4,1,Fog,2,Rolling Stock,HIGH,0,0,1.0,0
SIM001110,12215,COR,WCR,44,5,8,0.83,0,Clear,0,Weather,MEDIUM,3,0,403.6,1
SIM001111,12208,AGC,NCR,17,2,6,0.7,1,Heavy Rain,2,Crew,MEDIUM,1,0,30.7,0
SIM001112,12302,KGP,SER,61,5,9,1.15,1,Clear,0,Rolling Stock,HIGH,4,4,923.5,1
SIM001113,12277,ASR,NR,41,4,6,0.22,0,Heavy Rain,2,Infrastructure,MEDIUM,3,0,319.3,1
SIM001114,12114,SBC,SWR,25,4,10,1.25,0,Clear,0,Signal,HIGH,2,0,94.9,1
SIM001115,12145,JU,NWR,16,3,6,0.79,1,Clear,0,Operational,MEDIUM,1,0,40.6,0
SIM001116,12033,CSMT,CR,1,8,18,0.19,0,Clear,0,Infrastructure,HIGH,0,0,1.0,0
SIM001117,12310,BZA,SCR,33,5,10,1.27,1,Fog,2,Infrastructure,HIGH,3,0,177.0,1
SIM001118,12102,KYN,CR,75,5,8,0.47,1,Clear,0,Signal,HIGH,5,4,2011.1,1
SIM001119,12094,JP,NWR,1,6,7,1.02,1,Clear,0,Rolling Stock,HIGH,0,0,1.0,0
SIM001120,12193,KGP,SER,19,5,9,0.13,1,Clear,0,Rolling Stock,HIGH,1,0,47.7,1
SIM001121,12026,PRYJ,NCR,12,6,10,0.44,1,Heavy Rain,2,Rolling Stock,HIGH,1,0,24.6,0
SIM001122,12227,BZA,SCR,44,5,10,0.38,1,Clear,0,Infrastructure,HIGH,3,0,313.7,1
SIM001123,12028,BPL,WCR,59,6,6,0.3,1,Clear,0,Infrastructure,HIGH,4,0,888.7,1
SIM001124,12288,ST,WR,38,3,5,0.71,0,Clear,0,Operational,MEDIUM,3,0,239.0,1
SIM001125,12298,SBC,SWR,31,4,10,0.61,0,Clear,0,Operational,HIGH,3,0,157.0,1
SIM001126,12262,HWH,ER,9,5,23,0.68,1,Clear,0,Signal,HIGH,0,0,9.0,0
SIM001127,12123,SUR,CR,68,3,6,0.72,1,Clear,0,Passenger,MEDIUM,5,2,1728.9,1
SIM001128,12005,JU,NWR,27,3,6,0.68,1,Clear,0,Operational,MEDIUM,2,0,103.3,0
SIM001129,12197,MS,SR,31,2,10,0.61,1,Heavy Rain,2,Operational,MEDIUM,3,0,128.8,0
SIM001130,12151,ST,WR,57,3,5,0.8,0,Clear,0,Crew,MEDIUM,4,0,812.2,1
SIM001131,12134,PURI,ECoR,1,2,5,0.59,0,Clear,0,Weather,MEDIUM,0,0,1.0,0
SIM001132,12069,NDLS,NR,86,9,16,0.81,1,Clear,0,Crew,HIGH,5,4,2797.2,1
SIM001133,12010,MDU,SR,46,4,6,0.13,1,Fog,2,Operational,MEDIUM,4,0,429.8,0
SIM001134,12065,NDLS,NR,42,9,16,1.17,0,Clear,0,Weather,HIGH,3,0,323.1,1
SIM001135,12194,MFP,ECR,57,3,6,0.3,1,Clear,0,Rolling Stock,MEDIUM,4,2,753.7,1
SIM001136,12025,BBS,ECoR,32,6,6,0.43,1,Clear,0,Signal,HIGH,3,2,172.1,1
SIM001137,12214,BBS,ECoR,27,6,6,1.17,1,Storm,3,Weather,HIGH,2,0,82.9,0
SIM001138,12121,KYN,CR,33,5,8,0.49,0,Clear,0,Crew,HIGH,3,0,151.7,1
SIM001139,12227,BZA,SCR,75,5,10,0.69,1,Storm,3,Rolling Stock,HIGH,5,0,1408.7,1
SIM001140,12053,DHN,ECR,51,4,7,0.59,1,Heavy Rain,2,Infrastructure,MEDIUM,4,0,562.5,1
SIM001141,12156,PURI,ECoR,54,2,5,0.13,0,Clear,0,Signal,MEDIUM,4,0,380.4,1
SIM001142,12200,SBC,SWR,25,4,10,0.15,0,Clear,0,Weather,HIGH,2,0,96.4,1
SIM001143,12033,CSMT,CR,8,8,18,0.31,0,Rain,1,Rolling Stock,HIGH,0,0,8.0,0
SIM001144,12209,SUR,CR,37,3,6,0.57,1,Clear,0,Weather,MEDIUM,3,2,284.2,1
SIM001145,12295,ASN,ER,83,4,8,0.23,1,Clear,0,Operational,MEDIUM,5,0,2259.2,1
SIM001146,12209,SUR,CR,37,3,6,0.67,1,Clear,0,Weather,MEDIUM,2,2,236.7,1
SIM001147,12111,MAS,SR,44,9,12,0.95,1,Heavy Rain,2,Rolling Stock,HIGH,4,0,370.4,0
SIM001148,12087,CSMT,CR,1,8,18,0.17,1,Clear,0,Operational,HIGH,0,0,1.0,0
SIM001149,12130,BBS,ECoR,21,6,6,0.39,0,Clear,0,Rolling Stock,HIGH,2,0,65.9,1
SIM001150,12186,ASN,ER,40,4,8,0.81,1,Clear,0,Weather,MEDIUM,3,2,250.2,1
SIM001151,12052,PUNE,CR,39,5,6,0.45,1,Clear,0,Operational,HIGH,3,0,283.0,1
SIM001152,12052,NDLS,NR,1,9,16,1.15,1,Clear,0,Passenger,HIGH,0,0,1.0,0
SIM001153,12290,NJP,NFR,81,2,6,0.85,1,Fog,2,Operational,MEDIUM,5,4,1497.6,1
SIM001154,12263,KGP,SER,18,5,9,0.75,0,Storm,3,Signal,HIGH,1,0,43.3,1
SIM001155,12186,NJP,NFR,16,2,6,0.5,1,Storm,3,Weather,MEDIUM,1,0,32.8,1
SIM001156,12042,BSP,SECR,43,6,8,0.27,0,Clear,0,Crew,HIGH,3,0,306.7,1
SIM001157,12015,SC,SCR,76,7,10,1.14,1,Clear,0,Rolling Stock,HIGH,5,2,1660.9,1
SIM001158,12247,AGC,NCR,71,2,6,0.68,0,Clear,0,Rolling Stock,MEDIUM,5,0,1109.1,1
SIM001159,12225,NDLS,NR,16,9,16,0.28,0,Fog,2,Infrastructure,HIGH,1,0,30.1,0
SIM001160,12251,PRYJ,NCR,26,6,10,0.4,0,Clear,0,Signal,HIGH,2,0,89.3,1
SIM001161,12047,GHY,NFR,55,4,6,0.4,1,Clear,0,Operational,HIGH,4,2,461.6,1
SIM001162,12123,SUR,CR,68,3,6,0.57,1,Clear,0,Passenger,MEDIUM,4,2,1518.2,1
SIM001163,12159,AII,NWR,31,3,6,0.62,1,Clear,0,Operational,MEDIUM,3,0,146.1,0
SIM001164,12305,BSP,SECR,49,6,8,0.51,1,Clear,0,Infrastructure,HIGH,3,0,402.3,1
SIM001165,12158,SC,SCR,31,7,10,0.38,1,Rain,1,Operational,HIGH,2,2,131.3,1
SIM001166,12058,VSKP,ECoR,30,5,8,0.34,0,Clear,0,Operational,HIGH,2,0,141.5,1
SIM001167,12290,MLDT,ER,8,5,5,0.42,1,Clear,0,Operational,LOW,0,0,8.0,0
SIM001168,12261,HWH,ER,49,5,23,0.55,1,Fog,2,Operational,HIGH,4,0,555.3,1
SIM001169,12310,SC,SCR,13,7,10,0.71,1,Clear,0,Crew,HIGH,1,0,19.2,0
SIM001170,12199,MYS,SWR,49,2,5,0.13,1,Clear,0,Signal,MEDIUM,4,2,318.5,1
SIM001171,12189,ASR,NR,23,4,6,0.49,1,Heavy Rain,2,Signal,MEDIUM,1,2,60.1,0
SIM001172,12247,AGC,NCR,54,2,6,0.86,0,Clear,0,Weather,MEDIUM,4,0,564.7,1
SIM001173,12291,NDLS,NR,57,9,16,0.15,1,Clear,0,Weather,HIGH,4,2,899.9,1
SIM001174,12197,SBC,SWR,6,4,10,1.26,1,Rain,1,Infrastructure,HIGH,0,0,6.0,0
SIM001175,12301,NDLS,NR,33,9,16,0.48,1,Rain,1,Infrastructure,HIGH,2,0,148.2,1
SIM001176,12115,NGP,CR,56,7,8,1.01,1,Clear,0,Weather,HIGH,4,2,755.4,1
SIM001177,12148,JBP,WCR,34,4,7,1.19,1,Rain,1,Signal,HIGH,2,2,173.8,1
SIM001178,12081,BBS,ECoR,11,6,6,0.8,1,Clear,0,Rolling Stock,HIGH,1,0,16.5,0
SIM001179,12227,BZA,SCR,41,5,10,0.74,1,Clear,0,Passenger,HIGH,3,0,297.5,1
SIM001180,12294,DHN,ECR,11,4,7,0.87,0,Clear,0,Infrastructure,MEDIUM,1,0,16.0,0
SIM001181,12067,ASN,ER,61,4,8,0.5,0,Clear,0,Weather,MEDIUM,4,0,823.3,1
SIM001182,12176,BPL,WCR,5,6,6,0.71,1,Rain,1,Rolling Stock,HIGH,0,0,5.0,0
SIM001183,12012,UBL,SWR,10,3,6,0.9,1,Clear,0,Weather,MEDIUM,0,0,10.0,0
SIM001184,12044,BSP,SECR,16,6,8,0.32,1,Clear,0,Operational,HIGH,1,0,28.3,1
SIM001185,12294,PNBE,ECR,12,7,10,0.99,0,Clear,0,Operational,HIGH,1,0,17.8,0
SIM001186,12302,MAS,SR,34,9,12,0.86,1,Clear,0,Operational,HIGH,3,2,231.9,0
SIM001187,12069,NDLS,NR,19,9,16,0.8,1,Rain,1,Rolling Stock,HIGH,2,0,53.5,0
SIM001188,12001,BBS,ECoR,5,6,6,0.71,1,Clear,0,Operational,HIGH,0,0,5.0,0
SIM001189,12043,BBS,ECoR,6,6,6,0.24,1,Clear,0,Operational,HIGH,0,0,6.0,0
SIM001190,12290,ERS,SR,85,3,5,0.75,1,Clear,0,Weather,MEDIUM,5,4,2812.7,0
SIM001191,12008,UBL,SWR,53,3,6,0.36,0,Clear,0,Infrastructure,MEDIUM,4,0,466.1,1
SIM001192,12215,JP,NWR,21,6,7,0.85,0,Storm,3,Signal,HIGH,2,0,57.3,0
SIM001193,12225,NDLS,NR,49,9,16,0.61,0,Heavy Rain,2,Infrastructure,HIGH,4,0,461.3,1
SIM001194,12078,MAS,SR,63,9,12,0.78,1,Heavy Rain,2,Operational,HIGH,5,4,1007.0,0
SIM001195,12303,SDAH,ER,45,3,20,1.26,1,Rain,1,Operational,HIGH,4,0,453.9,1
SIM001196,12082,MLDT,ER,16,5,5,0.32,0,Rain,1,Rolling Stock,LOW,1,0,24.8,0
SIM001197,12268,DLI,NR,22,3,10,0.94,1,Clear,0,Weather,HIGH,2,2,84.5,1
SIM001198,12006,COR,WCR,42,5,8,0.14,1,Clear,0,Crew,MEDIUM,3,0,381.0,1
SIM001199,12276,SBC,SWR,68,4,10,0.75,1,Rain,1,Signal,HIGH,4,4,1186.3,1
SIM001200,12076,SBC,SWR,21,4,10,1.16,0,Clear,0,Signal,HIGH,2,0,63.3,1
SIM001201,12192,GHY,NFR,1,4,6,1.01,1,Rain,1,Rolling Stock,HIGH,0,0,1.0,0
SIM001202,12043,VSKP,ECoR,22,5,8,0.79,1,Clear,0,Operational,HIGH,2,0,72.7,1
SIM001203,12111,NDLS,NR,45,9,16,0.66,1,Clear,0,Infrastructure,HIGH,3,0,327.8,1
SIM001204,12240,MAS,SR,8,9,12,1.24,1,Clear,0,Operational,HIGH,0,0,8.0,0
SIM001205,12118,JP,NWR,3,6,7,0.89,0,Clear,0,Weather,HIGH,0,0,3.0,0
SIM001206,12134,NDLS,NR,24,9,16,0.99,0,Clear,0,Infrastructure,HIGH,2,0,75.8,1
SIM001207,12073,BAM,ECoR,61,3,4,0.86,1,Rain,1,Rolling Stock,LOW,4,2,875.2,1
SIM001208,12111,VSKP,ECoR,24,5,8,1.26,1,Rain,1,Operational,HIGH,2,0,70.6,1
SIM001209,12159,JP,NWR,31,6,7,0.74,1,Clear,0,Signal,HIGH,3,0,164.1,0
SIM001210,12065,NDLS,NR,14,9,16,0.28,0,Clear,0,Operational,HIGH,1,0,20.3,0
SIM001211,12020,GKP,NER,4,5,10,0.7,1,Clear,0,Operational,HIGH,0,0,4.0,0
SIM001212,12042,DURG,SECR,47,2,6,0.13,0,Clear,0,Operational,MEDIUM,4,0,307.5,1
SIM001213,12126,NDLS,NR,1,9,16,0.3,1,Clear,0,Crew,HIGH,0,0,1.0,0
SIM001214,12227,BZA,SCR,69,5,10,0.36,1,Fog,2,Signal,HIGH,5,0,1144.5,1
SIM001215,12256,KYN,CR,40,5,8,1.08,0,Clear,0,Rolling Stock,HIGH,3,0,273.3,1
SIM001216,12173,MYS,SWR,12,2,5,0.94,1,Rain,1,Weather,MEDIUM,0,0,12.0,0
SIM001217,12228,JP,NWR,5,6,7,0.97,1,Clear,0,Weather,HIGH,0,0,5.0,0
SIM001218,12244,KYN,CR,57,5,8,0.3,1,Clear,0,Rolling Stock,HIGH,4,2,797.1,1
SIM001219,12141,NGP,CR,32,7,8,0.72,0,Rain,1,Infrastructure,HIGH,2,0,158.9,1
SIM001220,12120,CTC,ECoR,7,1,6,0.19,1,Clear,0,Passenger,MEDIUM,0,0,7.0,0
SIM001221,12258,ST,WR,20,3,5,0.89,0,Clear,0,Signal,MEDIUM,1,0,44.9,0
SIM001222,12291,NDLS,NR,57,9,16,1.2,1,Clear,0,Weather,HIGH,4,2,933.6,1
SIM001223,12304,UBL,SWR,28,3,6,0.8,1,Clear,0,Passenger,MEDIUM,2,0,84.7,1
SIM001224,12224,JBP,WCR,21,4,7,0.44,0,Clear,0,Infrastructure,HIGH,2,0,70.9,1
SIM001225,12067,KGP,SER,39,5,9,0.56,0,Heavy Rain,2,Signal,HIGH,3,0,336.0,1
SIM001226,12042,DURG,SECR,50,2,6,0.58,0,Clear,0,Rolling Stock,MEDIUM,3,0,264.1,1
SIM001227,12240,MAS,SR,67,9,12,0.75,1,Clear,0,Signal,HIGH,4,2,1220.5,0
SIM001228,12229,NJP,NFR,62,2,6,0.82,1,Clear,0,Infrastructure,MEDIUM,4,2,824.7,1
SIM001229,12296,AGC,NCR,34,2,6,0.98,1,Fog,2,Crew,MEDIUM,2,0,117.7,1
SIM001230,12176,JHS,NCR,19,3,7,0.8,1,Fog,2,Rolling Stock,MEDIUM,2,0,52.4,1
SIM001231,12043,VSKP,ECoR,22,5,8,1.27,1,Clear,0,Operational,HIGH,2,0,60.3,1
SIM001232,12212,JHS,NCR,64,3,7,0.8,1,Clear,0,Rolling Stock,MEDIUM,4,2,1056.0,1
SIM001233,12131,MAS,SR,20,9,12,0.23,1,Rain,1,Passenger,HIGH,1,0,46.5,0
SIM001234,12317,VSKP,ECoR,52,5,8,1.01,0,Storm,3,Signal,HIGH,4,0,721.5,1
SIM001235,12243,PRYJ,NCR,33,6,10,1.1,0,Fog,2,Rolling Stock,HIGH,2,0,162.4,1
SIM001236,12106,MAS,SR,63,9,12,0.41,1,Rain,1,Infrastructure,HIGH,4,2,958.5,0
SIM001237,12070,COR,WCR,25,5,8,0.89,1,Clear,0,Infrastructure,MEDIUM,2,0,100.7,1
SIM001238,12209,BPL,WCR,53,6,6,0.71,1,Clear,0,Signal,HIGH,4,2,861.8,1
SIM001239,12089,R,SECR,65,3,7,0.97,1,Clear,0,Infrastructure,MEDIUM,4,0,974.8,1
SIM001240,12109,NGP,CR,69,7,8,0.87,1,Clear,0,Infrastructure,HIGH,5,2,1444.1,1
SIM001241,12292,SC,SCR,4,7,10,0.48,0,Clear,0,Weather,HIGH,0,0,4.0,0
SIM001242,12162,KYN,CR,4,5,8,1.08,1,Fog,2,Passenger,HIGH,0,0,4.0,0
SIM001243,12290,MLDT,ER,32,5,5,0.28,1,Clear,0,Crew,LOW,3,2,178.2,1
SIM001244,12101,PNBE,ECR,67,7,10,1.18,1,Clear,0,Crew,HIGH,5,2,1005.9,1
SIM001245,12002,BSP,SECR,11,6,8,0.93,0,Clear,0,Signal,HIGH,0,0,11.0,0
SIM001246,12255,MAS,SR,26,9,12,0.32,1,Clear,0,Signal,HIGH,2,0,84.1,0
SIM001247,12275,NDLS,NR,32,9,16,1.09,0,Storm,3,Rolling Stock,HIGH,3,0,181.1,1
SIM001248,12227,BPL,WCR,28,6,6,0.54,1,Fog,2,Signal,HIGH,2,0,80.6,1
SIM001249,12065,MFP,ECR,14,3,6,0.96,0,Clear,0,Infrastructure,MEDIUM,1,0,21.1,1
SIM001250,12313,GHY,NFR,19,4,6,0.25,0,Clear,0,Signal,HIGH,2,0,61.1,1
SIM001251,12019,NGP,CR,44,7,8,0.9,1,Clear,0,Crew,HIGH,3,2,354.9,1
SIM001252,12180,HWH,ER,46,5,23,0.35,1,Clear,0,Operational,HIGH,3,2,492.2,1
SIM001253,12191,COR,WCR,61,5,8,0.25,0,Heavy Rain,2,Rolling Stock,MEDIUM,4,0,891.2,1
SIM001254,12136,BBS,ECoR,1,6,6,0.89,1,Rain,1,Rolling Stock,HIGH,0,0,1.0,0
SIM001255,12179,PRYJ,NCR,12,6,10,0.84,1,Storm,3,Weather,HIGH,1,0,18.5,0
SIM001256,12014,NJP,NFR,41,2,6,0.57,0,Clear,0,Rolling Stock,MEDIUM,3,0,201.2,1
SIM001257,12055,MS,SR,43,2,10,0.64,1,Clear,0,Operational,MEDIUM,3,0,221.5,0
SIM001258,12097,PRYJ,NCR,9,6,10,1.19,1,Fog,2,Signal,HIGH,0,0,9.0,0
SIM001259,12032,SBC,SWR,50,4,10,0.3,1,Rain,1,Operational,HIGH,3,0,439.1,1
SIM001260,12082,MLDT,ER,16,5,5,0.33,0,Rain,1,Rolling Stock,LOW,1,0,23.4,0
SIM001261,12085,MLDT,ER,38,5,5,0.58,0,Clear,0,Rolling Stock,LOW,3,0,196.6,1
SIM001262,12207,SDAH,ER,29,3,20,0.54,0,Clear,0,Weather,HIGH,2,0,107.2,1
SIM001263,12134,HWH,ER,11,5,23,0.55,0,Clear,0,Infrastructure,HIGH,1,0,16.6,0
SIM001264,12253,PNBE,ECR,25,7,10,1.07,1,Fog,2,Crew,HIGH,2,0,88.9,1
SIM001265,12072,GHY,NFR,37,4,6,1.23,0,Heavy Rain,2,Weather,HIGH,3,0,200.0,1
SIM001266,12016,NGP,CR,31,7,8,0.65,1,Fog,2,Crew,HIGH,2,0,144.8,1
SIM001267,12017,UMB,NR,5,3,8,0.7,0,Fog,2,Weather,MEDIUM,0,0,5.0,0
SIM001268,12154,NGP,CR,1,7,8,1.2,0,Fog,2,Infrastructure,HIGH,0,0,1.0,0
SIM001269,12031,LDH,NR,60,3,6,0.88,0,Clear,0,Crew,MEDIUM,5,0,875.8,1
SIM001270,12022,COR,WCR,22,5,8,0.79,1,Clear,0,Infrastructure,MEDIUM,1,0,50.5,1
SIM001271,12141,NGP,CR,1,7,8,0.53,0,Rain,1,Signal,HIGH,0,0,1.0,0
SIM001272,12041,JHS,NCR,11,3,7,0.26,1,Clear,0,Crew,MEDIUM,1,0,16.8,0
SIM001273,12230,JU,NWR,82,3,6,0.83,1,Clear,0,Signal,MEDIUM,5,0,2364.9,0
SIM001274,12248,MLDT,ER,22,5,5,0.7,1,Fog,2,Infrastructure,LOW,2,0,68.2,1
SIM001275,12128,MFP,ECR,41,3,6,0.65,1,Storm,3,Weather,MEDIUM,4,0,343.3,1
SIM001276,12052,LDH,NR,5,3,6,0.14,1,Rain,1,Passenger,MEDIUM,0,0,5.0,0
SIM001277,12078,MAS,SR,35,9,12,0.38,1,Clear,0,Signal,HIGH,3,2,233.2,0
SIM001278,12239,DLI,NR,48,3,10,1.25,1,Clear,0,Crew,HIGH,4,0,424.3,1
SIM001279,12183,GKP,NER,17,5,10,0.25,1,Clear,0,Weather,HIGH,1,0,30.4,1
SIM001280,12295,ASN,ER,74,4,8,0.64,1,Clear,0,Weather,MEDIUM,5,0,1806.1,1
SIM001281,12039,RTM,WR,69,4,6,0.53,0,Heavy Rain,2,Rolling Stock,MEDIUM,5,0,1217.3,1
SIM001282,12015,SC,SCR,21,7,10,0.61,1,Clear,0,Signal,HIGH,2,0,72.3,0
SIM001283,12292,SC,SCR,19,7,10,1.17,0,Fog,2,Rolling Stock,HIGH,1,0,39.7,0
SIM001284,12156,PURI,ECoR,68,2,5,0.76,0,Fog,2,Passenger,MEDIUM,5,0,803.7,1
SIM001285,12220,BWN,ER,45,3,6,0.97,1,Clear,0,Rolling Stock,MEDIUM,3,2,417.1,1
SIM001286,12102,BBS,ECoR,46,6,6,0.29,1,Rain,1,Crew,HIGH,4,2,405.6,1
SIM001287,12147,UBL,SWR,27,3,6,0.15,0,Clear,0,Infrastructure,MEDIUM,2,0,112.4,1
SIM001288,12010,SC,SCR,1,7,10,0.18,1,Rain,1,Operational,HIGH,0,0,1.0,0
SIM001289,12276,SC,SCR,81,7,10,0.99,1,Rain,1,Rolling Stock,HIGH,5,4,1642.9,1
SIM001290,12202,VSKP,ECoR,29,5,8,0.42,1,Clear,0,Infrastructure,HIGH,3,0,137.9,1
SIM001291,12206,MAS,SR,1,9,12,0.48,1,Heavy Rain,2,Rolling Stock,HIGH,0,0,1.0,0
SIM001292,12218,UBL,SWR,26,3,6,0.39,1,Clear,0,Operational,MEDIUM,2,0,109.5,1
SIM001293,12078,CSMT,CR,47,8,18,1.05,1,Clear,0,Infrastructure,HIGH,3,2,469.7,1
SIM001294,12031,UMB,NR,29,3,8,0.61,0,Clear,0,Crew,MEDIUM,2,0,141.2,0
SIM001295,12242,PRYJ,NCR,7,6,10,0.76,1,Clear,0,Passenger,HIGH,0,0,7.0,0
SIM001296,12017,UMB,NR,63,3,8,0.51,0,Clear,0,Operational,MEDIUM,5,0,1148.8,1
SIM001297,12228,TVC,SR,66,5,5,1.16,1,Rain,1,Infrastructure,HIGH,5,2,1303.4,0
SIM001298,12206,SBC,SWR,52,4,10,0.86,1,Rain,1,Weather,HIGH,4,2,515.8,1
SIM001299,12218,MYS,SWR,32,2,5,0.21,1,Rain,1,Rolling Stock,MEDIUM,2,0,108.1,1
SIM001300,12023,DLI,NR,66,3,10,0.64,1,Heavy Rain,2,Signal,HIGH,5,2,1388.1,1
SIM001301,12319,HYB,SCR,37,1,6,0.97,0,Clear,0,Signal,MEDIUM,3,0,117.3,1
SIM001302,12271,KGP,SER,1,5,9,0.86,1,Clear,0,Rolling Stock,HIGH,0,0,1.0,0
SIM001303,12042,BSP,SECR,42,6,8,0.54,0,Clear,0,Operational,HIGH,3,0,267.6,1
SIM001304,12219,VSKP,ECoR,14,5,8,0.85,1,Clear,0,Signal,HIGH,1,0,27.1,1
SIM001305,12052,PUNE,CR,40,5,6,0.48,1,Clear,0,Signal,HIGH,3,0,302.4,1
SIM001306,12113,VSKP,ECoR,15,5,8,0.69,1,Fog,2,Signal,HIGH,1,0,23.2,0
SIM001307,12285,JBP,WCR,51,4,7,1.11,1,Heavy Rain,2,Infrastructure,HIGH,4,0,588.2,1
SIM001308,12073,VSKP,ECoR,33,5,8,0.29,1,Clear,0,Weather,HIGH,3,2,157.7,1
SIM001309,12091,PRYJ,NCR,47,6,10,0.48,0,Clear,0,Signal,HIGH,4,0,455.4,1
SIM001310,12096,JHS,NCR,42,3,7,0.96,1,Clear,0,Rolling Stock,MEDIUM,3,0,285.2,1
SIM001311,12183,NDLS,NR,67,9,16,1.05,1,Clear,0,Infrastructure,HIGH,4,4,1210.0,1
SIM001312,12277,NDLS,NR,1,9,16,1.22,0,Storm,3,Weather,HIGH,0,0,1.0,0
SIM001313,12251,PRYJ,NCR,42,6,10,1.2,0,Heavy Rain,2,Infrastructure,HIGH,3,0,314.4,1
SIM001314,12058,NDLS,NR,4,9,16,1.03,0,Clear,0,Signal,HIGH,0,0,4.0,0
SIM001315,12082,GHY,NFR,35,4,6,0.59,0,Clear,0,Rolling Stock,HIGH,2,0,133.9,1
SIM001316,12253,PNBE,ECR,1,7,10,0.97,1,Clear,0,Weather,HIGH,0,0,1.0,0
SIM001317,12225,ASR,NR,27,4,6,0.49,0,Storm,3,Crew,MEDIUM,2,0,112.3,0
SIM001318,12051,COR,WCR,37,5,8,0.59,1,Clear,0,Rolling Stock,MEDIUM,3,2,240.1,1
SIM001319,12088,ERS,SR,29,3,5,0.21,1,Fog,2,Infrastructure,MEDIUM,2,0,136.1,0
SIM001320,12168,JBP,WCR,26,4,7,0.29,0,Clear,0,Signal,HIGH,2,0,95.3,1
SIM001321,12200,BPL,WCR,11,6,6,0.54,0,Heavy Rain,2,Infrastructure,HIGH,1,0,16.4,1
SIM001322,12309,PNBE,ECR,51,7,10,0.35,0,Clear,0,Crew,HIGH,4,0,493.7,1
SIM001323,12258,BCT,WR,14,6,7,0.63,0,Clear,0,Crew,HIGH,1,0,33.1,0
SIM001324,12245,NDLS,NR,42,9,16,0.9,0,Clear,0,Infrastructure,HIGH,3,0,272.5,1
SIM001325,12063,GAYA,ECR,4,3,7,0.21,1,Rain,1,Rolling Stock,MEDIUM,0,0,4.0,0
SIM001326,12271,PNBE,ECR,44,7,10,0.85,1,Clear,0,Passenger,HIGH,4,0,395.7,1
SIM001327,12239,BZA,SCR,41,5,10,0.21,1,Clear,0,Signal,HIGH,3,0,351.3,1
SIM001328,12091,VSKP,ECoR,1,5,8,0.5,0,Heavy Rain,2,Operational,HIGH,0,0,1.0,0
SIM001329,12294,PUNE,CR,88,5,6,0.83,0,Clear,0,Weather,HIGH,5,0,2884.5,1
SIM001330,12255,MAS,SR,40,9,12,0.9,1,Clear,0,Signal,HIGH,3,0,242.6,0
SIM001331,12022,JBP,WCR,50,4,7,0.29,1,Clear,0,Crew,HIGH,4,2,583.4,1
SIM001332,12100,PRYJ,NCR,1,6,10,0.54,1,Clear,0,Infrastructure,HIGH,0,0,1.0,0
SIM001333,12093,ROU,SER,75,3,5,0.28,1,Clear,0,Rolling Stock,LOW,5,2,1671.0,1
SIM001334,12058,BBS,ECoR,11,6,6,0.31,0,Clear,0,Rolling Stock,HIGH,0,0,11.0,0
SIM001335,12236,MDU,SR,13,4,6,0.27,1,Clear,0,Infrastructure,MEDIUM,0,0,13.0,0
SIM001336,12027,COR,WCR,55,5,8,0.47,1,Heavy Rain,2,Crew,MEDIUM,4,0,705.5,1
SIM001337,12000,JP,NWR,1,6,7,0.85,1,Fog,2,Weather,HIGH,0,0,1.0,0
SIM001338,12017,UMB,NR,16,3,8,0.99,0,Clear,0,Weather,MEDIUM,1,0,33.6,0
SIM001339,12212,PRYJ,NCR,44,6,10,1.01,1,Fog,2,Signal,HIGH,3,2,369.0,1
SIM001340,12190,JU,NWR,46,3,6,0.28,0,Clear,0,Passenger,MEDIUM,4,0,574.4,0
SIM001341,12057,KGP,SER,45,5,9,0.98,1,Storm,3,Crew,HIGH,4,0,354.3,1
SIM001342,12184,ROU,SER,24,3,5,0.11,1,Fog,2,Passenger,LOW,2,0,80.4,1
SIM001343,12129,TVC,SR,19,5,5,1.02,1,Rain,1,Weather,HIGH,1,0,41.4,0
SIM001344,12173,PRYJ,NCR,1,6,10,0.71,1,Rain,1,Operational,HIGH,0,0,1.0,0
SIM001345,12269,HYB,SCR,8,1,6,0.65,0,Clear,0,Rolling Stock,MEDIUM,0,0,8.0,0
SIM001346,12071,SUR,CR,2,3,6,0.44,1,Clear,0,Rolling Stock,MEDIUM,0,0,2.0,0
SIM001347,12074,MAS,SR,24,9,12,0.61,1,Clear,0,Rolling Stock,HIGH,2,2,94.2,0
SIM001348,12080,PNBE,ECR,64,7,10,0.2,1,Clear,0,Passenger,HIGH,5,0,1068.4,1
SIM001349,12053,NDLS,NR,97,9,16,0.9,1,Fog,2,Crew,HIGH,6,2,3591.1,1
SIM001350,12092,KYN,CR,60,5,8,0.3,0,Clear,0,Rolling Stock,HIGH,4,0,849.0,1
SIM001351,12118,MS,SR,58,2,10,0.81,0,Clear,0,Weather,MEDIUM,4,0,488.0,0
SIM001352,12266,SBC,SWR,17,4,10,0.93,1,Clear,0,Infrastructure,HIGH,1,0,25.1,0
SIM001353,12172,NDLS,NR,7,9,16,0.79,1,Clear,0,Infrastructure,HIGH,0,0,7.0,0
SIM001354,12243,PRYJ,NCR,28,6,10,0.17,0,Clear,0,Crew,HIGH,2,0,99.4,1
SIM001355,12200,BPL,WCR,11,6,6,0.84,0,Heavy Rain,2,Infrastructure,HIGH,0,0,11.0,0
SIM001356,12080,NDLS,NR,43,9,16,0.49,1,Clear,0,Infrastructure,HIGH,4,0,347.2,1
SIM001357,12147,KYN,CR,28,5,8,1.05,0,Fog,2,Signal,HIGH,2,0,120.6,1
SIM001358,12086,MAS,SR,34,9,12,0.89,0,Fog,2,Crew,HIGH,3,0,169.6,0
SIM001359,12244,AII,NWR,16,3,6,0.68,1,Rain,1,Signal,MEDIUM,0,0,16.0,0
SIM001360,12172,VSKP,ECoR,33,5,8,0.46,1,Clear,0,Rolling Stock,HIGH,3,0,164.2,1
SIM001361,12224,COR,WCR,44,5,8,0.62,0,Clear,0,Crew,MEDIUM,3,0,285.3,1
SIM001362,12242,PRYJ,NCR,29,6,10,1.09,1,Storm,3,Signal,HIGH,2,0,98.8,1
SIM001363,12020,GKP,NER,35,5,10,1.09,1,Clear,0,Crew,HIGH,2,2,150.6,1
SIM001364,12316,HWH,ER,1,5,23,0.27,1,Clear,0,Weather,HIGH,0,0,1.0,0
SIM001365,12249,KGP,SER,21,5,9,1.16,1,Fog,2,Crew,HIGH,1,0,49.2,1
SIM001366,12063,GAYA,ECR,30,3,7,0.6,1,Clear,0,Weather,MEDIUM,2,2,128.4,0
SIM001367,12087,NGP,CR,19,7,8,0.47,1,Rain,1,Rolling Stock,HIGH,2,0,50.7,1
SIM001368,12108,BCT,WR,55,6,7,0.65,1,Rain,1,Crew,HIGH,4,0,606.2,1
SIM001369,12298,SC,SCR,1,7,10,0.19,0,Rain,1,Signal,HIGH,0,0,1.0,0
SIM001370,12173,MYS,SWR,1,2,5,0.32,1,Clear,0,Rolling Stock,MEDIUM,0,0,1.0,0
SIM001371,12285,SBC,SWR,40,4,10,1.28,1,Storm,3,Signal,HIGH,3,0,256.2,1
SIM001372,12199,SBC,SWR,17,4,10,0.77,1,Clear,0,Infrastructure,HIGH,1,0,24.0,0
SIM001373,12090,PNBE,ECR,8,7,10,0.36,1,Clear,0,Weather,HIGH,0,0,8.0,0
SIM001374,12114,NDLS,NR,13,9,16,0.27,0,Fog,2,Crew,HIGH,1,0,24.5,0
SIM001375,12101,PNBE,ECR,60,7,10,0.45,1,Heavy Rain,2,Weather,HIGH,4,2,894.1,1
SIM001376,12233,MAS,SR,4,9,12,0.77,0,Heavy Rain,2,Signal,HIGH,0,0,4.0,0
SIM001377,12141,BCT,WR,50,6,7,0.28,0,Storm,3,Weather,HIGH,4,0,541.0,1
SIM001378,12036,BWN,ER,1,3,6,0.16,1,Clear,0,Crew,MEDIUM,0,0,1.0,0
SIM001379,12083,BCT,WR,68,6,7,0.67,1,Clear,0,Crew,HIGH,5,2,1384.5,1
SIM001380,12083,BBS,ECoR,3,6,6,1.06,1,Rain,1,Infrastructure,HIGH,0,0,3.0,0
SIM001381,12105,PURI,ECoR,53,2,5,0.6,1,Clear,0,Weather,MEDIUM,4,0,360.9,1
SIM001382,12023,CSMT,CR,40,8,18,0.21,1,Clear,0,Rolling Stock,HIGH,3,2,362.3,1
SIM001383,12087,NGP,CR,3,7,8,0.22,1,Rain,1,Rolling Stock,HIGH,0,0,3.0,0
SIM001384,12040,TVC,SR,62,5,5,0.66,1,Rain,1,Signal,HIGH,4,0,842.6,0
SIM001385,12304,UBL,SWR,1,3,6,0.16,1,Clear,0,Signal,MEDIUM,0,0,1.0,0
SIM001386,12080,PNBE,ECR,64,7,10,0.93,1,Clear,0,Passenger,HIGH,4,0,881.4,1
SIM001387,12167,NGP,CR,34,7,8,1.29,0,Clear,0,Signal,HIGH,3,0,180.7,1
SIM001388,12311,KGP,SER,27,5,9,0.22,0,Clear,0,Rolling Stock,HIGH,2,0,101.8,1
SIM001389,12108,BCT,WR,1,6,7,0.95,1,Clear,0,Infrastructure,HIGH,0,0,1.0,0
SIM001390,12246,PRYJ,NCR,1,6,10,1.28,1,Clear,0,Weather,HIGH,0,0,1.0,0
SIM001391,12254,CTC,ECoR,45,1,6,0.98,0,Storm,3,Rolling Stock,MEDIUM,3,0,120.5,1
SIM001392,12053,JP,NWR,45,6,7,0.75,1,Clear,0,Rolling Stock,HIGH,4,0,370.3,0
SIM001393,12133,JP,NWR,6,6,7,0.28,1,Clear,0,Infrastructure,HIGH,0,0,6.0,0
SIM001394,12106,ERS,SR,53,3,5,0.67,1,Clear,0,Operational,MEDIUM,4,2,739.9,0
SIM001395,12170,ASR,NR,10,4,6,0.61,1,Clear,0,Crew,MEDIUM,0,0,10.0,0
SIM001396,12140,SC,SCR,82,7,10,0.43,1,Clear,0,Signal,HIGH,5,2,1492.1,1
SIM001397,12284,SDAH,ER,45,3,20,1.27,0,Rain,1,Operational,HIGH,4,0,416.4,1
SIM001398,12179,PRYJ,NCR,12,6,10,0.5,1,Storm,3,Weather,HIGH,1,0,17.5,0
SIM001399,12045,BSP,SECR,59,6,8,0.76,0,Clear,0,Infrastructure,HIGH,4,0,743.5,1
SIM001400,12316,HWH,ER,15,5,23,0.79,1,Fog,2,Operational,HIGH,1,0,22.8,0
SIM001401,12037,MAS,SR,27,9,12,1.2,1,Clear,0,Signal,HIGH,2,0,100.0,0
SIM001402,12240,KGP,SER,1,5,9,0.38,1,Clear,0,Signal,HIGH,0,0,1.0,0
SIM001403,12235,BCT,WR,1,6,7,0.71,1,Fog,2,Passenger,HIGH,0,0,1.0,0
SIM001404,12252,COR,WCR,1,5,8,0.58,1,Storm,3,Signal,MEDIUM,0,0,1.0,0
SIM001405,12267,BCT,WR,43,6,7,0.2,0,Fog,2,Weather,HIGH,3,0,316.2,1
SIM001406,12184,BWN,ER,1,3,6,1.0,1,Rain,1,Crew,MEDIUM,0,0,1.0,0
SIM001407,12051,GHY,NFR,45,4,6,0.86,1,Clear,0,Signal,HIGH,4,2,312.5,1
SIM001408,12112,UMB,NR,15,3,8,0.63,1,Clear,0,Passenger,MEDIUM,1,0,29.5,0
SIM001409,12261,RTM,WR,60,4,6,0.36,1,Clear,0,Operational,MEDIUM,4,0,731.7,1
SIM001410,12286,MFP,ECR,1,3,6,0.69,0,Fog,2,Infrastructure,MEDIUM,0,0,1.0,0
SIM001411,12264,MAO,KR,15,3,5,0.58,1,Fog,2,Weather,MEDIUM,1,0,22.4,1
SIM001412,12035,MAO,KR,4,3,5,0.67,0,Clear,0,Passenger,MEDIUM,0,0,4.0,0
SIM001413,12264,KYN,CR,31,5,8,0.38,1,Clear,0,Crew,HIGH,2,0,137.4,1
SIM001414,12078,MDU,SR,1,4,6,0.53,1,Clear,0,Passenger,MEDIUM,0,0,1.0,0
SIM001415,12008,UBL,SWR,1,3,6,0.56,0,Fog,2,Crew,MEDIUM,0,0,1.0,0
SIM001416,12186,ASN,ER,40,4,8,0.24,1,Clear,0,Weather,MEDIUM,4,2,296.6,1
SIM001417,12035,UBL,SWR,81,3,6,0.18,0,Clear,0,Signal,MEDIUM,5,0,1631.8,1
SIM001418,12205,SC,SCR,4,7,10,0.38,0,Clear,0,Infrastructure,HIGH,0,0,4.0,0
SIM001419,12051,COR,WCR,12,5,8,0.5,1,Clear,0,Weather,MEDIUM,0,0,12.0,0
SIM001420,12249,MLDT,ER,29,5,5,0.46,1,Rain,1,Operational,LOW,2,2,138.8,1
SIM001421,12010,BSL,CR,21,3,7,0.95,1,Clear,0,Signal,MEDIUM,2,0,55.6,0
SIM001422,12248,HWH,ER,23,5,23,0.53,1,Clear,0,Weather,HIGH,2,0,70.4,1
SIM001423,12304,MAO,KR,1,3,5,0.18,1,Clear,0,Signal,MEDIUM,0,0,1.0,0
SIM001424,12183,GKP,NER,17,5,10,0.58,1,Clear,0,Weather,HIGH,1,0,40.7,1
SIM001425,12065,NDLS,NR,18,9,16,0.64,0,Rain,1,Infrastructure,HIGH,1,0,41.7,0
SIM001426,12190,JP,NWR,68,6,7,0.79,0,Clear,0,Infrastructure,HIGH,5,0,1129.3,0
SIM001427,12081,BCT,WR,32,6,7,0.88,1,Clear,0,Infrastructure,HIGH,3,0,163.5,1
SIM001428,12026,NDLS,NR,19,9,16,0.52,1,Clear,0,Operational,HIGH,2,0,50.7,1
SIM001429,12168,BPL,WCR,26,6,6,1.09,0,Clear,0,Signal,HIGH,2,0,96.4,1
SIM001430,12210,PUNE,CR,8,5,6,0.21,1,Clear,0,Crew,HIGH,0,0,8.0,0
SIM001431,12052,LDH,NR,80,3,6,0.86,1,Clear,0,Passenger,MEDIUM,5,2,2075.7,1
SIM001432,12217,MAS,SR,1,9,12,1.03,1,Clear,0,Crew,HIGH,0,0,1.0,0
SIM001433,12135,DURG,SECR,28,2,6,0.47,1,Clear,0,Operational,MEDIUM,2,0,88.6,1
SIM001434,12299,UMB,NR,46,3,8,0.33,1,Rain,1,Weather,MEDIUM,4,2,464.1,1
SIM001435,12247,PRYJ,NCR,1,6,10,0.59,0,Rain,1,Infrastructure,HIGH,0,0,1.0,0
SIM001436,12294,PUNE,CR,44,5,6,0.28,0,Clear,0,Operational,HIGH,3,0,379.6,1
SIM001437,12202,VSKP,ECoR,29,5,8,0.45,1,Clear,0,Infrastructure,HIGH,2,0,129.9,1
SIM001438,12114,SBC,SWR,48,4,10,0.42,0,Clear,0,Weather,HIGH,4,0,459.1,1
SIM001439,12319,KGP,SER,49,5,9,0.99,0,Clear,0,Operational,HIGH,3,0,427.5,1
SIM001440,12039,MYS,SWR,31,2,5,0.47,0,Rain,1,Operational,MEDIUM,2,0,101.7,1
SIM001441,12193,KGP,SER,19,5,9,0.7,1,Clear,0,Rolling Stock,HIGH,1,0,46.3,1
SIM001442,12241,BCT,WR,37,6,7,1.19,1,Heavy Rain,2,Operational,HIGH,3,0,203.4,1
SIM001443,12064,NDLS,NR,19,9,16,1.01,1,Clear,0,Crew,HIGH,1,0,45.7,0
SIM001444,12023,ASR,NR,62,4,6,0.63,1,Clear,0,Signal,MEDIUM,4,2,961.4,1
SIM001445,12007,JP,NWR,83,6,7,1.0,1,Clear,0,Rolling Stock,HIGH,5,0,2261.0,0
SIM001446,12069,LDH,NR,5,3,6,0.2,1,Clear,0,Operational,MEDIUM,0,0,5.0,0
SIM001447,12165,NGP,CR,19,7,8,0.19,1,Storm,3,Signal,HIGH,1,0,44.6,1
SIM001448,12032,RTM,WR,23,4,6,0.93,1,Clear,0,Signal,MEDIUM,2,0,59.9,1
SIM001449,12000,NJP,NFR,45,2,6,0.41,1,Clear,0,Signal,MEDIUM,3,2,263.6,1
SIM001450,12226,SUR,CR,65,3,6,0.81,1,Clear,0,Operational,MEDIUM,5,2,1191.7,1
SIM001451,12049,GHY,NFR,29,4,6,0.67,0,Clear,0,Passenger,HIGH,2,0,107.1,1
SIM001452,12285,ADI,WR,21,6,12,0.13,1,Clear,0,Weather,HIGH,1,0,48.0,0
SIM001453,12147,UBL,SWR,10,3,6,0.45,0,Clear,0,Operational,MEDIUM,0,0,10.0,0
SIM001454,12037,CBE,SR,64,5,6,0.38,1,Fog,2,Weather,MEDIUM,4,2,1021.6,0
SIM001455,12135,BSP,SECR,16,6,8,1.0,1,Clear,0,Weather,HIGH,1,0,30.3,1
SIM001456,12158,SBC,SWR,17,4,10,0.89,1,Clear,0,Crew,HIGH,1,0,28.9,1
SIM001457,12301,NDLS,NR,33,9,16,0.18,1,Rain,1,Infrastructure,HIGH,2,0,143.2,1
SIM001458,12131,MAS,SR,20,9,12,0.35,1,Rain,1,Passenger,HIGH,1,0,46.6,0
SIM001459,12122,UMB,NR,14,3,8,0.71,1,Rain,1,Weather,MEDIUM,1,0,33.0,0
SIM001460,12158,TVC,SR,30,5,5,1.24,1,Clear,0,Rolling Stock,HIGH,2,2,167.8,0
SIM001461,12003,BCT,WR,32,6,7,1.23,0,Heavy Rain,2,Rolling Stock,HIGH,3,0,162.3,1
SIM001462,12185,BBS,ECoR,25,6,6,0.16,1,Storm,3,Infrastructure,HIGH,2,0,69.1,0
SIM001463,12090,MFP,ECR,28,3,6,0.73,1,Clear,0,Passenger,MEDIUM,2,0,128.1,1
SIM001464,12121,PUNE,CR,42,5,6,0.43,0,Clear,0,Crew,HIGH,4,0,331.4,1
SIM001465,12318,COR,WCR,56,5,8,0.54,0,Clear,0,Crew,MEDIUM,4,0,607.7,1
SIM001466,12267,GHY,NFR,44,4,6,0.42,0,Clear,0,Passenger,HIGH,3,0,308.6,1
SIM001467,12058,VSKP,ECoR,45,5,8,0.77,0,Clear,0,Passenger,HIGH,4,0,402.0,1
SIM001468,12187,SDAH,ER,11,3,20,0.49,1,Clear,0,Operational,HIGH,1,0,16.6,1
SIM001469,12082,GHY,NFR,11,4,6,1.22,0,Clear,0,Rolling Stock,HIGH,1,0,16.6,1
SIM001470,12009,VSKP,ECoR,39,5,8,0.72,0,Clear,0,Passenger,HIGH,3,0,264.6,1
SIM001471,12162,MAO,KR,49,3,5,0.92,1,Heavy Rain,2,Operational,MEDIUM,4,0,484.1,1
SIM001472,12163,NDLS,NR,23,9,16,0.47,1,Storm,3,Passenger,HIGH,2,2,90.7,1
SIM001473,12285,ADI,WR,21,6,12,0.37,1,Clear,0,Weather,HIGH,2,0,55.6,0
SIM001474,12148,JBP,WCR,65,4,7,0.98,1,Clear,0,Infrastructure,HIGH,5,2,1371.0,1
SIM001475,12058,NDLS,NR,12,9,16,0.45,0,Rain,1,Infrastructure,HIGH,1,0,18.6,0
SIM001476,12047,MFP,ECR,5,3,6,0.64,1,Fog,2,Infrastructure,MEDIUM,0,0,5.0,0
SIM001477,12212,NDLS,NR,1,9,16,1.26,1,Fog,2,Operational,HIGH,0,0,1.0,0
SIM001478,12173,MYS,SWR,58,2,5,0.35,1,Clear,0,Passenger,MEDIUM,4,0,561.4,1
SIM001479,12027,COR,WCR,22,5,8,0.92,1,Clear,0,Operational,MEDIUM,2,0,67.9,1
SIM001480,12049,GHY,NFR,19,4,6,1.12,0,Clear,0,Crew,HIGH,1,0,43.9,1
SIM001481,12174,BBS,ECoR,63,6,6,0.31,0,Rain,1,Operational,HIGH,5,0,851.4,1
SIM001482,12261,HWH,ER,25,5,23,0.19,1,Clear,0,Operational,HIGH,2,0,91.1,1
SIM001483,12175,BPL,WCR,28,6,6,0.41,0,Rain,1,Signal,HIGH,2,0,103.6,1
SIM001484,12175,BPL,WCR,57,6,6,1.07,0,Clear,0,Passenger,HIGH,4,0,793.8,1
SIM001485,12065,NDLS,NR,14,9,16,0.59,0,Clear,0,Operational,HIGH,1,0,29.9,0
SIM001486,12224,COR,WCR,47,5,8,0.82,0,Fog,2,Passenger,MEDIUM,4,0,498.4,1
SIM001487,12054,COR,WCR,31,5,8,0.83,0,Clear,0,Rolling Stock,MEDIUM,2,0,144.8,1
SIM001488,12145,JP,NWR,64,6,7,0.69,1,Clear,0,Weather,HIGH,5,0,1150.9,0
SIM001489,12154,NGP,CR,71,7,8,0.54,0,Storm,3,Weather,HIGH,5,0,1445.0,1
SIM001490,12138,JP,NWR,50,6,7,0.38,1,Rain,1,Operational,HIGH,4,0,574.0,0
SIM001491,12124,SBC,SWR,37,4,10,0.72,1,Fog,2,Weather,HIGH,2,2,171.9,1
SIM001492,12244,MYS,SWR,22,2,5,0.22,1,Fog,2,Signal,MEDIUM,2,0,57.3,1
SIM001493,12116,ASN,ER,32,4,8,0.88,1,Storm,3,Weather,MEDIUM,2,2,169.9,1
SIM001494,12176,JHS,NCR,14,3,7,0.29,1,Rain,1,Signal,MEDIUM,1,0,33.3,1
SIM001495,12307,BCT,WR,33,6,7,0.71,1,Clear,0,Signal,HIGH,2,0,165.7,1
SIM001496,12048,BZA,SCR,21,5,10,0.82,1,Clear,0,Crew,HIGH,1,0,49.1,1
SIM001497,12059,MAS,SR,9,9,12,1.26,0,Clear,0,Signal,HIGH,0,0,9.0,0
SIM001498,12212,PRYJ,NCR,19,6,10,0.74,1,Clear,0,Signal,HIGH,1,0,46.5,1
SIM001499,12291,NJP,NFR,30,2,6,0.44,1,Fog,2,Signal,MEDIUM,2,2,106.6,1
SIM001500,12034,SUR,CR,1,3,6,0.12,1,Clear,0,Passenger,MEDIUM,0,0,1.0,0
SIM001501,12218,UBL,SWR,26,3,6,0.53,1,Clear,0,Operational,MEDIUM,2,0,114.5,1
SIM001502,12167,ST,WR,1,3,5,0.53,0,Storm,3,Operational,MEDIUM,0,0,1.0,0
SIM001503,12212,NDLS,NR,39,9,16,0.68,1,Clear,0,Crew,HIGH,3,2,331.4,1
SIM001504,12117,COR,WCR,27,5,8,0.85,1,Clear,0,Infrastructure,MEDIUM,2,2,105.3,1
SIM001505,12245,DLI,NR,29,3,10,0.46,0,Clear,0,Signal,HIGH,2,0,111.4,1
SIM001506,12255,KGP,SER,30,5,9,0.47,1,Clear,0,Passenger,HIGH,2,0,106.0,1
SIM001507,12178,MAS,SR,12,9,12,0.99,1,Clear,0,Infrastructure,HIGH,1,0,18.1,0
SIM001508,12064,SDAH,ER,82,3,20,0.32,1,Clear,0,Signal,HIGH,5,2,2480.1,1
SIM001509,12122,SC,SCR,43,7,10,0.62,1,Clear,0,Crew,HIGH,3,2,267.2,1
SIM001510,12085,SDAH,ER,24,3,20,0.9,0,Rain,1,Weather,HIGH,2,0,79.2,1
SIM001511,12305,ASR,NR,1,4,6,0.54,1,Clear,0,Passenger,MEDIUM,0,0,1.0,0
SIM001512,12178,BWN,ER,52,3,6,0.55,1,Clear,0,Rolling Stock,MEDIUM,4,0,550.3,1
SIM001513,12126,UMB,NR,37,3,8,0.57,1,Fog,2,Weather,MEDIUM,3,2,185.6,0
SIM001514,12033,CSMT,CR,59,8,18,0.55,0,Clear,0,Signal,HIGH,4,0,933.5,1
SIM001515,12152,KYN,CR,23,5,8,0.57,1,Clear,0,Weather,HIGH,2,0,68.7,1
SIM001516,12219,PURI,ECoR,27,2,5,0.71,1,Clear,0,Signal,MEDIUM,2,0,70.4,0
SIM001517,12049,ST,WR,57,3,5,0.28,0,Clear,0,Operational,MEDIUM,4,0,766.7,1
SIM001518,12248,MLDT,ER,22,5,5,0.31,1,Fog,2,Infrastructure,LOW,2,0,74.1,1
SIM001519,12125,NJP,NFR,54,2,6,0.28,1,Clear,0,Passenger,MEDIUM,4,2,439.1,1
SIM001520,12284,SDAH,ER,31,3,20,1.05,0,Fog,2,Weather,HIGH,2,0,141.9,1
SIM001521,12001,MAO,KR,42,3,5,0.87,1,Clear,0,Signal,MEDIUM,3,2,314.4,1
SIM001522,12191,MDU,SR,1,4,6,0.82,0,Storm,3,Passenger,MEDIUM,0,0,1.0,0
SIM001523,12243,NDLS,NR,32,9,16,0.53,0,Clear,0,Weather,HIGH,3,0,157.9,1
SIM001524,12242,PUNE,CR,41,5,6,0.46,1,Rain,1,Operational,HIGH,3,0,325.8,1
SIM001525,12028,JP,NWR,1,6,7,0.16,1,Clear,0,Infrastructure,HIGH,0,0,1.0,0
SIM001526,12311,KGP,SER,42,5,9,0.15,0,Storm,3,Weather,HIGH,3,0,329.4,1
SIM001527,12316,MAS,SR,45,9,12,1.25,1,Clear,0,Infrastructure,HIGH,3,0,421.5,0
SIM001528,12127,MLDT,ER,47,5,5,0.53,1,Fog,2,Passenger,LOW,4,2,506.7,1
SIM001529,12249,SC,SCR,1,7,10,0.7,1,Clear,0,Weather,HIGH,0,0,1.0,0
SIM001530,12151,HYB,SCR,19,1,6,0.24,0,Clear,0,Weather,MEDIUM,1,0,27.4,0
SIM001531,12317,BBS,ECoR,37,6,6,0.62,0,Clear,0,Operational,HIGH,2,0,153.7,1
SIM001532,12197,MAS,SR,13,9,12,0.27,1,Rain,1,Infrastructure,HIGH,1,0,18.3,0
SIM001533,12183,UMB,NR,21,3,8,0.21,1,Clear,0,Rolling Stock,MEDIUM,2,0,82.8,0
SIM001534,12003,BBS,ECoR,7,6,6,0.41,0,Rain,1,Rolling Stock,HIGH,0,0,7.0,0
SIM001535,12165,SUR,CR,2,3,6,0.8,1,Fog,2,Operational,MEDIUM,0,0,2.0,0
SIM001536,12072,BWN,ER,16,3,6,0.7,0,Heavy Rain,2,Rolling Stock,MEDIUM,1,0,25.7,0
SIM001537,12137,SBC,SWR,13,4,10,1.25,0,Storm,3,Signal,HIGH,1,0,24.3,1
SIM001538,12111,VSKP,ECoR,49,5,8,0.38,1,Clear,0,Rolling Stock,HIGH,3,0,511.0,1
SIM001539,12011,NJP,NFR,55,2,6,0.23,0,Clear,0,Passenger,MEDIUM,4,0,426.2,1
SIM001540,12222,BSP,SECR,20,6,8,0.28,1,Clear,0,Operational,HIGH,1,0,50.3,1
SIM001541,12074,SC,SCR,23,7,10,1.18,1,Rain,1,Signal,HIGH,1,2,67.0,0
SIM001542,12275,NDLS,NR,31,9,16,1.1,0,Clear,0,Infrastructure,HIGH,2,0,135.5,1
SIM001543,12193,ROU,SER,15,3,5,0.99,1,Fog,2,Infrastructure,LOW,1,0,37.8,1
SIM001544,12033,SBC,SWR,26,4,10,1.03,0,Clear,0,Signal,HIGH,2,0,88.6,1
SIM001545,12317,VSKP,ECoR,31,5,8,1.27,0,Clear,0,Operational,HIGH,2,0,151.5,1
SIM001546,12163,PRYJ,NCR,31,6,10,0.22,1,Clear,0,Infrastructure,HIGH,2,2,131.0,1
SIM001547,12171,PUNE,CR,39,5,6,1.11,1,Clear,0,Operational,HIGH,3,0,282.7,1
SIM001548,12073,PURI,ECoR,1,2,5,0.37,1,Clear,0,Infrastructure,MEDIUM,0,0,1.0,0
SIM001549,12275,BAM,ECoR,85,3,4,0.7,0,Fog,2,Rolling Stock,LOW,5,0,1992.1,1
SIM001550,12034,SC,SCR,35,7,10,0.73,1,Clear,0,Signal,HIGH,3,0,164.0,1
SIM001551,12229,ADI,WR,1,6,12,0.56,1,Rain,1,Rolling Stock,HIGH,0,0,1.0,0
SIM001552,12084,BCT,WR,19,6,7,1.0,1,Clear,0,Infrastructure,HIGH,2,0,51.7,1
SIM001553,12022,COR,WCR,1,5,8,0.73,1,Clear,0,Infrastructure,MEDIUM,0,0,1.0,0
SIM001554,12112,COR,WCR,49,5,8,0.9,1,Clear,0,Rolling Stock,MEDIUM,4,0,572.2,1
SIM001555,12040,JP,NWR,18,6,7,0.58,1,Rain,1,Signal,HIGH,1,0,23.6,0
SIM001556,12040,KYN,CR,55,5,8,0.6,1,Clear,0,Weather,HIGH,4,0,688.6,1
SIM001557,12207,SDAH,ER,29,3,20,1.29,0,Clear,0,Weather,HIGH,2,0,126.0,1
SIM001558,12287,KYN,CR,33,5,8,0.48,1,Fog,2,Signal,HIGH,3,2,195.7,1
SIM001559,12197,MS,SR,84,2,10,0.72,1,Fog,2,Operational,MEDIUM,5,4,1761.1,0
SIM001560,12107,MYS,SWR,18,2,5,0.33,1,Rain,1,Rolling Stock,MEDIUM,1,0,29.6,0
SIM001561,12076,SBC,SWR,36,4,10,0.17,0,Fog,2,Rolling Stock,HIGH,3,0,230.0,1
SIM001562,12190,JP,NWR,68,6,7,0.73,0,Clear,0,Infrastructure,HIGH,5,0,1401.0,0
SIM001563,12170,ASR,NR,1,4,6,0.22,1,Heavy Rain,2,Operational,MEDIUM,0,0,1.0,0
SIM001564,12084,DLI,NR,31,3,10,0.72,1,Clear,0,Operational,HIGH,2,0,152.3,1
SIM001565,12060,GHY,NFR,53,4,6,0.93,1,Rain,1,Operational,HIGH,4,4,551.4,1
SIM001566,12094,DURG,SECR,23,2,6,0.18,1,Clear,0,Rolling Stock,MEDIUM,1,0,42.3,0
SIM001567,12187,PRYJ,NCR,44,6,10,0.72,1,Clear,0,Crew,HIGH,3,2,312.6,1
SIM001568,12307,BCT,WR,1,6,7,0.17,1,Clear,0,Infrastructure,HIGH,0,0,1.0,0
SIM001569,12300,SBC,SWR,1,4,10,0.69,1,Clear,0,Operational,HIGH,0,0,1.0,0
SIM001570,12092,JU,NWR,15,3,6,0.29,0,Clear,0,Crew,MEDIUM,1,0,37.2,0
SIM001571,12133,JBP,WCR,12,4,7,0.72,1,Clear,0,Crew,HIGH,1,0,17.2,1
SIM001572,12035,PUNE,CR,13,5,6,0.59,0,Clear,0,Infrastructure,HIGH,1,0,19.4,0
SIM001573,12206,MAS,SR,34,9,12,0.23,1,Fog,2,Infrastructure,HIGH,3,0,185.5,0
SIM001574,12077,NGP,CR,37,7,8,0.25,0,Fog,2,Operational,HIGH,3,0,210.6,1
SIM001575,12216,SBC,SWR,73,4,10,0.64,1,Clear,0,Operational,HIGH,5,4,1638.3,1
SIM001576,12275,NDLS,NR,31,9,16,0.64,0,Clear,0,Infrastructure,HIGH,2,0,136.5,1
SIM001577,12233,MAS,SR,4,9,12,1.07,0,Heavy Rain,2,Signal,HIGH,0,0,4.0,0
SIM001578,12169,GKP,NER,1,5,10,0.94,0,Clear,0,Crew,HIGH,0,0,1.0,0
SIM001579,12000,NJP,NFR,29,2,6,0.15,1,Clear,0,Infrastructure,MEDIUM,2,2,92.5,1
SIM001580,12073,NDLS,NR,1,9,16,1.19,1,Rain,1,Weather,HIGH,0,0,1.0,0
SIM001581,12103,NDLS,NR,16,9,16,1.1,0,Fog,2,Crew,HIGH,1,0,35.0,0
SIM001582,12039,SBC,SWR,49,4,10,0.37,0,Clear,0,Signal,HIGH,4,0,473.7,1
SIM001583,12293,NGP,CR,1,7,8,0.29,0,Clear,0,Passenger,HIGH,0,0,1.0,0
SIM001584,12287,BCT,WR,40,6,7,1.02,1,Clear,0,Rolling Stock,HIGH,3,2,271.0,1
SIM001585,12260,PUNE,CR,70,5,6,1.01,0,Clear,0,Crew,HIGH,5,0,1439.3,1
SIM001586,12050,PURI,ECoR,29,2,5,0.32,0,Rain,1,Infrastructure,MEDIUM,2,0,85.7,0
SIM001587,12096,JHS,NCR,31,3,7,0.1,1,Clear,0,Rolling Stock,MEDIUM,3,0,138.4,1
SIM001588,12285,ADI,WR,58,6,12,0.67,1,Clear,0,Signal,HIGH,4,0,764.7,1
SIM001589,12191,MDU,SR,87,4,6,0.97,0,Clear,0,Rolling Stock,MEDIUM,5,0,2437.7,0
SIM001590,12047,GKP,NER,10,5,10,0.6,1,Clear,0,Operational,HIGH,0,0,10.0,0
SIM001591,12134,NDLS,NR,63,9,16,0.43,0,Fog,2,Rolling Stock,HIGH,4,0,993.4,1
SIM001592,12031,LDH,NR,23,3,6,0.34,0,Clear,0,Passenger,MEDIUM,2,0,60.8,0
SIM001593,12261,HWH,ER,14,5,23,0.64,1,Clear,0,Infrastructure,HIGH,0,0,14.0,0
SIM001594,12095,KYN,CR,67,5,8,0.64,1,Clear,0,Signal,HIGH,5,2,1408.6,1
SIM001595,12286,PNBE,ECR,20,7,10,1.05,0,Clear,0,Infrastructure,HIGH,1,0,44.4,0
SIM001596,12132,SC,SCR,10,7,10,0.28,1,Clear,0,Operational,HIGH,1,0,15.0,0
SIM001597,12049,GHY,NFR,76,4,6,0.66,0,Storm,3,Weather,HIGH,5,0,1211.1,1
SIM001598,12154,NGP,CR,22,7,8,0.21,0,Rain,1,Weather,HIGH,2,0,64.4,1
SIM001599,12158,SBC,SWR,17,4,10,1.25,1,Clear,0,Crew,HIGH,1,0,41.9,1
SIM001600,12106,MAS,SR,63,9,12,0.34,1,Rain,1,Infrastructure,HIGH,4,2,921.0,0
SIM001601,12303,HWH,ER,82,5,23,1.21,1,Clear,0,Operational,HIGH,5,0,2166.4,1
SIM001602,12092,JP,NWR,43,6,7,0.68,0,Clear,0,Rolling Stock,HIGH,3,0,376.3,0
SIM001603,12271,GKP,NER,13,5,10,1.01,1,Clear,0,Rolling Stock,HIGH,1,0,25.1,0
SIM001604,12050,PURI,ECoR,6,2,5,0.41,0,Clear,0,Rolling Stock,MEDIUM,0,0,6.0,0
SIM001605,12070,BPL,WCR,77,6,6,0.9,1,Clear,0,Infrastructure,HIGH,5,2,1997.8,1
SIM001606,12103,VSKP,ECoR,1,5,8,1.29,0,Clear,0,Rolling Stock,HIGH,0,0,1.0,0
SIM001607,12033,SC,SCR,63,7,10,0.82,0,Clear,0,Rolling Stock,HIGH,4,0,792.1,1
SIM001608,12130,KYN,CR,1,5,8,0.36,0,Clear,0,Passenger,HIGH,0,0,1.0,0
SIM001609,12047,GHY,NFR,57,4,6,0.42,1,Clear,0,Infrastructure,HIGH,4,2,577.2,1
SIM001610,12057,MAS,SR,1,9,12,0.32,1,Clear,0,Operational,HIGH,0,0,1.0,0
SIM001611,12066,BBS,ECoR,23,6,6,1.0,1,Rain,1,Weather,HIGH,2,2,85.9,1
SIM001612,12132,DLI,NR,14,3,10,0.91,1,Fog,2,Signal,HIGH,0,0,14.0,0
SIM001613,12096,MYS,SWR,5,2,5,0.72,1,Clear,0,Infrastructure,MEDIUM,0,0,5.0,0
SIM001614,12243,DLI,NR,25,3,10,0.27,0,Clear,0,Signal,HIGH,1,0,58.7,1
SIM001615,12264,KYN,CR,63,5,8,0.52,1,Rain,1,Weather,HIGH,4,2,1051.1,1
SIM001616,12073,SDAH,ER,1,3,20,0.71,1,Fog,2,Infrastructure,HIGH,0,0,1.0,0
SIM001617,12130,BBS,ECoR,2,6,6,0.91,0,Clear,0,Rolling Stock,HIGH,0,0,2.0,0
SIM001618,12199,MYS,SWR,49,2,5,0.72,1,Clear,0,Signal,MEDIUM,3,2,376.8,1
SIM001619,12047,MFP,ECR,29,3,6,0.19,1,Clear,0,Weather,MEDIUM,2,0,106.9,1
SIM001620,12186,MLDT,ER,3,5,5,0.69,1,Clear,0,Rolling Stock,LOW,0,0,3.0,0
SIM001621,12031,UMB,NR,1,3,8,0.44,0,Clear,0,Signal,MEDIUM,0,0,1.0,0
SIM001622,12227,BZA,SCR,1,5,10,0.61,1,Clear,0,Rolling Stock,HIGH,0,0,1.0,0
SIM001623,12177,NJP,NFR,1,2,6,0.26,1,Clear,0,Rolling Stock,MEDIUM,0,0,1.0,0
SIM001624,12013,COR,WCR,43,5,8,0.73,1,Fog,2,Passenger,MEDIUM,3,2,333.8,1
SIM001625,12274,NDLS,NR,42,9,16,0.75,1,Clear,0,Rolling Stock,HIGH,3,0,365.0,1
SIM001626,12251,PRYJ,NCR,49,6,10,0.95,0,Clear,0,Infrastructure,HIGH,4,0,484.1,1
SIM001627,12240,ERS,SR,33,3,5,0.33,1,Storm,3,Operational,MEDIUM,2,2,180.5,0
SIM001628,12020,PUNE,CR,24,5,6,0.49,1,Clear,0,Signal,HIGH,2,0,81.6,0
SIM001629,12165,NGP,CR,66,7,8,0.53,1,Clear,0,Rolling Stock,HIGH,5,0,1185.1,1
SIM001630,12077,NGP,CR,57,7,8,1.14,0,Clear,0,Signal,HIGH,4,0,828.9,1
SIM001631,12004,ADI,WR,52,6,12,0.82,1,Clear,0,Operational,HIGH,4,0,505.0,1
SIM001632,12013,MDU,SR,31,4,6,0.33,1,Rain,1,Crew,MEDIUM,2,2,138.5,0
SIM001633,12107,SBC,SWR,46,4,10,0.22,1,Rain,1,Signal,HIGH,3,0,317.2,1
SIM001634,12112,COR,WCR,43,5,8,0.4,1,Storm,3,Crew,MEDIUM,4,0,346.2,1
SIM001635,12314,COR,WCR,38,5,8,0.49,0,Rain,1,Crew,MEDIUM,3,0,294.5,1
SIM001636,12313,RTM,WR,27,4,6,0.93,0,Clear,0,Crew,MEDIUM,2,0,91.0,1
SIM001637,12193,ERS,SR,75,3,5,0.87,1,Clear,0,Infrastructure,MEDIUM,5,2,2146.8,0
SIM001638,12247,AGC,NCR,46,2,6,0.17,0,Rain,1,Passenger,MEDIUM,3,0,273.6,1
SIM001639,12292,BZA,SCR,62,5,10,0.68,0,Clear,0,Signal,HIGH,4,0,834.1,1
SIM001640,12198,PNBE,ECR,36,7,10,0.96,1,Clear,0,Signal,HIGH,3,0,196.9,1
SIM001641,12048,ADI,WR,42,6,12,0.44,1,Clear,0,Rolling Stock,HIGH,3,2,314.4,1
SIM001642,12206,ASN,ER,45,4,8,0.47,1,Fog,2,Crew,MEDIUM,4,0,420.1,1
SIM001643,12133,JP,NWR,36,6,7,1.16,1,Heavy Rain,2,Infrastructure,HIGH,3,0,207.8,0
SIM001644,12081,BBS,ECoR,10,6,6,1.08,1,Clear,0,Crew,HIGH,0,0,10.0,0
SIM001645,12194,MFP,ECR,55,3,6,0.52,1,Rain,1,Weather,MEDIUM,4,2,718.6,1
SIM001646,12251,R,SECR,35,3,7,0.75,0,Rain,1,Signal,MEDIUM,2,0,170.7,1
SIM001647,12156,COR,WCR,1,5,8,0.47,0,Clear,0,Signal,MEDIUM,0,0,1.0,0
SIM001648,12152,KYN,CR,23,5,8,0.27,1,Clear,0,Infrastructure,HIGH,1,0,54.8,1
SIM001649,12253,ADI,WR,1,6,12,0.65,1,Clear,0,Rolling Stock,HIGH,0,0,1.0,0
SIM001650,12179,AGC,NCR,25,2,6,0.52,1,Clear,0,Signal,MEDIUM,2,0,69.9,1
SIM001651,12168,BZA,SCR,71,5,10,0.64,0,Clear,0,Weather,HIGH,5,0,1235.7,1
SIM001652,12291,MLDT,ER,13,5,5,0.81,1,Rain,1,Crew,LOW,1,0,24.1,0
SIM001653,12157,BSP,SECR,64,6,8,1.17,1,Clear,0,Operational,HIGH,5,0,958.8,1
SIM001654,12049,GHY,NFR,7,4,6,0.78,0,Clear,0,Operational,HIGH,0,0,7.0,0
SIM001655,12085,NJP,NFR,16,2,6,0.64,0,Clear,0,Rolling Stock,MEDIUM,1,0,23.8,0
SIM001656,12315,HWH,ER,18,5,23,0.38,1,Clear,0,Infrastructure,HIGH,2,0,50.2,0
SIM001657,12031,UMB,NR,52,3,8,0.4,0,Clear,0,Rolling Stock,MEDIUM,4,0,638.0,1
SIM001658,12277,ASR,NR,1,4,6,0.76,0,Storm,3,Weather,MEDIUM,0,0,1.0,0
SIM001659,12285,SBC,SWR,40,4,10,1.27,1,Storm,3,Signal,HIGH,3,0,255.0,1
SIM001660,12132,TVC,SR,42,5,5,0.6,1,Heavy Rain,2,Signal,HIGH,3,0,339.9,0
SIM001661,12037,PNBE,ECR,45,7,10,0.73,1,Heavy Rain,2,Infrastructure,HIGH,3,0,349.7,1
SIM001662,12304,UBL,SWR,65,3,6,0.22,1,Clear,0,Weather,MEDIUM,5,2,1093.3,1
SIM001663,12094,JBP,WCR,4,4,7,0.2,1,Clear,0,Operational,HIGH,0,0,4.0,0
SIM001664,12240,MAS,SR,67,9,12,1.07,1,Clear,0,Signal,HIGH,5,2,1300.3,0
SIM001665,12294,PUNE,CR,28,5,6,0.79,0,Rain,1,Passenger,HIGH,2,0,97.1,0
SIM001666,12308,ADI,WR,58,6,12,1.21,0,Rain,1,Crew,HIGH,4,0,554.6,1
SIM001667,12235,HYB,SCR,28,1,6,0.8,1,Clear,0,Infrastructure,MEDIUM,2,0,56.0,0
SIM001668,12147,KYN,CR,60,5,8,0.39,0,Clear,0,Rolling Stock,HIGH,4,0,786.8,1
SIM001669,12064,SDAH,ER,17,3,20,0.57,1,Clear,0,Operational,HIGH,1,0,39.5,1
SIM001670,12124,SBC,SWR,48,4,10,0.67,1,Clear,0,Weather,HIGH,3,2,440.5,1
SIM001671,12147,KYN,CR,27,5,8,0.33,0,Clear,0,Rolling Stock,HIGH,2,0,112.3,1
SIM001672,12225,NDLS,NR,12,9,16,0.47,0,Clear,0,Infrastructure,HIGH,1,0,23.6,0
SIM001673,12244,JP,NWR,68,6,7,0.47,1,Fog,2,Passenger,HIGH,5,2,1416.7,0
SIM001674,12068,CSMT,CR,22,8,18,1.18,1,Clear,0,Rolling Stock,HIGH,1,0,50.4,0
SIM001675,12292,VSKP,ECoR,45,5,8,0.81,0,Clear,0,Crew,HIGH,4,0,438.2,1
SIM001676,12230,ERS,SR,22,3,5,0.23,1,Fog,2,Passenger,MEDIUM,2,0,66.5,0
SIM001677,12076,SC,SCR,43,7,10,0.4,0,Rain,1,Signal,HIGH,4,0,308.8,1
SIM001678,12127,BWN,ER,24,3,6,0.93,1,Rain,1,Signal,MEDIUM,2,0,99.3,1
SIM001679,12117,SDAH,ER,21,3,20,0.97,1,Heavy Rain,2,Signal,HIGH,2,0,61.1,1
SIM001680,12031,UMB,NR,61,3,8,0.35,0,Heavy Rain,2,Passenger,MEDIUM,4,0,909.3,1
SIM001681,12172,VSKP,ECoR,33,5,8,0.24,1,Clear,0,Rolling Stock,HIGH,3,0,192.0,1
SIM001682,12096,JHS,NCR,18,3,7,0.33,1,Clear,0,Crew,MEDIUM,1,0,35.0,0
SIM001683,12311,TATA,SER,39,2,6,0.17,0,Clear,0,Crew,MEDIUM,3,0,182.1,1
SIM001684,12129,TVC,SR,37,5,5,1.07,1,Clear,0,Rolling Stock,HIGH,3,0,238.5,0
SIM001685,12252,SBC,SWR,45,4,10,0.2,1,Rain,1,Signal,HIGH,3,0,341.2,1
SIM001686,12159,JP,NWR,15,6,7,0.85,1,Clear,0,Signal,HIGH,1,0,23.0,0
SIM001687,12147,KYN,CR,18,5,8,0.82,0,Clear,0,Rolling Stock,HIGH,1,0,41.6,1
SIM001688,12203,PRYJ,NCR,57,6,10,0.29,1,Clear,0,Infrastructure,HIGH,4,4,811.7,1
SIM001689,12087,CSMT,CR,20,8,18,1.05,1,Clear,0,Signal,HIGH,2,0,65.9,1
SIM001690,12275,ASR,NR,18,4,6,0.29,0,Rain,1,Passenger,MEDIUM,2,0,54.6,0
SIM001691,12311,TATA,SER,39,2,6,0.79,0,Clear,0,Crew,MEDIUM,3,0,159.3,1
SIM001692,12256,NDLS,NR,21,9,16,0.19,0,Clear,0,Rolling Stock,HIGH,1,0,55.1,0
SIM001693,12127,BWN,ER,19,3,6,0.75,1,Rain,1,Rolling Stock,MEDIUM,1,0,43.9,0
SIM001694,12216,LDH,NR,1,3,6,0.81,1,Clear,0,Infrastructure,MEDIUM,0,0,1.0,0
SIM001695,12267,BCT,WR,43,6,7,0.79,0,Fog,2,Weather,HIGH,3,0,331.1,1
SIM001696,12130,KYN,CR,25,5,8,0.32,0,Clear,0,Operational,HIGH,2,0,70.1,1
SIM001697,12272,MS,SR,1,2,10,0.35,0,Rain,1,Operational,MEDIUM,0,0,1.0,0
SIM001698,12266,NDLS,NR,29,9,16,0.25,1,Clear,0,Crew,HIGH,2,0,110.9,0
SIM001699,12161,BSP,SECR,43,6,8,0.32,1,Clear,0,Rolling Stock,HIGH,3,2,334.7,1
SIM001700,12159,COR,WCR,27,5,8,0.48,1,Clear,0,Rolling Stock,MEDIUM,2,0,121.6,1
SIM001701,12268,SUR,CR,12,3,6,0.62,1,Clear,0,Operational,MEDIUM,1,0,18.4,0
SIM001702,12006,NDLS,NR,1,9,16,1.29,1,Heavy Rain,2,Passenger,HIGH,0,0,1.0,0
SIM001703,12261,HWH,ER,49,5,23,0.95,1,Fog,2,Operational,HIGH,4,0,552.8,1
SIM001704,12214,BBS,ECoR,41,6,6,0.86,1,Clear,0,Crew,HIGH,3,0,270.5,1
SIM001705,12302,KGP,SER,40,5,9,0.65,1,Storm,3,Signal,HIGH,3,2,330.4,1
SIM001706,12214,KYN,CR,28,5,8,0.63,1,Clear,0,Infrastructure,HIGH,2,0,111.6,1
SIM001707,12227,BZA,SCR,41,5,10,0.46,1,Clear,0,Passenger,HIGH,3,0,219.4,1
SIM001708,12277,DLI,NR,46,3,10,1.3,0,Clear,0,Rolling Stock,HIGH,3,0,450.0,1
SIM001709,12149,BBS,ECoR,63,6,6,0.74,1,Clear,0,Signal,HIGH,4,2,738.7,1
SIM001710,12172,SDAH,ER,62,3,20,0.22,1,Clear,0,Weather,HIGH,5,2,1065.0,1
SIM001711,12091,PNBE,ECR,28,7,10,1.06,0,Storm,3,Signal,HIGH,2,0,114.2,1
SIM001712,12018,SDAH,ER,1,3,20,1.04,0,Storm,3,Infrastructure,HIGH,0,0,1.0,0
SIM001713,12195,ASR,NR,18,4,6,0.22,0,Clear,0,Crew,MEDIUM,1,0,43.0,0
SIM001714,12192,ADI,WR,60,6,12,0.68,1,Clear,0,Crew,HIGH,4,2,793.1,1
SIM001715,12025,JP,NWR,9,6,7,0.81,1,Clear,0,Crew,HIGH,0,0,9.0,0
SIM001716,12023,NDLS,NR,24,9,16,0.98,1,Clear,0,Infrastructure,HIGH,2,0,66.4,0
SIM001717,12246,LDH,NR,33,3,6,0.45,1,Clear,0,Infrastructure,MEDIUM,3,0,160.0,0
SIM001718,12311,KGP,SER,17,5,9,0.7,0,Clear,0,Weather,HIGH,1,0,33.7,1
SIM001719,12094,DURG,SECR,39,2,6,0.19,1,Clear,0,Crew,MEDIUM,3,2,154.2,1
SIM001720,12059,KGP,SER,1,5,9,0.51,0,Fog,2,Signal,HIGH,0,0,1.0,0
SIM001721,12040,JP,NWR,35,6,7,1.05,1,Clear,0,Operational,HIGH,3,0,193.8,0
SIM001722,12257,SC,SCR,113,7,10,1.23,1,Rain,1,Infrastructure,HIGH,6,4,4915.6,1
SIM001723,12197,SBC,SWR,23,4,10,1.25,1,Clear,0,Signal,HIGH,1,0,56.6,1
SIM001724,12066,NGP,CR,71,7,8,0.36,1,Fog,2,Weather,HIGH,5,2,2005.3,1
SIM001725,12215,BPL,WCR,25,6,6,1.02,0,Clear,0,Infrastructure,HIGH,2,0,82.7,1
SIM001726,12114,BPL,WCR,11,6,6,0.35,0,Clear,0,Operational,HIGH,1,0,16.0,0
SIM001727,12220,BWN,ER,27,3,6,0.15,1,Clear,0,Operational,MEDIUM,2,0,112.7,1
SIM001728,12050,BCT,WR,20,6,7,0.84,0,Clear,0,Infrastructure,HIGH,1,0,47.3,0
SIM001729,12104,KGP,SER,39,5,9,0.19,1,Clear,0,Rolling Stock,HIGH,3,0,257.0,1
SIM001730,12186,ASN,ER,36,4,8,0.18,1,Fog,2,Crew,MEDIUM,3,0,198.3,1
SIM001731,12186,MLDT,ER,1,5,5,0.9,1,Storm,3,Operational,LOW,0,0,1.0,0
SIM001732,12205,ERS,SR,45,3,5,0.17,0,Clear,0,Weather,MEDIUM,3,0,373.1,0
SIM001733,12296,AGC,NCR,1,2,6,0.88,1,Fog,2,Infrastructure,MEDIUM,0,0,1.0,0
SIM001734,12052,LDH,NR,80,3,6,0.37,1,Clear,0,Passenger,MEDIUM,5,2,2192.4,1
SIM001735,12167,BCT,WR,34,6,7,0.38,0,Clear,0,Rolling Stock,HIGH,3,0,210.5,1
SIM001736,12185,RTM,WR,9,4,6,0.99,1,Heavy Rain,2,Rolling Stock,MEDIUM,0,0,9.0,0
SIM001737,12196,ROU,SER,38,3,5,0.98,1,Clear,0,Rolling Stock,LOW,3,2,268.2,1
SIM001738,12091,PNBE,ECR,28,7,10,1.06,0,Storm,3,Signal,HIGH,2,0,121.4,1
SIM001739,12307,NGP,CR,8,7,8,1.24,1,Clear,0,Weather,HIGH,0,0,8.0,0
SIM001740,12078,SUR,CR,44,3,6,0.49,1,Clear,0,Weather,MEDIUM,4,2,518.5,1
SIM001741,12309,PRYJ,NCR,60,6,10,0.41,0,Clear,0,Infrastructure,HIGH,4,0,902.8,1
SIM001742,12213,CSMT,CR,1,8,18,0.89,1,Clear,0,Infrastructure,HIGH,0,0,1.0,0
SIM001743,12100,SDAH,ER,31,3,20,1.27,1,Fog,2,Passenger,HIGH,3,0,167.2,1
SIM001744,12037,CBE,SR,72,5,6,0.29,1,Rain,1,Weather,MEDIUM,5,2,1335.0,0
SIM001745,12264,KYN,CR,20,5,8,0.67,1,Clear,0,Operational,HIGH,1,0,50.2,1
SIM001746,12167,BCT,WR,34,6,7,0.43,0,Clear,0,Rolling Stock,HIGH,3,0,183.7,1
SIM001747,12120,BBS,ECoR,66,6,6,0.15,1,Clear,0,Rolling Stock,HIGH,4,2,896.8,1
SIM001748,12236,MDU,SR,53,4,6,0.62,1,Clear,0,Rolling Stock,MEDIUM,4,2,652.9,0
SIM001749,12275,PURI,ECoR,56,2,5,0.48,0,Clear,0,Passenger,MEDIUM,3,0,369.6,1
SIM001750,12245,DLI,NR,3,3,10,0.69,0,Clear,0,Rolling Stock,HIGH,0,0,3.0,0
SIM001751,12077,NGP,CR,11,7,8,1.23,0,Clear,0,Infrastructure,HIGH,0,0,11.0,0
SIM001752,12259,DD,CR,26,3,5,0.16,1,Rain,1,Infrastructure,LOW,2,2,116.0,0
SIM001753,12275,PURI,ECoR,36,2,5,0.8,0,Clear,0,Weather,MEDIUM,3,0,182.5,0
SIM001754,12271,KGP,SER,16,5,9,1.06,1,Storm,3,Passenger,HIGH,1,0,24.6,1
SIM001755,12139,SC,SCR,10,7,10,0.42,1,Clear,0,Rolling Stock,HIGH,0,0,10.0,0
SIM001756,12144,MS,SR,38,2,10,0.26,1,Clear,0,Signal,MEDIUM,3,2,186.0,0
SIM001757,12265,TATA,SER,1,2,6,0.53,1,Clear,0,Operational,MEDIUM,0,0,1.0,0
SIM001758,12000,ADI,WR,44,6,12,0.82,1,Clear,0,Rolling Stock,HIGH,4,2,399.5,1
SIM001759,12017,UMB,NR,57,3,8,0.31,0,Clear,0,Rolling Stock,MEDIUM,4,0,802.9,1
SIM001760,12249,NJP,NFR,33,2,6,0.49,1,Clear,0,Signal,MEDIUM,3,2,166.8,1
SIM001761,12240,KGP,SER,1,5,9,0.86,1,Clear,0,Signal,HIGH,0,0,1.0,0
SIM001762,12242,PRYJ,NCR,1,6,10,0.3,1,Heavy Rain,2,Crew,HIGH,0,0,1.0,0
SIM001763,12310,BZA,SCR,20,5,10,0.85,1,Clear,0,Operational,HIGH,1,0,50.1,1
SIM001764,12263,MAS,SR,70,9,12,0.38,0,Clear,0,Rolling Stock,HIGH,5,0,1330.8,0
SIM001765,12192,ADI,WR,47,6,12,0.47,1,Storm,3,Rolling Stock,HIGH,3,2,370.1,1
SIM001766,12137,MAS,SR,45,9,12,0.72,0,Rain,1,Rolling Stock,HIGH,3,0,355.4,0
SIM001767,12233,MAS,SR,32,9,12,0.96,0,Clear,0,Infrastructure,HIGH,3,0,163.1,0
SIM001768,12225,ASR,NR,27,4,6,0.29,0,Storm,3,Crew,MEDIUM,2,0,117.6,0
SIM001769,12127,GHY,NFR,13,4,6,0.14,1,Fog,2,Weather,HIGH,0,0,13.0,0
SIM001770,12077,NGP,CR,1,7,8,0.45,0,Clear,0,Operational,HIGH,0,0,1.0,0
SIM001771,12268,SDAH,ER,17,3,20,0.43,1,Clear,0,Infrastructure,HIGH,1,0,36.4,1
SIM001772,12131,KGP,SER,31,5,9,0.8,1,Clear,0,Crew,HIGH,2,0,143.8,1
SIM001773,12167,NGP,CR,1,7,8,1.17,0,Clear,0,Passenger,HIGH,0,0,1.0,0
SIM001774,12164,KYN,CR,10,5,8,1.02,0,Clear,0,Infrastructure,HIGH,1,0,20.2,0
SIM001775,12073,BAM,ECoR,16,3,4,0.55,1,Clear,0,Rolling Stock,LOW,1,0,23.4,0
SIM001776,12139,BZA,SCR,31,5,10,0.31,1,Fog,2,Weather,HIGH,3,0,142.9,1
SIM001777,12112,UMB,NR,54,3,8,0.59,1,Clear,0,Signal,MEDIUM,4,2,520.5,1
SIM001778,12053,DHN,ECR,24,4,7,0.87,1,Clear,0,Crew,MEDIUM,2,0,98.5,0
SIM001779,12035,KYN,CR,39,5,8,0.6,0,Fog,2,Operational,HIGH,3,0,252.1,1
SIM001780,12188,BSP,SECR,21,6,8,0.77,1,Clear,0,Infrastructure,HIGH,2,0,66.8,1
SIM001781,12173,PRYJ,NCR,28,6,10,1.08,1,Rain,1,Rolling Stock,HIGH,2,0,120.7,1
SIM001782,12268,DLI,NR,15,3,10,0.82,1,Heavy Rain,2,Operational,HIGH,0,0,15.0,0
SIM001783,12071,KYN,CR,6,5,8,1.06,1,Clear,0,Operational,HIGH,0,0,6.0,0
SIM001784,12189,NDLS,NR,19,9,16,1.15,1,Rain,1,Weather,HIGH,1,0,43.6,0
SIM001785,12083,ST,WR,30,3,5,0.85,1,Storm,3,Rolling Stock,MEDIUM,3,0,149.2,1
SIM001786,12160,PRYJ,NCR,26,6,10,0.5,0,Heavy Rain,2,Rolling Stock,HIGH,2,0,100.2,1
SIM001787,12089,BPL,WCR,1,6,6,0.42,1,Clear,0,Rolling Stock,HIGH,0,0,1.0,0
SIM001788,12122,NDLS,NR,12,9,16,1.19,1,Clear,0,Signal,HIGH,1,0,23.8,0
SIM001789,12126,NDLS,NR,53,9,16,0.42,1,Clear,0,Operational,HIGH,4,2,711.7,1
SIM001790,12196,BWN,ER,21,3,6,0.99,1,Rain,1,Operational,MEDIUM,2,0,58.9,0
SIM001791,12104,KGP,SER,1,5,9,1.17,1,Heavy Rain,2,Operational,HIGH,0,0,1.0,0
SIM001792,12262,NDLS,NR,80,9,16,1.26,1,Clear,0,Infrastructure,HIGH,5,2,2357.2,1
SIM001793,12316,BWN,ER,29,3,6,0.26,1,Rain,1,Rolling Stock,MEDIUM,2,0,149.3,1
SIM001794,12111,VSKP,ECoR,49,5,8,0.91,1,Clear,0,Rolling Stock,HIGH,3,0,428.5,1
SIM001795,12186,ADI,WR,77,6,12,1.05,1,Clear,0,Rolling Stock,HIGH,5,2,1790.2,1
SIM001796,12021,UBL,SWR,13,3,6,0.63,1,Clear,0,Signal,MEDIUM,1,0,20.0,0
SIM001797,12317,KGP,SER,31,5,9,1.2,0,Clear,0,Operational,HIGH,3,0,141.5,1
SIM001798,12262,HWH,ER,9,5,23,0.95,1,Clear,0,Signal,HIGH,0,0,9.0,0
SIM001799,12251,BSP,SECR,28,6,8,0.33,0,Clear,0,Signal,HIGH,2,0,104.1,1
SIM001800,12206,SBC,SWR,52,4,10,0.62,1,Rain,1,Weather,HIGH,4,2,525.1,1
SIM001801,12239,VSKP,ECoR,68,5,8,0.22,1,Rain,1,Rolling Stock,HIGH,5,2,1283.5,1
SIM001802,12293,HYB,SCR,29,1,6,0.7,0,Clear,0,Crew,MEDIUM,2,0,58.7,0
SIM001803,12197,SBC,SWR,57,4,10,0.79,1,Rain,1,Crew,HIGH,4,2,713.9,1
SIM001804,12059,KGP,SER,1,5,9,0.26,0,Clear,0,Infrastructure,HIGH,0,0,1.0,0
SIM001805,12022,COR,WCR,38,5,8,0.24,1,Heavy Rain,2,Infrastructure,MEDIUM,3,2,248.8,1
SIM001806,12124,SBC,SWR,20,4,10,1.03,1,Clear,0,Signal,HIGH,1,0,46.9,1
SIM001807,12126,UMB,NR,26,3,8,0.32,1,Clear,0,Operational,MEDIUM,2,0,101.2,0
SIM001808,12104,KGP,SER,33,5,9,0.73,1,Clear,0,Passenger,HIGH,3,0,186.2,1
SIM001809,12085,SDAH,ER,27,3,20,1.17,0,Clear,0,Operational,HIGH,2,0,96.7,1
SIM001810,12292,VSKP,ECoR,22,5,8,0.3,0,Fog,2,Infrastructure,HIGH,2,0,66.4,1
SIM001811,12133,JBP,WCR,12,4,7,0.86,1,Clear,0,Crew,HIGH,0,0,12.0,0
SIM001812,12303,SDAH,ER,18,3,20,0.28,1,Clear,0,Crew,HIGH,1,0,43.4,1
SIM001813,12003,BBS,ECoR,8,6,6,0.77,0,Clear,0,Weather,HIGH,0,0,8.0,0
SIM001814,12009,BBS,ECoR,33,6,6,0.44,0,Clear,0,Infrastructure,HIGH,3,0,131.3,0
SIM001815,12010,BSL,CR,51,3,7,0.59,1,Rain,1,Infrastructure,MEDIUM,4,0,624.4,1
SIM001816,12165,NGP,CR,16,7,8,0.29,1,Clear,0,Signal,HIGH,1,0,38.3,1
SIM001817,12110,NDLS,NR,1,9,16,0.44,1,Clear,0,Infrastructure,HIGH,0,0,1.0,0
SIM001818,12111,MAS,SR,8,9,12,0.36,1,Clear,0,Crew,HIGH,0,0,8.0,0
SIM001819,12079,DURG,SECR,15,2,6,0.51,1,Clear,0,Signal,MEDIUM,1,0,20.4,0
SIM001820,12089,BPL,WCR,1,6,6,0.36,1,Clear,0,Rolling Stock,HIGH,0,0,1.0,0
SIM001821,12119,BPL,WCR,35,6,6,0.2,1,Rain,1,Passenger,HIGH,3,2,230.1,1
SIM001822,12255,MDU,SR,20,4,6,0.41,1,Clear,0,Operational,MEDIUM,1,0,41.6,0
SIM001823,12294,BWN,ER,73,3,6,0.1,0,Clear,0,Operational,MEDIUM,5,0,1670.5,1
SIM001824,12090,SBC,SWR,27,4,10,1.26,1,Rain,1,Crew,HIGH,2,0,91.8,1
SIM001825,12185,BBS,ECoR,32,6,6,0.27,1,Clear,0,Crew,HIGH,2,0,128.5,1
SIM001826,12260,AGC,NCR,36,2,6,0.14,0,Fog,2,Operational,MEDIUM,3,0,200.8,1
SIM001827,12302,MAS,SR,34,9,12,0.27,1,Clear,0,Operational,HIGH,3,2,193.2,0
SIM001828,12195,CSMT,CR,29,8,18,0.14,0,Clear,0,Infrastructure,HIGH,2,0,115.3,1
SIM001829,12150,NGP,CR,30,7,8,1.24,0,Clear,0,Rolling Stock,HIGH,3,0,159.0,1
SIM001830,12271,KGP,SER,34,5,9,0.46,1,Rain,1,Rolling Stock,HIGH,3,0,181.6,1
SIM001831,12132,MAS,SR,33,9,12,0.75,1,Clear,0,Crew,HIGH,3,0,177.7,0
SIM001832,12033,CSMT,CR,28,8,18,1.05,0,Rain,1,Operational,HIGH,2,0,84.6,0
SIM001833,12251,R,SECR,4,3,7,0.13,0,Clear,0,Signal,MEDIUM,0,0,4.0,0
SIM001834,12119,BZA,SCR,70,5,10,0.38,1,Clear,0,Infrastructure,HIGH,5,2,1793.5,1
SIM001835,12273,JHS,NCR,21,3,7,0.23,1,Heavy Rain,2,Infrastructure,MEDIUM,1,0,48.8,1
SIM001836,12197,SBC,SWR,6,4,10,0.71,1,Rain,1,Infrastructure,HIGH,0,0,6.0,0
SIM001837,12116,ROU,SER,9,3,5,0.8,1,Clear,0,Weather,LOW,0,0,9.0,0
SIM001838,12133,JBP,WCR,7,4,7,0.79,1,Clear,0,Signal,HIGH,0,0,7.0,0
SIM001839,12101,KGP,SER,31,5,9,0.45,1,Clear,0,Weather,HIGH,2,0,137.0,1
SIM001840,12170,DLI,NR,57,3,10,0.6,1,Clear,0,Rolling Stock,HIGH,4,2,755.7,1
SIM001841,12282,BCT,WR,64,6,7,0.28,1,Rain,1,Weather,HIGH,5,4,1391.5,1
SIM001842,12006,PNBE,ECR,43,7,10,0.58,1,Clear,0,Weather,HIGH,3,0,326.8,1
SIM001843,12266,MYS,SWR,17,2,5,0.35,1,Rain,1,Operational,MEDIUM,1,0,24.1,0
SIM001844,12227,BZA,SCR,55,5,10,0.98,1,Heavy Rain,2,Signal,HIGH,4,0,690.3,1
SIM001845,12153,SC,SCR,31,7,10,1.15,1,Heavy Rain,2,Infrastructure,HIGH,3,0,150.9,1
SIM001846,12122,CSMT,CR,4,8,18,1.02,1,Fog,2,Infrastructure,HIGH,0,0,4.0,0
SIM001847,12306,MAO,KR,32,3,5,0.99,0,Fog,2,Crew,MEDIUM,2,0,125.2,1
SIM001848,12038,ERS,SR,1,3,5,0.11,1,Clear,0,Signal,MEDIUM,0,0,1.0,0
SIM001849,12287,ADI,WR,27,6,12,0.79,1,Clear,0,Rolling Stock,HIGH,3,2,117.3,0
SIM001850,12075,TVC,SR,18,5,5,1.14,1,Clear,0,Operational,HIGH,2,0,46.4,0
SIM001851,12044,PRYJ,NCR,1,6,10,1.2,1,Clear,0,Rolling Stock,HIGH,0,0,1.0,0
SIM001852,12001,KYN,CR,31,5,8,0.27,1,Fog,2,Operational,HIGH,3,2,185.5,1
SIM001853,12048,JBP,WCR,31,4,7,0.9,1,Fog,2,Rolling Stock,HIGH,3,2,184.5,1
SIM001854,12034,BZA,SCR,1,5,10,0.74,1,Clear,0,Weather,HIGH,0,0,1.0,0
SIM001855,12144,MAS,SR,60,9,12,1.3,1,Clear,0,Infrastructure,HIGH,4,2,1002.5,0
SIM001856,12299,PRYJ,NCR,52,6,10,0.71,1,Clear,0,Crew,HIGH,4,2,545.0,1
SIM001857,12278,RTM,WR,7,4,6,0.62,1,Clear,0,Operational,MEDIUM,0,0,7.0,0
SIM001858,12090,PNBE,ECR,60,7,10,0.9,1,Clear,0,Operational,HIGH,4,2,664.6,1
SIM001859,12065,NDLS,NR,1,9,16,0.83,0,Clear,0,Rolling Stock,HIGH,0,0,1.0,0
SIM001860,12147,MAO,KR,23,3,5,0.11,0,Clear,0,Crew,MEDIUM,2,0,114.2,1
SIM001861,12102,BBS,ECoR,46,6,6,0.54,1,Rain,1,Crew,HIGH,3,2,342.2,1
SIM001862,12170,ASR,NR,75,4,6,0.37,1,Clear,0,Operational,MEDIUM,5,2,1864.2,1
SIM001863,12043,BBS,ECoR,6,6,6,0.38,1,Clear,0,Operational,HIGH,0,0,6.0,0
SIM001864,12298,SUR,CR,23,3,6,0.14,0,Clear,0,Weather,MEDIUM,2,0,89.0,1
SIM001865,12135,DURG,SECR,60,2,6,0.33,1,Clear,0,Infrastructure,MEDIUM,4,2,671.5,1
SIM001866,12235,NGP,CR,66,7,8,1.13,1,Storm,3,Infrastructure,HIGH,5,0,1161.8,1
SIM001867,12008,UBL,SWR,40,3,6,0.71,0,Clear,0,Rolling Stock,MEDIUM,3,0,296.5,1
SIM001868,12151,SC,SCR,71,7,10,0.58,0,Clear,0,Operational,HIGH,5,0,1042.3,1
SIM001869,12071,JP,NWR,34,6,7,0.84,1,Fog,2,Crew,HIGH,3,0,207.3,0
SIM001870,12197,MS,SR,1,2,10,0.19,1,Clear,0,Operational,MEDIUM,0,0,1.0,0
SIM001871,12063,GAYA,ECR,30,3,7,0.15,1,Clear,0,Weather,MEDIUM,2,2,105.0,0
SIM001872,12303,HWH,ER,23,5,23,0.37,1,Clear,0,Infrastructure,HIGH,1,0,53.6,0
SIM001873,12263,MAS,SR,12,9,12,0.63,0,Clear,0,Signal,HIGH,1,0,17.4,0
SIM001874,12220,MAS,SR,31,9,12,0.49,1,Heavy Rain,2,Rolling Stock,HIGH,2,0,149.9,0
SIM001875,12041,PRYJ,NCR,27,6,10,0.98,1,Clear,0,Operational,HIGH,2,2,137.5,1
SIM001876,12234,PRYJ,NCR,41,6,10,1.28,1,Rain,1,Operational,HIGH,3,2,349.3,1
SIM001877,12035,UBL,SWR,1,3,6,0.76,0,Clear,0,Crew,MEDIUM,0,0,1.0,0
SIM001878,12243,DLI,NR,25,3,10,0.2,0,Clear,0,Signal,HIGH,2,0,99.8,1
SIM001879,12200,JHS,NCR,53,3,7,0.37,0,Clear,0,Infrastructure,MEDIUM,4,0,613.0,1
SIM001880,12233,HWH,ER,13,5,23,1.11,0,Clear,0,Operational,HIGH,1,0,27.4,0
SIM001881,12037,PNBE,ECR,63,7,10,0.81,1,Rain,1,Signal,HIGH,4,2,869.4,1
SIM001882,12239,VSKP,ECoR,83,5,8,1.14,1,Clear,0,Passenger,HIGH,5,2,2108.0,1
SIM001883,12189,NDLS,NR,49,9,16,1.3,1,Clear,0,Infrastructure,HIGH,4,2,559.7,1
SIM001884,12098,HWH,ER,7,5,23,0.66,0,Clear,0,Signal,HIGH,0,0,7.0,0
SIM001885,12158,MAS,SR,9,9,12,0.68,1,Heavy Rain,2,Infrastructure,HIGH,0,0,9.0,0
SIM001886,12058,VSKP,ECoR,45,5,8,1.14,0,Clear,0,Passenger,HIGH,3,0,382.3,1
SIM001887,12314,COR,WCR,18,5,8,0.43,0,Clear,0,Infrastructure,MEDIUM,2,0,57.8,1
SIM001888,12279,HYB,SCR,1,1,6,0.54,1,Clear,0,Crew,MEDIUM,0,0,1.0,0
SIM001889,12048,SC,SCR,15,7,10,0.18,1,Clear,0,Rolling Stock,HIGH,1,0,23.2,0
SIM001890,12213,NGP,CR,1,7,8,0.71,1,Rain,1,Rolling Stock,HIGH,0,0,1.0,0
SIM001891,12147,KYN,CR,1,5,8,1.29,0,Clear,0,Signal,HIGH,0,0,1.0,0
SIM001892,12082,GHY,NFR,35,4,6,0.32,0,Clear,0,Rolling Stock,HIGH,2,0,146.9,1
SIM001893,12122,SC,SCR,1,7,10,1.17,1,Clear,0,Signal,HIGH,0,0,1.0,0
SIM001894,12072,GHY,NFR,14,4,6,0.14,0,Clear,0,Signal,HIGH,1,0,20.8,1
SIM001895,12296,AGC,NCR,40,2,6,0.33,1,Storm,3,Infrastructure,MEDIUM,3,2,199.4,1
SIM001896,12205,ERS,SR,45,3,5,0.92,0,Clear,0,Weather,MEDIUM,3,0,392.2,0
SIM001897,12172,MS,SR,11,2,10,0.22,1,Storm,3,Signal,MEDIUM,1,0,16.5,0
SIM001898,12050,JBP,WCR,74,4,7,0.73,0,Clear,0,Passenger,HIGH,5,0,1658.7,1
SIM001899,12066,BBS,ECoR,23,6,6,0.39,1,Rain,1,Weather,HIGH,2,2,71.1,1
SIM001900,12271,GKP,NER,53,5,10,0.4,1,Clear,0,Operational,HIGH,4,2,500.2,1
SIM001901,12011,MLDT,ER,1,5,5,0.86,0,Clear,0,Signal,LOW,0,0,1.0,0
SIM001902,12081,NGP,CR,17,7,8,0.93,1,Rain,1,Operational,HIGH,1,0,36.6,1
SIM001903,12272,MS,SR,60,2,10,0.31,0,Clear,0,Weather,MEDIUM,5,0,652.2,0
SIM001904,12108,BCT,WR,47,6,7,1.0,1,Clear,0,Crew,HIGH,4,0,468.8,1
SIM001905,12119,BZA,SCR,27,5,10,1.09,1,Clear,0,Signal,HIGH,2,2,108.8,1
SIM001906,12164,CSMT,CR,62,8,18,0.88,0,Clear,0,Operational,HIGH,5,0,1072.9,1
SIM001907,12062,UMB,NR,89,3,8,0.11,1,Clear,0,Infrastructure,MEDIUM,5,2,3250.3,1
SIM001908,12048,SC,SCR,46,7,10,0.67,1,Clear,0,Signal,HIGH,4,2,447.6,1
SIM001909,12109,BSP,SECR,5,6,8,0.68,1,Clear,0,Signal,HIGH,0,0,5.0,0
SIM001910,12310,BZA,SCR,20,5,10,0.4,1,Clear,0,Operational,HIGH,1,0,45.6,1
SIM001911,12307,PRYJ,NCR,40,6,10,1.19,1,Clear,0,Signal,HIGH,3,2,265.7,1
SIM001912,12308,ADI,WR,31,6,12,0.79,0,Clear,0,Infrastructure,HIGH,2,0,109.7,1
SIM001913,12126,BCT,WR,62,6,7,1.07,1,Clear,0,Signal,HIGH,4,2,1233.9,1
SIM001914,12305,NDLS,NR,52,9,16,0.15,1,Clear,0,Signal,HIGH,3,2,444.7,1
SIM001915,12189,ASR,NR,43,4,6,0.34,1,Storm,3,Weather,MEDIUM,3,2,349.5,1
SIM001916,12219,SDAH,ER,36,3,20,0.64,1,Rain,1,Passenger,HIGH,3,2,280.8,1
SIM001917,12230,JP,NWR,43,6,7,1.04,1,Clear,0,Infrastructure,HIGH,3,0,391.4,0
SIM001918,12042,DURG,SECR,20,2,6,0.74,0,Clear,0,Rolling Stock,MEDIUM,2,0,45.3,1
SIM001919,12021,UBL,SWR,13,3,6,0.59,1,Clear,0,Signal,MEDIUM,1,0,19.3,0
SIM001920,12301,MDU,SR,42,4,6,0.2,1,Clear,0,Rolling Stock,MEDIUM,3,2,318.8,0
SIM001921,12227,BPL,WCR,32,6,6,1.16,1,Clear,0,Weather,HIGH,3,0,198.3,1
SIM001922,12209,SUR,CR,54,3,6,0.39,1,Rain,1,Crew,MEDIUM,4,2,741.7,1
SIM001923,12233,MAS,SR,45,9,12,0.78,0,Heavy Rain,2,Rolling Stock,HIGH,3,0,342.6,0
SIM001924,12180,GHY,NFR,49,4,6,0.42,1,Clear,0,Weather,HIGH,3,2,345.4,1
SIM001925,12021,UBL,SWR,27,3,6,0.16,1,Clear,0,Weather,MEDIUM,3,0,134.9,1
SIM001926,12199,MAS,SR,41,9,12,0.96,1,Clear,0,Signal,HIGH,3,2,315.6,0
SIM001927,12105,KYN,CR,7,5,8,1.03,1,Rain,1,Signal,HIGH,0,0,7.0,0
SIM001928,12194,PNBE,ECR,79,7,10,0.5,1,Rain,1,Weather,HIGH,5,4,1770.2,1
SIM001929,12175,COR,WCR,29,5,8,0.96,0,Clear,0,Infrastructure,MEDIUM,2,0,114.1,1
SIM001930,12088,ERS,SR,43,3,5,0.84,1,Clear,0,Operational,MEDIUM,3,0,347.1,0
SIM001931,12275,VSKP,ECoR,1,5,8,0.58,0,Heavy Rain,2,Crew,HIGH,0,0,1.0,0
SIM001932,12251,PRYJ,NCR,42,6,10,1.2,0,Heavy Rain,2,Infrastructure,HIGH,3,0,258.2,1
SIM001933,12275,PURI,ECoR,35,2,5,0.16,0,Storm,3,Rolling Stock,MEDIUM,3,0,136.4,0
SIM001934,12202,GKP,NER,15,5,10,0.97,1,Clear,0,Passenger,HIGH,0,0,15.0,0
SIM001935,12170,CSMT,CR,44,8,18,1.24,1,Clear,0,Weather,HIGH,3,2,385.2,1
SIM001936,12154,NGP,CR,1,7,8,0.15,0,Fog,2,Infrastructure,HIGH,0,0,1.0,0
SIM001937,12264,MAO,KR,37,3,5,0.14,1,Rain,1,Rolling Stock,MEDIUM,3,2,212.6,1
SIM001938,12149,CTC,ECoR,34,1,6,0.15,1,Rain,1,Infrastructure,MEDIUM,2,2,87.7,0
SIM001939,12315,HWH,ER,5,5,23,0.4,1,Clear,0,Rolling Stock,HIGH,0,0,5.0,0
SIM001940,12201,MLDT,ER,32,5,5,0.3,1,Clear,0,Signal,LOW,3,2,152.8,1
SIM001941,12054,COR,WCR,43,5,8,0.75,0,Rain,1,Signal,MEDIUM,3,0,357.4,1
SIM001942,12218,MAO,KR,79,3,5,0.12,1,Heavy Rain,2,Rolling Stock,MEDIUM,5,2,2108.4,1
SIM001943,12200,BPL,WCR,10,6,6,0.66,0,Rain,1,Crew,HIGH,0,0,10.0,0
SIM001944,12313,GHY,NFR,19,4,6,0.92,0,Clear,0,Signal,HIGH,1,0,40.2,1
SIM001945,12197,MS,SR,3,2,10,0.54,1,Clear,0,Rolling Stock,MEDIUM,0,0,3.0,0
SIM001946,12279,KGP,SER,36,5,9,0.19,1,Clear,0,Operational,HIGH,3,0,202.8,1
SIM001947,12040,PUNE,CR,33,5,6,1.01,1,Rain,1,Rolling Stock,HIGH,2,0,132.2,1
SIM001948,12010,BSL,CR,42,3,7,0.57,1,Rain,1,Operational,MEDIUM,3,0,360.7,1
SIM001949,12137,MAS,SR,45,9,12,0.47,0,Rain,1,Rolling Stock,HIGH,4,0,474.3,0
SIM001950,12169,MFP,ECR,25,3,6,0.45,0,Storm,3,Weather,MEDIUM,2,0,72.8,1
SIM001951,12258,ST,WR,80,3,5,0.54,0,Heavy Rain,2,Operational,MEDIUM,5,0,2053.6,1
SIM001952,12161,JBP,WCR,28,4,7,0.87,1,Clear,0,Infrastructure,HIGH,2,2,114.3,1
SIM001953,12070,COR,WCR,64,5,8,0.89,1,Clear,0,Infrastructure,MEDIUM,5,2,1081.2,1
SIM001954,12261,RTM,WR,44,4,6,0.13,1,Clear,0,Weather,MEDIUM,4,0,478.7,1
SIM001955,12304,SC,SCR,42,7,10,0.46,1,Rain,1,Infrastructure,HIGH,3,2,280.7,1
SIM001956,12117,HWH,ER,22,5,23,0.91,1,Clear,0,Weather,HIGH,2,2,82.0,1
SIM001957,12255,KGP,SER,1,5,9,0.48,1,Clear,0,Infrastructure,HIGH,0,0,1.0,0
SIM001958,12284,VSKP,ECoR,53,5,8,1.06,0,Clear,0,Operational,HIGH,4,0,659.7,1
SIM001959,12255,KGP,SER,35,5,9,0.27,1,Rain,1,Rolling Stock,HIGH,3,0,163.0,1
SIM001960,12304,UBL,SWR,65,3,6,0.77,1,Clear,0,Weather,MEDIUM,4,2,916.5,1
SIM001961,12189,NDLS,NR,49,9,16,0.54,1,Clear,0,Infrastructure,HIGH,3,2,528.4,1
SIM001962,12137,ERS,SR,28,3,5,0.65,0,Heavy Rain,2,Infrastructure,MEDIUM,2,0,128.1,0
SIM001963,12189,ASR,NR,43,4,6,0.54,1,Storm,3,Weather,MEDIUM,3,2,402.6,1
SIM001964,12052,PRYJ,NCR,43,6,10,0.75,1,Clear,0,Rolling Stock,HIGH,3,0,375.2,1
SIM001965,12061,VSKP,ECoR,57,5,8,1.1,1,Clear,0,Infrastructure,HIGH,5,2,1031.9,1
SIM001966,12095,KYN,CR,43,5,8,0.54,1,Fog,2,Signal,HIGH,3,2,339.0,1
SIM001967,12100,SDAH,ER,29,3,20,0.28,1,Clear,0,Rolling Stock,HIGH,2,0,120.5,1
SIM001968,12096,SBC,SWR,8,4,10,0.89,1,Heavy Rain,2,Signal,HIGH,0,0,8.0,0
SIM001969,12050,BCT,WR,52,6,7,0.73,0,Clear,0,Signal,HIGH,4,0,512.9,1
SIM001970,12189,ASR,NR,30,4,6,0.57,1,Rain,1,Infrastructure,MEDIUM,2,2,147.1,0
SIM001971,12078,SUR,CR,2,3,6,0.76,1,Clear,0,Rolling Stock,MEDIUM,0,0,2.0,0
SIM001972,12018,SDAH,ER,41,3,20,0.27,0,Clear,0,Signal,HIGH,3,0,282.4,1
SIM001973,12097,PNBE,ECR,40,7,10,0.21,1,Clear,0,Signal,HIGH,3,0,237.9,1
SIM001974,12219,HWH,ER,34,5,23,0.94,1,Heavy Rain,2,Weather,HIGH,3,2,206.7,1
SIM001975,12121,BZA,SCR,24,5,10,0.97,0,Clear,0,Passenger,HIGH,2,0,81.7,1
SIM001976,12081,R,SECR,76,3,7,0.33,1,Rain,1,Rolling Stock,MEDIUM,5,4,1825.3,1
SIM001977,12009,MFP,ECR,44,3,6,0.39,0,Rain,1,Weather,MEDIUM,4,0,425.4,1
SIM001978,12079,ROU,SER,19,3,5,0.92,1,Heavy Rain,2,Weather,LOW,1,0,42.3,1
SIM001979,12197,MS,SR,28,2,10,0.43,1,Heavy Rain,2,Passenger,MEDIUM,2,0,98.3,0
SIM001980,12020,GKP,NER,34,5,10,0.7,1,Rain,1,Signal,HIGH,3,2,178.3,1
SIM001981,12300,CSMT,CR,1,8,18,0.24,1,Rain,1,Weather,HIGH,0,0,1.0,0
SIM001982,12258,BBS,ECoR,16,6,6,1.12,0,Clear,0,Crew,HIGH,1,0,24.4,0
SIM001983,12139,CTC,ECoR,47,1,6,0.3,1,Clear,0,Infrastructure,MEDIUM,3,2,168.2,1
SIM001984,12056,MDU,SR,46,4,6,0.8,0,Clear,0,Signal,MEDIUM,3,0,397.9,0
SIM001985,12212,NDLS,NR,38,9,16,1.17,1,Heavy Rain,2,Infrastructure,HIGH,3,2,238.7,1
SIM001986,12317,BBS,ECoR,33,6,6,0.61,0,Fog,2,Crew,HIGH,2,0,136.7,1
SIM001987,12189,SDAH,ER,1,3,20,0.66,1,Clear,0,Weather,HIGH,0,0,1.0,0
SIM001988,12252,BPL,WCR,26,6,6,0.66,1,Rain,1,Passenger,HIGH,2,0,70.2,1
SIM001989,12234,PRYJ,NCR,35,6,10,0.85,1,Heavy Rain,2,Weather,HIGH,3,0,234.0,1
SIM001990,12179,KGP,SER,47,5,9,1.13,1,Clear,0,Infrastructure,HIGH,4,0,389.4,1
SIM001991,12292,SC,SCR,28,7,10,0.17,0,Clear,0,Passenger,HIGH,2,0,118.4,1
SIM001992,12067,BSP,SECR,38,6,8,0.3,0,Clear,0,Rolling Stock,HIGH,3,0,236.8,1
SIM001993,12088,BBS,ECoR,16,6,6,0.75,1,Rain,1,Weather,HIGH,1,0,37.8,0
SIM001994,12277,ASR,NR,13,4,6,0.5,0,Clear,0,Weather,MEDIUM,1,0,20.0,0
SIM001995,12270,NDLS,NR,23,9,16,0.81,1,Heavy Rain,2,Infrastructure,HIGH,2,0,92.6,1
SIM001996,12182,ST,WR,48,3,5,0.95,1,Clear,0,Rolling Stock,MEDIUM,4,0,453.7,1
SIM001997,12115,BSP,SECR,9,6,8,0.32,1,Clear,0,Weather,HIGH,0,0,9.0,0
SIM001998,12253,GHY,NFR,1,4,6,0.75,1,Clear,0,Crew,HIGH,0,0,1.0,0
SIM001999,12176,JHS,NCR,22,3,7,0.92,1,Clear,0,Infrastructure,MEDIUM,2,0,58.7,1
SIM002000,12086,MAS,SR,34,9,12,0.41,0,Fog,2,Crew,HIGH,3,0,185.6,0
SIM002001,12292,VSKP,ECoR,22,5,8,1.07,0,Fog,2,Infrastructure,HIGH,2,0,54.2,1
SIM002002,12175,BZA,SCR,9,5,10,0.4,0,Clear,0,Rolling Stock,HIGH,0,0,9.0,0
SIM002003,12289,DLI,NR,1,3,10,0.86,1,Heavy Rain,2,Rolling Stock,HIGH,0,0,1.0,0
SIM002004,12032,RTM,WR,25,4,6,0.13,1,Rain,1,Weather,MEDIUM,2,0,88.1,1
SIM002005,12263,SC,SCR,13,7,10,0.77,0,Rain,1,Infrastructure,HIGH,0,0,13.0,0
SIM002006,12163,PRYJ,NCR,12,6,10,1.25,1,Clear,0,Crew,HIGH,1,0,17.5,0
SIM002007,12142,TATA,SER,26,2,6,0.63,1,Fog,2,Signal,MEDIUM,2,0,79.3,1
SIM002008,12239,BZA,SCR,33,5,10,1.27,1,Clear,0,Crew,HIGH,2,0,167.9,1
SIM002009,12259,DD,CR,26,3,5,0.49,1,Rain,1,Infrastructure,LOW,2,2,88.0,0
SIM002010,12233,KGP,SER,29,5,9,0.82,0,Clear,0,Infrastructure,HIGH,2,0,148.2,1
SIM002011,12051,JBP,WCR,29,4,7,0.9,1,Clear,0,Rolling Stock,HIGH,2,0,124.8,1
SIM002012,12266,BPL,WCR,7,6,6,0.98,1,Clear,0,Infrastructure,HIGH,0,0,7.0,0
SIM002013,12279,PNBE,ECR,8,7,10,0.24,1,Clear,0,Signal,HIGH,0,0,8.0,0
SIM002014,12038,KGP,SER,1,5,9,1.04,1,Clear,0,Crew,HIGH,0,0,1.0,0
SIM002015,12041,PNBE,ECR,27,7,10,0.5,1,Fog,2,Infrastructure,HIGH,2,2,101.5,0
SIM002016,12316,BWN,ER,10,3,6,0.91,1,Clear,0,Rolling Stock,MEDIUM,0,0,10.0,0
SIM002017,12156,BAM,ECoR,8,3,4,0.39,0,Clear,0,Infrastructure,LOW,0,0,8.0,0
SIM002018,12301,VSKP,ECoR,49,5,8,1.08,1,Fog,2,Passenger,HIGH,3,2,450.6,1
SIM002019,12055,MAS,SR,9,9,12,0.55,1,Heavy Rain,2,Rolling Stock,HIGH,0,0,9.0,0
SIM002020,12116,ASN,ER,32,4,8,0.56,1,Storm,3,Weather,MEDIUM,2,2,171.0,1
SIM002021,12114,COR,WCR,65,5,8,0.32,0,Clear,0,Signal,MEDIUM,5,0,1213.3,1
SIM002022,12149,BBS,ECoR,54,6,6,0.76,1,Rain,1,Rolling Stock,HIGH,4,2,567.3,1
SIM002023,12034,SUR,CR,1,3,6,0.85,1,Heavy Rain,2,Crew,MEDIUM,0,0,1.0,0
SIM002024,12209,JHS,NCR,28,3,7,0.96,1,Clear,0,Infrastructure,MEDIUM,2,2,126.1,1
SIM002025,12230,TVC,SR,16,5,5,1.03,1,Clear,0,Rolling Stock,HIGH,1,0,21.1,0
SIM002026,12065,NDLS,NR,18,9,16,0.23,0,Rain,1,Infrastructure,HIGH,1,0,38.3,0
SIM002027,12241,BBS,ECoR,81,6,6,0.5,1,Clear,0,Signal,HIGH,5,0,1398.4,1
SIM002028,12188,ROU,SER,62,3,5,0.4,1,Clear,0,Rolling Stock,LOW,4,2,866.3,1
SIM002029,12082,MLDT,ER,33,5,5,0.83,0,Clear,0,Weather,LOW,3,0,145.8,1
SIM002030,12048,BZA,SCR,56,5,10,0.94,1,Clear,0,Infrastructure,HIGH,4,4,939.6,1
SIM002031,12188,TATA,SER,1,2,6,0.6,1,Rain,1,Infrastructure,MEDIUM,0,0,1.0,0
SIM002032,12182,JP,NWR,64,6,7,1.2,1,Clear,0,Passenger,HIGH,5,0,1076.9,0
SIM002033,12124,SBC,SWR,33,4,10,0.94,1,Clear,0,Operational,HIGH,2,2,168.6,1
SIM002034,12119,BZA,SCR,27,5,10,0.54,1,Clear,0,Signal,HIGH,2,2,115.5,1
SIM002035,12177,MLDT,ER,45,5,5,0.13,1,Storm,3,Crew,LOW,4,2,480.9,1
SIM002036,12190,JBP,WCR,20,4,7,0.62,0,Clear,0,Crew,HIGH,1,0,42.7,1
SIM002037,12111,MAS,SR,71,9,12,1.17,1,Heavy Rain,2,Rolling Stock,HIGH,5,2,1314.7,0
SIM002038,12112,UMB,NR,24,3,8,0.95,1,Clear,0,Signal,MEDIUM,2,0,106.7,0
SIM002039,12215,TVC,SR,1,5,5,0.22,0,Heavy Rain,2,Passenger,HIGH,0,0,1.0,0
SIM002040,12202,GKP,NER,31,5,10,0.76,1,Clear,0,Rolling Stock,HIGH,3,0,131.9,1
SIM002041,12052,PUNE,CR,1,5,6,1.26,1,Fog,2,Signal,HIGH,0,0,1.0,0
SIM002042,12096,BPL,WCR,19,6,6,1.25,1,Clear,0,Signal,HIGH,1,0,45.0,1
SIM002043,12100,PRYJ,NCR,19,6,10,0.55,1,Clear,0,Passenger,HIGH,1,0,38.5,1
SIM002044,12174,BBS,ECoR,73,6,6,1.03,0,Rain,1,Passenger,HIGH,5,0,961.4,1
SIM002045,12015,MS,SR,4,2,10,0.23,1,Clear,0,Infrastructure,MEDIUM,0,0,4.0,0
SIM002046,12290,HWH,ER,105,5,23,0.36,1,Heavy Rain,2,Infrastructure,HIGH,6,4,5575.7,1
SIM002047,12105,KYN,CR,70,5,8,0.64,1,Clear,0,Rolling Stock,HIGH,5,0,1445.3,1
SIM002048,12059,KGP,SER,1,5,9,1.08,0,Clear,0,Infrastructure,HIGH,0,0,1.0,0
SIM002049,12026,AGC,NCR,2,2,6,0.47,1,Storm,3,Operational,MEDIUM,0,0,2.0,0
SIM002050,12118,MAS,SR,55,9,12,1.29,0,Heavy Rain,2,Weather,HIGH,4,0,607.5,0
SIM002051,12123,CSMT,CR,19,8,18,0.62,1,Clear,0,Weather,HIGH,2,0,65.8,0
SIM002052,12067,ROU,SER,18,3,5,0.21,0,Rain,1,Infrastructure,LOW,1,0,35.1,0
SIM002053,12075,BPL,WCR,19,6,6,0.68,1,Clear,0,Rolling Stock,HIGH,1,0,45.6,1
SIM002054,12249,MAS,SR,14,9,12,0.92,1,Fog,2,Signal,HIGH,1,0,34.7,0
SIM002055,12062,SDAH,ER,63,3,20,0.98,1,Clear,0,Signal,HIGH,5,2,1304.4,1
SIM002056,12234,PRYJ,NCR,32,6,10,0.21,1,Clear,0,Weather,HIGH,3,0,193.7,1
SIM002057,12197,MAS,SR,54,9,12,0.68,1,Heavy Rain,2,Rolling Stock,HIGH,4,2,768.6,0
SIM002058,12185,BBS,ECoR,25,6,6,0.81,1,Storm,3,Infrastructure,HIGH,2,0,73.4,1
SIM002059,12004,BCT,WR,83,6,7,0.43,1,Clear,0,Signal,HIGH,6,2,2467.7,1
SIM002060,12313,GHY,NFR,27,4,6,0.99,0,Clear,0,Signal,HIGH,2,0,97.1,1
SIM002061,12026,NDLS,NR,92,9,16,0.87,1,Clear,0,Infrastructure,HIGH,6,4,3549.0,1
SIM002062,12074,MAS,SR,72,9,12,0.37,1,Heavy Rain,2,Rolling Stock,HIGH,5,2,1593.8,0
SIM002063,12276,SC,SCR,20,7,10,0.36,1,Clear,0,Operational,HIGH,1,0,47.3,0
SIM002064,12087,SC,SCR,39,7,10,0.94,1,Rain,1,Passenger,HIGH,3,0,232.1,1
SIM002065,12134,SDAH,ER,9,3,20,0.28,0,Rain,1,Crew,HIGH,0,0,9.0,0
SIM002066,12242,BZA,SCR,67,5,10,0.77,1,Rain,1,Weather,HIGH,5,2,1117.0,1
SIM002067,12132,SC,SCR,48,7,10,0.65,1,Clear,0,Weather,HIGH,4,0,348.1,1
SIM002068,12265,TATA,SER,9,2,6,0.81,1,Clear,0,Crew,MEDIUM,0,0,9.0,0
SIM002069,12104,KGP,SER,33,5,9,1.19,1,Clear,0,Passenger,HIGH,3,0,210.1,1
SIM002070,12283,ASR,NR,51,4,6,0.22,1,Clear,0,Infrastructure,MEDIUM,4,2,558.9,1
SIM002071,12033,CSMT,CR,10,8,18,0.98,0,Heavy Rain,2,Crew,HIGH,0,0,10.0,0
SIM002072,12307,BCT,WR,36,6,7,1.04,1,Clear,0,Weather,HIGH,3,0,221.3,1
SIM002073,12115,BCT,WR,53,6,7,0.86,1,Clear,0,Passenger,HIGH,4,2,708.1,1
SIM002074,12170,NDLS,NR,55,9,16,0.73,1,Clear,0,Infrastructure,HIGH,4,2,813.1,1
SIM002075,12182,RTM,WR,42,4,6,0.47,1,Clear,0,Operational,MEDIUM,3,0,324.7,1
SIM002076,12087,CSMT,CR,1,8,18,0.81,1,Clear,0,Operational,HIGH,0,0,1.0,0
SIM002077,12119,BZA,SCR,33,5,10,0.93,1,Clear,0,Crew,HIGH,3,2,202.2,1
SIM002078,12019,NGP,CR,44,7,8,0.93,1,Clear,0,Crew,HIGH,4,2,446.2,1
SIM002079,12219,NDLS,NR,46,9,16,1.07,1,Clear,0,Weather,HIGH,3,2,391.6,1
SIM002080,12175,BPL,WCR,28,6,6,0.38,0,Rain,1,Signal,HIGH,2,0,78.9,1
SIM002081,12165,NGP,CR,50,7,8,0.91,1,Clear,0,Passenger,HIGH,4,0,566.8,1
SIM002082,12138,ERS,SR,71,3,5,0.18,1,Heavy Rain,2,Weather,MEDIUM,5,0,1372.8,0
SIM002083,12149,CTC,ECoR,39,1,6,0.9,1,Rain,1,Rolling Stock,MEDIUM,3,2,131.1,0
SIM002084,12273,JHS,NCR,28,3,7,0.18,1,Clear,0,Weather,MEDIUM,2,0,95.0,1
SIM002085,12222,COR,WCR,12,5,8,0.27,1,Clear,0,Passenger,MEDIUM,0,0,12.0,0
SIM002086,12186,MLDT,ER,20,5,5,0.8,1,Heavy Rain,2,Signal,LOW,1,0,47.6,1
SIM002087,12040,PUNE,CR,8,5,6,0.97,1,Clear,0,Crew,HIGH,0,0,8.0,0
SIM002088,12105,PURI,ECoR,33,2,5,0.35,1,Heavy Rain,2,Passenger,MEDIUM,3,0,145.4,0
SIM002089,12223,HYB,SCR,21,1,6,0.64,1,Clear,0,Rolling Stock,MEDIUM,1,0,31.1,0
SIM002090,12065,PRYJ,NCR,4,6,10,0.88,0,Clear,0,Signal,HIGH,0,0,4.0,0
SIM002091,12138,JP,NWR,4,6,7,0.5,1,Clear,0,Passenger,HIGH,0,0,4.0,0
SIM002092,12207,DLI,NR,1,3,10,1.24,0,Rain,1,Operational,HIGH,0,0,1.0,0
SIM002093,12217,HYB,SCR,98,1,6,0.79,1,Fog,2,Operational,MEDIUM,6,2,1281.7,1
SIM002094,12002,BSP,SECR,11,6,8,1.29,0,Clear,0,Signal,HIGH,0,0,11.0,0
SIM002095,12197,SC,SCR,5,7,10,0.96,1,Clear,0,Crew,HIGH,0,0,5.0,0
SIM002096,12062,NDLS,NR,60,9,16,1.18,1,Clear,0,Signal,HIGH,4,2,870.9,1
SIM002097,12021,UBL,SWR,27,3,6,0.2,1,Clear,0,Weather,MEDIUM,2,0,101.5,1
SIM002098,12238,DLI,NR,43,3,10,1.17,0,Storm,3,Weather,HIGH,3,0,389.2,1
SIM002099,12264,KYN,CR,68,5,8,1.11,1,Rain,1,Operational,HIGH,5,2,1563.3,1
SIM002100,12270,NDLS,NR,23,9,16,0.53,1,Heavy Rain,2,Infrastructure,HIGH,2,0,74.1,1
SIM002101,12276,SBC,SWR,22,4,10,0.27,1,Clear,0,Signal,HIGH,2,2,64.8,1
SIM002102,12087,NGP,CR,19,7,8,0.14,1,Rain,1,Rolling Stock,HIGH,2,0,55.4,1
SIM002103,12248,HWH,ER,49,5,23,1.03,1,Heavy Rain,2,Crew,HIGH,4,2,525.8,1
SIM002104,12251,PRYJ,NCR,1,6,10,0.64,0,Clear,0,Crew,HIGH,0,0,1.0,0
SIM002105,12200,PNBE,ECR,28,7,10,1.21,0,Clear,0,Weather,HIGH,2,0,92.1,0
SIM002106,12160,BSP,SECR,46,6,8,0.37,0,Clear,0,Operational,HIGH,4,0,392.7,1
SIM002107,12163,PRYJ,NCR,17,6,10,0.23,1,Clear,0,Signal,HIGH,1,0,36.1,1
SIM002108,12317,KGP,SER,31,5,9,1.21,0,Clear,0,Operational,HIGH,2,0,124.5,1
SIM002109,12012,UBL,SWR,26,3,6,0.89,1,Clear,0,Infrastructure,MEDIUM,2,0,83.7,1
SIM002110,12106,ERS,SR,36,3,5,0.23,1,Clear,0,Operational,MEDIUM,3,2,193.7,0
SIM002111,12163,VSKP,ECoR,28,5,8,0.96,1,Clear,0,Weather,HIGH,2,2,140.2,1
SIM002112,12294,BWN,ER,1,3,6,0.4,0,Clear,0,Operational,MEDIUM,0,0,1.0,0
SIM002113,12216,LDH,NR,20,3,6,0.13,1,Clear,0,Signal,MEDIUM,1,0,48.5,0
SIM002114,12089,R,SECR,65,3,7,0.97,1,Clear,0,Infrastructure,MEDIUM,5,0,1094.8,1
SIM002115,12295,NGP,CR,56,7,8,0.44,1,Clear,0,Infrastructure,HIGH,4,0,852.8,1
SIM002116,12268,NDLS,NR,14,9,16,0.27,1,Clear,0,Signal,HIGH,0,0,14.0,0
SIM002117,12266,COR,WCR,30,5,8,0.31,1,Rain,1,Rolling Stock,MEDIUM,3,0,186.0,1
SIM002118,12263,SBC,SWR,28,4,10,0.56,0,Clear,0,Signal,HIGH,2,0,124.6,1
SIM002119,12027,RTM,WR,1,4,6,0.33,1,Clear,0,Passenger,MEDIUM,0,0,1.0,0
SIM002120,12040,TVC,SR,67,5,5,0.82,1,Fog,2,Weather,HIGH,4,0,1057.3,0
SIM002121,12258,BBS,ECoR,1,6,6,0.77,0,Rain,1,Weather,HIGH,0,0,1.0,0
SIM002122,12107,MYS,SWR,4,2,5,0.19,1,Clear,0,Rolling Stock,MEDIUM,0,0,4.0,0
SIM002123,12147,KYN,CR,60,5,8,0.98,0,Clear,0,Rolling Stock,HIGH,4,0,997.4,1
SIM002124,12113,CBE,SR,24,5,6,0.12,1,Clear,0,Infrastructure,MEDIUM,2,0,70.8,0
SIM002125,12046,GKP,NER,9,5,10,0.87,0,Clear,0,Weather,HIGH,0,0,9.0,0
SIM002126,12131,BSP,SECR,10,6,8,0.22,1,Rain,1,Rolling Stock,HIGH,0,0,10.0,0
SIM002127,12071,KYN,CR,43,5,8,1.14,1,Clear,0,Rolling Stock,HIGH,3,0,289.1,1
SIM002128,12149,CSMT,CR,16,8,18,0.96,1,Rain,1,Crew,HIGH,1,0,29.6,0
SIM002129,12172,NDLS,NR,21,9,16,1.22,1,Clear,0,Operational,HIGH,1,0,54.5,0
SIM002130,12096,MYS,SWR,46,2,5,0.71,1,Clear,0,Operational,MEDIUM,3,0,221.4,1
SIM002131,12315,ASN,ER,24,4,8,0.27,1,Clear,0,Signal,MEDIUM,2,0,98.1,1
SIM002132,12260,PUNE,CR,27,5,6,0.48,0,Clear,0,Crew,HIGH,2,0,108.0,0
SIM002133,12055,MAS,SR,81,9,12,0.65,1,Rain,1,Infrastructure,HIGH,5,2,1904.9,0
SIM002134,12137,SC,SCR,1,7,10,1.15,0,Rain,1,Rolling Stock,HIGH,0,0,1.0,0
SIM002135,12099,KGP,SER,1,5,9,0.63,0,Clear,0,Weather,HIGH,0,0,1.0,0
SIM002136,12300,SBC,SWR,39,4,10,0.43,1,Clear,0,Signal,HIGH,3,2,286.4,1
SIM002137,12124,VSKP,ECoR,68,5,8,0.18,1,Fog,2,Operational,HIGH,5,2,1158.0,1
SIM002138,12013,COR,WCR,18,5,8,0.25,1,Clear,0,Weather,MEDIUM,1,0,40.5,1
SIM002139,12053,PNBE,ECR,8,7,10,0.24,1,Fog,2,Crew,HIGH,0,0,8.0,0
SIM002140,12241,BBS,ECoR,38,6,6,0.63,1,Clear,0,Rolling Stock,HIGH,3,0,198.1,1
SIM002141,12050,PURI,ECoR,29,2,5,0.74,0,Rain,1,Infrastructure,MEDIUM,3,0,109.7,0
SIM002142,12104,KGP,SER,21,5,9,1.02,1,Clear,0,Infrastructure,HIGH,2,0,59.3,1
SIM002143,12287,BCT,WR,18,6,7,1.17,1,Clear,0,Rolling Stock,HIGH,1,0,40.5,0
SIM002144,12220,ERS,SR,29,3,5,0.25,1,Fog,2,Rolling Stock,MEDIUM,3,0,175.4,0
SIM002145,12275,PURI,ECoR,53,2,5,0.89,0,Clear,0,Rolling Stock,MEDIUM,4,0,445.3,1
SIM002146,12023,CSMT,CR,14,8,18,0.17,1,Clear,0,Weather,HIGH,1,0,22.2,0
SIM002147,12025,BBS,ECoR,32,6,6,1.1,1,Clear,0,Signal,HIGH,2,2,135.0,1
SIM002148,12287,BCT,WR,13,6,7,0.99,1,Rain,1,Rolling Stock,HIGH,1,0,20.4,0
SIM002149,12123,SUR,CR,36,3,6,0.45,1,Rain,1,Weather,MEDIUM,2,2,206.2,1
SIM002150,12103,NDLS,NR,24,9,16,0.48,0,Clear,0,Rolling Stock,HIGH,1,0,52.9,0
SIM002151,12092,JU,NWR,49,3,6,0.44,0,Heavy Rain,2,Rolling Stock,MEDIUM,4,0,492.8,0
SIM002152,12113,MAS,SR,53,9,12,0.96,1,Fog,2,Passenger,HIGH,4,0,559.6,0
SIM002153,12039,SBC,SWR,19,4,10,1.03,0,Clear,0,Rolling Stock,HIGH,1,0,44.7,1
SIM002154,12279,KGP,SER,33,5,9,0.25,1,Clear,0,Signal,HIGH,3,0,192.1,1
SIM002155,12031,LDH,NR,29,3,6,0.69,0,Clear,0,Infrastructure,MEDIUM,2,0,127.8,0
SIM002156,12295,ASN,ER,83,4,8,0.35,1,Clear,0,Operational,MEDIUM,6,0,2663.9,1
SIM002157,12213,SC,SCR,11,7,10,0.88,1,Rain,1,Crew,HIGH,1,0,16.9,0
SIM002158,12073,NDLS,NR,1,9,16,0.7,1,Clear,0,Crew,HIGH,0,0,1.0,0
SIM002159,12140,SC,SCR,82,7,10,0.92,1,Clear,0,Signal,HIGH,5,2,1661.1,1
SIM002160,12275,BAM,ECoR,14,3,4,0.41,0,Rain,1,Signal,LOW,0,0,14.0,0
SIM002161,12302,KGP,SER,39,5,9,0.83,1,Heavy Rain,2,Rolling Stock,HIGH,3,2,312.8,1
SIM002162,12073,PURI,ECoR,9,2,5,0.81,1,Fog,2,Crew,MEDIUM,0,0,9.0,0
SIM002163,12149,CTC,ECoR,59,1,6,0.87,1,Heavy Rain,2,Weather,MEDIUM,4,2,306.2,1
SIM002164,12118,JP,NWR,3,6,7,1.06,0,Clear,0,Weather,HIGH,0,0,3.0,0
SIM002165,12176,JHS,NCR,2,3,7,0.18,1,Clear,0,Signal,MEDIUM,0,0,2.0,0
SIM002166,12220,BWN,ER,57,3,6,0.78,1,Clear,0,Passenger,MEDIUM,4,2,824.6,1
SIM002167,12302,DHN,ECR,39,4,7,0.32,1,Clear,0,Signal,MEDIUM,3,2,295.6,1
SIM002168,12131,ROU,SER,36,3,5,0.69,1,Clear,0,Weather,LOW,3,0,227.9,1
SIM002169,12255,HWH,ER,9,5,23,1.07,1,Clear,0,Operational,HIGH,0,0,9.0,0
SIM002170,12013,MDU,SR,26,4,6,0.37,1,Clear,0,Crew,MEDIUM,2,0,73.1,0
SIM002171,12268,NDLS,NR,45,9,16,0.41,1,Clear,0,Operational,HIGH,4,2,526.2,1
SIM002172,12164,KYN,CR,40,5,8,1.02,0,Clear,0,Signal,HIGH,3,0,307.7,1
SIM002173,12090,PNBE,ECR,8,7,10,0.66,1,Clear,0,Weather,HIGH,0,0,8.0,0
SIM002174,12086,VSKP,ECoR,49,5,8,1.23,0,Clear,0,Rolling Stock,HIGH,3,0,433.3,1
SIM002175,12119,BZA,SCR,3,5,10,0.73,1,Clear,0,Signal,HIGH,0,0,3.0,0
SIM002176,12228,JP,NWR,5,6,7,0.67,1,Clear,0,Weather,HIGH,0,0,5.0,0
SIM002177,12284,NDLS,NR,12,9,16,0.83,0,Fog,2,Rolling Stock,HIGH,1,0,24.3,0
SIM002178,12002,BSP,SECR,56,6,8,0.32,0,Clear,0,Signal,HIGH,4,0,767.3,1
SIM002179,12244,MYS,SWR,22,2,5,0.61,1,Fog,2,Signal,MEDIUM,2,0,50.8,0
SIM002180,12154,DLI,NR,31,3,10,0.34,0,Clear,0,Operational,HIGH,3,0,134.2,1
SIM002181,12134,NDLS,NR,63,9,16,0.35,0,Fog,2,Rolling Stock,HIGH,4,0,976.5,1
SIM002182,12294,BWN,ER,1,3,6,0.92,0,Clear,0,Operational,MEDIUM,0,0,1.0,0
SIM002183,12128,MFP,ECR,14,3,6,0.44,1,Clear,0,Operational,MEDIUM,1,0,29.7,1
SIM002184,12059,MAS,SR,9,9,12,0.41,0,Clear,0,Signal,HIGH,0,0,9.0,0
SIM002185,12231,ADI,WR,46,6,12,0.48,1,Rain,1,Signal,HIGH,4,2,383.1,1
SIM002186,12253,ADI,WR,1,6,12,1.07,1,Clear,0,Rolling Stock,HIGH,0,0,1.0,0
SIM002187,12235,SC,SCR,19,7,10,0.75,1,Clear,0,Signal,HIGH,1,0,44.8,0
SIM002188,12190,COR,WCR,33,5,8,0.94,0,Rain,1,Infrastructure,MEDIUM,2,0,175.3,1
SIM002189,12282,NGP,CR,18,7,8,0.67,1,Clear,0,Rolling Stock,HIGH,1,0,41.3,1
SIM002190,12133,JP,NWR,52,6,7,0.13,1,Clear,0,Operational,HIGH,4,2,668.8,0
SIM002191,12024,MAS,SR,67,9,12,1.14,1,Clear,0,Rolling Stock,HIGH,4,2,1283.7,0
SIM002192,12126,NDLS,NR,53,9,16,0.44,1,Clear,0,Operational,HIGH,4,2,628.2,1
SIM002193,12166,NGP,CR,30,7,8,1.08,1,Clear,0,Signal,HIGH,3,0,126.9,1
SIM002194,12286,COR,WCR,42,5,8,0.38,0,Clear,0,Operational,MEDIUM,3,0,322.3,1
SIM002195,12266,COR,WCR,69,5,8,0.71,1,Clear,0,Infrastructure,MEDIUM,5,2,1313.9,1
SIM002196,12240,MAS,SR,64,9,12,0.2,1,Clear,0,Passenger,HIGH,4,2,1080.1,0
SIM002197,12235,NGP,CR,17,7,8,0.8,1,Rain,1,Infrastructure,HIGH,1,0,41.2,1
SIM002198,12274,VSKP,ECoR,68,5,8,1.08,1,Clear,0,Weather,HIGH,5,2,1257.3,1
SIM002199,12275,BAM,ECoR,43,3,4,0.21,0,Clear,0,Weather,LOW,3,0,287.8,1
SIM002200,12184,BWN,ER,1,3,6,0.49,1,Rain,1,Crew,MEDIUM,0,0,1.0,0
SIM002201,12269,SC,SCR,25,7,10,0.78,0,Rain,1,Crew,HIGH,2,0,83.1,0
SIM002202,12042,DURG,SECR,37,2,6,0.71,0,Rain,1,Weather,MEDIUM,2,0,132.6,1
SIM002203,12176,JHS,NCR,14,3,7,0.41,1,Rain,1,Signal,MEDIUM,1,0,26.4,1
SIM002204,12181,NJP,NFR,32,2,6,0.79,1,Clear,0,Passenger,MEDIUM,3,0,110.0,1
SIM002205,12259,GKP,NER,3,5,10,0.63,1,Rain,1,Signal,HIGH,0,0,3.0,0
SIM002206,12212,NDLS,NR,39,9,16,0.82,1,Clear,0,Crew,HIGH,3,2,216.6,1
SIM002207,12123,SC,SCR,39,7,10,0.21,1,Clear,0,Weather,HIGH,3,2,272.9,1
SIM002208,12153,BZA,SCR,5,5,10,0.54,1,Clear,0,Infrastructure,HIGH,0,0,5.0,0
SIM002209,12185,RTM,WR,30,4,6,0.85,1,Rain,1,Signal,MEDIUM,3,0,148.5,1
SIM002210,12171,PRYJ,NCR,58,6,10,0.14,1,Rain,1,Crew,HIGH,4,0,619.9,1
SIM002211,12178,ERS,SR,45,3,5,0.37,1,Fog,2,Signal,MEDIUM,3,0,341.9,0
SIM002212,12122,UMB,NR,16,3,8,0.82,1,Clear,0,Rolling Stock,MEDIUM,1,0,31.4,0
SIM002213,12000,JP,NWR,29,6,7,0.39,1,Clear,0,Crew,HIGH,2,2,137.3,0
SIM002214,12211,JHS,NCR,34,3,7,0.42,1,Clear,0,Infrastructure,MEDIUM,2,0,170.5,1
SIM002215,12065,PRYJ,NCR,4,6,10,0.27,0,Clear,0,Signal,HIGH,0,0,4.0,0
SIM002216,12047,GHY,NFR,27,4,6,0.13,1,Clear,0,Operational,HIGH,2,0,118.4,1
SIM002217,12264,KYN,CR,1,5,8,0.22,1,Clear,0,Signal,HIGH,0,0,1.0,0
SIM002218,12119,BZA,SCR,71,5,10,0.49,1,Storm,3,Infrastructure,HIGH,5,2,1648.0,1
SIM002219,12241,VSKP,ECoR,13,5,8,0.22,1,Clear,0,Operational,HIGH,1,0,19.7,0
SIM002220,12221,SBC,SWR,21,4,10,0.42,0,Clear,0,Infrastructure,HIGH,2,0,53.7,1
SIM002221,12191,JP,NWR,78,6,7,1.17,0,Clear,0,Passenger,HIGH,5,0,1960.6,0
SIM002222,12114,UMB,NR,47,3,8,0.86,0,Clear,0,Infrastructure,MEDIUM,3,0,407.8,1
SIM002223,12224,ADI,WR,24,6,12,0.72,0,Clear,0,Crew,HIGH,2,0,71.2,0
SIM002224,12043,BCT,WR,21,6,7,0.81,1,Fog,2,Rolling Stock,HIGH,2,0,82.2,0
SIM002225,12018,BBS,ECoR,1,6,6,0.37,0,Storm,3,Passenger,HIGH,0,0,1.0,0
SIM002226,12231,MLDT,ER,1,5,5,0.22,1,Rain,1,Signal,LOW,0,0,1.0,0
SIM002227,12249,KGP,SER,32,5,9,0.9,1,Clear,0,Crew,HIGH,3,2,190.0,1
SIM002228,12231,HWH,ER,46,5,23,0.37,1,Clear,0,Signal,HIGH,3,2,465.6,1
SIM002229,12068,BPL,WCR,14,6,6,1.07,1,Clear,0,Infrastructure,HIGH,1,0,21.7,1
SIM002230,12184,ROU,SER,37,3,5,0.91,1,Clear,0,Signal,LOW,3,2,242.8,1
SIM002231,12231,MLDT,ER,15,5,5,0.16,1,Clear,0,Signal,LOW,1,0,23.7,0
SIM002232,12301,MDU,SR,3,4,6,0.51,1,Clear,0,Signal,MEDIUM,0,0,3.0,0
SIM002233,12166,SUR,CR,9,3,6,0.49,1,Rain,1,Crew,MEDIUM,0,0,9.0,0
SIM002234,12278,RTM,WR,22,4,6,0.25,1,Heavy Rain,2,Weather,MEDIUM,2,0,70.7,1
SIM002235,12094,COR,WCR,70,5,8,0.32,1,Clear,0,Weather,MEDIUM,5,2,1566.6,1
SIM002236,12104,KGP,SER,26,5,9,1.09,1,Clear,0,Weather,HIGH,2,0,80.9,1
SIM002237,12245,NGP,CR,44,7,8,0.85,0,Clear,0,Crew,HIGH,3,0,385.9,1
SIM002238,12153,BZA,SCR,48,5,10,0.45,1,Clear,0,Infrastructure,HIGH,3,2,427.3,1
SIM002239,12271,PNBE,ECR,44,7,10,1.04,1,Clear,0,Passenger,HIGH,3,0,361.3,1
SIM002240,12316,BWN,ER,56,3,6,0.61,1,Rain,1,Infrastructure,MEDIUM,4,0,599.7,1
SIM002241,12213,CSMT,CR,1,8,18,1.22,1,Clear,0,Infrastructure,HIGH,0,0,1.0,0
SIM002242,12279,HYB,SCR,10,1,6,0.86,1,Clear,0,Operational,MEDIUM,0,0,10.0,0
SIM002243,12025,JP,NWR,38,6,7,1.03,1,Storm,3,Operational,HIGH,3,2,303.1,0
SIM002244,12214,GHY,NFR,6,4,6,1.08,1,Clear,0,Infrastructure,HIGH,0,0,6.0,0
SIM002245,12151,NGP,CR,59,7,8,0.36,0,Rain,1,Crew,HIGH,5,0,978.9,1
SIM002246,12208,ASN,ER,8,4,8,0.54,1,Rain,1,Passenger,MEDIUM,0,0,8.0,0
SIM002247,12047,MFP,ECR,25,3,6,0.27,1,Clear,0,Operational,MEDIUM,2,0,95.4,1
SIM002248,12220,ERS,SR,29,3,5,0.17,1,Fog,2,Rolling Stock,MEDIUM,2,0,90.5,0
SIM002249,12242,BZA,SCR,40,5,10,0.99,1,Heavy Rain,2,Operational,HIGH,3,0,291.5,1
SIM002250,12257,MAO,KR,12,3,5,0.33,1,Fog,2,Infrastructure,MEDIUM,1,0,23.4,1
SIM002251,12300,SC,SCR,33,7,10,1.03,1,Clear,0,Passenger,HIGH,3,2,165.0,1
SIM002252,12166,BCT,WR,62,6,7,0.55,1,Clear,0,Operational,HIGH,4,0,1029.6,1
SIM002253,12001,KYN,CR,1,5,8,0.47,1,Fog,2,Passenger,HIGH,0,0,1.0,0
SIM002254,12280,DLI,NR,1,3,10,0.16,0,Clear,0,Weather,HIGH,0,0,1.0,0
SIM002255,12290,ERS,SR,85,3,5,0.18,1,Clear,0,Weather,MEDIUM,5,4,2548.1,0
SIM002256,12296,PRYJ,NCR,49,6,10,0.32,1,Rain,1,Crew,HIGH,4,2,470.3,1
SIM002257,12139,CTC,ECoR,26,1,6,0.97,1,Rain,1,Signal,MEDIUM,2,0,62.1,0
SIM002258,12108,MAS,SR,9,9,12,1.13,1,Clear,0,Rolling Stock,HIGH,0,0,9.0,0
SIM002259,12288,ST,WR,29,3,5,0.18,0,Clear,0,Signal,MEDIUM,2,0,136.6,1
SIM002260,12285,NJP,NFR,59,2,6,0.76,1,Fog,2,Rolling Stock,MEDIUM,4,0,514.1,1
SIM002261,12290,HWH,ER,64,5,23,0.93,1,Fog,2,Infrastructure,HIGH,4,2,1037.3,1
SIM002262,12146,ADI,WR,34,6,12,0.94,1,Clear,0,Crew,HIGH,3,2,217.7,1
SIM002263,12158,TVC,SR,12,5,5,0.95,1,Clear,0,Operational,HIGH,1,0,17.0,0
SIM002264,12261,HWH,ER,14,5,23,0.89,1,Clear,0,Infrastructure,HIGH,0,0,14.0,0
SIM002265,12011,ASN,ER,20,4,8,0.2,0,Clear,0,Signal,MEDIUM,1,0,43.9,1
SIM002266,12197,SC,SCR,73,7,10,0.46,1,Clear,0,Passenger,HIGH,5,2,1310.4,1
SIM002267,12083,BCT,WR,68,6,7,1.15,1,Clear,0,Crew,HIGH,5,2,1613.4,1
SIM002268,12251,R,SECR,4,3,7,0.5,0,Clear,0,Signal,MEDIUM,0,0,4.0,0
SIM002269,12305,BSP,SECR,53,6,8,0.88,1,Clear,0,Passenger,HIGH,4,2,632.5,1
SIM002270,12233,NJP,NFR,27,2,6,0.95,0,Clear,0,Infrastructure,MEDIUM,2,0,71.8,1
SIM002271,12166,BCT,WR,13,6,7,0.59,1,Clear,0,Rolling Stock,HIGH,1,0,18.1,0
SIM002272,12042,DURG,SECR,20,2,6,0.91,0,Clear,0,Rolling Stock,MEDIUM,2,0,46.3,0
SIM002273,12097,BSL,CR,22,3,7,0.19,1,Fog,2,Weather,MEDIUM,1,0,54.9,0
SIM002274,12064,RTM,WR,55,4,6,0.65,1,Clear,0,Crew,MEDIUM,4,2,727.1,1
SIM002275,12154,R,SECR,5,3,7,0.28,0,Clear,0,Rolling Stock,MEDIUM,0,0,5.0,0
SIM002276,12174,BBS,ECoR,35,6,6,0.25,0,Clear,0,Signal,HIGH,3,0,171.4,1
SIM002277,12209,SUR,CR,37,3,6,0.92,1,Clear,0,Signal,MEDIUM,3,2,272.7,1
SIM002278,12103,VSKP,ECoR,15,5,8,0.79,0,Heavy Rain,2,Operational,HIGH,1,0,30.3,1
SIM002279,12029,BPL,WCR,1,6,6,0.31,0,Clear,0,Operational,HIGH,0,0,1.0,0
SIM002280,12204,KGP,SER,10,5,9,0.68,1,Rain,1,Rolling Stock,HIGH,0,0,10.0,0
SIM002281,12124,SBC,SWR,20,4,10,1.28,1,Clear,0,Signal,HIGH,1,0,42.4,1
SIM002282,12261,HWH,ER,30,5,23,1.07,1,Clear,0,Passenger,HIGH,2,0,121.0,1
SIM002283,12003,ST,WR,57,3,5,0.21,0,Fog,2,Operational,MEDIUM,5,0,814.1,1
SIM002284,12122,UMB,NR,14,3,8,0.34,1,Rain,1,Weather,MEDIUM,1,0,19.6,0
SIM002285,12089,NGP,CR,55,7,8,0.55,1,Clear,0,Crew,HIGH,4,0,604.7,1
SIM002286,12059,KGP,SER,17,5,9,0.41,0,Clear,0,Rolling Stock,HIGH,1,0,26.0,0
SIM002287,12193,MAS,SR,15,9,12,1.09,1,Fog,2,Infrastructure,HIGH,1,0,23.0,0
SIM002288,12291,MLDT,ER,13,5,5,0.59,1,Rain,1,Crew,LOW,1,0,20.1,1
SIM002289,12217,MAS,SR,30,9,12,0.18,1,Rain,1,Infrastructure,HIGH,2,2,145.3,0
SIM002290,12313,GHY,NFR,19,4,6,0.97,0,Clear,0,Signal,HIGH,2,0,54.6,1
SIM002291,12147,UBL,SWR,1,3,6,0.55,0,Clear,0,Rolling Stock,MEDIUM,0,0,1.0,0
SIM002292,12175,COR,WCR,48,5,8,0.73,0,Storm,3,Operational,MEDIUM,4,0,512.4,1
SIM002293,12128,MFP,ECR,78,3,6,1.0,1,Storm,3,Operational,MEDIUM,5,2,1720.4,1
SIM002294,12199,SBC,SWR,41,4,10,0.91,1,Clear,0,Infrastructure,HIGH,4,2,344.5,1
SIM002295,12137,MAS,SR,23,9,12,0.67,0,Heavy Rain,2,Infrastructure,HIGH,1,0,60.9,0
SIM002296,12133,JBP,WCR,40,4,7,0.6,1,Clear,0,Signal,HIGH,3,2,309.9,1
SIM002297,12157,BSP,SECR,1,6,8,0.94,1,Heavy Rain,2,Passenger,HIGH,0,0,1.0,0
SIM002298,12112,UMB,NR,15,3,8,0.29,1,Clear,0,Passenger,MEDIUM,1,0,33.5,0
SIM002299,12260,PUNE,CR,39,5,6,0.63,0,Clear,0,Crew,HIGH,3,0,283.6,1
SIM002300,12075,BPL,WCR,19,6,6,0.73,1,Clear,0,Rolling Stock,HIGH,1,0,44.2,1
SIM002301,12226,NGP,CR,53,7,8,1.28,1,Clear,0,Weather,HIGH,4,2,797.6,1
SIM002302,12239,BZA,SCR,24,5,10,0.75,1,Clear,0,Crew,HIGH,2,0,87.3,1
SIM002303,12257,MAO,KR,47,3,5,0.13,1,Clear,0,Operational,MEDIUM,3,2,463.9,1
SIM002304,12179,AGC,NCR,18,2,6,0.55,1,Clear,0,Infrastructure,MEDIUM,2,0,45.6,1
SIM002305,12285,SBC,SWR,40,4,10,0.82,1,Storm,3,Signal,HIGH,3,0,285.8,1
SIM002306,12189,NDLS,NR,34,9,16,0.14,1,Fog,2,Weather,HIGH,2,2,161.5,1
SIM002307,12226,NGP,CR,65,7,8,0.14,1,Clear,0,Rolling Stock,HIGH,5,2,1273.5,1
SIM002308,12309,KGP,SER,1,5,9,0.89,0,Heavy Rain,2,Crew,HIGH,0,0,1.0,0
SIM002309,12088,ERS,SR,64,3,5,0.22,1,Rain,1,Rolling Stock,MEDIUM,4,0,928.6,0
SIM002310,12319,ASN,ER,1,4,8,0.88,0,Clear,0,Weather,MEDIUM,0,0,1.0,0
SIM002311,12281,NDLS,NR,36,9,16,0.28,1,Clear,0,Infrastructure,HIGH,3,2,236.0,1
SIM002312,12273,AGC,NCR,23,2,6,0.36,1,Rain,1,Rolling Stock,MEDIUM,2,0,67.0,1
SIM002313,12254,NGP,CR,5,7,8,0.99,0,Fog,2,Passenger,HIGH,0,0,5.0,0
SIM002314,12156,PURI,ECoR,1,2,5,0.3,0,Heavy Rain,2,Infrastructure,MEDIUM,0,0,1.0,0
SIM002315,12131,MAS,SR,28,9,12,1.17,1,Clear,0,Signal,HIGH,2,0,126.8,0
SIM002316,12025,AII,NWR,13,3,6,0.75,1,Clear,0,Weather,MEDIUM,1,0,27.0,0
SIM002317,12200,PNBE,ECR,28,7,10,0.43,0,Clear,0,Weather,HIGH,2,0,92.9,0
SIM002318,12049,ADI,WR,50,6,12,0.33,0,Rain,1,Passenger,HIGH,4,0,452.2,1
SIM002319,12016,ADI,WR,1,6,12,0.98,1,Clear,0,Passenger,HIGH,0,0,1.0,0
SIM002320,12057,SC,SCR,46,7,10,0.44,1,Clear,0,Passenger,HIGH,3,0,288.3,1
SIM002321,12292,HYB,SCR,31,1,6,0.6,0,Clear,0,Weather,MEDIUM,2,0,78.1,0
SIM002322,12096,JHS,NCR,31,3,7,0.44,1,Clear,0,Rolling Stock,MEDIUM,2,0,146.6,1
SIM002323,12055,MS,SR,27,2,10,0.7,1,Heavy Rain,2,Operational,MEDIUM,2,0,89.4,0
SIM002324,12314,RTM,WR,28,4,6,0.23,0,Clear,0,Signal,MEDIUM,2,0,133.9,1
SIM002325,12133,JP,NWR,37,6,7,0.76,1,Rain,1,Crew,HIGH,3,2,250.9,0
SIM002326,12214,BBS,ECoR,7,6,6,0.43,1,Rain,1,Operational,HIGH,0,0,7.0,0
SIM002327,12108,BBS,ECoR,33,6,6,1.01,1,Clear,0,Signal,HIGH,3,0,155.0,1
SIM002328,12001,BCT,WR,30,6,7,0.6,1,Rain,1,Rolling Stock,HIGH,3,2,164.9,1
SIM002329,12003,ST,WR,57,3,5,0.42,0,Fog,2,Operational,MEDIUM,4,0,742.6,1
SIM002330,12289,HWH,ER,8,5,23,1.08,1,Clear,0,Signal,HIGH,0,0,8.0,0
SIM002331,12000,JP,NWR,49,6,7,0.46,1,Clear,0,Weather,HIGH,4,2,580.9,0
SIM002332,12047,GHY,NFR,27,4,6,1.15,1,Clear,0,Infrastructure,HIGH,2,0,107.9,1
SIM002333,12009,MFP,ECR,44,3,6,0.34,0,Rain,1,Weather,MEDIUM,3,0,372.5,1
SIM002334,12225,VSKP,ECoR,34,5,8,0.14,0,Clear,0,Rolling Stock,HIGH,3,0,232.5,1
SIM002335,12197,SBC,SWR,15,4,10,0.91,1,Heavy Rain,2,Weather,HIGH,1,0,21.1,1
SIM002336,12112,COR,WCR,43,5,8,0.55,1,Storm,3,Crew,MEDIUM,4,0,376.7,1
SIM002337,12049,GHY,NFR,7,4,6,0.64,0,Clear,0,Operational,HIGH,0,0,7.0,0
SIM002338,12045,BSP,SECR,1,6,8,0.92,0,Clear,0,Weather,HIGH,0,0,1.0,0
SIM002339,12221,MYS,SWR,30,2,5,0.84,0,Clear,0,Operational,MEDIUM,3,0,108.7,1
SIM002340,12251,PRYJ,NCR,1,6,10,1.23,0,Clear,0,Crew,HIGH,0,0,1.0,0
SIM002341,12121,KYN,CR,1,5,8,0.41,0,Clear,0,Rolling Stock,HIGH,0,0,1.0,0
SIM002342,12105,BBS,ECoR,67,6,6,0.15,1,Storm,3,Signal,HIGH,4,0,739.2,1
SIM002343,12190,JP,NWR,10,6,7,0.47,0,Clear,0,Signal,HIGH,0,0,10.0,0
SIM002344,12315,HWH,ER,18,5,23,1.29,1,Clear,0,Infrastructure,HIGH,2,0,49.9,0
SIM002345,12057,MAS,SR,52,9,12,0.13,1,Rain,1,Infrastructure,HIGH,4,2,480.5,0
SIM002346,12155,DLI,NR,18,3,10,0.36,1,Clear,0,Operational,HIGH,1,0,45.9,1
SIM002347,12103,NDLS,NR,24,9,16,1.12,0,Clear,0,Weather,HIGH,2,0,64.7,0
SIM002348,12019,NGP,CR,75,7,8,1.0,1,Clear,0,Signal,HIGH,5,2,2129.0,1
SIM002349,12233,MS,SR,68,2,10,0.81,0,Clear,0,Rolling Stock,MEDIUM,5,0,935.8,0
SIM002350,12164,BSP,SECR,41,6,8,0.64,0,Clear,0,Operational,HIGH,3,0,265.1,1
SIM002351,12110,SDAH,ER,14,3,20,0.48,1,Clear,0,Rolling Stock,HIGH,1,0,19.6,0
SIM002352,12197,MAS,SR,16,9,12,1.21,1,Rain,1,Infrastructure,HIGH,1,0,37.4,0
SIM002353,12197,MS,SR,34,2,10,0.64,1,Clear,0,Passenger,MEDIUM,2,2,116.1,0
SIM002354,12049,ST,WR,14,3,5,0.36,0,Clear,0,Signal,MEDIUM,1,0,24.6,0
SIM002355,12091,PNBE,ECR,28,7,10,1.28,0,Storm,3,Signal,HIGH,3,0,125.0,1
SIM002356,12290,MLDT,ER,8,5,5,0.97,1,Clear,0,Operational,LOW,0,0,8.0,0
SIM002357,12046,PRYJ,NCR,33,6,10,1.05,0,Rain,1,Weather,HIGH,3,0,155.3,1
SIM002358,12049,ADI,WR,50,6,12,1.2,0,Rain,1,Passenger,HIGH,4,0,474.1,1
SIM002359,12248,NJP,NFR,57,2,6,0.38,1,Clear,0,Crew,MEDIUM,4,2,518.5,1
SIM002360,12316,BWN,ER,79,3,6,0.29,1,Rain,1,Signal,MEDIUM,5,2,1965.0,1
SIM002361,12256,DLI,NR,66,3,10,0.15,0,Heavy Rain,2,Crew,HIGH,5,0,1281.6,1
SIM002362,12290,ERS,SR,73,3,5,0.39,1,Clear,0,Operational,MEDIUM,5,4,1810.3,0
SIM002363,12155,NGP,CR,41,7,8,0.9,1,Fog,2,Signal,HIGH,3,0,297.1,1
SIM002364,12053,JP,NWR,62,6,7,0.94,1,Clear,0,Passenger,HIGH,4,0,1093.1,0
SIM002365,12297,R,SECR,28,3,7,0.73,1,Fog,2,Weather,MEDIUM,2,2,129.2,1
SIM002366,12024,SC,SCR,1,7,10,1.2,1,Clear,0,Weather,HIGH,0,0,1.0,0
SIM002367,12293,SC,SCR,9,7,10,1.02,0,Clear,0,Passenger,HIGH,0,0,9.0,0
SIM002368,12209,BPL,WCR,1,6,6,0.21,1,Clear,0,Weather,HIGH,0,0,1.0,0
SIM002369,12197,MS,SR,57,2,10,0.44,1,Fog,2,Operational,MEDIUM,4,2,557.0,0
SIM002370,12107,SBC,SWR,46,4,10,0.2,1,Rain,1,Signal,HIGH,4,0,322.3,1
SIM002371,12014,GHY,NFR,16,4,6,0.92,0,Clear,0,Rolling Stock,HIGH,1,0,35.3,1
SIM002372,12249,HWH,ER,1,5,23,1.29,1,Rain,1,Signal,HIGH,0,0,1.0,0
SIM002373,12251,PRYJ,NCR,1,6,10,0.96,0,Clear,0,Signal,HIGH,0,0,1.0,0
SIM002374,12212,SDAH,ER,29,3,20,0.31,1,Clear,0,Passenger,HIGH,2,0,132.5,1
SIM002375,12040,KYN,CR,55,5,8,0.88,1,Clear,0,Weather,HIGH,4,0,758.3,1
SIM002376,12114,NDLS,NR,40,9,16,0.52,0,Heavy Rain,2,Operational,HIGH,3,0,261.4,1
SIM002377,12003,BCT,WR,54,6,7,0.79,0,Fog,2,Signal,HIGH,4,0,647.6,1
SIM002378,12199,MAS,SR,6,9,12,0.82,1,Fog,2,Operational,HIGH,0,0,6.0,0
SIM002379,12179,PRYJ,NCR,15,6,10,1.22,1,Clear,0,Infrastructure,HIGH,1,0,29.3,1
SIM002380,12251,R,SECR,4,3,7,0.27,0,Clear,0,Signal,MEDIUM,0,0,4.0,0
SIM002381,12292,BZA,SCR,62,5,10,0.94,0,Clear,0,Signal,HIGH,4,0,829.3,1
SIM002382,12066,BCT,WR,21,6,7,1.05,1,Rain,1,Signal,HIGH,2,0,60.2,1
SIM002383,12237,ROU,SER,18,3,5,0.59,1,Clear,0,Infrastructure,LOW,1,0,30.7,1
SIM002384,12204,ROU,SER,31,3,5,1.0,1,Clear,0,Crew,LOW,3,0,168.3,1
SIM002385,12240,ERS,SR,72,3,5,0.44,1,Fog,2,Rolling Stock,MEDIUM,5,4,1618.8,0
SIM002386,12140,HYB,SCR,1,1,6,0.67,1,Storm,3,Signal,MEDIUM,0,0,1.0,0
SIM002387,12053,DHN,ECR,24,4,7,0.11,1,Clear,0,Crew,MEDIUM,2,0,89.3,1
SIM002388,12169,ADI,WR,5,6,12,1.09,0,Rain,1,Rolling Stock,HIGH,0,0,5.0,0
SIM002389,12179,PRYJ,NCR,12,6,10,0.37,1,Storm,3,Weather,HIGH,0,0,12.0,0
SIM002390,12028,BPL,WCR,7,6,6,1.13,1,Clear,0,Operational,HIGH,0,0,7.0,0
SIM002391,12237,JBP,WCR,38,4,7,0.64,1,Rain,1,Signal,HIGH,3,2,229.1,1
SIM002392,12133,JBP,WCR,40,4,7,1.22,1,Clear,0,Signal,HIGH,4,2,330.1,1
SIM002393,12191,JP,NWR,77,6,7,0.14,0,Rain,1,Crew,HIGH,5,0,2047.3,0
SIM002394,12039,RTM,WR,1,4,6,0.43,0,Clear,0,Signal,MEDIUM,0,0,1.0,0
SIM002395,12148,ADI,WR,14,6,12,0.82,1,Fog,2,Signal,HIGH,1,0,22.1,0
SIM002396,12009,PRYJ,NCR,44,6,10,0.95,0,Clear,0,Signal,HIGH,3,0,336.7,1
SIM002397,12071,AII,NWR,35,3,6,0.57,1,Clear,0,Operational,MEDIUM,3,0,192.4,0
SIM002398,12061,NDLS,NR,34,9,16,1.3,1,Clear,0,Signal,HIGH,3,2,214.5,1
SIM002399,12085,NJP,NFR,28,2,6,0.38,0,Clear,0,Crew,MEDIUM,2,0,61.8,1
SIM002400,12067,KGP,SER,1,5,9,0.73,0,Clear,0,Passenger,HIGH,0,0,1.0,0
SIM002401,12009,MFP,ECR,44,3,6,0.17,0,Rain,1,Weather,MEDIUM,3,0,304.2,1
SIM002402,12194,MFP,ECR,37,3,6,0.72,1,Clear,0,Infrastructure,MEDIUM,3,2,223.5,1
SIM002403,12068,NGP,CR,23,7,8,0.86,1,Clear,0,Operational,HIGH,1,0,51.1,1
SIM002404,12077,BBS,ECoR,1,6,6,0.42,0,Rain,1,Signal,HIGH,0,0,1.0,0
SIM002405,12033,SC,SCR,63,7,10,0.43,0,Clear,0,Rolling Stock,HIGH,4,0,840.2,1
SIM002406,12146,COR,WCR,51,5,8,0.77,1,Rain,1,Rolling Stock,MEDIUM,4,2,672.4,1
SIM002407,12242,BZA,SCR,67,5,10,1.09,1,Rain,1,Weather,HIGH,5,2,1053.4,1
SIM002408,12170,ASR,NR,75,4,6,0.9,1,Clear,0,Operational,MEDIUM,5,2,1778.5,1
SIM002409,12084,BCT,WR,25,6,7,0.41,1,Clear,0,Rolling Stock,HIGH,2,0,100.9,1
SIM002410,12197,MS,SR,3,2,10,0.49,1,Clear,0,Rolling Stock,MEDIUM,0,0,3.0,0
SIM002411,12278,BPL,WCR,1,6,6,0.62,1,Clear,0,Weather,HIGH,0,0,1.0,0
SIM002412,12007,AII,NWR,57,3,6,0.87,1,Clear,0,Rolling Stock,MEDIUM,4,0,797.7,0
SIM002413,12038,ERS,SR,71,3,5,0.16,1,Heavy Rain,2,Weather,MEDIUM,5,4,1518.9,0
SIM002414,12024,SBC,SWR,64,4,10,0.93,1,Clear,0,Signal,HIGH,5,2,1014.3,1
SIM002415,12113,MAS,SR,25,9,12,0.54,1,Clear,0,Weather,HIGH,2,0,105.9,0
SIM002416,12208,ASN,ER,1,4,8,0.47,1,Clear,0,Rolling Stock,MEDIUM,0,0,1.0,0
SIM002417,12284,SDAH,ER,25,3,20,0.71,0,Clear,0,Signal,HIGH,2,0,106.5,1
SIM002418,12163,JHS,NCR,38,3,7,0.93,1,Fog,2,Signal,MEDIUM,3,2,246.5,1
SIM002419,12216,BPL,WCR,3,6,6,1.22,1,Clear,0,Infrastructure,HIGH,0,0,3.0,0
SIM002420,12295,ASN,ER,83,4,8,0.11,1,Clear,0,Operational,MEDIUM,5,0,2104.4,1
SIM002421,12139,CTC,ECoR,26,1,6,0.18,1,Storm,3,Weather,MEDIUM,2,0,60.9,0
SIM002422,12035,MAO,KR,48,3,5,0.51,0,Clear,0,Crew,MEDIUM,4,0,419.7,1
SIM002423,12114,NDLS,NR,13,9,16,1.28,0,Fog,2,Crew,HIGH,0,0,13.0,0
SIM002424,12161,PRYJ,NCR,10,6,10,1.27,1,Rain,1,Weather,HIGH,0,0,10.0,0
SIM002425,12187,SDAH,ER,64,3,20,1.08,1,Clear,0,Operational,HIGH,4,2,1082.9,1
SIM002426,12310,SC,SCR,38,7,10,0.75,1,Fog,2,Infrastructure,HIGH,3,0,209.9,1
SIM002427,12181,NJP,NFR,10,2,6,0.89,1,Clear,0,Infrastructure,MEDIUM,0,0,10.0,0
SIM002428,12204,ROU,SER,3,3,5,0.58,1,Clear,0,Signal,LOW,0,0,3.0,0
SIM002429,12226,BSL,CR,30,3,7,0.17,1,Clear,0,Weather,MEDIUM,2,0,151.5,0
SIM002430,12117,SDAH,ER,31,3,20,1.2,1,Heavy Rain,2,Infrastructure,HIGH,3,2,139.4,1
SIM002431,12128,MFP,ECR,41,3,6,0.29,1,Storm,3,Weather,MEDIUM,3,0,315.3,1
SIM002432,12081,BCT,WR,32,6,7,0.91,1,Clear,0,Infrastructure,HIGH,2,0,165.4,1
SIM002433,12313,GHY,NFR,19,4,6,0.95,0,Clear,0,Signal,HIGH,1,0,46.1,1
SIM002434,12277,DLI,NR,26,3,10,0.47,0,Clear,0,Weather,HIGH,2,0,126.5,1
SIM002435,12085,SDAH,ER,5,3,20,0.6,0,Heavy Rain,2,Weather,HIGH,0,0,5.0,0
SIM002436,12157,BSP,SECR,23,6,8,1.3,1,Clear,0,Operational,HIGH,2,0,62.3,1
SIM002437,12206,MAS,SR,1,9,12,0.52,1,Heavy Rain,2,Rolling Stock,HIGH,0,0,1.0,0
SIM002438,12089,R,SECR,65,3,7,0.29,1,Clear,0,Infrastructure,MEDIUM,5,0,996.6,1
SIM002439,12262,NGP,CR,9,7,8,0.3,1,Clear,0,Passenger,HIGH,0,0,9.0,0
SIM002440,12313,GHY,NFR,1,4,6,0.73,0,Clear,0,Passenger,HIGH,0,0,1.0,0
SIM002441,12035,KYN,CR,39,5,8,0.6,0,Fog,2,Operational,HIGH,3,0,373.3,1
SIM002442,12284,NDLS,NR,53,9,16,1.04,0,Clear,0,Passenger,HIGH,4,0,594.7,1
SIM002443,12218,MYS,SWR,49,2,5,0.99,1,Rain,1,Passenger,MEDIUM,4,2,365.3,1
SIM002444,12159,COR,WCR,23,5,8,0.93,1,Clear,0,Weather,MEDIUM,1,0,52.0,1
SIM002445,12147,BBS,ECoR,33,6,6,0.14,0,Clear,0,Passenger,HIGH,2,0,112.4,1
SIM002446,12286,NDLS,NR,38,9,16,1.2,0,Clear,0,Weather,HIGH,3,0,228.8,1
SIM002447,12116,HWH,ER,24,5,23,0.4,1,Clear,0,Rolling Stock,HIGH,2,0,74.8,0
SIM002448,12038,PNBE,ECR,35,7,10,1.02,1,Rain,1,Operational,HIGH,3,2,208.7,1
SIM002449,12013,MDU,SR,26,4,6,0.44,1,Clear,0,Crew,MEDIUM,3,0,100.7,0
SIM002450,12022,COR,WCR,11,5,8,0.37,1,Clear,0,Infrastructure,MEDIUM,1,0,16.6,0
SIM002451,12191,JP,NWR,77,6,7,0.49,0,Rain,1,Crew,HIGH,5,0,1756.6,0
SIM002452,12078,SC,SCR,51,7,10,0.46,1,Clear,0,Signal,HIGH,4,4,507.8,1
SIM002453,12071,SUR,CR,3,3,6,0.21,1,Clear,0,Weather,MEDIUM,0,0,3.0,0
SIM002454,12075,COR,WCR,12,5,8,0.19,1,Clear,0,Operational,MEDIUM,1,0,24.2,0
SIM002455,12243,PRYJ,NCR,33,6,10,0.18,0,Fog,2,Rolling Stock,HIGH,3,0,157.5,1
SIM002456,12053,DHN,ECR,27,4,7,0.22,1,Heavy Rain,2,Operational,MEDIUM,2,0,133.7,1
SIM002457,12220,HWH,ER,50,5,23,1.12,1,Clear,0,Weather,HIGH,4,2,542.7,1
SIM002458,12304,MAS,SR,40,9,12,0.78,1,Fog,2,Operational,HIGH,3,2,316.7,0
SIM002459,12084,BCT,WR,25,6,7,1.18,1,Clear,0,Rolling Stock,HIGH,2,0,111.0,0
SIM002460,12194,NDLS,NR,15,9,16,1.11,1,Heavy Rain,2,Passenger,HIGH,1,0,22.5,0
SIM002461,12018,SDAH,ER,1,3,20,0.88,0,Clear,0,Weather,HIGH,0,0,1.0,0
SIM002462,12084,BCT,WR,55,6,7,1.26,1,Clear,0,Weather,HIGH,4,0,604.2,1
SIM002463,12123,SC,SCR,39,7,10,0.46,1,Clear,0,Weather,HIGH,3,2,257.2,1
SIM002464,12221,BPL,WCR,26,6,6,0.73,0,Clear,0,Signal,HIGH,2,0,96.3,1
SIM002465,12296,PRYJ,NCR,1,6,10,0.57,1,Clear,0,Signal,HIGH,0,0,1.0,0
SIM002466,12299,NDLS,NR,22,9,16,0.86,1,Clear,0,Rolling Stock,HIGH,2,0,60.3,0
SIM002467,12263,SBC,SWR,28,4,10,0.93,0,Clear,0,Signal,HIGH,2,0,113.3,1
SIM002468,12173,MYS,SWR,58,2,5,0.55,1,Clear,0,Passenger,MEDIUM,4,0,543.7,1
SIM002469,12293,HYB,SCR,59,1,6,0.24,0,Clear,0,Operational,MEDIUM,4,0,266.0,1
SIM002470,12125,GKP,NER,76,5,10,0.39,1,Clear,0,Weather,HIGH,5,2,1523.7,1
SIM002471,12048,BPL,WCR,89,6,6,0.78,1,Fog,2,Weather,HIGH,5,4,3527.1,1
SIM002472,12009,PNBE,ECR,39,7,10,0.8,0,Clear,0,Signal,HIGH,3,0,256.3,1
SIM002473,12036,HWH,ER,64,5,23,0.6,1,Clear,0,Rolling Stock,HIGH,4,0,992.4,1
SIM002474,12072,GHY,NFR,20,4,6,1.24,0,Clear,0,Rolling Stock,HIGH,1,0,47.1,1
SIM002475,12004,ADI,WR,49,6,12,0.2,1,Clear,0,Rolling Stock,HIGH,4,0,508.9,1
SIM002476,12265,MDU,SR,18,4,6,0.72,1,Rain,1,Operational,MEDIUM,1,0,41.5,0
SIM002477,12116,KGP,SER,17,5,9,0.43,1,Clear,0,Weather,HIGH,1,0,41.5,1
SIM002478,12159,AII,NWR,15,3,6,0.17,1,Clear,0,Rolling Stock,MEDIUM,1,0,30.1,0
SIM002479,12189,HWH,ER,48,5,23,0.89,1,Clear,0,Signal,HIGH,3,2,554.6,1
SIM002480,12122,NDLS,NR,19,9,16,0.39,1,Clear,0,Rolling Stock,HIGH,1,0,51.5,0
SIM002481,12193,BSP,SECR,56,6,8,0.64,1,Clear,0,Signal,HIGH,4,2,791.2,1
SIM002482,12112,UMB,NR,54,3,8,0.73,1,Clear,0,Signal,MEDIUM,4,2,543.9,1
SIM002483,12209,BPL,WCR,1,6,6,0.27,1,Clear,0,Weather,HIGH,0,0,1.0,0
SIM002484,12031,LDH,NR,23,3,6,0.39,0,Clear,0,Passenger,MEDIUM,2,0,62.9,0
SIM002485,12016,NJP,NFR,18,2,6,0.89,1,Fog,2,Operational,MEDIUM,1,0,36.7,1
SIM002486,12186,ASN,ER,40,4,8,0.6,1,Clear,0,Weather,MEDIUM,3,2,320.8,1
SIM002487,12226,SUR,CR,19,3,6,0.91,1,Clear,0,Weather,MEDIUM,1,0,41.4,0
SIM002488,12228,JP,NWR,39,6,7,0.87,1,Storm,3,Operational,HIGH,3,2,269.9,0
SIM002489,12216,SBC,SWR,73,4,10,1.03,1,Clear,0,Operational,HIGH,5,4,1421.3,1
SIM002490,12063,DHN,ECR,1,4,7,0.83,1,Clear,0,Operational,MEDIUM,0,0,1.0,0
SIM002491,12104,KGP,SER,39,5,9,0.56,1,Clear,0,Rolling Stock,HIGH,3,0,210.7,1
SIM002492,12195,CSMT,CR,29,8,18,0.5,0,Clear,0,Infrastructure,HIGH,2,0,110.9,0
SIM002493,12193,KGP,SER,19,5,9,0.55,1,Clear,0,Rolling Stock,HIGH,2,0,49.2,1
SIM002494,12167,BPL,WCR,29,6,6,0.95,0,Rain,1,Crew,HIGH,2,0,101.6,1
SIM002495,12052,PUNE,CR,39,5,6,0.32,1,Clear,0,Operational,HIGH,3,0,279.7,1
SIM002496,12020,PUNE,CR,20,5,6,0.95,1,Rain,1,Rolling Stock,HIGH,1,0,44.2,0
SIM002497,12035,UBL,SWR,67,3,6,0.92,0,Heavy Rain,2,Rolling Stock,MEDIUM,5,0,1055.3,1
SIM002498,12231,GHY,NFR,54,4,6,0.27,1,Clear,0,Passenger,HIGH,4,2,601.8,1
SIM002499,12123,SC,SCR,1,7,10,0.31,1,Clear,0,Crew,HIGH,0,0,1.0,0
SIM002500,12044,PRYJ,NCR,1,6,10,0.58,1,Clear,0,Rolling Stock,HIGH,0,0,1.0,0
SIM002501,12139,CTC,ECoR,27,1,6,0.33,1,Rain,1,Signal,MEDIUM,1,0,42.4,0
SIM002502,12237,BSP,SECR,1,6,8,0.29,1,Clear,0,Weather,HIGH,0,0,1.0,0
SIM002503,12104,KGP,SER,27,5,9,0.21,1,Clear,0,Rolling Stock,HIGH,2,0,109.5,1
SIM002504,12181,NJP,NFR,39,2,6,0.28,1,Clear,0,Infrastructure,MEDIUM,3,0,164.0,1
SIM002505,12209,BPL,WCR,31,6,6,0.87,1,Heavy Rain,2,Weather,HIGH,3,2,201.0,1
SIM002506,12011,MLDT,ER,28,5,5,0.96,0,Clear,0,Weather,LOW,2,0,103.9,1
SIM002507,12261,HWH,ER,14,5,23,0.38,1,Clear,0,Infrastructure,HIGH,1,0,28.8,0
SIM002508,12244,KYN,CR,57,5,8,0.55,1,Clear,0,Rolling Stock,HIGH,4,2,1023.0,1
SIM002509,12049,ADI,WR,50,6,12,0.54,0,Rain,1,Passenger,HIGH,4,0,502.0,1
SIM002510,12316,HWH,ER,1,5,23,0.79,1,Clear,0,Weather,HIGH,0,0,1.0,0
SIM002511,12308,GHY,NFR,12,4,6,0.69,0,Fog,2,Weather,HIGH,1,0,17.9,1
SIM002512,12233,MAS,SR,56,9,12,0.96,0,Clear,0,Rolling Stock,HIGH,4,0,650.0,0
SIM002513,12126,NGP,CR,42,7,8,0.75,1,Rain,1,Weather,HIGH,4,2,355.0,1
SIM002514,12139,BBS,ECoR,37,6,6,0.18,1,Clear,0,Weather,HIGH,2,2,165.5,1
SIM002515,12207,CSMT,CR,36,8,18,0.86,0,Fog,2,Passenger,HIGH,3,0,235.2,1
SIM002516,12230,JP,NWR,9,6,7,0.72,1,Clear,0,Crew,HIGH,0,0,9.0,0
SIM002517,12218,UBL,SWR,31,3,6,0.12,1,Clear,0,Weather,MEDIUM,2,0,132.3,1
SIM002518,12126,DLI,NR,63,3,10,1.01,1,Clear,0,Weather,HIGH,5,2,1224.1,1
SIM002519,12096,BPL,WCR,19,6,6,0.67,1,Clear,0,Signal,HIGH,1,0,41.7,1
SIM002520,12137,SBC,SWR,33,4,10,0.26,0,Clear,0,Signal,HIGH,3,0,158.0,1
SIM002521,12031,UMB,NR,20,3,8,0.21,0,Storm,3,Rolling Stock,MEDIUM,1,0,51.0,0
SIM002522,12246,LDH,NR,33,3,6,0.85,1,Clear,0,Infrastructure,MEDIUM,3,0,202.0,0
SIM002523,12054,COR,WCR,1,5,8,0.86,0,Rain,1,Rolling Stock,MEDIUM,0,0,1.0,0
SIM002524,12052,PUNE,CR,1,5,6,0.62,1,Clear,0,Passenger,HIGH,0,0,1.0,0
SIM002525,12186,ASN,ER,25,4,8,0.43,1,Clear,0,Passenger,MEDIUM,2,0,88.3,1
SIM002526,12239,VSKP,ECoR,68,5,8,0.22,1,Rain,1,Rolling Stock,HIGH,5,2,1222.8,1
SIM002527,12273,JHS,NCR,21,3,7,0.38,1,Heavy Rain,2,Infrastructure,MEDIUM,1,0,50.6,1
SIM002528,12246,PRYJ,NCR,18,6,10,0.71,1,Rain,1,Crew,HIGH,1,0,32.1,0
SIM002529,12094,AII,NWR,16,3,6,0.99,1,Clear,0,Passenger,MEDIUM,1,0,33.5,0
SIM002530,12090,KGP,SER,39,5,9,0.81,1,Clear,0,Weather,HIGH,3,0,233.8,1
SIM002531,12198,LDH,NR,1,3,6,0.78,1,Clear,0,Weather,MEDIUM,0,0,1.0,0
SIM002532,12026,NDLS,NR,19,9,16,1.19,1,Clear,0,Operational,HIGH,1,0,46.5,0
SIM002533,12057,SC,SCR,25,7,10,0.79,1,Heavy Rain,2,Passenger,HIGH,2,0,81.9,1
SIM002534,12001,BBS,ECoR,34,6,6,0.3,1,Clear,0,Rolling Stock,HIGH,3,2,187.6,1
SIM002535,12108,BCT,WR,34,6,7,1.25,1,Clear,0,Weather,HIGH,3,0,168.5,1
SIM002536,12008,UBL,SWR,2,3,6,0.6,0,Heavy Rain,2,Infrastructure,MEDIUM,0,0,2.0,0
SIM002537,12132,TVC,SR,42,5,5,0.68,1,Heavy Rain,2,Signal,HIGH,3,0,368.2,0
SIM002538,12149,CTC,ECoR,88,1,6,0.79,1,Rain,1,Crew,MEDIUM,6,2,976.5,1
SIM002539,12102,KYN,CR,34,5,8,0.76,1,Clear,0,Passenger,HIGH,3,2,250.1,1
SIM002540,12236,MAS,SR,31,9,12,0.47,1,Clear,0,Operational,HIGH,2,2,168.2,0
SIM002541,12257,MAO,KR,47,3,5,1.0,1,Clear,0,Operational,MEDIUM,3,2,441.8,1
SIM002542,12117,SDAH,ER,25,3,20,0.57,1,Heavy Rain,2,Signal,HIGH,2,2,81.2,1
SIM002543,12221,JHS,NCR,54,3,7,0.52,0,Heavy Rain,2,Rolling Stock,MEDIUM,4,0,534.2,1
SIM002544,12198,NDLS,NR,1,9,16,0.78,1,Clear,0,Passenger,HIGH,0,0,1.0,0
SIM002545,12290,MAS,SR,28,9,12,0.97,1,Clear,0,Weather,HIGH,3,0,128.0,0
SIM002546,12254,NGP,CR,38,7,8,1.08,0,Storm,3,Rolling Stock,HIGH,3,0,228.4,1
SIM002547,12193,BSP,SECR,26,6,8,0.39,1,Clear,0,Signal,HIGH,2,2,87.3,1
SIM002548,12265,MDU,SR,32,4,6,0.61,1,Clear,0,Weather,MEDIUM,3,2,171.5,0
SIM002549,12049,ST,WR,1,3,5,0.98,0,Fog,2,Weather,MEDIUM,0,0,1.0,0
SIM002550,12179,PNBE,ECR,8,7,10,0.15,1,Clear,0,Operational,HIGH,0,0,8.0,0
SIM002551,12251,BSP,SECR,13,6,8,0.53,0,Clear,0,Operational,HIGH,1,0,18.9,1
SIM002552,12130,KYN,CR,25,5,8,0.72,0,Rain,1,Signal,HIGH,2,0,62.0,1
SIM002553,12053,AII,NWR,25,3,6,0.37,1,Clear,0,Signal,MEDIUM,2,0,89.4,0
SIM002554,12189,ASR,NR,59,4,6,0.35,1,Clear,0,Signal,MEDIUM,4,2,785.0,1
SIM002555,12090,SBC,SWR,40,4,10,1.04,1,Storm,3,Operational,HIGH,3,0,258.7,1
SIM002556,12200,PNBE,ECR,73,7,10,0.74,0,Clear,0,Signal,HIGH,5,0,1398.2,1
SIM002557,12023,ASR,NR,33,4,6,0.69,1,Heavy Rain,2,Infrastructure,MEDIUM,3,2,191.4,0
SIM002558,12259,PRYJ,NCR,15,6,10,0.87,1,Clear,0,Crew,HIGH,1,0,21.2,1
SIM002559,12023,ASR,NR,33,4,6,0.73,1,Heavy Rain,2,Infrastructure,MEDIUM,3,2,204.4,1
SIM002560,12298,SBC,SWR,31,4,10,0.3,0,Clear,0,Operational,HIGH,2,0,129.9,1
SIM002561,12218,MAO,KR,63,3,5,0.24,1,Clear,0,Infrastructure,MEDIUM,4,2,929.9,1
SIM002562,12138,ADI,WR,8,6,12,1.16,1,Clear,0,Rolling Stock,HIGH,0,0,8.0,0
SIM002563,12145,COR,WCR,27,5,8,0.78,1,Clear,0,Passenger,MEDIUM,2,0,111.9,1
SIM002564,12257,UBL,SWR,1,3,6,0.74,1,Clear,0,Signal,MEDIUM,0,0,1.0,0
SIM002565,12043,VSKP,ECoR,20,5,8,1.24,1,Clear,0,Rolling Stock,HIGH,2,0,51.9,1
SIM002566,12203,PNBE,ECR,67,7,10,0.46,1,Clear,0,Signal,HIGH,4,4,1331.8,1
SIM002567,12050,ADI,WR,32,6,12,0.16,0,Heavy Rain,2,Crew,HIGH,3,0,178.0,1
SIM002568,12268,SUR,CR,12,3,6,0.15,1,Clear,0,Operational,MEDIUM,0,0,12.0,0
SIM002569,12089,SBC,SWR,1,4,10,0.62,1,Storm,3,Rolling Stock,HIGH,0,0,1.0,0
SIM002570,12136,KYN,CR,37,5,8,0.41,1,Clear,0,Signal,HIGH,3,0,206.2,1
SIM002571,12070,COR,WCR,48,5,8,0.67,1,Storm,3,Passenger,MEDIUM,4,2,459.4,1
SIM002572,12065,NDLS,NR,42,9,16,0.86,0,Clear,0,Weather,HIGH,3,0,300.0,1
SIM002573,12014,CTC,ECoR,42,1,6,0.98,0,Rain,1,Weather,MEDIUM,3,0,152.1,1
SIM002574,12152,PUNE,CR,24,5,6,0.23,1,Clear,0,Weather,HIGH,2,0,63.5,0
SIM002575,12162,TPJ,SR,5,4,7,0.41,1,Clear,0,Crew,MEDIUM,0,0,5.0,0
SIM002576,12139,BZA,SCR,7,5,10,0.87,1,Clear,0,Infrastructure,HIGH,0,0,7.0,0
SIM002577,12043,VSKP,ECoR,20,5,8,0.75,1,Clear,0,Rolling Stock,HIGH,2,0,56.1,1
SIM002578,12308,ADI,WR,63,6,12,0.23,0,Rain,1,Weather,HIGH,4,0,998.6,1
SIM002579,12072,MLDT,ER,1,5,5,0.29,0,Clear,0,Operational,LOW,0,0,1.0,0
SIM002580,12065,NDLS,NR,14,9,16,0.4,0,Clear,0,Operational,HIGH,1,0,27.7,0
SIM002581,12128,MFP,ECR,11,3,6,0.26,1,Heavy Rain,2,Rolling Stock,MEDIUM,1,0,16.1,0
SIM002582,12271,MAS,SR,74,9,12,0.71,1,Clear,0,Crew,HIGH,5,2,1373.6,0
SIM002583,12002,BSP,SECR,50,6,8,1.02,0,Rain,1,Passenger,HIGH,4,0,512.4,1
SIM002584,12048,ADI,WR,1,6,12,0.99,1,Fog,2,Crew,HIGH,0,0,1.0,0
SIM002585,12243,DLI,NR,33,3,10,0.92,0,Rain,1,Infrastructure,HIGH,3,0,186.5,1
SIM002586,12034,CSMT,CR,27,8,18,0.89,1,Clear,0,Passenger,HIGH,2,0,96.9,1
SIM002587,12265,MDU,SR,5,4,6,0.61,1,Clear,0,Passenger,MEDIUM,0,0,5.0,0
SIM002588,12217,SC,SCR,13,7,10,0.25,1,Rain,1,Weather,HIGH,1,0,18.0,0
SIM002589,12203,NDLS,NR,29,9,16,0.56,1,Fog,2,Signal,HIGH,2,2,159.8,1
SIM002590,12251,PRYJ,NCR,56,6,10,0.66,0,Heavy Rain,2,Signal,HIGH,4,0,657.9,1
SIM002591,12243,NDLS,NR,32,9,16,0.72,0,Clear,0,Weather,HIGH,3,0,195.5,1
SIM002592,12106,MAS,SR,8,9,12,0.5,1,Rain,1,Operational,HIGH,0,0,8.0,0
SIM002593,12091,PNBE,ECR,28,7,10,0.75,0,Storm,3,Signal,HIGH,2,0,107.8,0
SIM002594,12219,SDAH,ER,21,3,20,0.55,1,Heavy Rain,2,Signal,HIGH,1,0,47.0,1
SIM002595,12046,PNBE,ECR,40,7,10,1.26,0,Clear,0,Signal,HIGH,3,0,243.4,1
SIM002596,12111,MAS,SR,20,9,12,1.09,1,Clear,0,Infrastructure,HIGH,1,0,50.0,0
SIM002597,12243,DLI,NR,4,3,10,0.73,0,Clear,0,Operational,HIGH,0,0,4.0,0
SIM002598,12072,BWN,ER,16,3,6,0.14,0,Heavy Rain,2,Rolling Stock,MEDIUM,1,0,37.3,0
SIM002599,12272,NDLS,NR,18,9,16,0.21,0,Clear,0,Operational,HIGH,1,0,42.1,0
SIM002600,12271,KGP,SER,18,5,9,0.41,1,Clear,0,Passenger,HIGH,1,0,34.6,0
SIM002601,12156,VSKP,ECoR,16,5,8,1.18,0,Fog,2,Signal,HIGH,1,0,39.0,1
SIM002602,12084,BCT,WR,19,6,7,0.69,1,Clear,0,Infrastructure,HIGH,1,0,43.3,0
SIM002603,12002,NGP,CR,57,7,8,1.05,0,Heavy Rain,2,Weather,HIGH,4,0,776.9,1
SIM002604,12234,PRYJ,NCR,46,6,10,1.14,1,Clear,0,Crew,HIGH,4,2,434.3,1
SIM002605,12194,PRYJ,NCR,9,6,10,0.62,1,Storm,3,Infrastructure,HIGH,0,0,9.0,0
SIM002606,12009,PNBE,ECR,39,7,10,0.47,0,Clear,0,Signal,HIGH,3,0,210.8,1
SIM002607,12297,R,SECR,28,3,7,0.65,1,Fog,2,Weather,MEDIUM,2,2,121.3,1
SIM002608,12062,UMB,NR,89,3,8,0.85,1,Clear,0,Infrastructure,MEDIUM,5,2,3277.4,1
SIM002609,12050,BCT,WR,52,6,7,1.14,0,Clear,0,Signal,HIGH,4,0,574.1,1
SIM002610,12048,SC,SCR,24,7,10,1.09,1,Clear,0,Signal,HIGH,2,2,76.9,1
SIM002611,12250,MAS,SR,13,9,12,0.58,1,Clear,0,Infrastructure,HIGH,1,0,25.5,0
SIM002612,12256,DLI,NR,66,3,10,1.1,0,Heavy Rain,2,Crew,HIGH,4,0,1186.4,1
SIM002613,12287,KYN,CR,7,5,8,1.23,1,Heavy Rain,2,Crew,HIGH,0,0,7.0,0
SIM002614,12317,KGP,SER,65,5,9,1.28,0,Heavy Rain,2,Weather,HIGH,5,0,1111.7,1
SIM002615,12074,MS,SR,5,2,10,0.9,1,Clear,0,Signal,MEDIUM,0,0,5.0,0
SIM002616,12223,BZA,SCR,16,5,10,0.3,1,Clear,0,Crew,HIGH,1,0,29.0,1
SIM002617,12225,ASR,NR,27,4,6,0.64,0,Storm,3,Crew,MEDIUM,2,0,120.5,0
SIM002618,12240,ERS,SR,29,3,5,0.87,1,Rain,1,Crew,MEDIUM,2,2,129.6,0
SIM002619,12298,SBC,SWR,67,4,10,0.66,0,Clear,0,Passenger,HIGH,5,0,980.5,1
SIM002620,12077,NGP,CR,11,7,8,0.21,0,Clear,0,Infrastructure,HIGH,0,0,11.0,0
SIM002621,12308,ADI,WR,1,6,12,0.26,0,Clear,0,Infrastructure,HIGH,0,0,1.0,0
SIM002622,12005,JU,NWR,27,3,6,0.75,1,Clear,0,Operational,MEDIUM,2,0,121.3,0
SIM002623,12243,DLI,NR,33,3,10,1.24,0,Rain,1,Infrastructure,HIGH,3,0,180.6,1
SIM002624,12068,CSMT,CR,1,8,18,0.97,1,Rain,1,Infrastructure,HIGH,0,0,1.0,0
SIM002625,12241,BCT,WR,10,6,7,0.41,1,Heavy Rain,2,Operational,HIGH,0,0,10.0,0
SIM002626,12167,BCT,WR,22,6,7,1.29,0,Clear,0,Weather,HIGH,2,0,77.7,0
SIM002627,12249,SC,SCR,24,7,10,0.19,1,Clear,0,Operational,HIGH,2,2,84.0,0
SIM002628,12280,DLI,NR,1,3,10,0.21,0,Clear,0,Weather,HIGH,0,0,1.0,0
SIM002629,12040,JP,NWR,18,6,7,0.98,1,Rain,1,Signal,HIGH,2,0,53.7,0
SIM002630,12139,BZA,SCR,14,5,10,0.51,1,Clear,0,Infrastructure,HIGH,1,0,27.3,1
SIM002631,12282,BBS,ECoR,12,6,6,0.2,1,Clear,0,Signal,HIGH,1,0,17.4,0
SIM002632,12010,BSL,CR,51,3,7,0.56,1,Rain,1,Infrastructure,MEDIUM,4,0,494.8,1
SIM002633,12226,SUR,CR,20,3,6,0.54,1,Clear,0,Rolling Stock,MEDIUM,1,0,53.4,0
SIM002634,12123,SC,SCR,26,7,10,0.26,1,Clear,0,Signal,HIGH,3,2,123.8,1
SIM002635,12188,TATA,SER,48,2,6,0.3,1,Clear,0,Signal,MEDIUM,4,2,352.0,1
SIM002636,12141,DLI,NR,1,3,10,0.27,0,Clear,0,Operational,HIGH,0,0,1.0,0
SIM002637,12149,CTC,ECoR,57,1,6,0.46,1,Rain,1,Crew,MEDIUM,4,2,372.2,1
SIM002638,12189,ASR,NR,59,4,6,0.73,1,Clear,0,Signal,MEDIUM,4,2,972.5,1
SIM002639,12001,KYN,CR,1,5,8,1.27,1,Rain,1,Operational,HIGH,0,0,1.0,0
SIM002640,12244,MAO,KR,10,3,5,0.3,1,Heavy Rain,2,Signal,MEDIUM,0,0,10.0,0
SIM002641,12058,VSKP,ECoR,38,5,8,0.75,0,Storm,3,Crew,HIGH,3,0,251.0,1
SIM002642,12204,MAS,SR,9,9,12,1.05,1,Rain,1,Rolling Stock,HIGH,0,0,9.0,0
SIM002643,12178,MAS,SR,33,9,12,0.84,1,Storm,3,Passenger,HIGH,3,0,184.1,0
SIM002644,12227,BZA,SCR,1,5,10,0.48,1,Clear,0,Passenger,HIGH,0,0,1.0,0
SIM002645,12040,PUNE,CR,7,5,6,0.66,1,Rain,1,Operational,HIGH,0,0,7.0,0
SIM002646,12271,KGP,SER,51,5,9,1.22,1,Clear,0,Crew,HIGH,4,0,488.5,1
SIM002647,12114,SBC,SWR,48,4,10,1.22,0,Clear,0,Weather,HIGH,4,0,431.0,1
SIM002648,12082,SDAH,ER,7,3,20,1.08,0,Rain,1,Rolling Stock,HIGH,0,0,7.0,0
SIM002649,12226,SUR,CR,1,3,6,0.77,1,Clear,0,Weather,MEDIUM,0,0,1.0,0
SIM002650,12000,JBP,WCR,15,4,7,1.25,1,Clear,0,Infrastructure,HIGH,1,0,29.0,0
SIM002651,12196,HWH,ER,84,5,23,0.69,1,Clear,0,Signal,HIGH,6,2,2853.7,1
SIM002652,12068,CSMT,CR,1,8,18,0.71,1,Rain,1,Infrastructure,HIGH,0,0,1.0,0
SIM002653,12108,BCT,WR,34,6,7,0.81,1,Clear,0,Weather,HIGH,2,0,148.2,1
SIM002654,12205,MAS,SR,57,9,12,0.82,0,Clear,0,Signal,HIGH,4,0,641.7,0
SIM002655,12000,JP,NWR,4,6,7,0.58,1,Clear,0,Passenger,HIGH,0,0,4.0,0
SIM002656,12070,JU,NWR,18,3,6,0.24,1,Clear,0,Operational,MEDIUM,1,0,33.4,0
SIM002657,12031,LDH,NR,23,3,6,0.43,0,Clear,0,Passenger,MEDIUM,2,0,70.8,0
SIM002658,12077,BBS,ECoR,1,6,6,0.61,0,Rain,1,Weather,HIGH,0,0,1.0,0
SIM002659,12247,NDLS,NR,21,9,16,0.13,0,Clear,0,Rolling Stock,HIGH,2,0,60.6,0
SIM002660,12255,KGP,SER,29,5,9,1.05,1,Heavy Rain,2,Operational,HIGH,2,0,127.7,1
SIM002661,12096,BPL,WCR,36,6,6,0.22,1,Clear,0,Crew,HIGH,3,0,215.2,1
SIM002662,12159,JP,NWR,3,6,7,0.66,1,Clear,0,Operational,HIGH,0,0,3.0,0
SIM002663,12208,PNBE,ECR,41,7,10,1.3,1,Clear,0,Operational,HIGH,3,2,315.0,1
SIM002664,12104,MAS,SR,36,9,12,0.14,1,Clear,0,Signal,HIGH,3,0,223.6,0
SIM002665,12027,RTM,WR,38,4,6,0.29,1,Clear,0,Weather,MEDIUM,3,0,207.0,1
SIM002666,12235,HYB,SCR,95,1,6,0.21,1,Clear,0,Rolling Stock,MEDIUM,6,2,1066.7,1
SIM002667,12112,BPL,WCR,47,6,6,1.02,1,Clear,0,Weather,HIGH,3,0,454.6,1
SIM002668,12187,BSP,SECR,1,6,8,0.4,1,Clear,0,Rolling Stock,HIGH,0,0,1.0,0
SIM002669,12234,PRYJ,NCR,41,6,10,0.54,1,Rain,1,Operational,HIGH,3,2,357.4,1
SIM002670,12228,JP,NWR,49,6,7,1.3,1,Clear,0,Operational,HIGH,4,2,569.8,0
SIM002671,12120,CTC,ECoR,77,1,6,0.49,1,Storm,3,Infrastructure,MEDIUM,5,2,638.1,1
SIM002672,12072,ADI,WR,5,6,12,0.67,0,Fog,2,Rolling Stock,HIGH,0,0,5.0,0
SIM002673,12164,KYN,CR,40,5,8,0.49,0,Clear,0,Signal,HIGH,3,0,297.6,1
SIM002674,12286,AII,NWR,60,3,6,0.64,0,Clear,0,Weather,MEDIUM,4,0,1088.8,0
SIM002675,12295,ASN,ER,83,4,8,0.17,1,Clear,0,Operational,MEDIUM,5,0,2270.5,1
SIM002676,12138,ERS,SR,23,3,5,0.61,1,Clear,0,Weather,MEDIUM,2,0,74.4,0
SIM002677,12101,KGP,SER,1,5,9,0.81,1,Clear,0,Infrastructure,HIGH,0,0,1.0,0
SIM002678,12315,HWH,ER,18,5,23,0.51,1,Clear,0,Infrastructure,HIGH,1,0,47.6,0
SIM002679,12194,MFP,ECR,55,3,6,0.96,1,Rain,1,Weather,MEDIUM,4,2,661.7,1
SIM002680,12102,KYN,CR,70,5,8,0.54,1,Clear,0,Weather,HIGH,5,4,1744.5,1
SIM002681,12253,PNBE,ECR,17,7,10,1.0,1,Rain,1,Rolling Stock,HIGH,1,0,35.5,0
SIM002682,12083,BCT,WR,34,6,7,0.87,1,Clear,0,Weather,HIGH,2,0,142.2,1
SIM002683,12280,NDLS,NR,1,9,16,0.48,0,Fog,2,Weather,HIGH,0,0,1.0,0
SIM002684,12044,PRYJ,NCR,27,6,10,1.08,1,Rain,1,Rolling Stock,HIGH,2,0,100.2,1
SIM002685,12103,VSKP,ECoR,62,5,8,1.01,0,Storm,3,Rolling Stock,HIGH,4,0,939.2,1
SIM002686,12168,BZA,SCR,71,5,10,0.57,0,Clear,0,Weather,HIGH,5,0,1235.9,1
SIM002687,12217,MAS,SR,43,9,12,0.81,1,Heavy Rain,2,Passenger,HIGH,3,2,408.5,0
SIM002688,12131,BSP,SECR,10,6,8,1.26,1,Rain,1,Rolling Stock,HIGH,0,0,10.0,0
SIM002689,12132,MAS,SR,30,9,12,0.87,1,Clear,0,Rolling Stock,HIGH,2,0,128.5,0
SIM002690,12290,NJP,NFR,60,2,6,0.65,1,Clear,0,Operational,MEDIUM,4,2,631.2,1
SIM002691,12254,NGP,CR,38,7,8,1.05,0,Storm,3,Rolling Stock,HIGH,3,0,214.8,1
SIM002692,12024,TPJ,SR,35,4,7,0.12,1,Clear,0,Rolling Stock,MEDIUM,3,2,228.2,0
SIM002693,12182,RTM,WR,42,4,6,0.32,1,Clear,0,Operational,MEDIUM,3,0,252.8,1
SIM002694,12258,BCT,WR,49,6,7,1.16,0,Fog,2,Rolling Stock,HIGH,3,0,417.2,1
SIM002695,12164,KYN,CR,10,5,8,0.14,0,Clear,0,Infrastructure,HIGH,0,0,10.0,0
SIM002696,12053,DHN,ECR,19,4,7,0.45,1,Clear,0,Infrastructure,MEDIUM,1,0,43.8,0
SIM002697,12020,DD,CR,24,3,5,0.13,1,Clear,0,Crew,LOW,1,0,56.6,0
SIM002698,12243,NDLS,NR,81,9,16,0.63,0,Rain,1,Crew,HIGH,5,0,2167.7,1
SIM002699,12057,MAS,SR,52,9,12,0.32,1,Rain,1,Infrastructure,HIGH,4,2,592.2,0
SIM002700,12154,NGP,CR,71,7,8,1.22,0,Storm,3,Weather,HIGH,5,0,1330.5,1
SIM002701,12308,BCT,WR,5,6,7,1.02,0,Heavy Rain,2,Rolling Stock,HIGH,0,0,5.0,0
SIM002702,12302,KGP,SER,40,5,9,0.85,1,Storm,3,Signal,HIGH,3,2,319.2,1
SIM002703,12088,ERS,SR,29,3,5,0.23,1,Fog,2,Infrastructure,MEDIUM,2,0,134.8,0
SIM002704,12253,PNBE,ECR,1,7,10,0.34,1,Clear,0,Weather,HIGH,0,0,1.0,0
SIM002705,12034,SUR,CR,1,3,6,0.64,1,Clear,0,Passenger,MEDIUM,0,0,1.0,0
SIM002706,12095,KYN,CR,34,5,8,1.26,1,Clear,0,Signal,HIGH,3,2,194.2,1
SIM002707,12110,NDLS,NR,26,9,16,0.33,1,Clear,0,Rolling Stock,HIGH,2,0,80.2,1
SIM002708,12218,MAO,KR,46,3,5,0.85,1,Fog,2,Infrastructure,MEDIUM,3,2,336.7,1
SIM002709,12004,BCT,WR,24,6,7,0.3,1,Rain,1,Infrastructure,HIGH,2,0,79.1,0
SIM002710,12222,JBP,WCR,68,4,7,0.77,1,Clear,0,Operational,HIGH,5,2,1605.6,1
SIM002711,12272,MS,SR,60,2,10,0.29,0,Clear,0,Weather,MEDIUM,4,0,531.3,0
SIM002712,12317,MAS,SR,42,9,12,1.02,0,Clear,0,Rolling Stock,HIGH,3,0,286.5,0
SIM002713,12016,ADI,WR,49,6,12,0.97,1,Clear,0,Infrastructure,HIGH,4,0,401.0,1
SIM002714,12213,SC,SCR,41,7,10,1.05,1,Clear,0,Passenger,HIGH,3,2,333.3,1
SIM002715,12177,KGP,SER,79,5,9,0.53,1,Clear,0,Crew,HIGH,5,2,2106.9,1
SIM002716,12266,BPL,WCR,27,6,6,0.8,1,Clear,0,Operational,HIGH,2,0,109.6,1
SIM002717,12071,KYN,CR,1,5,8,0.57,1,Rain,1,Infrastructure,HIGH,0,0,1.0,0
SIM002718,12246,LDH,NR,30,3,6,0.48,1,Heavy Rain,2,Signal,MEDIUM,2,0,138.9,0
SIM002719,12261,HWH,ER,83,5,23,1.08,1,Rain,1,Operational,HIGH,5,2,2264.1,1
SIM002720,12317,VSKP,ECoR,2,5,8,0.72,0,Clear,0,Crew,HIGH,0,0,2.0,0
SIM002721,12022,COR,WCR,1,5,8,0.6,1,Clear,0,Infrastructure,MEDIUM,0,0,1.0,0
SIM002722,12067,BSP,SECR,38,6,8,0.93,0,Clear,0,Rolling Stock,HIGH,3,0,176.4,1
SIM002723,12252,SBC,SWR,17,4,10,1.07,1,Clear,0,Weather,HIGH,1,0,35.4,1
SIM002724,12034,SUR,CR,1,3,6,0.16,1,Clear,0,Passenger,MEDIUM,0,0,1.0,0
SIM002725,12116,ASN,ER,40,4,8,0.54,1,Clear,0,Signal,MEDIUM,3,2,313.1,1
SIM002726,12298,SBC,SWR,7,4,10,0.92,0,Clear,0,Crew,HIGH,0,0,7.0,0
SIM002727,12063,DHN,ECR,55,4,7,0.96,1,Clear,0,Passenger,MEDIUM,4,2,907.7,1
SIM002728,12098,MAS,SR,33,9,12,0.43,0,Rain,1,Operational,HIGH,2,0,136.9,0
SIM002729,12239,VSKP,ECoR,83,5,8,0.44,1,Clear,0,Passenger,HIGH,5,2,1976.3,1
SIM002730,12213,BCT,WR,11,6,7,0.98,1,Rain,1,Signal,HIGH,1,0,16.3,0
SIM002731,12111,VSKP,ECoR,49,5,8,0.88,1,Clear,0,Rolling Stock,HIGH,4,0,537.8,1
SIM002732,12298,SUR,CR,55,3,6,0.1,0,Heavy Rain,2,Rolling Stock,MEDIUM,4,0,808.3,1
SIM002733,12015,MS,SR,1,2,10,0.5,1,Storm,3,Passenger,MEDIUM,0,0,1.0,0
SIM002734,12160,PRYJ,NCR,1,6,10,1.11,0,Rain,1,Crew,HIGH,0,0,1.0,0
SIM002735,12192,ADI,WR,1,6,12,0.55,1,Clear,0,Operational,HIGH,0,0,1.0,0
SIM002736,12258,BCT,WR,49,6,7,0.87,0,Fog,2,Rolling Stock,HIGH,4,0,512.9,1
SIM002737,12199,MYS,SWR,16,2,5,1.0,1,Clear,0,Rolling Stock,MEDIUM,0,0,16.0,0
SIM002738,12065,NDLS,NR,14,9,16,1.12,0,Clear,0,Operational,HIGH,1,0,29.1,0
SIM002739,12230,JP,NWR,95,6,7,0.56,1,Storm,3,Rolling Stock,HIGH,6,0,3769.1,0
SIM002740,12028,TVC,SR,62,5,5,1.18,1,Clear,0,Crew,HIGH,4,0,846.6,0
SIM002741,12239,VSKP,ECoR,53,5,8,0.17,1,Clear,0,Operational,HIGH,4,0,575.6,1
SIM002742,12085,MLDT,ER,38,5,5,0.23,0,Clear,0,Rolling Stock,LOW,3,0,204.3,1
SIM002743,12284,VSKP,ECoR,40,5,8,0.75,0,Clear,0,Operational,HIGH,3,0,231.6,1
SIM002744,12100,NDLS,NR,24,9,16,0.66,1,Storm,3,Crew,HIGH,2,0,104.3,0
SIM002745,12009,MFP,ECR,44,3,6,0.98,0,Rain,1,Weather,MEDIUM,3,0,399.9,1
SIM002746,12118,TVC,SR,38,5,5,0.17,0,Rain,1,Weather,HIGH,3,0,254.6,0
SIM002747,12255,MAS,SR,21,9,12,0.44,1,Clear,0,Signal,HIGH,1,0,50.3,0
SIM002748,12290,NJP,NFR,8,2,6,0.65,1,Clear,0,Passenger,MEDIUM,0,0,8.0,0
SIM002749,12071,KYN,CR,43,5,8,0.58,1,Clear,0,Rolling Stock,HIGH,4,0,328.1,1
SIM002750,12268,SUR,CR,38,3,6,0.98,1,Clear,0,Operational,MEDIUM,3,2,317.1,1
SIM002751,12096,SBC,SWR,57,4,10,0.6,1,Clear,0,Passenger,HIGH,4,2,696.6,1
SIM002752,12158,SBC,SWR,40,4,10,0.81,1,Clear,0,Rolling Stock,HIGH,3,2,295.8,1
SIM002753,12278,COR,WCR,34,5,8,0.56,1,Clear,0,Rolling Stock,MEDIUM,3,0,183.8,1
SIM002754,12054,COR,WCR,36,5,8,0.69,0,Clear,0,Crew,MEDIUM,3,0,191.2,1
SIM002755,12049,GHY,NFR,19,4,6,0.29,0,Clear,0,Operational,HIGH,2,0,50.0,1
SIM002756,12232,MAS,SR,11,9,12,0.35,0,Clear,0,Infrastructure,HIGH,1,0,21.6,0
SIM002757,12039,SBC,SWR,20,4,10,0.85,0,Clear,0,Weather,HIGH,1,0,44.2,1
SIM002758,12303,SDAH,ER,45,3,20,0.85,1,Rain,1,Operational,HIGH,4,0,403.9,1
SIM002759,12040,JP,NWR,41,6,7,0.59,1,Clear,0,Infrastructure,HIGH,3,0,301.2,0
SIM002760,12202,PRYJ,NCR,75,6,10,0.95,1,Clear,0,Infrastructure,HIGH,5,2,1493.8,1
SIM002761,12255,HWH,ER,52,5,23,1.16,1,Clear,0,Signal,HIGH,4,0,620.1,1
SIM002762,12097,BSL,CR,1,3,7,0.81,1,Clear,0,Passenger,MEDIUM,0,0,1.0,0
SIM002763,12103,BZA,SCR,25,5,10,0.54,0,Clear,0,Rolling Stock,HIGH,2,0,74.7,1
SIM002764,12141,BCT,WR,32,6,7,1.25,0,Heavy Rain,2,Rolling Stock,HIGH,2,0,131.8,1
SIM002765,12055,MS,SR,43,2,10,0.54,1,Clear,0,Operational,MEDIUM,3,0,218.6,0
SIM002766,12091,MFP,ECR,40,3,6,0.52,0,Clear,0,Rolling Stock,MEDIUM,3,0,251.2,1
SIM002767,12215,COR,WCR,22,5,8,0.93,0,Clear,0,Infrastructure,MEDIUM,2,0,75.4,1
SIM002768,12161,JBP,WCR,28,4,7,0.41,1,Clear,0,Infrastructure,HIGH,2,2,135.1,1
SIM002769,12008,MAO,KR,17,3,5,0.53,0,Fog,2,Rolling Stock,MEDIUM,1,0,34.8,1
SIM002770,12265,MDU,SR,70,4,6,0.18,1,Clear,0,Infrastructure,MEDIUM,5,2,1769.2,0
SIM002771,12142,TATA,SER,40,2,6,0.99,1,Rain,1,Rolling Stock,MEDIUM,3,0,173.9,1
SIM002772,12290,NJP,NFR,9,2,6,0.93,1,Fog,2,Passenger,MEDIUM,0,0,9.0,0
SIM002773,12217,MAS,SR,32,9,12,0.95,1,Rain,1,Weather,HIGH,2,2,162.5,0
SIM002774,12192,GHY,NFR,14,4,6,0.69,1,Clear,0,Infrastructure,HIGH,1,0,27.1,1
SIM002775,12286,JP,NWR,31,6,7,0.85,0,Fog,2,Signal,HIGH,2,0,117.6,0
SIM002776,12101,PNBE,ECR,60,7,10,1.24,1,Heavy Rain,2,Weather,HIGH,4,2,806.0,1
SIM002777,12096,JHS,NCR,42,3,7,0.25,1,Clear,0,Rolling Stock,MEDIUM,3,0,284.5,1
SIM002778,12224,NJP,NFR,1,2,6,0.41,0,Storm,3,Rolling Stock,MEDIUM,0,0,1.0,0
SIM002779,12072,ADI,WR,12,6,12,1.06,0,Clear,0,Passenger,HIGH,0,0,12.0,0
SIM002780,12155,DLI,NR,4,3,10,0.25,1,Storm,3,Rolling Stock,HIGH,0,0,4.0,0
SIM002781,12289,CSMT,CR,39,8,18,0.46,1,Clear,0,Rolling Stock,HIGH,3,2,330.5,1
SIM002782,12108,MAS,SR,1,9,12,0.61,1,Clear,0,Operational,HIGH,0,0,1.0,0
SIM002783,12161,JBP,WCR,28,4,7,1.23,1,Clear,0,Infrastructure,HIGH,2,2,107.6,1
SIM002784,12031,LDH,NR,1,3,6,0.33,0,Clear,0,Rolling Stock,MEDIUM,0,0,1.0,0
SIM002785,12162,KYN,CR,6,5,8,0.32,1,Clear,0,Crew,HIGH,0,0,6.0,0
SIM002786,12186,ASN,ER,36,4,8,0.62,1,Fog,2,Crew,MEDIUM,3,0,267.0,1
SIM002787,12260,AGC,NCR,36,2,6,0.86,0,Fog,2,Operational,MEDIUM,2,0,110.0,1
SIM002788,12261,RTM,WR,44,4,6,0.68,1,Clear,0,Weather,MEDIUM,3,0,322.6,1
SIM002789,12159,JP,NWR,3,6,7,0.28,1,Clear,0,Operational,HIGH,0,0,3.0,0
SIM002790,12235,HYB,SCR,41,1,6,0.31,1,Clear,0,Infrastructure,MEDIUM,3,0,135.4,1
SIM002791,12265,TATA,SER,9,2,6,0.38,1,Clear,0,Crew,MEDIUM,0,0,9.0,0
SIM002792,12318,COR,WCR,67,5,8,0.46,0,Clear,0,Rolling Stock,MEDIUM,5,0,1105.4,1
SIM002793,12295,ASN,ER,34,4,8,0.36,1,Fog,2,Infrastructure,MEDIUM,3,0,186.5,1
SIM002794,12136,VSKP,ECoR,24,5,8,0.73,1,Clear,0,Infrastructure,HIGH,2,0,70.9,1
SIM002795,12288,ST,WR,38,3,5,0.29,0,Clear,0,Operational,MEDIUM,3,0,231.7,1
SIM002796,12204,ROU,SER,41,3,5,0.24,1,Clear,0,Rolling Stock,LOW,3,0,269.8,1
SIM002797,12182,RTM,WR,53,4,6,0.31,1,Clear,0,Infrastructure,MEDIUM,4,0,624.1,1
SIM002798,12265,KGP,SER,14,5,9,0.85,1,Rain,1,Operational,HIGH,1,0,22.1,0
SIM002799,12294,DHN,ECR,28,4,7,0.63,0,Clear,0,Crew,MEDIUM,2,0,111.6,1
SIM002800,12119,BZA,SCR,6,5,10,0.23,1,Clear,0,Operational,HIGH,0,0,6.0,0
SIM002801,12051,JBP,WCR,29,4,7,0.13,1,Clear,0,Rolling Stock,HIGH,2,0,127.5,1
SIM002802,12066,BBS,ECoR,3,6,6,0.29,1,Clear,0,Signal,HIGH,0,0,3.0,0
SIM002803,12054,COR,WCR,48,5,8,0.37,0,Fog,2,Weather,MEDIUM,4,0,539.6,1
SIM002804,12084,NGP,CR,17,7,8,0.14,1,Clear,0,Crew,HIGH,1,0,39.0,1
SIM002805,12230,TVC,SR,1,5,5,0.89,1,Rain,1,Crew,HIGH,0,0,1.0,0
SIM002806,12208,ASN,ER,1,4,8,0.81,1,Clear,0,Rolling Stock,MEDIUM,0,0,1.0,0
SIM002807,12169,MFP,ECR,4,3,6,0.56,0,Storm,3,Operational,MEDIUM,0,0,4.0,0
SIM002808,12138,ERS,SR,84,3,5,0.79,1,Clear,0,Operational,MEDIUM,5,0,2215.0,0
SIM002809,12319,ASN,ER,1,4,8,0.59,0,Clear,0,Weather,MEDIUM,0,0,1.0,0
SIM002810,12233,MS,SR,47,2,10,0.97,0,Clear,0,Infrastructure,MEDIUM,3,0,307.4,0
SIM002811,12266,BPL,WCR,1,6,6,0.4,1,Clear,0,Weather,HIGH,0,0,1.0,0
SIM002812,12088,ERS,SR,29,3,5,0.15,1,Fog,2,Infrastructure,MEDIUM,2,0,133.6,0
SIM002813,12112,NDLS,NR,1,9,16,0.49,1,Clear,0,Passenger,HIGH,0,0,1.0,0
SIM002814,12191,COR,WCR,47,5,8,0.56,0,Clear,0,Rolling Stock,MEDIUM,3,0,363.3,1
SIM002815,12014,GHY,NFR,16,4,6,0.68,0,Clear,0,Rolling Stock,HIGH,1,0,29.9,0
SIM002816,12108,VSKP,ECoR,28,5,8,0.87,1,Storm,3,Infrastructure,HIGH,2,0,109.9,1
SIM002817,12151,HYB,SCR,1,1,6,0.51,0,Clear,0,Crew,MEDIUM,0,0,1.0,0
SIM002818,12135,PRYJ,NCR,58,6,10,0.99,1,Clear,0,Weather,HIGH,4,2,741.0,1
SIM002819,12215,BPL,WCR,37,6,6,0.54,0,Clear,0,Crew,HIGH,3,0,190.7,1
SIM002820,12034,SC,SCR,31,7,10,0.98,1,Clear,0,Operational,HIGH,2,0,127.9,1
SIM002821,12126,DLI,NR,16,3,10,0.47,1,Clear,0,Operational,HIGH,1,0,31.7,1
SIM002822,12160,BSP,SECR,46,6,8,0.36,0,Clear,0,Operational,HIGH,3,0,353.0,1
SIM002823,12277,NGP,CR,1,7,8,0.26,0,Rain,1,Infrastructure,HIGH,0,0,1.0,0
SIM002824,12110,BPL,WCR,24,6,6,0.55,1,Clear,0,Rolling Stock,HIGH,1,0,52.9,1
SIM002825,12176,JBP,WCR,30,4,7,0.33,1,Clear,0,Infrastructure,HIGH,2,0,138.6,1
SIM002826,12132,SC,SCR,10,7,10,0.57,1,Clear,0,Operational,HIGH,0,0,10.0,0
SIM002827,12255,MAS,SR,26,9,12,1.04,1,Clear,0,Signal,HIGH,2,0,116.1,0
SIM002828,12231,GHY,NFR,54,4,6,0.45,1,Clear,0,Passenger,HIGH,4,2,530.5,1
SIM002829,12156,NDLS,NR,72,9,16,0.23,0,Clear,0,Weather,HIGH,5,0,1450.5,1
SIM002830,12267,GHY,NFR,1,4,6,1.0,0,Clear,0,Weather,HIGH,0,0,1.0,0
SIM002831,12045,CSMT,CR,66,8,18,0.5,0,Clear,0,Signal,HIGH,5,0,1038.8,1
SIM002832,12231,MLDT,ER,56,5,5,0.61,1,Clear,0,Operational,LOW,4,2,862.8,1
SIM002833,12251,BSP,SECR,13,6,8,1.04,0,Clear,0,Operational,HIGH,1,0,26.0,1
SIM002834,12217,HYB,SCR,30,1,6,0.64,1,Clear,0,Infrastructure,MEDIUM,2,2,61.9,0
SIM002835,12139,CTC,ECoR,1,1,6,0.63,1,Clear,0,Passenger,MEDIUM,0,0,1.0,0
SIM002836,12121,PUNE,CR,32,5,6,0.37,0,Clear,0,Signal,HIGH,2,0,163.8,1
SIM002837,12222,JBP,WCR,68,4,7,1.27,1,Clear,0,Operational,HIGH,5,2,1516.4,1
SIM002838,12269,HYB,SCR,8,1,6,0.8,0,Clear,0,Rolling Stock,MEDIUM,0,0,8.0,0
SIM002839,12144,MAS,SR,51,9,12,0.36,1,Heavy Rain,2,Operational,HIGH,4,2,657.4,0
SIM002840,12034,SUR,CR,41,3,6,0.57,1,Rain,1,Weather,MEDIUM,3,0,306.6,1
SIM002841,12259,PRYJ,NCR,15,6,10,0.78,1,Clear,0,Crew,HIGH,1,0,39.8,1
SIM002842,12186,ASN,ER,33,4,8,0.6,1,Clear,0,Infrastructure,MEDIUM,3,0,191.7,1
SIM002843,12150,R,SECR,56,3,7,0.97,0,Clear,0,Signal,MEDIUM,4,0,683.7,1
SIM002844,12242,BZA,SCR,40,5,10,0.47,1,Heavy Rain,2,Operational,HIGH,3,0,308.7,1
SIM002845,12072,ADI,WR,31,6,12,0.59,0,Clear,0,Operational,HIGH,3,0,159.8,1
SIM002846,12036,KGP,SER,37,5,9,0.22,1,Clear,0,Operational,HIGH,3,0,220.3,1
SIM002847,12011,NJP,NFR,55,2,6,0.14,0,Clear,0,Passenger,MEDIUM,3,0,331.3,1
SIM002848,12312,BCT,WR,1,6,7,0.92,0,Clear,0,Infrastructure,HIGH,0,0,1.0,0
SIM002849,12306,DLI,NR,48,3,10,1.02,0,Clear,0,Weather,HIGH,4,0,563.0,1
SIM002850,12231,ADI,WR,17,6,12,1.21,1,Fog,2,Signal,HIGH,1,0,40.2,0
SIM002851,12009,PNBE,ECR,39,7,10,0.23,0,Clear,0,Signal,HIGH,3,0,250.7,1
SIM002852,12140,HYB,SCR,28,1,6,0.14,1,Clear,0,Operational,MEDIUM,2,0,57.5,0
SIM002853,12151,HYB,SCR,74,1,6,0.42,0,Clear,0,Signal,MEDIUM,5,0,454.4,1
SIM002854,12113,AGC,NCR,42,2,6,0.98,1,Clear,0,Weather,MEDIUM,3,0,235.7,1
SIM002855,12292,SC,SCR,28,7,10,0.46,0,Clear,0,Passenger,HIGH,2,0,115.1,1
SIM002856,12181,GHY,NFR,40,4,6,1.03,1,Clear,0,Passenger,HIGH,3,0,220.4,1
SIM002857,12029,ADI,WR,55,6,12,0.2,0,Clear,0,Operational,HIGH,4,0,665.3,1
SIM002858,12039,MYS,SWR,31,2,5,0.1,0,Rain,1,Operational,MEDIUM,2,0,104.8,1
SIM002859,12078,SC,SCR,33,7,10,0.59,1,Fog,2,Rolling Stock,HIGH,3,2,163.3,1
SIM002860,12130,BBS,ECoR,1,6,6,1.09,0,Clear,0,Signal,HIGH,0,0,1.0,0
SIM002861,12230,TVC,SR,20,5,5,0.16,1,Fog,2,Rolling Stock,HIGH,1,0,52.3,0
SIM002862,12113,MAS,SR,1,9,12,1.17,1,Heavy Rain,2,Rolling Stock,HIGH,0,0,1.0,0
SIM002863,12178,BWN,ER,1,3,6,0.34,1,Storm,3,Signal,MEDIUM,0,0,1.0,0
SIM002864,12149,CSMT,CR,25,8,18,1.28,1,Clear,0,Signal,HIGH,2,0,78.6,0
SIM002865,12181,NJP,NFR,4,2,6,0.89,1,Clear,0,Weather,MEDIUM,0,0,4.0,0
SIM002866,12130,KYN,CR,68,5,8,0.51,0,Clear,0,Operational,HIGH,5,0,1045.3,1
SIM002867,12136,CSMT,CR,79,8,18,0.46,1,Fog,2,Crew,HIGH,5,2,2075.5,1
SIM002868,12142,TATA,SER,40,2,6,0.21,1,Rain,1,Rolling Stock,MEDIUM,2,0,147.0,1
SIM002869,12191,MDU,SR,87,4,6,0.13,0,Clear,0,Rolling Stock,MEDIUM,6,0,2443.1,0
SIM002870,12025,JP,NWR,49,6,7,0.88,1,Clear,0,Operational,HIGH,4,2,616.1,0
SIM002871,12308,MLDT,ER,25,5,5,0.62,0,Clear,0,Crew,LOW,2,0,91.5,1
SIM002872,12072,BWN,ER,16,3,6,0.3,0,Heavy Rain,2,Rolling Stock,MEDIUM,1,0,29.4,0
SIM002873,12246,NDLS,NR,1,9,16,0.85,1,Clear,0,Crew,HIGH,0,0,1.0,0
SIM002874,12285,GHY,NFR,69,4,6,0.32,1,Clear,0,Weather,HIGH,5,0,900.4,1
SIM002875,12090,SBC,SWR,29,4,10,0.95,1,Clear,0,Rolling Stock,HIGH,2,0,141.6,1
SIM002876,12056,JP,NWR,31,6,7,0.27,0,Clear,0,Weather,HIGH,3,0,150.8,0
SIM002877,12310,BPL,WCR,1,6,6,1.24,1,Clear,0,Passenger,HIGH,0,0,1.0,0
SIM002878,12052,LDH,NR,80,3,6,0.85,1,Clear,0,Passenger,MEDIUM,5,2,2139.6,1
SIM002879,12070,JU,NWR,4,3,6,0.9,1,Clear,0,Signal,MEDIUM,0,0,4.0,0
SIM002880,12272,VSKP,ECoR,59,5,8,0.29,0,Storm,3,Passenger,HIGH,4,0,669.2,1
SIM002881,12070,JU,NWR,4,3,6,0.13,1,Clear,0,Signal,MEDIUM,0,0,4.0,0
SIM002882,12130,JP,NWR,56,6,7,0.21,0,Clear,0,Crew,HIGH,4,0,737.9,0
SIM002883,12117,HWH,ER,22,5,23,0.43,1,Clear,0,Weather,HIGH,2,2,75.2,0
SIM002884,12311,KGP,SER,17,5,9,0.5,0,Clear,0,Passenger,HIGH,1,0,29.1,1
SIM002885,12053,DHN,ECR,51,4,7,0.22,1,Heavy Rain,2,Infrastructure,MEDIUM,4,0,512.5,1
SIM002886,12135,BSP,SECR,36,6,8,0.68,1,Clear,0,Weather,HIGH,3,2,195.0,1
SIM002887,12301,NDLS,NR,12,9,16,1.23,1,Clear,0,Operational,HIGH,0,0,12.0,0
SIM002888,12072,GHY,NFR,14,4,6,0.96,0,Clear,0,Signal,HIGH,1,0,27.0,1
SIM002889,12106,ERS,SR,36,3,5,0.99,1,Clear,0,Operational,MEDIUM,3,2,204.6,0
SIM002890,12261,NDLS,NR,21,9,16,0.4,1,Heavy Rain,2,Weather,HIGH,2,0,56.5,0
SIM002891,12024,SBC,SWR,44,4,10,1.09,1,Clear,0,Operational,HIGH,4,2,397.3,1
SIM002892,12011,NJP,NFR,69,2,6,0.67,0,Clear,0,Infrastructure,MEDIUM,5,0,686.1,1
SIM002893,12197,MS,SR,1,2,10,0.12,1,Clear,0,Infrastructure,MEDIUM,0,0,1.0,0
SIM002894,12017,LDH,NR,69,3,6,0.76,0,Clear,0,Operational,MEDIUM,5,0,1711.2,1
SIM002895,12216,BPL,WCR,29,6,6,1.01,1,Rain,1,Crew,HIGH,2,2,139.5,1
SIM002896,12030,CTC,ECoR,1,1,6,0.45,0,Clear,0,Signal,MEDIUM,0,0,1.0,0
SIM002897,12068,CSMT,CR,46,8,18,1.09,1,Clear,0,Rolling Stock,HIGH,4,0,488.8,1
SIM002898,12016,SUR,CR,25,3,6,0.23,1,Storm,3,Crew,MEDIUM,2,0,100.2,1
SIM002899,12113,AGC,NCR,58,2,6,0.49,1,Clear,0,Weather,MEDIUM,4,0,420.4,1
SIM002900,12167,NGP,CR,34,7,8,0.42,0,Clear,0,Signal,HIGH,3,0,180.5,1
SIM002901,12184,KGP,SER,1,5,9,1.03,1,Clear,0,Operational,HIGH,0,0,1.0,0
SIM002902,12100,PUNE,CR,1,5,6,1.18,1,Clear,0,Signal,HIGH,0,0,1.0,0
SIM002903,12113,CBE,SR,56,5,6,0.82,1,Fog,2,Rolling Stock,MEDIUM,4,0,764.0,0
SIM002904,12167,ST,WR,5,3,5,0.92,0,Clear,0,Operational,MEDIUM,0,0,5.0,0
SIM002905,12103,VSKP,ECoR,81,5,8,0.57,0,Clear,0,Operational,HIGH,5,0,1753.2,1
SIM002906,12253,PNBE,ECR,59,7,10,0.34,1,Clear,0,Operational,HIGH,4,2,981.2,1
SIM002907,12248,MLDT,ER,14,5,5,0.19,1,Storm,3,Infrastructure,LOW,1,0,26.8,0
SIM002908,12268,SUR,CR,22,3,6,0.77,1,Clear,0,Crew,MEDIUM,1,2,58.9,0
SIM002909,12106,ERS,SR,52,3,5,0.44,1,Rain,1,Weather,MEDIUM,4,2,537.5,0
SIM002910,12031,UMB,NR,61,3,8,0.18,0,Heavy Rain,2,Passenger,MEDIUM,4,0,856.5,1
SIM002911,12154,NGP,CR,64,7,8,0.91,0,Clear,0,Operational,HIGH,4,0,918.5,1
SIM002912,12182,COR,WCR,1,5,8,0.4,1,Clear,0,Rolling Stock,MEDIUM,0,0,1.0,0
SIM002913,12285,JBP,WCR,49,4,7,0.34,1,Clear,0,Weather,HIGH,4,0,457.8,1
SIM002914,12047,GHY,NFR,14,4,6,0.69,1,Rain,1,Weather,HIGH,1,0,21.0,0
SIM002915,12007,JP,NWR,83,6,7,0.26,1,Clear,0,Rolling Stock,HIGH,5,0,2137.9,0
SIM002916,12290,KGP,SER,1,5,9,1.13,1,Clear,0,Weather,HIGH,0,0,1.0,0
SIM002917,12011,MLDT,ER,31,5,5,0.23,0,Clear,0,Passenger,LOW,2,0,155.2,1
SIM002918,12185,RTM,WR,30,4,6,0.19,1,Rain,1,Signal,MEDIUM,2,0,110.4,1
SIM002919,12266,NDLS,NR,37,9,16,0.56,1,Clear,0,Weather,HIGH,3,0,217.6,1
SIM002920,12224,JP,NWR,2,6,7,0.15,0,Clear,0,Crew,HIGH,0,0,2.0,0
SIM002921,12210,JP,NWR,1,6,7,0.2,1,Fog,2,Rolling Stock,HIGH,0,0,1.0,0
SIM002922,12214,BBS,ECoR,7,6,6,0.74,1,Rain,1,Operational,HIGH,0,0,7.0,0
SIM002923,12074,SC,SCR,23,7,10,0.31,1,Rain,1,Signal,HIGH,2,2,69.6,0
SIM002924,12035,UBL,SWR,71,3,6,0.74,0,Clear,0,Weather,MEDIUM,5,0,1175.9,1
SIM002925,12218,MYS,SWR,53,2,5,0.12,1,Rain,1,Infrastructure,MEDIUM,4,2,499.0,1
SIM002926,12119,BZA,SCR,3,5,10,1.11,1,Clear,0,Signal,HIGH,0,0,3.0,0
SIM002927,12197,SBC,SWR,23,4,10,1.18,1,Clear,0,Signal,HIGH,1,0,53.6,1
SIM002928,12141,NGP,CR,32,7,8,0.82,0,Rain,1,Infrastructure,HIGH,2,0,130.1,1
SIM002929,12303,SDAH,ER,50,3,20,0.41,1,Rain,1,Passenger,HIGH,4,0,527.2,1
SIM002930,12130,KYN,CR,10,5,8,0.2,0,Clear,0,Signal,HIGH,0,0,10.0,0
SIM002931,12086,VSKP,ECoR,49,5,8,0.16,0,Clear,0,Rolling Stock,HIGH,4,0,526.5,1
SIM002932,12226,SUR,CR,19,3,6,0.64,1,Clear,0,Weather,MEDIUM,2,0,64.0,0
SIM002933,12155,DLI,NR,55,3,10,0.64,1,Clear,0,Passenger,HIGH,4,0,663.4,1
SIM002934,12207,CSMT,CR,57,8,18,0.31,0,Rain,1,Passenger,HIGH,4,0,773.6,1
SIM002935,12252,SBC,SWR,44,4,10,1.2,1,Clear,0,Operational,HIGH,3,0,308.0,1
SIM002936,12166,NGP,CR,29,7,8,0.75,1,Clear,0,Passenger,HIGH,2,0,161.9,1
SIM002937,12220,MAS,SR,44,9,12,0.82,1,Clear,0,Signal,HIGH,3,2,358.1,0
SIM002938,12140,SC,SCR,42,7,10,0.36,1,Clear,0,Infrastructure,HIGH,3,2,220.2,1
SIM002939,12148,JBP,WCR,17,4,7,0.98,1,Heavy Rain,2,Passenger,HIGH,1,0,31.6,0
SIM002940,12116,ASN,ER,40,4,8,0.12,1,Clear,0,Signal,MEDIUM,3,2,355.0,1
SIM002941,12096,BPL,WCR,19,6,6,0.93,1,Clear,0,Signal,HIGH,1,0,49.6,1
SIM002942,12217,HYB,SCR,30,1,6,0.8,1,Clear,0,Infrastructure,MEDIUM,2,2,75.7,0
SIM002943,12281,UMB,NR,1,3,8,0.92,1,Clear,0,Infrastructure,MEDIUM,0,0,1.0,0
SIM002944,12040,JP,NWR,65,6,7,1.27,1,Storm,3,Operational,HIGH,4,0,1274.4,0
SIM002945,12304,UBL,SWR,46,3,6,0.15,1,Clear,0,Weather,MEDIUM,4,2,404.9,1
SIM002946,12277,ASR,NR,1,4,6,0.84,0,Clear,0,Signal,MEDIUM,0,0,1.0,0
SIM002947,12029,ADI,WR,52,6,12,0.96,0,Rain,1,Weather,HIGH,4,0,535.5,1
SIM002948,12035,MAO,KR,16,3,5,0.85,0,Clear,0,Infrastructure,MEDIUM,1,0,23.4,0
SIM002949,12054,COR,WCR,22,5,8,0.6,0,Clear,0,Signal,MEDIUM,1,0,53.3,1
SIM002950,12022,COR,WCR,1,5,8,0.18,1,Clear,0,Infrastructure,MEDIUM,0,0,1.0,0
SIM002951,12315,HWH,ER,33,5,23,0.48,1,Clear,0,Operational,HIGH,3,2,177.6,1
SIM002952,12239,BZA,SCR,24,5,10,0.2,1,Clear,0,Crew,HIGH,2,0,92.5,1
SIM002953,12096,SBC,SWR,24,4,10,0.17,1,Clear,0,Infrastructure,HIGH,2,0,98.6,1
SIM002954,12127,GHY,NFR,1,4,6,0.89,1,Clear,0,Rolling Stock,HIGH,0,0,1.0,0
SIM002955,12068,CSMT,CR,17,8,18,1.08,1,Rain,1,Weather,HIGH,1,0,31.5,0
SIM002956,12164,KYN,CR,40,5,8,1.0,0,Clear,0,Signal,HIGH,3,0,248.7,1
SIM002957,12033,CSMT,CR,10,8,18,1.07,0,Heavy Rain,2,Crew,HIGH,0,0,10.0,0
SIM002958,12156,PURI,ECoR,17,2,5,0.88,0,Clear,0,Rolling Stock,MEDIUM,1,0,34.7,0
SIM002959,12012,MAO,KR,9,3,5,0.51,1,Clear,0,Crew,MEDIUM,0,0,9.0,0
SIM002960,12100,PUNE,CR,1,5,6,0.86,1,Clear,0,Signal,HIGH,0,0,1.0,0
SIM002961,12277,NGP,CR,30,7,8,1.29,0,Clear,0,Signal,HIGH,3,0,150.8,1
SIM002962,12214,BBS,ECoR,26,6,6,0.46,1,Clear,0,Rolling Stock,HIGH,2,0,100.9,1
SIM002963,12285,JBP,WCR,7,4,7,0.63,1,Clear,0,Rolling Stock,HIGH,0,0,7.0,0
SIM002964,12313,COR,WCR,1,5,8,0.22,0,Clear,0,Operational,MEDIUM,0,0,1.0,0
SIM002965,12230,JP,NWR,57,6,7,0.79,1,Clear,0,Signal,HIGH,5,0,988.2,0
SIM002966,12310,SC,SCR,42,7,10,0.78,1,Rain,1,Infrastructure,HIGH,3,0,266.0,1
SIM002967,12272,VSKP,ECoR,27,5,8,0.43,0,Clear,0,Rolling Stock,HIGH,2,0,121.2,1
SIM002968,12252,COR,WCR,48,5,8,0.34,1,Clear,0,Infrastructure,MEDIUM,4,0,479.3,1
SIM002969,12311,KGP,SER,36,5,9,0.38,0,Clear,0,Operational,HIGH,3,0,196.1,1
SIM002970,12188,TATA,SER,34,2,6,0.26,1,Clear,0,Passenger,MEDIUM,3,0,179.1,1
SIM002971,12154,NGP,CR,64,7,8,0.99,0,Clear,0,Operational,HIGH,4,0,968.2,1
SIM002972,12161,PRYJ,NCR,25,6,10,1.16,1,Clear,0,Operational,HIGH,2,0,112.9,1
SIM002973,12277,ASR,NR,62,4,6,0.81,0,Clear,0,Rolling Stock,MEDIUM,5,0,874.8,1
SIM002974,12063,GAYA,ECR,13,3,7,0.94,1,Fog,2,Rolling Stock,MEDIUM,0,0,13.0,0
SIM002975,12190,BSP,SECR,2,6,8,0.94,0,Clear,0,Infrastructure,HIGH,0,0,2.0,0
SIM002976,12057,SC,SCR,25,7,10,0.34,1,Heavy Rain,2,Passenger,HIGH,2,0,74.3,1
SIM002977,12122,HYB,SCR,65,1,6,0.61,1,Storm,3,Infrastructure,MEDIUM,5,4,422.4,1
SIM002978,12004,BCT,WR,25,6,7,0.69,1,Clear,0,Operational,HIGH,2,0,71.8,0
SIM002979,12176,JBP,WCR,32,4,7,1.13,1,Heavy Rain,2,Operational,HIGH,3,0,188.8,1
SIM002980,12217,SC,SCR,13,7,10,0.26,1,Rain,1,Weather,HIGH,0,0,13.0,0
SIM002981,12152,JP,NWR,17,6,7,0.76,1,Fog,2,Weather,HIGH,1,0,43.2,0
SIM002982,12114,NDLS,NR,15,9,16,0.2,0,Heavy Rain,2,Rolling Stock,HIGH,1,0,28.7,0
SIM002983,12176,JHS,NCR,14,3,7,0.34,1,Rain,1,Signal,MEDIUM,1,0,21.5,0
SIM002984,12271,PNBE,ECR,44,7,10,0.49,1,Clear,0,Passenger,HIGH,4,0,413.9,1
SIM002985,12266,NDLS,NR,37,9,16,0.84,1,Clear,0,Weather,HIGH,3,0,253.1,1
SIM002986,12184,HWH,ER,7,5,23,0.7,1,Fog,2,Rolling Stock,HIGH,0,0,7.0,0
SIM002987,12282,BBS,ECoR,1,6,6,0.51,1,Clear,0,Crew,HIGH,0,0,1.0,0
SIM002988,12011,NJP,NFR,55,2,6,0.68,0,Clear,0,Passenger,MEDIUM,4,0,408.7,1
SIM002989,12241,BZA,SCR,22,5,10,0.94,1,Clear,0,Signal,HIGH,2,0,64.4,1
SIM002990,12031,LDH,NR,21,3,6,0.12,0,Clear,0,Crew,MEDIUM,2,0,72.9,0
SIM002991,12006,GKP,NER,36,5,10,0.8,1,Clear,0,Passenger,HIGH,2,0,144.8,1
SIM002992,12025,BBS,ECoR,26,6,6,0.23,1,Clear,0,Rolling Stock,HIGH,2,0,88.3,0
SIM002993,12056,TVC,SR,66,5,5,0.26,0,Clear,0,Rolling Stock,HIGH,4,0,1157.3,0
SIM002994,12301,NDLS,NR,34,9,16,0.6,1,Clear,0,Infrastructure,HIGH,2,0,176.2,1
SIM002995,12300,CSMT,CR,72,8,18,0.47,1,Clear,0,Signal,HIGH,5,4,1556.0,1
SIM002996,12144,MAS,SR,40,9,12,0.24,1,Clear,0,Rolling Stock,HIGH,3,2,341.8,0
SIM002997,12223,HYB,SCR,21,1,6,0.57,1,Clear,0,Rolling Stock,MEDIUM,1,0,29.8,0
SIM002998,12246,BSP,SECR,43,6,8,0.48,1,Heavy Rain,2,Infrastructure,HIGH,4,2,358.5,1
SIM002999,12265,MAS,SR,1,9,12,0.35,1,Rain,1,Passenger,HIGH,0,0,1.0,0
SIM003000,12201,NDLS,NR,1,9,16,1.25,1,Clear,0,Passenger,HIGH,0,0,1.0,0
SIM003001,12282,BCT,WR,36,6,7,0.97,1,Storm,3,Passenger,HIGH,3,2,274.2,1
SIM003002,12176,JBP,WCR,34,4,7,0.95,1,Clear,0,Infrastructure,HIGH,3,0,249.0,1
SIM003003,12216,BPL,WCR,3,6,6,0.91,1,Clear,0,Infrastructure,HIGH,0,0,3.0,0
SIM003004,12298,SBC,SWR,67,4,10,1.03,0,Clear,0,Passenger,HIGH,5,0,1090.1,1
SIM003005,12272,NDLS,NR,18,9,16,0.79,0,Clear,0,Operational,HIGH,1,0,35.7,0
SIM003006,12258,ST,WR,80,3,5,0.43,0,Heavy Rain,2,Operational,MEDIUM,5,0,1677.8,1
SIM003007,12100,NDLS,NR,24,9,16,0.71,1,Storm,3,Crew,HIGH,2,0,70.8,0
SIM003008,12054,VSKP,ECoR,51,5,8,1.02,0,Heavy Rain,2,Infrastructure,HIGH,4,0,524.7,1
SIM003009,12134,PURI,ECoR,1,2,5,0.32,0,Clear,0,Weather,MEDIUM,0,0,1.0,0
SIM003010,12172,VSKP,ECoR,33,5,8,1.28,1,Clear,0,Rolling Stock,HIGH,2,0,171.3,1
SIM003011,12297,GHY,NFR,37,4,6,1.28,1,Rain,1,Signal,HIGH,3,2,245.4,1
SIM003012,12316,KGP,SER,67,5,9,0.52,1,Clear,0,Crew,HIGH,4,2,935.6,1
SIM003013,12172,NDLS,NR,34,9,16,0.61,1,Clear,0,Infrastructure,HIGH,2,0,157.8,1
SIM003014,12271,PNBE,ECR,17,7,10,0.76,1,Clear,0,Infrastructure,HIGH,1,0,41.3,0
SIM003015,12118,MS,SR,54,2,10,0.21,0,Clear,0,Rolling Stock,MEDIUM,4,0,489.1,0
SIM003016,12292,HYB,SCR,1,1,6,0.37,0,Clear,0,Weather,MEDIUM,0,0,1.0,0
SIM003017,12099,ASN,ER,19,4,8,0.5,0,Clear,0,Infrastructure,MEDIUM,1,0,41.6,1
SIM003018,12222,BSP,SECR,47,6,8,0.5,1,Rain,1,Infrastructure,HIGH,4,2,383.0,1
SIM003019,12229,ADI,WR,44,6,12,0.17,1,Clear,0,Infrastructure,HIGH,3,2,451.3,1
SIM003020,12312,BBS,ECoR,41,6,6,0.82,0,Rain,1,Rolling Stock,HIGH,3,0,241.4,1
SIM003021,12106,ERS,SR,36,3,5,0.49,1,Clear,0,Operational,MEDIUM,3,2,235.5,0
SIM003022,12040,TVC,SR,62,5,5,0.93,1,Rain,1,Signal,HIGH,4,0,949.2,0
SIM003023,12091,VSKP,ECoR,28,5,8,0.53,0,Clear,0,Operational,HIGH,2,0,110.5,1
SIM003024,12282,BCT,WR,36,6,7,0.28,1,Storm,3,Passenger,HIGH,3,2,219.1,1
SIM003025,12204,KGP,SER,74,5,9,1.18,1,Clear,0,Weather,HIGH,5,0,1489.6,1
SIM003026,12144,MAS,SR,36,9,12,0.8,1,Clear,0,Crew,HIGH,3,2,224.0,0
SIM003027,12149,CTC,ECoR,40,1,6,0.85,1,Clear,0,Infrastructure,MEDIUM,3,2,141.9,0
SIM003028,12204,ROU,SER,41,3,5,0.94,1,Clear,0,Rolling Stock,LOW,3,0,217.7,1
SIM003029,12092,KYN,CR,26,5,8,0.55,0,Rain,1,Signal,HIGH,2,0,84.0,1
SIM003030,12152,PUNE,CR,50,5,6,0.91,1,Clear,0,Rolling Stock,HIGH,4,0,662.0,1
SIM003031,12167,NGP,CR,80,7,8,1.02,0,Clear,0,Crew,HIGH,5,0,2182.6,1
SIM003032,12193,MAS,SR,13,9,12,1.18,1,Heavy Rain,2,Operational,HIGH,0,0,13.0,0
SIM003033,12055,MAS,SR,9,9,12,0.85,1,Heavy Rain,2,Rolling Stock,HIGH,0,0,9.0,0
SIM003034,12276,TVC,SR,31,5,5,0.19,1,Clear,0,Infrastructure,HIGH,2,2,142.3,0
SIM003035,12178,MAS,SR,12,9,12,1.05,1,Clear,0,Infrastructure,HIGH,1,0,18.5,0
SIM003036,12140,SC,SCR,82,7,10,0.27,1,Clear,0,Signal,HIGH,5,2,1739.6,1
SIM003037,12028,JHS,NCR,9,3,7,0.24,1,Clear,0,Passenger,MEDIUM,0,0,9.0,0
SIM003038,12260,PUNE,CR,27,5,6,0.51,0,Clear,0,Crew,HIGH,3,0,150.8,1
SIM003039,12175,BPL,WCR,31,6,6,0.76,0,Clear,0,Passenger,HIGH,3,0,169.1,1
SIM003040,12237,BSP,SECR,45,6,8,0.37,1,Clear,0,Weather,HIGH,3,2,412.1,1
SIM003041,12139,BZA,SCR,6,5,10,0.22,1,Clear,0,Signal,HIGH,0,0,6.0,0
SIM003042,12262,NDLS,NR,38,9,16,0.22,1,Storm,3,Crew,HIGH,3,2,283.1,1
SIM003043,12134,NDLS,NR,24,9,16,0.57,0,Clear,0,Infrastructure,HIGH,2,0,77.5,1
SIM003044,12203,NDLS,NR,69,9,16,1.14,1,Storm,3,Signal,HIGH,5,4,1851.8,1
SIM003045,12284,SDAH,ER,48,3,20,1.15,0,Clear,0,Signal,HIGH,4,0,395.1,1
SIM003046,12031,LDH,NR,60,3,6,0.2,0,Clear,0,Crew,MEDIUM,4,0,851.8,1
SIM003047,12092,JP,NWR,28,6,7,0.75,0,Clear,0,Signal,HIGH,2,0,107.2,0
SIM003048,12214,BBS,ECoR,25,6,6,1.13,1,Rain,1,Crew,HIGH,2,0,73.4,0
SIM003049,12231,HWH,ER,46,5,23,0.72,1,Clear,0,Signal,HIGH,4,2,430.5,1
SIM003050,12176,JBP,WCR,52,4,7,0.74,1,Rain,1,Operational,HIGH,4,2,562.9,1
SIM003051,12029,ADI,WR,55,6,12,0.91,0,Clear,0,Operational,HIGH,4,0,714.0,1
SIM003052,12001,BCT,WR,24,6,7,0.24,1,Heavy Rain,2,Signal,HIGH,2,2,89.6,0
SIM003053,12243,PRYJ,NCR,42,6,10,1.04,0,Clear,0,Infrastructure,HIGH,3,0,265.4,1
SIM003054,12043,MAS,SR,10,9,12,1.19,1,Rain,1,Signal,HIGH,0,0,10.0,0
SIM003055,12016,ADI,WR,1,6,12,0.61,1,Rain,1,Weather,HIGH,0,0,1.0,0
SIM003056,12059,TVC,SR,59,5,5,1.28,0,Clear,0,Signal,HIGH,4,0,841.6,0
SIM003057,12293,NGP,CR,40,7,8,0.82,0,Clear,0,Operational,HIGH,3,0,325.8,1
SIM003058,12000,GHY,NFR,34,4,6,1.01,1,Clear,0,Signal,HIGH,3,2,204.8,1
SIM003059,12004,ADI,WR,2,6,12,1.25,1,Storm,3,Signal,HIGH,0,0,2.0,0
SIM003060,12236,KGP,SER,76,5,9,0.59,1,Clear,0,Operational,HIGH,5,2,1974.2,1
SIM003061,12295,BSP,SECR,14,6,8,0.77,1,Clear,0,Infrastructure,HIGH,0,0,14.0,0
SIM003062,12178,BWN,ER,28,3,6,0.38,1,Clear,0,Infrastructure,MEDIUM,2,0,120.5,1
SIM003063,12197,MAS,SR,54,9,12,0.44,1,Heavy Rain,2,Rolling Stock,HIGH,4,2,667.6,0
SIM003064,12199,CBE,SR,44,5,6,0.17,1,Storm,3,Crew,MEDIUM,3,2,400.9,0
SIM003065,12069,NDLS,NR,86,9,16,0.55,1,Clear,0,Crew,HIGH,5,4,3257.6,1
SIM003066,12043,BCT,WR,23,6,7,0.92,1,Rain,1,Operational,HIGH,2,0,89.1,1
SIM003067,12288,ST,WR,55,3,5,0.35,0,Heavy Rain,2,Weather,MEDIUM,4,0,673.9,1
SIM003068,12137,SC,SCR,18,7,10,0.63,0,Clear,0,Operational,HIGH,1,0,42.9,0
SIM003069,12110,SDAH,ER,14,3,20,1.14,1,Clear,0,Rolling Stock,HIGH,1,0,29.7,1
SIM003070,12215,COR,WCR,4,5,8,0.4,0,Clear,0,Signal,MEDIUM,0,0,4.0,0
SIM003071,12146,RTM,WR,12,4,6,0.11,1,Clear,0,Operational,MEDIUM,0,0,12.0,0
SIM003072,12256,NDLS,NR,46,9,16,0.24,0,Clear,0,Operational,HIGH,3,0,405.8,1
SIM003073,12239,DLI,NR,12,3,10,0.28,1,Clear,0,Infrastructure,HIGH,1,0,17.2,1
SIM003074,12215,JHS,NCR,54,3,7,0.36,0,Rain,1,Passenger,MEDIUM,4,0,588.5,1
SIM003075,12218,MYS,SWR,32,2,5,0.52,1,Rain,1,Rolling Stock,MEDIUM,2,0,133.9,1
SIM003076,12311,TATA,SER,49,2,6,0.89,0,Rain,1,Infrastructure,MEDIUM,4,0,361.2,1
SIM003077,12180,HWH,ER,1,5,23,0.73,1,Clear,0,Operational,HIGH,0,0,1.0,0
SIM003078,12071,JP,NWR,32,6,7,0.97,1,Fog,2,Operational,HIGH,2,0,136.0,0
SIM003079,12211,JP,NWR,37,6,7,0.63,1,Clear,0,Infrastructure,HIGH,3,0,181.6,0
SIM003080,12030,KYN,CR,37,5,8,0.8,0,Rain,1,Infrastructure,HIGH,3,0,219.6,1
SIM003081,12116,HWH,ER,57,5,23,0.48,1,Rain,1,Weather,HIGH,4,2,935.5,1
SIM003082,12054,NDLS,NR,1,9,16,0.64,0,Clear,0,Weather,HIGH,0,0,1.0,0
SIM003083,12272,VSKP,ECoR,59,5,8,0.19,0,Storm,3,Passenger,HIGH,4,0,726.9,1
SIM003084,12089,R,SECR,38,3,7,0.46,1,Clear,0,Crew,MEDIUM,3,0,215.7,1
SIM003085,12172,SDAH,ER,27,3,20,0.65,1,Fog,2,Weather,HIGH,2,0,100.2,1
SIM003086,12209,BPL,WCR,1,6,6,0.44,1,Clear,0,Signal,HIGH,0,0,1.0,0
SIM003087,12266,SBC,SWR,17,4,10,0.95,1,Clear,0,Infrastructure,HIGH,1,0,24.6,1
SIM003088,12216,COR,WCR,23,5,8,0.7,1,Fog,2,Signal,MEDIUM,2,2,76.3,1
SIM003089,12129,JP,NWR,80,6,7,0.87,1,Fog,2,Rolling Stock,HIGH,5,0,2014.8,0
SIM003090,12052,NDLS,NR,12,9,16,0.76,1,Clear,0,Passenger,HIGH,0,0,12.0,0
SIM003091,12095,KYN,CR,52,5,8,0.23,1,Clear,0,Signal,HIGH,4,2,713.2,1
SIM003092,12064,NDLS,NR,1,9,16,1.06,1,Clear,0,Weather,HIGH,0,0,1.0,0
SIM003093,12263,UBL,SWR,1,3,6,0.22,0,Storm,3,Rolling Stock,MEDIUM,0,0,1.0,0
SIM003094,12303,SDAH,ER,37,3,20,0.33,1,Clear,0,Signal,HIGH,2,0,178.5,1
SIM003095,12132,TVC,SR,2,5,5,1.07,1,Heavy Rain,2,Operational,HIGH,0,0,2.0,0
SIM003096,12172,MAS,SR,1,9,12,0.92,1,Clear,0,Crew,HIGH,0,0,1.0,0
SIM003097,12092,JP,NWR,21,6,7,1.04,0,Clear,0,Rolling Stock,HIGH,2,0,52.6,0
SIM003098,12018,VSKP,ECoR,36,5,8,0.67,0,Clear,0,Weather,HIGH,3,0,225.3,1
SIM003099,12054,COR,WCR,36,5,8,0.63,0,Clear,0,Crew,MEDIUM,3,0,193.6,1
SIM003100,12032,SBC,SWR,39,4,10,1.02,1,Storm,3,Infrastructure,HIGH,3,0,258.2,1
SIM003101,12223,BZA,SCR,52,5,10,0.51,1,Fog,2,Operational,HIGH,4,2,483.2,1
SIM003102,12037,PNBE,ECR,45,7,10,1.12,1,Heavy Rain,2,Infrastructure,HIGH,3,0,329.2,1
SIM003103,12023,ASR,NR,56,4,6,0.11,1,Clear,0,Operational,MEDIUM,4,2,644.0,1
SIM003104,12272,NDLS,NR,32,9,16,0.44,0,Clear,0,Weather,HIGH,2,0,152.2,1
SIM003105,12251,BSP,SECR,41,6,8,0.6,0,Storm,3,Weather,HIGH,3,0,319.3,1
SIM003106,12191,COR,WCR,47,5,8,0.22,0,Clear,0,Rolling Stock,MEDIUM,4,0,423.5,1
SIM003107,12098,HYB,SCR,38,1,6,0.11,0,Fog,2,Infrastructure,MEDIUM,3,0,116.1,0
SIM003108,12299,JHS,NCR,1,3,7,0.5,1,Clear,0,Passenger,MEDIUM,0,0,1.0,0
SIM003109,12082,MLDT,ER,61,5,5,0.39,0,Clear,0,Operational,LOW,4,0,847.5,1
SIM003110,12098,HYB,SCR,38,1,6,0.6,0,Fog,2,Infrastructure,MEDIUM,2,0,82.9,0
SIM003111,12075,BPL,WCR,39,6,6,0.73,1,Clear,0,Rolling Stock,HIGH,3,0,223.2,1
SIM003112,12146,ADI,WR,11,6,12,1.24,1,Clear,0,Infrastructure,HIGH,1,0,16.7,0
SIM003113,12109,ROU,SER,27,3,5,0.67,1,Clear,0,Rolling Stock,LOW,2,0,106.8,1
SIM003114,12297,BSP,SECR,36,6,8,0.63,1,Clear,0,Signal,HIGH,3,2,236.6,1
SIM003115,12070,COR,WCR,15,5,8,0.59,1,Clear,0,Infrastructure,MEDIUM,1,0,23.7,0
SIM003116,12131,MAS,SR,28,9,12,0.94,1,Clear,0,Passenger,HIGH,3,0,128.5,0
SIM003117,12260,PUNE,CR,23,5,6,0.53,0,Rain,1,Rolling Stock,HIGH,2,0,75.5,1
SIM003118,12234,NDLS,NR,39,9,16,0.78,1,Clear,0,Weather,HIGH,3,2,276.8,1
SIM003119,12303,HWH,ER,37,5,23,1.09,1,Clear,0,Signal,HIGH,3,0,242.6,1
SIM003120,12228,JP,NWR,5,6,7,1.21,1,Clear,0,Weather,HIGH,0,0,5.0,0
SIM003121,12014,CTC,ECoR,2,1,6,0.66,0,Storm,3,Weather,MEDIUM,0,0,2.0,0
SIM003122,12129,JP,NWR,38,6,7,0.18,1,Clear,0,Rolling Stock,HIGH,3,0,238.3,0
SIM003123,12298,SBC,SWR,59,4,10,0.41,0,Clear,0,Rolling Stock,HIGH,4,0,673.1,1
SIM003124,12123,SC,SCR,41,7,10,0.3,1,Clear,0,Infrastructure,HIGH,3,2,291.6,1
SIM003125,12026,LDH,NR,31,3,6,0.66,1,Clear,0,Operational,MEDIUM,2,0,147.5,0
SIM003126,12261,NDLS,NR,21,9,16,0.88,1,Heavy Rain,2,Weather,HIGH,2,0,63.3,1
SIM003127,12137,SBC,SWR,29,4,10,1.24,0,Clear,0,Crew,HIGH,2,0,85.9,1
SIM003128,12316,BWN,ER,79,3,6,0.24,1,Rain,1,Signal,MEDIUM,5,2,2022.2,1
SIM003129,12166,RTM,WR,31,4,6,0.25,1,Rain,1,Infrastructure,MEDIUM,2,0,153.0,1
SIM003130,12121,BZA,SCR,44,5,10,0.36,0,Clear,0,Crew,HIGH,3,0,333.0,1
SIM003131,12127,MLDT,ER,58,5,5,0.27,1,Clear,0,Weather,LOW,5,2,817.5,1
SIM003132,12268,SUR,CR,13,3,6,0.73,1,Fog,2,Operational,MEDIUM,1,0,19.3,0
SIM003133,12018,BBS,ECoR,40,6,6,0.92,0,Rain,1,Passenger,HIGH,3,0,253.0,1
SIM003134,12304,UBL,SWR,65,3,6,0.48,1,Clear,0,Weather,MEDIUM,5,2,1155.7,1
SIM003135,12245,DLI,NR,58,3,10,0.44,0,Storm,3,Infrastructure,HIGH,4,0,835.4,1
SIM003136,12010,MDU,SR,46,4,6,0.74,1,Fog,2,Operational,MEDIUM,4,0,411.3,0
SIM003137,12188,JBP,WCR,49,4,7,0.75,1,Rain,1,Signal,HIGH,4,2,555.2,1
SIM003138,12276,SBC,SWR,22,4,10,0.32,1,Clear,0,Signal,HIGH,2,2,67.2,1
SIM003139,12015,MAS,SR,59,9,12,0.43,1,Clear,0,Weather,HIGH,4,2,849.1,0
SIM003140,12224,COR,WCR,44,5,8,0.48,0,Fog,2,Rolling Stock,MEDIUM,4,0,373.1,1
SIM003141,12176,JBP,WCR,30,4,7,1.05,1,Clear,0,Infrastructure,HIGH,3,0,162.9,1
SIM003142,12187,PRYJ,NCR,16,6,10,0.68,1,Clear,0,Weather,HIGH,1,0,36.7,1
SIM003143,12108,BBS,ECoR,36,6,6,1.08,1,Clear,0,Crew,HIGH,3,0,197.9,1
SIM003144,12215,JP,NWR,22,6,7,0.52,0,Clear,0,Infrastructure,HIGH,2,0,67.0,0
SIM003145,12246,NDLS,NR,1,9,16,0.79,1,Clear,0,Passenger,HIGH,0,0,1.0,0
SIM003146,12055,MS,SR,9,2,10,0.33,1,Heavy Rain,2,Crew,MEDIUM,0,0,9.0,0
SIM003147,12037,MAS,SR,27,9,12,0.84,1,Clear,0,Signal,HIGH,2,0,89.6,0
SIM003148,12101,KGP,SER,44,5,9,0.7,1,Fog,2,Operational,HIGH,3,0,411.1,1
SIM003149,12018,BBS,ECoR,1,6,6,0.53,0,Storm,3,Passenger,HIGH,0,0,1.0,0
SIM003150,12192,ADI,WR,1,6,12,0.41,1,Clear,0,Operational,HIGH,0,0,1.0,0
SIM003151,12033,CSMT,CR,1,8,18,1.17,0,Clear,0,Weather,HIGH,0,0,1.0,0
SIM003152,12310,BZA,SCR,25,5,10,0.5,1,Clear,0,Operational,HIGH,2,0,120.4,1
SIM003153,12021,MYS,SWR,17,2,5,0.74,1,Clear,0,Infrastructure,MEDIUM,1,0,34.4,0
SIM003154,12042,DURG,SECR,37,2,6,0.92,0,Rain,1,Weather,MEDIUM,3,0,162.9,1
SIM003155,12095,KYN,CR,34,5,8,0.18,1,Clear,0,Signal,HIGH,2,2,163.8,1
SIM003156,12004,ADI,WR,50,6,12,0.86,1,Clear,0,Signal,HIGH,4,0,536.5,1
SIM003157,12162,TVC,SR,7,5,5,0.33,1,Clear,0,Passenger,HIGH,0,0,7.0,0
SIM003158,12043,BBS,ECoR,44,6,6,0.89,1,Clear,0,Weather,HIGH,3,2,283.7,1
SIM003159,12041,JHS,NCR,1,3,7,0.26,1,Fog,2,Weather,MEDIUM,0,0,1.0,0
SIM003160,12275,BAM,ECoR,1,3,4,0.41,0,Fog,2,Operational,LOW,0,0,1.0,0
SIM003161,12045,CSMT,CR,48,8,18,0.47,0,Fog,2,Weather,HIGH,3,0,393.7,1
SIM003162,12046,GKP,NER,42,5,10,0.17,0,Rain,1,Infrastructure,HIGH,3,0,271.5,1
SIM003163,12109,DLI,NR,44,3,10,0.93,1,Rain,1,Crew,HIGH,4,0,369.1,1
SIM003164,12042,ROU,SER,38,3,5,0.41,0,Clear,0,Rolling Stock,LOW,3,0,216.6,1
SIM003165,12248,NJP,NFR,57,2,6,0.25,1,Clear,0,Crew,MEDIUM,4,2,528.8,1
SIM003166,12139,CTC,ECoR,21,1,6,0.37,1,Heavy Rain,2,Passenger,MEDIUM,2,0,39.8,0
SIM003167,12051,JBP,WCR,16,4,7,1.18,1,Rain,1,Weather,HIGH,1,0,31.1,1
SIM003168,12237,ROU,SER,8,3,5,0.4,1,Clear,0,Passenger,LOW,0,0,8.0,0
SIM003169,12052,LDH,NR,83,3,6,0.62,1,Clear,0,Operational,MEDIUM,5,2,2465.5,1
SIM003170,12021,UBL,SWR,27,3,6,0.63,1,Clear,0,Weather,MEDIUM,2,0,94.9,1
SIM003171,12220,HWH,ER,3,5,23,0.9,1,Clear,0,Infrastructure,HIGH,0,0,3.0,0
SIM003172,12074,MAS,SR,1,9,12,0.14,1,Clear,0,Signal,HIGH,0,0,1.0,0
SIM003173,12147,KYN,CR,20,5,8,0.76,0,Clear,0,Signal,HIGH,2,0,61.3,1
SIM003174,12035,UBL,SWR,1,3,6,0.65,0,Clear,0,Crew,MEDIUM,0,0,1.0,0
SIM003175,12178,BWN,ER,1,3,6,0.94,1,Storm,3,Signal,MEDIUM,0,0,1.0,0
SIM003176,12251,BSP,SECR,28,6,8,0.39,0,Clear,0,Signal,HIGH,2,0,126.9,1
SIM003177,12043,CBE,SR,14,5,6,0.45,1,Clear,0,Rolling Stock,MEDIUM,1,0,19.6,0
SIM003178,12107,BZA,SCR,4,5,10,1.28,1,Clear,0,Passenger,HIGH,0,0,4.0,0
SIM003179,12083,BBS,ECoR,51,6,6,0.69,1,Clear,0,Signal,HIGH,4,2,470.1,1
SIM003180,12000,JP,NWR,4,6,7,1.21,1,Clear,0,Passenger,HIGH,0,0,4.0,0
SIM003181,12198,LDH,NR,1,3,6,0.79,1,Clear,0,Crew,MEDIUM,0,0,1.0,0
SIM003182,12265,TATA,SER,1,2,6,0.76,1,Clear,0,Infrastructure,MEDIUM,0,0,1.0,0
SIM003183,12049,ADI,WR,4,6,12,1.02,0,Clear,0,Signal,HIGH,0,0,4.0,0
SIM003184,12139,VSKP,ECoR,24,5,8,0.64,1,Fog,2,Rolling Stock,HIGH,2,0,85.4,1
SIM003185,12317,BBS,ECoR,78,6,6,0.51,0,Rain,1,Rolling Stock,HIGH,5,0,1194.9,1
SIM003186,12125,GHY,NFR,30,4,6,1.04,1,Rain,1,Signal,HIGH,3,0,123.4,1
SIM003187,12306,MAO,KR,20,3,5,0.11,0,Clear,0,Passenger,MEDIUM,2,0,48.9,1
SIM003188,12272,MS,SR,60,2,10,0.43,0,Clear,0,Weather,MEDIUM,4,0,594.4,0
SIM003189,12264,MAO,KR,39,3,5,0.37,1,Fog,2,Operational,MEDIUM,3,2,215.7,1
SIM003190,12117,COR,WCR,14,5,8,0.6,1,Clear,0,Weather,MEDIUM,0,0,14.0,0
SIM003191,12038,PNBE,ECR,13,7,10,0.63,1,Heavy Rain,2,Operational,HIGH,1,0,24.8,0
SIM003192,12254,BBS,ECoR,6,6,6,0.39,0,Clear,0,Rolling Stock,HIGH,0,0,6.0,0
SIM003193,12231,MLDT,ER,1,5,5,0.68,1,Rain,1,Signal,LOW,0,0,1.0,0
SIM003194,12015,SC,SCR,76,7,10,0.51,1,Clear,0,Rolling Stock,HIGH,5,2,1537.7,1
SIM003195,12218,MAO,KR,63,3,5,0.21,1,Clear,0,Infrastructure,MEDIUM,4,2,1028.8,1
SIM003196,12140,MAS,SR,12,9,12,0.54,1,Fog,2,Infrastructure,HIGH,0,0,12.0,0
SIM003197,12264,KYN,CR,27,5,8,0.87,1,Clear,0,Rolling Stock,HIGH,2,0,117.9,1
SIM003198,12212,PRYJ,NCR,1,6,10,1.26,1,Fog,2,Weather,HIGH,0,0,1.0,0
SIM003199,12032,BPL,WCR,72,6,6,0.53,1,Clear,0,Signal,HIGH,5,0,1731.1,1
SIM003200,12256,DLI,NR,1,3,10,0.71,0,Clear,0,Infrastructure,HIGH,0,0,1.0,0
SIM003201,12227,BZA,SCR,49,5,10,0.49,1,Clear,0,Rolling Stock,HIGH,4,0,491.1,1
SIM003202,12105,PURI,ECoR,53,2,5,0.53,1,Clear,0,Weather,MEDIUM,4,0,379.7,1
SIM003203,12060,SBC,SWR,1,4,10,0.61,1,Clear,0,Signal,HIGH,0,0,1.0,0
SIM003204,12308,ADI,WR,89,6,12,0.98,0,Rain,1,Signal,HIGH,5,0,2435.5,1
SIM003205,12226,NGP,CR,29,7,8,1.04,1,Clear,0,Signal,HIGH,2,0,109.9,1
SIM003206,12016,BCT,WR,1,6,7,1.25,1,Rain,1,Signal,HIGH,0,0,1.0,0
SIM003207,12184,KGP,SER,1,5,9,0.47,1,Storm,3,Infrastructure,HIGH,0,0,1.0,0
SIM003208,12027,RTM,WR,77,4,6,0.5,1,Clear,0,Operational,MEDIUM,5,0,2001.3,1
SIM003209,12116,BSP,SECR,31,6,8,0.75,1,Clear,0,Signal,HIGH,2,2,158.4,1
SIM003210,12222,COR,WCR,33,5,8,0.42,1,Fog,2,Crew,MEDIUM,3,0,173.2,1
SIM003211,12200,JHS,NCR,74,3,7,0.97,0,Rain,1,Infrastructure,MEDIUM,5,0,1573.1,1
SIM003212,12240,ERS,SR,29,3,5,0.12,1,Rain,1,Crew,MEDIUM,2,2,140.1,0
SIM003213,12301,NDLS,NR,43,9,16,0.94,1,Clear,0,Signal,HIGH,3,2,357.0,1
SIM003214,12187,BSP,SECR,51,6,8,0.58,1,Clear,0,Passenger,HIGH,4,2,609.8,1
SIM003215,12244,MAO,KR,10,3,5,0.88,1,Heavy Rain,2,Signal,MEDIUM,0,0,10.0,0
SIM003216,12230,ERS,SR,91,3,5,0.56,1,Storm,3,Infrastructure,MEDIUM,6,0,3037.2,0
SIM003217,12197,SBC,SWR,89,4,10,1.29,1,Fog,2,Weather,HIGH,6,4,2722.6,1
SIM003218,12190,JU,NWR,17,3,6,0.73,0,Clear,0,Signal,MEDIUM,1,0,39.9,0
SIM003219,12088,ERS,SR,22,3,5,0.33,1,Clear,0,Rolling Stock,MEDIUM,2,0,64.7,0
SIM003220,12206,SBC,SWR,40,4,10,0.6,1,Clear,0,Rolling Stock,HIGH,3,0,301.9,1
SIM003221,12028,JP,NWR,1,6,7,0.61,1,Clear,0,Infrastructure,HIGH,0,0,1.0,0
SIM003222,12235,BCT,WR,29,6,7,0.64,1,Rain,1,Weather,HIGH,2,0,106.4,1
SIM003223,12283,BPL,WCR,35,6,6,1.14,1,Rain,1,Infrastructure,HIGH,2,2,171.3,1
SIM003224,12123,SUR,CR,68,3,6,0.41,1,Clear,0,Passenger,MEDIUM,5,2,1809.1,1
SIM003225,12207,DLI,NR,48,3,10,0.98,0,Clear,0,Operational,HIGH,4,0,419.9,1
SIM003226,12166,NGP,CR,29,7,8,0.44,1,Clear,0,Passenger,HIGH,2,0,117.2,1
SIM003227,12199,MYS,SWR,5,2,5,0.51,1,Clear,0,Rolling Stock,MEDIUM,0,0,5.0,0
SIM003228,12090,MFP,ECR,57,3,6,0.77,1,Clear,0,Passenger,MEDIUM,4,2,729.5,1
SIM003229,12167,NGP,CR,1,7,8,0.47,0,Clear,0,Rolling Stock,HIGH,0,0,1.0,0
SIM003230,12027,JP,NWR,48,6,7,0.5,1,Fog,2,Rolling Stock,HIGH,3,0,428.3,0
SIM003231,12295,ROU,SER,71,3,5,0.87,1,Clear,0,Infrastructure,LOW,5,0,1072.3,1
SIM003232,12054,COR,WCR,17,5,8,0.82,0,Clear,0,Signal,MEDIUM,1,0,43.9,1
SIM003233,12079,DURG,SECR,15,2,6,0.34,1,Clear,0,Signal,MEDIUM,1,0,31.2,0
SIM003234,12191,JBP,WCR,69,4,7,1.25,0,Clear,0,Operational,HIGH,5,0,1278.4,1
SIM003235,12036,KGP,SER,17,5,9,0.74,1,Clear,0,Infrastructure,HIGH,1,0,25.5,0
SIM003236,12130,CTC,ECoR,1,1,6,1.0,0,Clear,0,Signal,MEDIUM,0,0,1.0,0
SIM003237,12043,BCT,WR,44,6,7,0.25,1,Heavy Rain,2,Crew,HIGH,3,2,393.8,1
SIM003238,12117,NDLS,NR,43,9,16,0.59,1,Clear,0,Signal,HIGH,3,2,337.1,1
SIM003239,12296,AGC,NCR,39,2,6,0.58,1,Heavy Rain,2,Operational,MEDIUM,3,2,209.9,1
SIM003240,12054,COR,WCR,31,5,8,0.19,0,Clear,0,Rolling Stock,MEDIUM,3,0,155.1,1
SIM003241,12290,MLDT,ER,32,5,5,0.76,1,Clear,0,Crew,LOW,2,2,152.5,1
SIM003242,12171,PRYJ,NCR,19,6,10,0.15,1,Rain,1,Signal,HIGH,1,0,36.8,1
SIM003243,12082,GHY,NFR,43,4,6,1.16,0,Rain,1,Operational,HIGH,3,0,269.8,1
SIM003244,12091,MFP,ECR,57,3,6,0.53,0,Clear,0,Operational,MEDIUM,4,0,948.3,1
SIM003245,12044,PRYJ,NCR,1,6,10,0.98,1,Clear,0,Rolling Stock,HIGH,0,0,1.0,0
SIM003246,12266,NDLS,NR,37,9,16,0.87,1,Clear,0,Weather,HIGH,3,0,201.0,1
SIM003247,12103,NDLS,NR,75,9,16,0.99,0,Clear,0,Operational,HIGH,5,0,1826.6,1
SIM003248,12192,GHY,NFR,1,4,6,1.09,1,Clear,0,Passenger,HIGH,0,0,1.0,0
SIM003249,12045,BSP,SECR,83,6,8,1.11,0,Rain,1,Operational,HIGH,5,0,2260.6,1
SIM003250,12303,HWH,ER,56,5,23,0.72,1,Clear,0,Passenger,HIGH,4,0,753.1,1
SIM003251,12030,BBS,ECoR,31,6,6,0.39,0,Clear,0,Passenger,HIGH,2,0,133.3,1
SIM003252,12070,JU,NWR,4,3,6,0.8,1,Clear,0,Signal,MEDIUM,0,0,4.0,0
SIM003253,12224,GHY,NFR,52,4,6,0.44,0,Clear,0,Rolling Stock,HIGH,4,0,425.1,1
SIM003254,12286,NDLS,NR,22,9,16,0.74,0,Clear,0,Crew,HIGH,2,0,75.4,1
SIM003255,12061,VSKP,ECoR,1,5,8,0.63,1,Clear,0,Signal,HIGH,0,0,1.0,0
SIM003256,12112,NDLS,NR,16,9,16,1.29,1,Clear,0,Operational,HIGH,1,0,26.8,0
SIM003257,12290,HWH,ER,64,5,23,0.43,1,Fog,2,Infrastructure,HIGH,4,2,1214.5,1
SIM003258,12192,ADI,WR,1,6,12,0.71,1,Clear,0,Operational,HIGH,0,0,1.0,0
SIM003259,12187,NDLS,NR,55,9,16,0.55,1,Clear,0,Infrastructure,HIGH,4,2,703.2,1
SIM003260,12270,PRYJ,NCR,25,6,10,0.93,1,Rain,1,Operational,HIGH,2,0,102.7,1
SIM003261,12255,MDU,SR,20,4,6,0.3,1,Clear,0,Operational,MEDIUM,1,0,48.1,0
SIM003262,12253,GKP,NER,38,5,10,0.53,1,Storm,3,Infrastructure,HIGH,3,2,203.8,1
SIM003263,12300,SBC,SWR,19,4,10,0.75,1,Clear,0,Crew,HIGH,1,0,46.3,1
SIM003264,12112,UMB,NR,1,3,8,0.41,1,Clear,0,Crew,MEDIUM,0,0,1.0,0
SIM003265,12270,PNBE,ECR,8,7,10,1.1,1,Fog,2,Passenger,HIGH,0,0,8.0,0
SIM003266,12128,MFP,ECR,41,3,6,0.91,1,Storm,3,Weather,MEDIUM,3,0,321.3,1
SIM003267,12108,BBS,ECoR,36,6,6,0.15,1,Clear,0,Crew,HIGH,3,0,174.2,1
SIM003268,12184,ROU,SER,11,3,5,0.75,1,Rain,1,Weather,LOW,0,0,11.0,0
SIM003269,12006,COR,WCR,26,5,8,0.23,1,Clear,0,Crew,MEDIUM,2,0,86.2,1
SIM003270,12220,BWN,ER,57,3,6,0.18,1,Clear,0,Passenger,MEDIUM,4,2,857.9,1
SIM003271,12192,GHY,NFR,83,4,6,0.82,1,Clear,0,Operational,HIGH,5,4,1602.3,1
SIM003272,12193,MAS,SR,77,9,12,1.24,1,Clear,0,Rolling Stock,HIGH,5,2,1921.2,0
SIM003273,12023,ASR,NR,62,4,6,0.75,1,Clear,0,Signal,MEDIUM,5,2,1142.5,1
SIM003274,12000,GHY,NFR,34,4,6,1.19,1,Clear,0,Signal,HIGH,3,2,184.9,1
SIM003275,12248,HWH,ER,49,5,23,0.83,1,Heavy Rain,2,Crew,HIGH,4,2,675.7,1
SIM003276,12091,VSKP,ECoR,4,5,8,1.09,0,Clear,0,Crew,HIGH,0,0,4.0,0
SIM003277,12053,JP,NWR,45,6,7,0.29,1,Clear,0,Rolling Stock,HIGH,4,0,472.5,0
SIM003278,12156,VSKP,ECoR,16,5,8,0.23,0,Fog,2,Signal,HIGH,1,0,30.3,1
SIM003279,12117,HWH,ER,1,5,23,0.77,1,Clear,0,Rolling Stock,HIGH,0,0,1.0,0
SIM003280,12049,GHY,NFR,7,4,6,0.61,0,Clear,0,Operational,HIGH,0,0,7.0,0
SIM003281,12175,BPL,WCR,28,6,6,0.3,0,Rain,1,Signal,HIGH,2,0,110.0,1
SIM003282,12138,COR,WCR,68,5,8,0.33,1,Clear,0,Rolling Stock,MEDIUM,5,0,1453.5,1
SIM003283,12197,MAS,SR,16,9,12,0.43,1,Rain,1,Infrastructure,HIGH,1,0,38.3,0
SIM003284,12018,VSKP,ECoR,42,5,8,0.6,0,Fog,2,Rolling Stock,HIGH,3,0,311.4,1
SIM003285,12255,MAS,SR,43,9,12,0.86,1,Clear,0,Weather,HIGH,3,0,326.7,0
SIM003286,12154,NGP,CR,5,7,8,0.51,0,Clear,0,Signal,HIGH,0,0,5.0,0
SIM003287,12018,SDAH,ER,41,3,20,0.44,0,Clear,0,Signal,HIGH,3,0,314.4,1
SIM003288,12061,NDLS,NR,2,9,16,0.5,1,Fog,2,Operational,HIGH,0,0,2.0,0
SIM003289,12269,HYB,SCR,42,1,6,0.71,0,Clear,0,Weather,MEDIUM,3,0,102.9,0
SIM003290,12172,MAS,SR,46,9,12,0.36,1,Clear,0,Rolling Stock,HIGH,4,0,384.2,0
SIM003291,12178,MAS,SR,36,9,12,1.1,1,Storm,3,Infrastructure,HIGH,3,0,202.1,0
SIM003292,12082,GHY,NFR,13,4,6,1.08,0,Clear,0,Weather,HIGH,1,0,26.3,1
SIM003293,12203,ASR,NR,64,4,6,0.93,1,Clear,0,Rolling Stock,MEDIUM,4,4,1200.2,1
SIM003294,12048,SC,SCR,15,7,10,0.66,1,Clear,0,Rolling Stock,HIGH,1,0,23.8,0
SIM003295,12190,COR,WCR,33,5,8,0.94,0,Rain,1,Infrastructure,MEDIUM,3,0,192.1,1
SIM003296,12204,ROU,SER,31,3,5,0.17,1,Clear,0,Crew,LOW,3,0,135.1,1
SIM003297,12046,PRYJ,NCR,20,6,10,0.61,0,Rain,1,Infrastructure,HIGH,1,0,46.6,1
SIM003298,12285,JBP,WCR,51,4,7,0.23,1,Heavy Rain,2,Infrastructure,HIGH,4,0,593.6,1
SIM003299,12009,PNBE,ECR,46,7,10,0.38,0,Clear,0,Operational,HIGH,4,0,434.5,1
SIM003300,12210,KYN,CR,18,5,8,0.51,1,Clear,0,Weather,HIGH,2,0,45.7,1
SIM003301,12221,PRYJ,NCR,10,6,10,1.3,0,Fog,2,Infrastructure,HIGH,0,0,10.0,0
SIM003302,12258,BCT,WR,59,6,7,0.52,0,Clear,0,Weather,HIGH,4,0,788.0,1
SIM003303,12114,COR,WCR,62,5,8,0.93,0,Fog,2,Passenger,MEDIUM,4,0,1109.1,1
SIM003304,12296,AGC,NCR,78,2,6,0.29,1,Storm,3,Weather,MEDIUM,5,2,1421.0,1
SIM003305,12050,ADI,WR,32,6,12,0.44,0,Heavy Rain,2,Crew,HIGH,2,0,151.2,1
SIM003306,12269,HYB,SCR,30,1,6,0.29,0,Clear,0,Weather,MEDIUM,2,0,54.5,0
SIM003307,12294,DHN,ECR,11,4,7,0.12,0,Clear,0,Infrastructure,MEDIUM,0,0,11.0,0
SIM003308,12012,UBL,SWR,26,3,6,0.66,1,Clear,0,Infrastructure,MEDIUM,2,0,81.0,1
SIM003309,12228,TVC,SR,36,5,5,0.84,1,Clear,0,Operational,HIGH,3,2,240.0,0
SIM003310,12049,ADI,WR,59,6,12,0.3,0,Rain,1,Passenger,HIGH,4,0,786.8,1
SIM003311,12202,NDLS,NR,52,9,16,0.75,1,Clear,0,Signal,HIGH,4,0,613.4,1
SIM003312,12087,NGP,CR,20,7,8,0.22,1,Clear,0,Signal,HIGH,2,0,53.2,1
SIM003313,12285,BPL,WCR,30,6,6,1.14,1,Clear,0,Infrastructure,HIGH,3,0,170.3,1
SIM003314,12246,LDH,NR,35,3,6,0.4,1,Clear,0,Passenger,MEDIUM,3,0,203.2,0
SIM003315,12131,BSP,SECR,49,6,8,0.98,1,Rain,1,Weather,HIGH,3,0,436.9,1
SIM003316,12044,BSP,SECR,13,6,8,0.81,1,Clear,0,Crew,HIGH,1,0,19.5,0
SIM003317,12229,ADI,WR,64,6,12,1.05,1,Clear,0,Rolling Stock,HIGH,4,2,1103.9,1
SIM003318,12000,NJP,NFR,30,2,6,0.31,1,Clear,0,Infrastructure,MEDIUM,2,2,101.0,1
SIM003319,12001,KYN,CR,31,5,8,1.12,1,Fog,2,Operational,HIGH,2,2,183.7,1
SIM003320,12171,PUNE,CR,47,5,6,1.3,1,Rain,1,Weather,HIGH,3,0,368.9,1
SIM003321,12256,NDLS,NR,28,9,16,0.9,0,Clear,0,Operational,HIGH,2,0,121.7,1
SIM003322,12230,ERS,SR,14,3,5,0.2,1,Clear,0,Signal,MEDIUM,1,0,22.1,0
SIM003323,12200,PRYJ,NCR,51,6,10,0.52,0,Rain,1,Passenger,HIGH,4,0,570.7,1
SIM003324,12084,BCT,WR,55,6,7,0.56,1,Clear,0,Weather,HIGH,4,0,595.4,1
SIM003325,12228,JP,NWR,49,6,7,0.79,1,Clear,0,Operational,HIGH,4,2,574.6,0
SIM003326,12228,JP,NWR,39,6,7,0.76,1,Storm,3,Operational,HIGH,3,2,280.0,0
SIM003327,12199,MAS,SR,91,9,12,0.29,1,Fog,2,Operational,HIGH,6,2,3049.9,0
SIM003328,12303,SDAH,ER,35,3,20,0.21,1,Clear,0,Passenger,HIGH,3,0,195.4,1
SIM003329,12078,CSMT,CR,26,8,18,0.33,1,Heavy Rain,2,Signal,HIGH,2,0,98.5,1
SIM003330,12059,KGP,SER,53,5,9,0.66,0,Clear,0,Signal,HIGH,4,0,581.0,1
SIM003331,12094,JP,NWR,56,6,7,0.26,1,Clear,0,Signal,HIGH,4,2,796.8,0
SIM003332,12271,MAS,SR,1,9,12,0.91,1,Clear,0,Weather,HIGH,0,0,1.0,0
SIM003333,12131,BSP,SECR,15,6,8,1.12,1,Rain,1,Operational,HIGH,1,0,29.2,1
SIM003334,12218,MYS,SWR,15,2,5,0.41,1,Clear,0,Rolling Stock,MEDIUM,0,0,15.0,0
SIM003335,12252,NDLS,NR,38,9,16,0.83,1,Storm,3,Weather,HIGH,3,0,264.0,1
SIM003336,12206,SC,SCR,21,7,10,0.56,1,Rain,1,Crew,HIGH,2,0,60.7,0
SIM003337,12147,KYN,CR,28,5,8,0.39,0,Fog,2,Signal,HIGH,2,0,92.3,1
SIM003338,12202,PRYJ,NCR,7,6,10,0.48,1,Clear,0,Operational,HIGH,0,0,7.0,0
SIM003339,12259,PNBE,ECR,47,7,10,1.21,1,Clear,0,Infrastructure,HIGH,4,2,565.5,1
SIM003340,12174,BBS,ECoR,57,6,6,0.35,0,Clear,0,Crew,HIGH,4,0,564.4,1
SIM003341,12159,COR,WCR,32,5,8,0.22,1,Rain,1,Operational,MEDIUM,3,0,179.0,1
SIM003342,12018,BWN,ER,8,3,6,0.95,0,Rain,1,Rolling Stock,MEDIUM,0,0,8.0,0
SIM003343,12132,CSMT,CR,68,8,18,0.71,1,Clear,0,Crew,HIGH,5,0,1357.5,1
SIM003344,12254,BPL,WCR,67,6,6,0.96,0,Clear,0,Signal,HIGH,5,0,1228.3,1
SIM003345,12082,MLDT,ER,16,5,5,0.66,0,Rain,1,Rolling Stock,LOW,1,0,32.3,0
SIM003346,12158,SBC,SWR,18,4,10,0.6,1,Storm,3,Crew,HIGH,1,0,46.1,1
SIM003347,12111,MAS,SR,71,9,12,1.3,1,Heavy Rain,2,Rolling Stock,HIGH,5,2,1422.8,0
SIM003348,12072,GHY,NFR,36,4,6,0.47,0,Rain,1,Weather,HIGH,2,0,156.5,1
SIM003349,12139,VSKP,ECoR,64,5,8,0.85,1,Clear,0,Operational,HIGH,5,2,1148.4,1
SIM003350,12047,GHY,NFR,38,4,6,0.31,1,Rain,1,Operational,HIGH,3,0,185.9,1
SIM003351,12186,ADI,WR,5,6,12,0.61,1,Fog,2,Rolling Stock,HIGH,0,0,5.0,0
SIM003352,12015,MS,SR,1,2,10,0.44,1,Storm,3,Passenger,MEDIUM,0,0,1.0,0
SIM003353,12222,JBP,WCR,36,4,7,0.4,1,Heavy Rain,2,Infrastructure,HIGH,3,0,216.0,1
SIM003354,12054,NDLS,NR,34,9,16,0.97,0,Clear,0,Passenger,HIGH,3,0,177.2,1
SIM003355,12195,NDLS,NR,22,9,16,1.25,0,Rain,1,Signal,HIGH,1,0,53.2,0
SIM003356,12085,SDAH,ER,33,3,20,1.02,0,Clear,0,Infrastructure,HIGH,3,0,217.5,1
SIM003357,12242,PRYJ,NCR,7,6,10,0.64,1,Clear,0,Passenger,HIGH,0,0,7.0,0
SIM003358,12266,SBC,SWR,2,4,10,0.78,1,Clear,0,Passenger,HIGH,0,0,2.0,0
SIM003359,12319,KGP,SER,42,5,9,0.16,0,Heavy Rain,2,Passenger,HIGH,3,0,323.8,1
SIM003360,12188,JBP,WCR,5,4,7,0.79,1,Clear,0,Weather,HIGH,0,0,5.0,0
SIM003361,12182,JP,NWR,38,6,7,0.83,1,Clear,0,Passenger,HIGH,3,0,241.3,0
SIM003362,12186,MLDT,ER,3,5,5,0.41,1,Clear,0,Rolling Stock,LOW,0,0,3.0,0
SIM003363,12272,PRYJ,NCR,64,6,10,0.42,0,Rain,1,Weather,HIGH,4,0,822.8,1
SIM003364,12074,MAS,SR,72,9,12,0.68,1,Heavy Rain,2,Rolling Stock,HIGH,5,2,1729.9,0
SIM003365,12207,DLI,NR,48,3,10,0.68,0,Clear,0,Operational,HIGH,3,0,399.7,1
SIM003366,12002,KYN,CR,20,5,8,1.02,0,Clear,0,Weather,HIGH,1,0,48.9,1
SIM003367,12228,JP,NWR,5,6,7,0.27,1,Clear,0,Crew,HIGH,0,0,5.0,0
SIM003368,12262,SDAH,ER,28,3,20,1.01,1,Clear,0,Weather,HIGH,2,0,105.2,1
SIM003369,12217,HYB,SCR,98,1,6,0.46,1,Fog,2,Operational,MEDIUM,5,2,1102.4,1
SIM003370,12057,BZA,SCR,48,5,10,0.4,1,Clear,0,Infrastructure,HIGH,4,0,593.0,1
SIM003371,12022,JBP,WCR,1,4,7,0.72,1,Clear,0,Operational,HIGH,0,0,1.0,0
SIM003372,12149,CSMT,CR,25,8,18,0.47,1,Clear,0,Signal,HIGH,2,0,98.2,1
SIM003373,12218,MYS,SWR,53,2,5,0.24,1,Rain,1,Infrastructure,MEDIUM,4,2,459.5,1
SIM003374,12121,KYN,CR,31,5,8,0.59,0,Clear,0,Operational,HIGH,2,0,118.2,1
SIM003375,12295,BSP,SECR,14,6,8,1.26,1,Clear,0,Infrastructure,HIGH,1,0,21.8,1
SIM003376,12114,COR,WCR,69,5,8,0.36,0,Clear,0,Passenger,MEDIUM,5,0,1483.8,1
SIM003377,12097,PUNE,CR,67,5,6,0.41,1,Clear,0,Operational,HIGH,5,0,1438.0,1
SIM003378,12223,BPL,WCR,1,6,6,0.64,1,Clear,0,Signal,HIGH,0,0,1.0,0
SIM003379,12123,SUR,CR,1,3,6,0.92,1,Clear,0,Crew,MEDIUM,0,0,1.0,0
SIM003380,12246,LDH,NR,83,3,6,0.76,1,Clear,0,Weather,MEDIUM,5,2,2673.9,1
SIM003381,12184,KGP,SER,1,5,9,0.26,1,Clear,0,Operational,HIGH,0,0,1.0,0
SIM003382,12286,JP,NWR,31,6,7,1.16,0,Fog,2,Signal,HIGH,3,0,142.0,0
SIM003383,12022,COR,WCR,11,5,8,0.11,1,Clear,0,Infrastructure,MEDIUM,0,0,11.0,0
SIM003384,12294,BWN,ER,1,3,6,0.65,0,Clear,0,Operational,MEDIUM,0,0,1.0,0
SIM003385,12297,JBP,WCR,22,4,7,0.37,1,Clear,0,Weather,HIGH,2,2,65.0,1
SIM003386,12119,BZA,SCR,3,5,10,0.85,1,Clear,0,Signal,HIGH,0,0,3.0,0
SIM003387,12094,DURG,SECR,23,2,6,0.41,1,Clear,0,Rolling Stock,MEDIUM,2,0,58.7,1
SIM003388,12256,CSMT,CR,34,8,18,0.82,0,Clear,0,Passenger,HIGH,3,0,223.6,1
SIM003389,12091,PRYJ,NCR,21,6,10,0.48,0,Clear,0,Signal,HIGH,2,0,58.9,1
SIM003390,12029,GHY,NFR,67,4,6,0.42,0,Fog,2,Passenger,HIGH,4,0,621.7,1
SIM003391,12235,NGP,CR,66,7,8,1.01,1,Storm,3,Infrastructure,HIGH,5,0,1175.1,1
SIM003392,12191,MDU,SR,38,4,6,0.42,0,Clear,0,Rolling Stock,MEDIUM,3,0,260.5,0
SIM003393,12237,ROU,SER,39,3,5,0.7,1,Fog,2,Signal,LOW,3,2,282.7,1
SIM003394,12215,TVC,SR,1,5,5,0.27,0,Heavy Rain,2,Passenger,HIGH,0,0,1.0,0
SIM003395,12141,DLI,NR,1,3,10,1.07,0,Clear,0,Operational,HIGH,0,0,1.0,0
SIM003396,12128,PNBE,ECR,61,7,10,0.48,1,Clear,0,Signal,HIGH,4,0,711.7,1
SIM003397,12010,BSL,CR,21,3,7,0.69,1,Clear,0,Signal,MEDIUM,1,0,43.9,0
SIM003398,12307,BCT,WR,33,6,7,0.82,1,Clear,0,Signal,HIGH,3,0,175.8,1
SIM003399,12247,ERS,SR,58,3,5,0.29,0,Clear,0,Rolling Stock,MEDIUM,4,0,868.2,0
SIM003400,12238,DLI,NR,1,3,10,1.17,0,Clear,0,Signal,HIGH,0,0,1.0,0
SIM003401,12065,PNBE,ECR,39,7,10,0.45,0,Clear,0,Rolling Stock,HIGH,3,0,230.3,1
SIM003402,12004,BBS,ECoR,1,6,6,0.44,1,Clear,0,Crew,HIGH,0,0,1.0,0
SIM003403,12075,JP,NWR,66,6,7,0.66,1,Clear,0,Passenger,HIGH,5,0,1166.7,0
SIM003404,12312,BBS,ECoR,41,6,6,1.0,0,Rain,1,Rolling Stock,HIGH,3,0,230.9,1
SIM003405,12257,SBC,SWR,26,4,10,0.93,1,Rain,1,Infrastructure,HIGH,2,2,114.6,1
SIM003406,12049,ADI,WR,2,6,12,0.79,0,Fog,2,Weather,HIGH,0,0,2.0,0
SIM003407,12112,UMB,NR,20,3,8,0.36,1,Clear,0,Crew,MEDIUM,2,0,56.6,0
SIM003408,12078,MDU,SR,1,4,6,0.71,1,Clear,0,Passenger,MEDIUM,0,0,1.0,0
SIM003409,12212,SDAH,ER,10,3,20,1.15,1,Clear,0,Crew,HIGH,1,0,15.2,1
SIM003410,12130,KYN,CR,81,5,8,1.12,0,Clear,0,Passenger,HIGH,5,0,2071.4,1
SIM003411,12159,COR,WCR,27,5,8,0.21,1,Clear,0,Rolling Stock,MEDIUM,2,0,87.3,1
SIM003412,12195,NDLS,NR,1,9,16,1.1,0,Fog,2,Operational,HIGH,0,0,1.0,0
SIM003413,12152,KYN,CR,59,5,8,0.32,1,Clear,0,Weather,HIGH,4,0,749.5,1
SIM003414,12033,SBC,SWR,20,4,10,1.19,0,Clear,0,Infrastructure,HIGH,2,0,51.8,1
SIM003415,12312,BBS,ECoR,42,6,6,0.43,0,Clear,0,Crew,HIGH,3,0,265.6,1
SIM003416,12085,SDAH,ER,5,3,20,0.95,0,Heavy Rain,2,Weather,HIGH,0,0,5.0,0
SIM003417,12163,NDLS,NR,23,9,16,0.78,1,Storm,3,Passenger,HIGH,2,2,67.8,0
SIM003418,12130,BBS,ECoR,1,6,6,0.27,0,Clear,0,Signal,HIGH,0,0,1.0,0
SIM003419,12303,SDAH,ER,37,3,20,0.23,1,Clear,0,Signal,HIGH,3,0,209.8,1
SIM003420,12119,BPL,WCR,1,6,6,0.9,1,Storm,3,Rolling Stock,HIGH,0,0,1.0,0
SIM003421,12068,BPL,WCR,1,6,6,0.99,1,Clear,0,Crew,HIGH,0,0,1.0,0
SIM003422,12049,GHY,NFR,7,4,6,1.04,0,Clear,0,Operational,HIGH,0,0,7.0,0
SIM003423,12094,AII,NWR,67,3,6,0.75,1,Rain,1,Operational,MEDIUM,5,2,1237.1,0
SIM003424,12173,BPL,WCR,27,6,6,1.01,1,Rain,1,Operational,HIGH,2,0,88.4,1
SIM003425,12025,AII,NWR,13,3,6,0.43,1,Clear,0,Weather,MEDIUM,1,0,19.5,0
SIM003426,12188,BPL,WCR,15,6,6,0.45,1,Clear,0,Rolling Stock,HIGH,1,0,36.0,1
SIM003427,12276,SBC,SWR,31,4,10,0.88,1,Clear,0,Infrastructure,HIGH,2,2,178.3,1
SIM003428,12094,DURG,SECR,39,2,6,0.15,1,Clear,0,Crew,MEDIUM,3,2,245.5,1
SIM003429,12112,UMB,NR,24,3,8,0.17,1,Clear,0,Signal,MEDIUM,2,0,118.0,0
SIM003430,12274,NDLS,NR,42,9,16,0.68,1,Clear,0,Rolling Stock,HIGH,4,0,363.8,1
SIM003431,12103,NDLS,NR,16,9,16,0.74,0,Fog,2,Crew,HIGH,1,0,31.8,0
SIM003432,12293,HYB,SCR,29,1,6,0.68,0,Clear,0,Crew,MEDIUM,2,0,59.4,0
SIM003433,12090,PNBE,ECR,60,7,10,1.12,1,Clear,0,Operational,HIGH,5,2,898.2,1
SIM003434,12218,UBL,SWR,31,3,6,0.73,1,Clear,0,Weather,MEDIUM,2,0,113.2,1
SIM003435,12090,PNBE,ECR,8,7,10,1.15,1,Clear,0,Weather,HIGH,0,0,8.0,0
SIM003436,12294,DHN,ECR,11,4,7,0.83,0,Clear,0,Infrastructure,MEDIUM,0,0,11.0,0
SIM003437,12134,HWH,ER,11,5,23,0.91,0,Clear,0,Infrastructure,HIGH,0,0,11.0,0
SIM003438,12122,SC,SCR,67,7,10,0.88,1,Rain,1,Signal,HIGH,5,4,1120.8,1
SIM003439,12022,COR,WCR,40,5,8,0.58,1,Storm,3,Signal,MEDIUM,3,2,352.4,1
SIM003440,12298,SBC,SWR,31,4,10,0.52,0,Clear,0,Operational,HIGH,2,0,125.1,1
SIM003441,12009,PNBE,ECR,39,7,10,0.8,0,Clear,0,Signal,HIGH,3,0,229.2,1
SIM003442,12249,KGP,SER,10,5,9,0.18,1,Rain,1,Infrastructure,HIGH,1,0,15.1,1
SIM003443,12051,NJP,NFR,48,2,6,0.66,1,Fog,2,Rolling Stock,MEDIUM,3,2,299.3,1
SIM003444,12272,MS,SR,60,2,10,0.7,0,Clear,0,Weather,MEDIUM,4,0,617.9,0
SIM003445,12313,GHY,NFR,19,4,6,0.93,0,Clear,0,Signal,HIGH,1,0,41.9,1
SIM003446,12292,SC,SCR,19,7,10,0.2,0,Fog,2,Rolling Stock,HIGH,1,0,47.2,0
SIM003447,12190,JU,NWR,17,3,6,0.91,0,Clear,0,Signal,MEDIUM,1,0,40.2,0
SIM003448,12203,PRYJ,NCR,37,6,10,1.23,1,Clear,0,Crew,HIGH,3,2,245.1,1
SIM003449,12001,BBS,ECoR,5,6,6,0.99,1,Clear,0,Operational,HIGH,0,0,5.0,0
SIM003450,12246,PRYJ,NCR,59,6,10,1.08,1,Fog,2,Passenger,HIGH,4,2,844.9,1
SIM003451,12232,BZA,SCR,27,5,10,0.34,0,Storm,3,Passenger,HIGH,2,0,110.5,1
SIM003452,12022,COR,WCR,38,5,8,0.62,1,Clear,0,Infrastructure,MEDIUM,3,2,238.3,1
SIM003453,12100,SDAH,ER,70,3,20,1.0,1,Fog,2,Crew,HIGH,5,0,1339.8,1
SIM003454,12071,KYN,CR,43,5,8,0.22,1,Clear,0,Rolling Stock,HIGH,4,0,389.2,1
SIM003455,12074,MS,SR,5,2,10,0.15,1,Clear,0,Signal,MEDIUM,0,0,5.0,0
SIM003456,12126,NDLS,NR,1,9,16,1.15,1,Clear,0,Crew,HIGH,0,0,1.0,0
SIM003457,12103,SDAH,ER,16,3,20,1.13,0,Clear,0,Crew,HIGH,1,0,24.6,1
SIM003458,12256,DLI,NR,1,3,10,0.55,0,Rain,1,Crew,HIGH,0,0,1.0,0
SIM003459,12086,VSKP,ECoR,24,5,8,0.56,0,Rain,1,Signal,HIGH,1,0,55.9,1
SIM003460,12216,LDH,NR,1,3,6,0.9,1,Clear,0,Infrastructure,MEDIUM,0,0,1.0,0
SIM003461,12261,RTM,WR,9,4,6,0.68,1,Rain,1,Signal,MEDIUM,0,0,9.0,0
SIM003462,12225,MAS,SR,8,9,12,0.89,0,Clear,0,Weather,HIGH,0,0,8.0,0
SIM003463,12100,PUNE,CR,14,5,6,0.48,1,Clear,0,Passenger,HIGH,0,0,14.0,0
SIM003464,12267,PURI,ECoR,20,2,5,0.58,0,Heavy Rain,2,Operational,MEDIUM,1,0,38.5,0
SIM003465,12270,PRYJ,NCR,23,6,10,0.34,1,Clear,0,Crew,HIGH,2,0,85.3,1
SIM003466,12130,KYN,CR,32,5,8,0.31,0,Clear,0,Weather,HIGH,3,0,163.7,1
SIM003467,12241,BCT,WR,12,6,7,0.84,1,Clear,0,Signal,HIGH,0,0,12.0,0
SIM003468,12059,KGP,SER,1,5,9,0.69,0,Clear,0,Infrastructure,HIGH,0,0,1.0,0
SIM003469,12231,MLDT,ER,1,5,5,0.54,1,Rain,1,Signal,LOW,0,0,1.0,0
SIM003470,12152,PUNE,CR,44,5,6,0.13,1,Storm,3,Signal,HIGH,3,0,440.1,1
SIM003471,12272,NDLS,NR,18,9,16,0.62,0,Clear,0,Operational,HIGH,1,0,38.2,0
SIM003472,12100,PUNE,CR,22,5,6,1.03,1,Clear,0,Rolling Stock,HIGH,2,0,94.4,0
SIM003473,12234,PRYJ,NCR,38,6,10,1.0,1,Clear,0,Operational,HIGH,3,2,226.5,1
SIM003474,12102,BBS,ECoR,46,6,6,0.61,1,Rain,1,Crew,HIGH,4,2,411.4,1
SIM003475,12125,PNBE,ECR,47,7,10,0.4,1,Clear,0,Operational,HIGH,4,2,489.1,1
SIM003476,12316,KGP,SER,71,5,9,1.16,1,Clear,0,Passenger,HIGH,5,2,1404.1,1
SIM003477,12166,BCT,WR,19,6,7,0.24,1,Clear,0,Crew,HIGH,1,0,50.7,0
SIM003478,12197,MAS,SR,16,9,12,0.89,1,Rain,1,Infrastructure,HIGH,1,0,30.3,0
SIM003479,12145,JU,NWR,38,3,6,0.31,1,Clear,0,Infrastructure,MEDIUM,3,0,225.5,0
SIM003480,12065,MFP,ECR,32,3,6,0.72,0,Rain,1,Rolling Stock,MEDIUM,3,0,168.0,1
SIM003481,12112,COR,WCR,43,5,8,0.16,1,Storm,3,Crew,MEDIUM,3,0,311.0,1
SIM003482,12038,ERS,SR,1,3,5,0.95,1,Fog,2,Signal,MEDIUM,0,0,1.0,0
SIM003483,12215,BPL,WCR,8,6,6,1.24,0,Fog,2,Operational,HIGH,0,0,8.0,0
SIM003484,12057,KGP,SER,4,5,9,1.26,1,Clear,0,Crew,HIGH,0,0,4.0,0
SIM003485,12162,MAO,KR,76,3,5,0.95,1,Clear,0,Weather,MEDIUM,5,0,1308.5,1
SIM003486,12083,ST,WR,22,3,5,0.97,1,Clear,0,Passenger,MEDIUM,1,0,50.1,0
SIM003487,12041,PNBE,ECR,28,7,10,1.19,1,Heavy Rain,2,Operational,HIGH,2,2,145.7,1
SIM003488,12104,KGP,SER,28,5,9,0.47,1,Clear,0,Crew,HIGH,2,0,96.8,1
SIM003489,12008,UBL,SWR,18,3,6,0.94,0,Heavy Rain,2,Signal,MEDIUM,1,0,45.4,1
SIM003490,12085,NJP,NFR,8,2,6,0.69,0,Clear,0,Infrastructure,MEDIUM,0,0,8.0,0
SIM003491,12029,ADI,WR,52,6,12,0.38,0,Rain,1,Weather,HIGH,4,0,500.0,1
SIM003492,12167,ST,WR,5,3,5,0.33,0,Clear,0,Operational,MEDIUM,0,0,5.0,0
SIM003493,12105,PURI,ECoR,12,2,5,0.25,1,Clear,0,Rolling Stock,MEDIUM,1,0,23.9,0
SIM003494,12092,JP,NWR,28,6,7,0.44,0,Clear,0,Signal,HIGH,2,0,121.7,0
SIM003495,12188,JBP,WCR,40,4,7,0.24,1,Rain,1,Passenger,HIGH,3,2,248.3,1
SIM003496,12225,MAS,SR,54,9,12,1.26,0,Clear,0,Signal,HIGH,4,0,557.7,0
SIM003497,12218,UBL,SWR,31,3,6,0.95,1,Clear,0,Weather,MEDIUM,3,0,153.4,1
SIM003498,12049,ST,WR,19,3,5,0.46,0,Clear,0,Weather,MEDIUM,1,0,44.5,0
SIM003499,12293,NGP,CR,1,7,8,0.93,0,Clear,0,Passenger,HIGH,0,0,1.0,0
SIM003500,12177,MLDT,ER,45,5,5,0.75,1,Storm,3,Crew,LOW,3,2,397.7,1
SIM003501,12226,SUR,CR,65,3,6,0.38,1,Clear,0,Operational,MEDIUM,5,2,1332.2,1
SIM003502,12142,HWH,ER,22,5,23,0.23,1,Clear,0,Infrastructure,HIGH,2,0,58.9,0
SIM003503,12139,BBS,ECoR,53,6,6,0.19,1,Rain,1,Operational,HIGH,3,2,442.0,1
SIM003504,12097,DD,CR,1,3,5,0.57,1,Clear,0,Crew,LOW,0,0,1.0,0
SIM003505,12192,GHY,NFR,14,4,6,0.18,1,Clear,0,Infrastructure,HIGH,1,0,21.0,0
SIM003506,12140,HYB,SCR,28,1,6,0.1,1,Clear,0,Operational,MEDIUM,2,0,63.6,0
SIM003507,12196,ROU,SER,68,3,5,0.12,1,Rain,1,Operational,LOW,5,2,1266.3,1
SIM003508,12193,KGP,SER,18,5,9,0.18,1,Clear,0,Rolling Stock,HIGH,1,0,36.0,1
SIM003509,12206,SBC,SWR,52,4,10,0.7,1,Rain,1,Weather,HIGH,4,2,446.5,1
SIM003510,12186,ASN,ER,2,4,8,0.11,1,Clear,0,Rolling Stock,MEDIUM,0,0,2.0,0
SIM003511,12301,SDAH,ER,37,3,20,0.54,1,Rain,1,Operational,HIGH,3,2,219.4,1
SIM003512,12233,NJP,NFR,27,2,6,0.11,0,Clear,0,Infrastructure,MEDIUM,2,0,75.2,1
SIM003513,12252,SBC,SWR,17,4,10,0.31,1,Clear,0,Weather,HIGH,1,0,31.0,1
SIM003514,12086,MAS,SR,30,9,12,0.76,0,Clear,0,Signal,HIGH,2,0,140.8,0
SIM003515,12082,MLDT,ER,31,5,5,0.49,0,Clear,0,Rolling Stock,LOW,3,0,155.6,1
SIM003516,12209,SUR,CR,7,3,6,0.16,1,Clear,0,Weather,MEDIUM,0,0,7.0,0
SIM003517,12101,KGP,SER,1,5,9,1.05,1,Clear,0,Infrastructure,HIGH,0,0,1.0,0
SIM003518,12286,PNBE,ECR,20,7,10,0.18,0,Clear,0,Infrastructure,HIGH,1,0,45.9,0
SIM003519,12239,DLI,NR,1,3,10,1.19,1,Clear,0,Signal,HIGH,0,0,1.0,0
SIM003520,12123,SC,SCR,1,7,10,1.2,1,Clear,0,Infrastructure,HIGH,0,0,1.0,0
SIM003521,12234,NDLS,NR,59,9,16,1.23,1,Fog,2,Rolling Stock,HIGH,4,2,836.6,1
SIM003522,12122,HYB,SCR,65,1,6,0.61,1,Storm,3,Infrastructure,MEDIUM,5,4,448.7,1
SIM003523,12228,JP,NWR,1,6,7,0.95,1,Clear,0,Signal,HIGH,0,0,1.0,0
SIM003524,12168,BPL,WCR,28,6,6,1.13,0,Clear,0,Infrastructure,HIGH,2,0,141.5,1
SIM003525,12030,CTC,ECoR,12,1,6,0.73,0,Clear,0,Signal,MEDIUM,1,0,17.9,0
SIM003526,12087,MAS,SR,4,9,12,1.01,1,Clear,0,Passenger,HIGH,0,0,4.0,0
SIM003527,12119,BPL,WCR,29,6,6,0.82,1,Fog,2,Crew,HIGH,2,2,161.5,1
SIM003528,12304,MAS,SR,40,9,12,0.38,1,Fog,2,Operational,HIGH,3,2,306.0,0
SIM003529,12275,ASR,NR,18,4,6,0.64,0,Rain,1,Passenger,MEDIUM,1,0,37.5,0
SIM003530,12027,RTM,WR,30,4,6,0.44,1,Clear,0,Crew,MEDIUM,2,0,139.8,1
SIM003531,12186,GHY,NFR,47,4,6,0.28,1,Clear,0,Passenger,HIGH,4,2,314.2,1
SIM003532,12228,TVC,SR,62,5,5,0.95,1,Clear,0,Signal,HIGH,4,2,948.7,0
SIM003533,12209,SUR,CR,14,3,6,0.97,1,Clear,0,Infrastructure,MEDIUM,1,0,19.0,0
SIM003534,12297,BSP,SECR,36,6,8,1.15,1,Clear,0,Signal,HIGH,3,2,224.6,1
SIM003535,12292,HYB,SCR,31,1,6,0.32,0,Clear,0,Weather,MEDIUM,2,0,52.3,0
SIM003536,12225,NDLS,NR,12,9,16,0.16,0,Clear,0,Infrastructure,HIGH,0,0,12.0,0
SIM003537,12087,MAS,SR,3,9,12,0.43,1,Clear,0,Weather,HIGH,0,0,3.0,0
SIM003538,12018,SDAH,ER,1,3,20,0.63,0,Clear,0,Weather,HIGH,0,0,1.0,0
SIM003539,12311,TATA,SER,49,2,6,0.9,0,Rain,1,Infrastructure,MEDIUM,4,0,358.9,1
SIM003540,12277,NDLS,NR,1,9,16,0.14,0,Storm,3,Weather,HIGH,0,0,1.0,0
SIM003541,12274,BBS,ECoR,9,6,6,0.49,1,Clear,0,Infrastructure,HIGH,0,0,9.0,0
SIM003542,12010,CSMT,CR,35,8,18,0.75,1,Clear,0,Rolling Stock,HIGH,3,0,228.4,1
SIM003543,12234,PRYJ,NCR,24,6,10,0.96,1,Clear,0,Operational,HIGH,2,0,83.6,1
SIM003544,12237,ROU,SER,39,3,5,0.76,1,Fog,2,Signal,LOW,3,2,272.0,1
SIM003545,12180,ADI,WR,19,6,12,1.0,1,Clear,0,Operational,HIGH,1,0,41.4,0
SIM003546,12221,PNBE,ECR,52,7,10,0.94,0,Storm,3,Crew,HIGH,4,0,516.5,1
SIM003547,12149,CTC,ECoR,39,1,6,0.71,1,Rain,1,Rolling Stock,MEDIUM,3,2,133.6,1
SIM003548,12279,HYB,SCR,1,1,6,0.92,1,Clear,0,Crew,MEDIUM,0,0,1.0,0
SIM003549,12159,JP,NWR,59,6,7,1.13,1,Clear,0,Weather,HIGH,4,2,953.0,0
SIM003550,12141,NGP,CR,44,7,8,0.2,0,Rain,1,Operational,HIGH,3,0,358.9,1
SIM003551,12192,GHY,NFR,26,4,6,0.48,1,Clear,0,Weather,HIGH,2,0,72.1,1
SIM003552,12092,JP,NWR,43,6,7,1.23,0,Clear,0,Rolling Stock,HIGH,3,0,267.6,0
SIM003553,12062,SDAH,ER,1,3,20,0.82,1,Clear,0,Signal,HIGH,0,0,1.0,0
SIM003554,12027,RTM,WR,30,4,6,0.39,1,Clear,0,Crew,MEDIUM,2,0,100.6,1
SIM003555,12184,R,SECR,12,3,7,0.87,1,Heavy Rain,2,Crew,MEDIUM,1,0,18.6,0
SIM003556,12271,GKP,NER,70,5,10,1.24,1,Clear,0,Operational,HIGH,5,2,1221.0,1
SIM003557,12290,KGP,SER,1,5,9,1.19,1,Clear,0,Weather,HIGH,0,0,1.0,0
SIM003558,12031,UMB,NR,29,3,8,0.12,0,Clear,0,Operational,MEDIUM,2,0,114.0,0
SIM003559,12126,UMB,NR,1,3,8,0.21,1,Clear,0,Signal,MEDIUM,0,0,1.0,0
SIM003560,12050,PURI,ECoR,6,2,5,0.89,0,Clear,0,Rolling Stock,MEDIUM,0,0,6.0,0
SIM003561,12028,COR,WCR,12,5,8,0.93,1,Fog,2,Crew,MEDIUM,0,0,12.0,0
SIM003562,12026,AGC,NCR,48,2,6,0.19,1,Heavy Rain,2,Crew,MEDIUM,4,0,363.8,1
SIM003563,12195,DLI,NR,46,3,10,0.54,0,Rain,1,Signal,HIGH,3,0,366.9,1
SIM003564,12003,BCT,WR,28,6,7,1.24,0,Clear,0,Rolling Stock,HIGH,2,0,136.5,1
SIM003565,12286,COR,WCR,19,5,8,0.28,0,Clear,0,Signal,MEDIUM,1,0,49.1,1
SIM003566,12253,ST,WR,7,3,5,0.5,1,Clear,0,Rolling Stock,MEDIUM,0,0,7.0,0
SIM003567,12159,COR,WCR,80,5,8,0.74,1,Clear,0,Infrastructure,MEDIUM,5,2,1990.7,1
SIM003568,12257,SBC,SWR,79,4,10,1.1,1,Rain,1,Weather,HIGH,5,2,1949.5,1
SIM003569,12004,ADI,WR,13,6,12,0.96,1,Clear,0,Crew,HIGH,0,0,13.0,0
SIM003570,12266,BPL,WCR,27,6,6,1.2,1,Clear,0,Operational,HIGH,2,0,113.9,1
SIM003571,12173,MYS,SWR,25,2,5,0.31,1,Clear,0,Operational,MEDIUM,2,0,74.6,1
SIM003572,12292,SC,SCR,48,7,10,0.67,0,Rain,1,Passenger,HIGH,4,0,447.4,1
SIM003573,12149,CTC,ECoR,83,1,6,0.66,1,Clear,0,Passenger,MEDIUM,5,2,900.3,1
SIM003574,12038,KGP,SER,1,5,9,0.56,1,Clear,0,Crew,HIGH,0,0,1.0,0
SIM003575,12189,ASR,NR,43,4,6,0.54,1,Storm,3,Weather,MEDIUM,3,2,328.8,1
SIM003576,12062,SDAH,ER,38,3,20,0.99,1,Clear,0,Infrastructure,HIGH,3,2,279.9,1
SIM003577,12191,MDU,SR,38,4,6,0.85,0,Clear,0,Rolling Stock,MEDIUM,3,0,203.6,0
SIM003578,12158,SC,SCR,14,7,10,0.81,1,Clear,0,Signal,HIGH,1,0,26.1,0
SIM003579,12196,BWN,ER,1,3,6,0.72,1,Clear,0,Weather,MEDIUM,0,0,1.0,0
SIM003580,12156,VSKP,ECoR,16,5,8,1.22,0,Fog,2,Signal,HIGH,1,0,27.3,1
SIM003581,12294,PNBE,ECR,1,7,10,0.37,0,Clear,0,Passenger,HIGH,0,0,1.0,0
SIM003582,12305,PRYJ,NCR,5,6,10,0.95,1,Rain,1,Weather,HIGH,0,0,5.0,0
SIM003583,12224,NJP,NFR,23,2,6,0.78,0,Clear,0,Operational,MEDIUM,2,0,61.7,1
SIM003584,12039,RTM,WR,52,4,6,0.62,0,Heavy Rain,2,Signal,MEDIUM,4,0,667.4,1
SIM003585,12272,MS,SR,37,2,10,0.28,0,Clear,0,Weather,MEDIUM,3,0,162.4,0
SIM003586,12200,BPL,WCR,11,6,6,0.88,0,Heavy Rain,2,Infrastructure,HIGH,1,0,16.2,1
SIM003587,12186,ADI,WR,5,6,12,0.27,1,Fog,2,Rolling Stock,HIGH,0,0,5.0,0
SIM003588,12303,HWH,ER,1,5,23,1.07,1,Clear,0,Signal,HIGH,0,0,1.0,0
SIM003589,12016,BCT,WR,60,6,7,0.48,1,Rain,1,Weather,HIGH,4,0,977.1,1
SIM003590,12036,BWN,ER,1,3,6,0.98,1,Clear,0,Crew,MEDIUM,0,0,1.0,0
SIM003591,12273,BPL,WCR,11,6,6,1.12,1,Clear,0,Operational,HIGH,1,0,16.0,0
SIM003592,12079,ERS,SR,1,3,5,0.39,1,Clear,0,Operational,MEDIUM,0,0,1.0,0
SIM003593,12212,JHS,NCR,16,3,7,0.38,1,Clear,0,Weather,MEDIUM,1,0,22.1,0
SIM003594,12223,HYB,SCR,21,1,6,0.25,1,Clear,0,Rolling Stock,MEDIUM,1,0,29.1,0
SIM003595,12149,BBS,ECoR,19,6,6,1.02,1,Rain,1,Passenger,HIGH,1,0,45.6,0
SIM003596,12206,MAS,SR,48,9,12,0.9,1,Clear,0,Passenger,HIGH,4,0,394.9,0
SIM003597,12307,NGP,CR,29,7,8,0.44,1,Clear,0,Operational,HIGH,2,0,128.5,1
SIM003598,12193,MAS,SR,77,9,12,1.01,1,Clear,0,Rolling Stock,HIGH,5,2,2000.2,0
SIM003599,12025,AII,NWR,1,3,6,0.31,1,Rain,1,Signal,MEDIUM,0,0,1.0,0
SIM003600,12316,BWN,ER,56,3,6,0.97,1,Rain,1,Infrastructure,MEDIUM,4,0,570.4,1
SIM003601,12147,UBL,SWR,27,3,6,0.82,0,Clear,0,Infrastructure,MEDIUM,2,0,117.5,1
SIM003602,12221,PRYJ,NCR,41,6,10,0.58,0,Clear,0,Signal,HIGH,3,0,310.7,1
SIM003603,12283,BPL,WCR,35,6,6,0.26,1,Rain,1,Infrastructure,HIGH,3,2,213.0,1
SIM003604,12175,COR,WCR,29,5,8,0.46,0,Clear,0,Infrastructure,MEDIUM,2,0,109.7,1
SIM003605,12087,NGP,CR,3,7,8,1.03,1,Rain,1,Rolling Stock,HIGH,0,0,3.0,0
SIM003606,12029,BPL,WCR,1,6,6,0.86,0,Rain,1,Infrastructure,HIGH,0,0,1.0,0
SIM003607,12022,COR,WCR,11,5,8,0.23,1,Clear,0,Infrastructure,MEDIUM,0,0,11.0,0
SIM003608,12221,SBC,SWR,21,4,10,0.71,0,Clear,0,Infrastructure,HIGH,2,0,62.0,1
SIM003609,12066,VSKP,ECoR,34,5,8,0.76,1,Storm,3,Signal,HIGH,2,2,202.2,1
SIM003610,12173,SBC,SWR,47,4,10,0.78,1,Clear,0,Weather,HIGH,4,0,455.6,1
SIM003611,12156,VSKP,ECoR,29,5,8,0.96,0,Clear,0,Passenger,HIGH,2,0,145.1,1
SIM003612,12148,ADI,WR,24,6,12,1.27,1,Storm,3,Operational,HIGH,2,0,65.4,0
SIM003613,12101,PNBE,ECR,37,7,10,0.64,1,Clear,0,Crew,HIGH,3,0,244.2,1
SIM003614,12171,PRYJ,NCR,12,6,10,0.86,1,Clear,0,Weather,HIGH,0,0,12.0,0
SIM003615,12084,DLI,NR,6,3,10,0.82,1,Storm,3,Infrastructure,HIGH,0,0,6.0,0
SIM003616,12317,MAS,SR,30,9,12,0.68,0,Clear,0,Infrastructure,HIGH,3,0,135.9,0
SIM003617,12227,BZA,SCR,1,5,10,0.78,1,Clear,0,Passenger,HIGH,0,0,1.0,0
SIM003618,12251,R,SECR,38,3,7,0.15,0,Clear,0,Operational,MEDIUM,3,0,269.5,1
SIM003619,12092,KYN,CR,77,5,8,0.19,0,Clear,0,Operational,HIGH,5,0,1691.9,1
SIM003620,12236,HWH,ER,8,5,23,0.84,1,Rain,1,Signal,HIGH,0,0,8.0,0
SIM003621,12126,NDLS,NR,11,9,16,1.2,1,Clear,0,Weather,HIGH,1,0,16.8,0
SIM003622,12014,ADI,WR,36,6,12,0.4,0,Clear,0,Rolling Stock,HIGH,3,0,209.0,1
SIM003623,12222,R,SECR,29,3,7,0.27,1,Clear,0,Rolling Stock,MEDIUM,3,0,143.1,1
SIM003624,12020,PUNE,CR,24,5,6,0.51,1,Clear,0,Signal,HIGH,2,0,71.5,1
SIM003625,12194,PRYJ,NCR,9,6,10,0.44,1,Storm,3,Infrastructure,HIGH,0,0,9.0,0
SIM003626,12228,TVC,SR,1,5,5,0.74,1,Fog,2,Rolling Stock,HIGH,0,0,1.0,0
SIM003627,12312,ST,WR,78,3,5,0.48,0,Clear,0,Signal,MEDIUM,5,0,2067.5,1
SIM003628,12305,NDLS,NR,64,9,16,0.44,1,Clear,0,Rolling Stock,HIGH,4,2,1082.7,1
SIM003629,12003,KYN,CR,5,5,8,0.59,0,Heavy Rain,2,Infrastructure,HIGH,0,0,5.0,0
SIM003630,12053,AII,NWR,1,3,6,0.86,1,Clear,0,Signal,MEDIUM,0,0,1.0,0
SIM003631,12006,GKP,NER,36,5,10,0.37,1,Clear,0,Passenger,HIGH,3,0,202.2,1
SIM003632,12202,PNBE,ECR,59,7,10,0.61,1,Rain,1,Weather,HIGH,4,0,762.4,1
SIM003633,12187,BSP,SECR,1,6,8,0.63,1,Clear,0,Rolling Stock,HIGH,0,0,1.0,0
SIM003634,12273,JHS,NCR,28,3,7,0.35,1,Clear,0,Weather,MEDIUM,2,0,80.2,1
SIM003635,12156,NDLS,NR,32,9,16,0.58,0,Rain,1,Crew,HIGH,2,0,109.0,1
SIM003636,12117,BPL,WCR,35,6,6,0.81,1,Rain,1,Signal,HIGH,3,2,242.3,1
SIM003637,12172,SDAH,ER,27,3,20,0.33,1,Fog,2,Weather,HIGH,2,0,118.6,1
SIM003638,12311,TATA,SER,12,2,6,0.75,0,Clear,0,Infrastructure,MEDIUM,0,0,12.0,0
SIM003639,12164,BSP,SECR,16,6,8,0.96,0,Clear,0,Weather,HIGH,1,0,24.9,0
SIM003640,12313,GHY,NFR,27,4,6,0.93,0,Clear,0,Signal,HIGH,2,0,78.3,1
SIM003641,12033,PUNE,CR,44,5,6,0.98,0,Rain,1,Weather,HIGH,3,0,444.4,1
SIM003642,12029,BPL,WCR,1,6,6,1.08,0,Clear,0,Weather,HIGH,0,0,1.0,0
SIM003643,12256,NDLS,NR,21,9,16,0.85,0,Clear,0,Rolling Stock,HIGH,2,0,80.4,1
SIM003644,12264,KYN,CR,31,5,8,1.2,1,Fog,2,Signal,HIGH,3,0,139.3,1
SIM003645,12199,SBC,SWR,41,4,10,0.2,1,Clear,0,Infrastructure,HIGH,4,2,305.3,1
SIM003646,12112,UMB,NR,15,3,8,0.93,1,Clear,0,Passenger,MEDIUM,1,0,21.1,0
SIM003647,12014,CTC,ECoR,54,1,6,0.48,0,Clear,0,Signal,MEDIUM,4,0,255.2,1
SIM003648,12095,JP,NWR,34,6,7,0.72,1,Fog,2,Rolling Stock,HIGH,2,2,171.6,0
SIM003649,12308,ADI,WR,63,6,12,0.57,0,Rain,1,Weather,HIGH,4,0,866.0,1
SIM003650,12000,JP,NWR,61,6,7,0.81,1,Clear,0,Operational,HIGH,4,2,1222.6,0
SIM003651,12217,HYB,SCR,49,1,6,0.49,1,Clear,0,Signal,MEDIUM,4,2,254.6,1
SIM003652,12166,BCT,WR,36,6,7,0.52,1,Fog,2,Weather,HIGH,3,0,217.9,1
SIM003653,12272,VSKP,ECoR,59,5,8,1.16,0,Storm,3,Passenger,HIGH,4,0,740.2,1
SIM003654,12228,TVC,SR,36,5,5,0.71,1,Clear,0,Operational,HIGH,3,2,255.9,0
SIM003655,12258,BBS,ECoR,30,6,6,0.86,0,Clear,0,Rolling Stock,HIGH,2,0,126.1,1
SIM003656,12165,NGP,CR,66,7,8,0.41,1,Clear,0,Rolling Stock,HIGH,5,0,1091.7,1
SIM003657,12237,BSP,SECR,1,6,8,0.17,1,Clear,0,Weather,HIGH,0,0,1.0,0
SIM003658,12044,BSP,SECR,70,6,8,0.6,1,Clear,0,Rolling Stock,HIGH,5,4,1427.6,1
SIM003659,12284,SDAH,ER,58,3,20,1.21,0,Rain,1,Crew,HIGH,4,0,781.0,1
SIM003660,12268,NGP,CR,20,7,8,0.84,1,Clear,0,Infrastructure,HIGH,1,0,50.4,1
SIM003661,12265,MDU,SR,32,4,6,0.21,1,Clear,0,Weather,MEDIUM,3,2,175.5,0
SIM003662,12256,KYN,CR,31,5,8,0.81,0,Rain,1,Signal,HIGH,2,0,124.1,1
SIM003663,12144,MS,SR,5,2,10,0.38,1,Heavy Rain,2,Operational,MEDIUM,0,0,5.0,0
SIM003664,12317,BBS,ECoR,37,6,6,0.31,0,Clear,0,Operational,HIGH,3,0,183.6,1
SIM003665,12224,COR,WCR,22,5,8,0.7,0,Clear,0,Rolling Stock,MEDIUM,2,0,63.3,1
SIM003666,12042,ROU,SER,35,3,5,0.48,0,Clear,0,Rolling Stock,LOW,3,0,225.7,1
SIM003667,12143,KGP,SER,1,5,9,0.56,0,Fog,2,Operational,HIGH,0,0,1.0,0
SIM003668,12018,SDAH,ER,41,3,20,0.93,0,Clear,0,Signal,HIGH,3,0,287.4,1
SIM003669,12311,KGP,SER,36,5,9,0.31,0,Clear,0,Operational,HIGH,3,0,204.1,1
SIM003670,12168,BZA,SCR,34,5,10,0.94,0,Clear,0,Rolling Stock,HIGH,3,0,202.6,1
SIM003671,12112,NDLS,NR,60,9,16,1.12,1,Fog,2,Weather,HIGH,4,2,966.2,1
SIM003672,12140,HWH,ER,48,5,23,0.4,1,Fog,2,Infrastructure,HIGH,4,2,403.7,1
SIM003673,12206,SBC,SWR,40,4,10,1.16,1,Clear,0,Rolling Stock,HIGH,3,0,275.0,1
SIM003674,12031,LDH,NR,23,3,6,0.74,0,Clear,0,Passenger,MEDIUM,2,0,60.8,0
SIM003675,12038,ERS,SR,30,3,5,0.35,1,Clear,0,Operational,MEDIUM,3,0,146.9,0
SIM003676,12047,MFP,ECR,63,3,6,0.51,1,Clear,0,Signal,MEDIUM,4,2,932.3,1
SIM003677,12077,NGP,CR,1,7,8,0.62,0,Clear,0,Operational,HIGH,0,0,1.0,0
SIM003678,12192,ADI,WR,60,6,12,0.62,1,Clear,0,Crew,HIGH,4,2,746.9,1
SIM003679,12294,BWN,ER,38,3,6,0.89,0,Clear,0,Signal,MEDIUM,3,0,282.8,1
SIM003680,12048,ADI,WR,23,6,12,0.86,1,Fog,2,Crew,HIGH,2,2,92.0,0
SIM003681,12019,SUR,CR,38,3,6,0.98,1,Rain,1,Infrastructure,MEDIUM,3,2,248.7,1
SIM003682,12156,COR,WCR,53,5,8,0.19,0,Clear,0,Infrastructure,MEDIUM,4,0,598.8,1
SIM003683,12000,JP,NWR,1,6,7,1.06,1,Fog,2,Weather,HIGH,0,0,1.0,0
SIM003684,12088,MAS,SR,5,9,12,0.8,1,Fog,2,Infrastructure,HIGH,0,0,5.0,0
SIM003685,12302,KGP,SER,61,5,9,0.24,1,Clear,0,Rolling Stock,HIGH,4,4,1011.8,1
SIM003686,12293,HYB,SCR,29,1,6,0.7,0,Clear,0,Crew,MEDIUM,2,0,62.9,0
SIM003687,12014,BCT,WR,36,6,7,1.23,0,Rain,1,Infrastructure,HIGH,3,0,198.1,1
SIM003688,12278,RTM,WR,36,4,6,0.25,1,Fog,2,Signal,MEDIUM,3,0,212.8,1
SIM003689,12234,PRYJ,NCR,35,6,10,0.97,1,Heavy Rain,2,Weather,HIGH,3,0,223.8,1
SIM003690,12307,NGP,CR,29,7,8,0.45,1,Clear,0,Operational,HIGH,3,0,158.2,1
SIM003691,12202,GKP,NER,41,5,10,1.13,1,Fog,2,Weather,HIGH,3,0,267.0,1
SIM003692,12212,NDLS,NR,1,9,16,1.23,1,Rain,1,Infrastructure,HIGH,0,0,1.0,0
SIM003693,12199,MYS,SWR,57,2,5,0.29,1,Rain,1,Rolling Stock,MEDIUM,4,2,511.8,1
SIM003694,12302,KGP,SER,39,5,9,0.53,1,Heavy Rain,2,Rolling Stock,HIGH,3,2,270.0,1
SIM003695,12183,PNBE,ECR,10,7,10,1.11,1,Clear,0,Signal,HIGH,0,0,10.0,0
SIM003696,12053,PRYJ,NCR,3,6,10,1.19,1,Rain,1,Operational,HIGH,0,0,3.0,0
SIM003697,12295,BSP,SECR,14,6,8,0.58,1,Clear,0,Infrastructure,HIGH,1,0,20.7,0
SIM003698,12213,BCT,WR,1,6,7,0.13,1,Fog,2,Weather,HIGH,0,0,1.0,0
SIM003699,12235,CSMT,CR,39,8,18,0.62,1,Clear,0,Rolling Stock,HIGH,3,0,237.1,1
SIM003700,12087,CSMT,CR,20,8,18,0.92,1,Clear,0,Signal,HIGH,1,0,45.1,0
SIM003701,12113,VSKP,ECoR,15,5,8,0.89,1,Fog,2,Signal,HIGH,1,0,35.5,1
SIM003702,12265,KGP,SER,14,5,9,0.28,1,Rain,1,Operational,HIGH,0,0,14.0,0
SIM003703,12288,ST,WR,67,3,5,0.98,0,Clear,0,Weather,MEDIUM,5,0,1210.6,1
SIM003704,12055,MS,SR,43,2,10,0.82,1,Clear,0,Operational,MEDIUM,4,0,296.8,0
SIM003705,12146,COR,WCR,51,5,8,0.33,1,Rain,1,Rolling Stock,MEDIUM,4,2,714.4,1
SIM003706,12001,KYN,CR,39,5,8,0.31,1,Rain,1,Crew,HIGH,3,2,309.8,1
SIM003707,12181,NJP,NFR,16,2,6,0.39,1,Clear,0,Operational,MEDIUM,1,0,24.6,1
SIM003708,12087,NGP,CR,20,7,8,1.26,1,Clear,0,Signal,HIGH,1,0,50.6,1
SIM003709,12102,KYN,CR,35,5,8,0.66,1,Clear,0,Infrastructure,HIGH,3,2,205.4,1
SIM003710,12266,COR,WCR,53,5,8,0.71,1,Clear,0,Infrastructure,MEDIUM,4,2,665.4,1
SIM003711,12011,ADI,WR,35,6,12,1.24,0,Clear,0,Signal,HIGH,3,0,208.1,1
SIM003712,12192,ADI,WR,32,6,12,0.51,1,Fog,2,Infrastructure,HIGH,2,0,129.7,1
SIM003713,12164,BSP,SECR,41,6,8,0.78,0,Clear,0,Operational,HIGH,3,0,262.5,1
SIM003714,12300,CSMT,CR,88,8,18,0.93,1,Clear,0,Passenger,HIGH,6,4,3258.7,1
SIM003715,12051,GHY,NFR,45,4,6,0.26,1,Clear,0,Signal,HIGH,3,2,281.3,1
SIM003716,12198,PNBE,ECR,61,7,10,0.65,1,Fog,2,Weather,HIGH,5,0,869.3,1
SIM003717,12184,ROU,SER,11,3,5,0.22,1,Rain,1,Weather,LOW,1,0,22.5,0
SIM003718,12234,PRYJ,NCR,24,6,10,0.32,1,Clear,0,Operational,HIGH,1,0,56.8,1
SIM003719,12086,VSKP,ECoR,18,5,8,0.21,0,Clear,0,Infrastructure,HIGH,1,0,40.1,1
SIM003720,12118,TVC,SR,3,5,5,0.78,0,Clear,0,Passenger,HIGH,0,0,3.0,0
SIM003721,12234,PRYJ,NCR,1,6,10,0.45,1,Clear,0,Passenger,HIGH,0,0,1.0,0
SIM003722,12195,ASR,NR,34,4,6,0.28,0,Clear,0,Infrastructure,MEDIUM,3,0,185.8,0
SIM003723,12003,KYN,CR,5,5,8,0.84,0,Heavy Rain,2,Infrastructure,HIGH,0,0,5.0,0
SIM003724,12187,NDLS,NR,37,9,16,0.47,1,Clear,0,Infrastructure,HIGH,3,2,212.8,1
SIM003725,12064,COR,WCR,3,5,8,0.68,1,Fog,2,Infrastructure,MEDIUM,0,0,3.0,0
SIM003726,12267,PURI,ECoR,14,2,5,0.44,0,Fog,2,Crew,MEDIUM,0,0,14.0,0
SIM003727,12138,TVC,SR,62,5,5,1.07,1,Clear,0,Operational,HIGH,4,0,879.1,0
SIM003728,12024,MAS,SR,67,9,12,0.15,1,Clear,0,Rolling Stock,HIGH,5,2,1226.5,0
SIM003729,12033,SC,SCR,24,7,10,1.21,0,Clear,0,Infrastructure,HIGH,2,0,85.4,1
SIM003730,12161,PRYJ,NCR,1,6,10,0.73,1,Clear,0,Crew,HIGH,0,0,1.0,0
SIM003731,12288,JP,NWR,54,6,7,0.14,0,Rain,1,Operational,HIGH,4,0,593.7,0
SIM003732,12211,TVC,SR,20,5,5,0.56,1,Clear,0,Operational,HIGH,1,0,42.5,0
SIM003733,12092,JP,NWR,43,6,7,1.3,0,Clear,0,Rolling Stock,HIGH,3,0,371.7,0
SIM003734,12113,MAS,SR,1,9,12,1.07,1,Heavy Rain,2,Rolling Stock,HIGH,0,0,1.0,0
SIM003735,12156,COR,WCR,76,5,8,0.34,0,Clear,0,Operational,MEDIUM,5,0,1829.7,1
SIM003736,12265,KGP,SER,6,5,9,0.34,1,Heavy Rain,2,Passenger,HIGH,0,0,6.0,0
SIM003737,12108,BCT,WR,17,6,7,0.88,1,Rain,1,Signal,HIGH,1,0,31.7,0
SIM003738,12304,MAO,KR,1,3,5,0.41,1,Clear,0,Signal,MEDIUM,0,0,1.0,0
SIM003739,12179,AGC,NCR,15,2,6,0.42,1,Clear,0,Infrastructure,MEDIUM,1,0,20.4,0
SIM003740,12127,MLDT,ER,64,5,5,0.2,1,Storm,3,Rolling Stock,LOW,5,2,1055.3,1
SIM003741,12209,JHS,NCR,28,3,7,0.62,1,Clear,0,Infrastructure,MEDIUM,2,2,129.8,1
SIM003742,12191,MDU,SR,38,4,6,0.88,0,Clear,0,Rolling Stock,MEDIUM,3,0,255.9,0
SIM003743,12201,SDAH,ER,21,3,20,1.07,1,Rain,1,Crew,HIGH,1,0,48.2,1
SIM003744,12056,JP,NWR,26,6,7,1.19,0,Clear,0,Rolling Stock,HIGH,2,0,88.9,0
SIM003745,12082,NJP,NFR,1,2,6,0.87,0,Clear,0,Signal,MEDIUM,0,0,1.0,0
SIM003746,12125,PNBE,ECR,32,7,10,1.1,1,Clear,0,Weather,HIGH,2,2,155.2,1
SIM003747,12092,KYN,CR,1,5,8,0.31,0,Clear,0,Crew,HIGH,0,0,1.0,0
SIM003748,12255,MAS,SR,43,9,12,0.61,1,Clear,0,Weather,HIGH,3,0,296.4,0
SIM003749,12315,MAS,SR,43,9,12,0.17,1,Rain,1,Operational,HIGH,3,2,346.0,0
SIM003750,12164,KYN,CR,10,5,8,0.29,0,Clear,0,Infrastructure,HIGH,0,0,10.0,0
SIM003751,12048,BZA,SCR,81,5,10,1.26,1,Fog,2,Weather,HIGH,5,4,2511.2,1
SIM003752,12308,ADI,WR,31,6,12,1.05,0,Clear,0,Infrastructure,HIGH,2,0,118.2,1
SIM003753,12004,BCT,WR,79,6,7,1.19,1,Clear,0,Rolling Stock,HIGH,5,2,2101.5,1
SIM003754,12176,JHS,NCR,4,3,7,0.34,1,Clear,0,Signal,MEDIUM,0,0,4.0,0
SIM003755,12273,JHS,NCR,6,3,7,0.58,1,Clear,0,Weather,MEDIUM,0,0,6.0,0
SIM003756,12277,NGP,CR,25,7,8,0.36,0,Rain,1,Infrastructure,HIGH,2,0,112.2,1
SIM003757,12083,BBS,ECoR,29,6,6,1.04,1,Fog,2,Signal,HIGH,2,0,94.2,1
SIM003758,12148,JBP,WCR,1,4,7,0.68,1,Clear,0,Weather,HIGH,0,0,1.0,0
SIM003759,12214,BBS,ECoR,26,6,6,1.22,1,Clear,0,Rolling Stock,HIGH,2,0,109.3,1
SIM003760,12274,BBS,ECoR,19,6,6,0.24,1,Heavy Rain,2,Infrastructure,HIGH,2,0,51.0,0
SIM003761,12251,BSP,SECR,28,6,8,0.8,0,Clear,0,Signal,HIGH,2,0,95.1,1
SIM003762,12244,JP,NWR,1,6,7,1.06,1,Clear,0,Signal,HIGH,0,0,1.0,0
SIM003763,12253,ST,WR,36,3,5,0.8,1,Clear,0,Signal,MEDIUM,3,2,222.8,1
SIM003764,12225,MAS,SR,8,9,12,1.15,0,Clear,0,Weather,HIGH,0,0,8.0,0
SIM003765,12264,KYN,CR,21,5,8,0.64,1,Clear,0,Rolling Stock,HIGH,1,0,50.5,1
SIM003766,12048,SC,SCR,46,7,10,1.17,1,Clear,0,Signal,HIGH,4,2,447.0,1
SIM003767,12130,BBS,ECoR,21,6,6,1.2,0,Clear,0,Rolling Stock,HIGH,1,0,49.0,0
SIM003768,12027,RTM,WR,45,4,6,0.16,1,Rain,1,Signal,MEDIUM,3,0,385.0,1
SIM003769,12255,MDU,SR,53,4,6,0.28,1,Clear,0,Weather,MEDIUM,4,0,565.2,0
SIM003770,12162,MAO,KR,3,3,5,0.91,1,Clear,0,Passenger,MEDIUM,0,0,3.0,0
SIM003771,12056,AII,NWR,6,3,6,0.38,0,Rain,1,Passenger,MEDIUM,0,0,6.0,0
SIM003772,12236,MAS,SR,31,9,12,0.48,1,Clear,0,Operational,HIGH,2,2,160.3,0
SIM003773,12043,MAS,SR,72,9,12,0.34,1,Clear,0,Crew,HIGH,5,2,1671.0,0
SIM003774,12034,SUR,CR,78,3,6,0.91,1,Clear,0,Operational,MEDIUM,5,2,2187.3,1
SIM003775,12186,GHY,NFR,60,4,6,0.2,1,Fog,2,Operational,HIGH,4,2,714.1,1
SIM003776,12213,SC,SCR,35,7,10,0.18,1,Rain,1,Crew,HIGH,3,2,169.3,1
SIM003777,12116,ROU,SER,9,3,5,0.85,1,Clear,0,Weather,LOW,0,0,9.0,0
SIM003778,12169,MFP,ECR,22,3,6,0.26,0,Fog,2,Passenger,MEDIUM,2,0,63.7,1
SIM003779,12028,JHS,NCR,26,3,7,0.85,1,Fog,2,Infrastructure,MEDIUM,2,0,121.0,1
SIM003780,12248,HWH,ER,13,5,23,0.41,1,Fog,2,Rolling Stock,HIGH,1,0,25.2,0
SIM003781,12066,VSKP,ECoR,58,5,8,1.2,1,Clear,0,Crew,HIGH,4,2,963.0,1
SIM003782,12265,KGP,SER,14,5,9,0.68,1,Rain,1,Operational,HIGH,1,0,27.9,1
SIM003783,12254,BPL,WCR,50,6,6,0.64,0,Rain,1,Weather,HIGH,4,0,562.9,1
SIM003784,12054,NDLS,NR,1,9,16,1.14,0,Clear,0,Weather,HIGH,0,0,1.0,0
SIM003785,12255,MDU,SR,53,4,6,0.5,1,Clear,0,Weather,MEDIUM,4,0,494.7,0
SIM003786,12200,PRYJ,NCR,49,6,10,0.75,0,Clear,0,Crew,HIGH,4,0,445.5,1
SIM003787,12278,BPL,WCR,22,6,6,0.44,1,Clear,0,Infrastructure,HIGH,1,0,50.9,1
SIM003788,12205,CSMT,CR,49,8,18,0.98,0,Rain,1,Passenger,HIGH,4,0,461.9,1
SIM003789,12309,PNBE,ECR,20,7,10,0.96,0,Clear,0,Signal,HIGH,2,0,58.1,1
SIM003790,12140,HYB,SCR,63,1,6,0.91,1,Clear,0,Rolling Stock,MEDIUM,4,2,414.7,1
SIM003791,12299,PRYJ,NCR,52,6,10,0.52,1,Clear,0,Crew,HIGH,4,2,460.4,1
SIM003792,12190,JBP,WCR,44,4,7,0.97,0,Rain,1,Operational,HIGH,4,0,393.1,1
SIM003793,12006,PNBE,ECR,43,7,10,0.72,1,Clear,0,Weather,HIGH,3,0,327.0,1
SIM003794,12136,BBS,ECoR,1,6,6,0.17,1,Rain,1,Rolling Stock,HIGH,0,0,1.0,0
SIM003795,12174,MAS,SR,1,9,12,0.89,0,Clear,0,Crew,HIGH,0,0,1.0,0
SIM003796,12047,GKP,NER,9,5,10,0.76,1,Clear,0,Passenger,HIGH,0,0,9.0,0
SIM003797,12251,PRYJ,NCR,1,6,10,0.77,0,Clear,0,Infrastructure,HIGH,0,0,1.0,0
SIM003798,12117,SDAH,ER,31,3,20,0.55,1,Heavy Rain,2,Infrastructure,HIGH,3,2,204.9,1
SIM003799,12159,AII,NWR,15,3,6,0.58,1,Clear,0,Rolling Stock,MEDIUM,1,0,29.2,0
SIM003800,12135,BSP,SECR,23,6,8,0.28,1,Rain,1,Rolling Stock,HIGH,2,0,60.7,1
SIM003801,12025,AII,NWR,51,3,6,0.56,1,Clear,0,Signal,MEDIUM,4,2,540.3,0
SIM003802,12156,VSKP,ECoR,29,5,8,0.48,0,Clear,0,Passenger,HIGH,3,0,153.1,1
SIM003803,12172,NDLS,NR,7,9,16,0.58,1,Clear,0,Infrastructure,HIGH,0,0,7.0,0
SIM003804,12018,NDLS,NR,24,9,16,0.71,0,Heavy Rain,2,Infrastructure,HIGH,2,0,94.2,0
SIM003805,12101,PNBE,ECR,60,7,10,0.65,1,Heavy Rain,2,Weather,HIGH,4,2,684.9,1
SIM003806,12053,PRYJ,NCR,3,6,10,0.15,1,Rain,1,Operational,HIGH,0,0,3.0,0
SIM003807,12247,ERS,SR,58,3,5,0.21,0,Clear,0,Rolling Stock,MEDIUM,4,0,786.6,0
SIM003808,12249,KGP,SER,43,5,9,0.29,1,Clear,0,Infrastructure,HIGH,3,2,370.5,1
SIM003809,12181,GHY,NFR,15,4,6,1.01,1,Clear,0,Passenger,HIGH,1,0,23.4,0
SIM003810,12096,SBC,SWR,38,4,10,0.41,1,Fog,2,Crew,HIGH,3,0,207.7,1
SIM003811,12068,BPL,WCR,58,6,6,0.74,1,Rain,1,Operational,HIGH,4,0,832.8,1
SIM003812,12024,SBC,SWR,44,4,10,1.16,1,Clear,0,Operational,HIGH,3,2,380.0,1
SIM003813,12111,NDLS,NR,107,9,16,0.8,1,Clear,0,Weather,HIGH,6,2,5617.6,1
SIM003814,12087,NGP,CR,19,7,8,1.3,1,Rain,1,Rolling Stock,HIGH,1,0,51.0,1
SIM003815,12215,COR,WCR,4,5,8,0.24,0,Clear,0,Signal,MEDIUM,0,0,4.0,0
SIM003816,12036,KGP,SER,7,5,9,0.59,1,Clear,0,Infrastructure,HIGH,0,0,7.0,0
SIM003817,12238,DLI,NR,57,3,10,1.25,0,Heavy Rain,2,Passenger,HIGH,4,0,804.6,1
SIM003818,12192,GHY,NFR,14,4,6,1.23,1,Clear,0,Infrastructure,HIGH,1,0,26.9,1
SIM003819,12075,BPL,WCR,39,6,6,1.11,1,Clear,0,Rolling Stock,HIGH,3,0,242.0,1
SIM003820,12196,NGP,CR,32,7,8,0.45,1,Clear,0,Infrastructure,HIGH,3,2,151.0,1
SIM003821,12163,VSKP,ECoR,6,5,8,0.29,1,Clear,0,Signal,HIGH,0,0,6.0,0
SIM003822,12257,UBL,SWR,29,3,6,0.89,1,Fog,2,Weather,MEDIUM,2,2,151.3,1
SIM003823,12266,COR,WCR,30,5,8,0.51,1,Rain,1,Rolling Stock,MEDIUM,2,0,133.0,1
SIM003824,12189,ASR,NR,30,4,6,0.12,1,Rain,1,Infrastructure,MEDIUM,3,2,164.3,0
SIM003825,12136,VSKP,ECoR,36,5,8,0.64,1,Rain,1,Signal,HIGH,2,0,170.8,1
SIM003826,12126,NGP,CR,48,7,8,0.35,1,Storm,3,Rolling Stock,HIGH,4,2,587.1,1
SIM003827,12097,PRYJ,NCR,11,6,10,1.08,1,Rain,1,Crew,HIGH,1,0,16.1,1
SIM003828,12023,DLI,NR,3,3,10,0.39,1,Heavy Rain,2,Passenger,HIGH,0,0,3.0,0
SIM003829,12301,SDAH,ER,1,3,20,0.16,1,Clear,0,Signal,HIGH,0,0,1.0,0
SIM003830,12190,BSP,SECR,2,6,8,0.79,0,Clear,0,Infrastructure,HIGH,0,0,2.0,0
SIM003831,12247,AGC,NCR,67,2,6,0.32,0,Clear,0,Weather,MEDIUM,5,0,888.4,1
SIM003832,12314,COR,WCR,48,5,8,0.52,0,Storm,3,Rolling Stock,MEDIUM,3,0,385.9,1
SIM003833,12054,COR,WCR,1,5,8,0.29,0,Rain,1,Rolling Stock,MEDIUM,0,0,1.0,0
SIM003834,12271,KGP,SER,34,5,9,0.81,1,Rain,1,Rolling Stock,HIGH,3,0,151.7,1
SIM003835,12231,GHY,NFR,35,4,6,1.2,1,Clear,0,Infrastructure,HIGH,3,2,192.8,1
SIM003836,12078,MAS,SR,63,9,12,0.97,1,Heavy Rain,2,Operational,HIGH,5,4,1152.3,0
SIM003837,12115,NGP,CR,56,7,8,0.93,1,Clear,0,Operational,HIGH,4,2,733.2,1
SIM003838,12118,MS,SR,33,2,10,0.67,0,Clear,0,Infrastructure,MEDIUM,2,0,111.1,0
SIM003839,12082,GHY,NFR,35,4,6,0.66,0,Clear,0,Rolling Stock,HIGH,2,0,160.9,1
SIM003840,12188,BPL,WCR,60,6,6,1.24,1,Clear,0,Signal,HIGH,4,2,964.3,1
SIM003841,12175,BPL,WCR,28,6,6,0.45,0,Rain,1,Signal,HIGH,2,0,124.0,1
SIM003842,12201,NJP,NFR,55,2,6,0.34,1,Clear,0,Rolling Stock,MEDIUM,4,4,451.8,1
SIM003843,12029,ADI,WR,1,6,12,1.06,0,Clear,0,Crew,HIGH,0,0,1.0,0
SIM003844,12231,HWH,ER,50,5,23,1.1,1,Clear,0,Crew,HIGH,4,2,664.1,1
SIM003845,12258,BCT,WR,4,6,7,1.09,0,Clear,0,Operational,HIGH,0,0,4.0,0
SIM003846,12257,SC,SCR,26,7,10,1.05,1,Clear,0,Infrastructure,HIGH,2,2,87.7,1
SIM003847,12061,VSKP,ECoR,1,5,8,0.52,1,Clear,0,Signal,HIGH,0,0,1.0,0
SIM003848,12073,NDLS,NR,1,9,16,0.81,1,Rain,1,Weather,HIGH,0,0,1.0,0
SIM003849,12154,NGP,CR,64,7,8,0.19,0,Clear,0,Operational,HIGH,5,0,1053.6,1
SIM003850,12126,UMB,NR,37,3,8,0.98,1,Fog,2,Weather,MEDIUM,3,2,215.4,0
SIM003851,12057,BZA,SCR,19,5,10,1.09,1,Rain,1,Rolling Stock,HIGH,1,0,42.0,1
SIM003852,12232,SC,SCR,42,7,10,0.68,0,Clear,0,Rolling Stock,HIGH,3,0,254.2,1
SIM003853,12211,TVC,SR,42,5,5,1.23,1,Clear,0,Signal,HIGH,3,0,331.5,0
SIM003854,12169,GKP,NER,44,5,10,0.47,0,Clear,0,Operational,HIGH,3,0,290.7,1
SIM003855,12189,ASR,NR,23,4,6,0.19,1,Heavy Rain,2,Signal,MEDIUM,2,2,67.7,0
SIM003856,12214,BCT,WR,30,6,7,0.52,1,Rain,1,Rolling Stock,HIGH,2,0,108.6,0
SIM003857,12029,JBP,WCR,20,4,7,1.06,0,Clear,0,Passenger,HIGH,2,0,64.2,1
SIM003858,12277,ASR,NR,41,4,6,0.56,0,Heavy Rain,2,Infrastructure,MEDIUM,3,0,271.7,1
SIM003859,12239,VSKP,ECoR,34,5,8,1.07,1,Clear,0,Weather,HIGH,2,0,160.9,1
SIM003860,12019,BSP,SECR,55,6,8,1.2,1,Rain,1,Passenger,HIGH,4,2,698.3,1
SIM003861,12072,GHY,NFR,14,4,6,1.2,0,Clear,0,Signal,HIGH,0,0,14.0,0
SIM003862,12125,GKP,NER,41,5,10,0.84,1,Clear,0,Passenger,HIGH,3,2,254.5,1
SIM003863,12232,BZA,SCR,41,5,10,1.26,0,Rain,1,Crew,HIGH,3,0,312.8,1
SIM003864,12115,NGP,CR,16,7,8,0.53,1,Clear,0,Rolling Stock,HIGH,1,0,38.7,1
SIM003865,12287,ADI,WR,27,6,12,0.38,1,Clear,0,Rolling Stock,HIGH,2,2,95.6,0
SIM003866,12017,LDH,NR,69,3,6,0.13,0,Clear,0,Operational,MEDIUM,5,0,1457.8,1
SIM003867,12113,VSKP,ECoR,40,5,8,0.74,1,Rain,1,Operational,HIGH,3,0,269.0,1
SIM003868,12082,MLDT,ER,11,5,5,0.63,0,Heavy Rain,2,Weather,LOW,1,0,16.3,0
SIM003869,12045,NGP,CR,55,7,8,0.53,0,Clear,0,Rolling Stock,HIGH,4,0,627.5,1
SIM003870,12056,AII,NWR,1,3,6,0.64,0,Clear,0,Signal,MEDIUM,0,0,1.0,0
SIM003871,12063,DHN,ECR,55,4,7,0.42,1,Clear,0,Passenger,MEDIUM,4,2,890.5,1
SIM003872,12094,BSP,SECR,1,6,8,0.96,1,Clear,0,Crew,HIGH,0,0,1.0,0
SIM003873,12249,KGP,SER,6,5,9,0.16,1,Clear,0,Rolling Stock,HIGH,0,0,6.0,0
SIM003874,12305,ASR,NR,7,4,6,0.72,1,Clear,0,Rolling Stock,MEDIUM,0,0,7.0,0
SIM003875,12211,JP,NWR,32,6,7,0.97,1,Clear,0,Signal,HIGH,2,0,148.3,0
SIM003876,12110,NDLS,NR,26,9,16,0.27,1,Clear,0,Rolling Stock,HIGH,2,0,91.2,1
SIM003877,12125,PNBE,ECR,36,7,10,1.22,1,Clear,0,Weather,HIGH,3,2,184.2,1
SIM003878,12216,BPL,WCR,1,6,6,1.12,1,Fog,2,Crew,HIGH,0,0,1.0,0
SIM003879,12069,NDLS,NR,38,9,16,0.91,1,Clear,0,Crew,HIGH,3,2,318.9,1
SIM003880,12145,JU,NWR,57,3,6,0.5,1,Clear,0,Rolling Stock,MEDIUM,4,0,796.7,0
SIM003881,12030,BBS,ECoR,77,6,6,1.21,0,Clear,0,Weather,HIGH,5,0,1186.2,1
SIM003882,12115,BCT,WR,53,6,7,0.54,1,Storm,3,Rolling Stock,HIGH,4,2,688.8,1
SIM003883,12226,NGP,CR,29,7,8,1.25,1,Clear,0,Signal,HIGH,2,0,132.2,1
SIM003884,12203,PNBE,ECR,20,7,10,0.69,1,Clear,0,Operational,HIGH,1,0,44.3,0
SIM003885,12002,KYN,CR,31,5,8,0.78,0,Clear,0,Signal,HIGH,3,0,151.3,1
SIM003886,12200,PNBE,ECR,28,7,10,1.0,0,Clear,0,Weather,HIGH,2,0,109.6,1
SIM003887,12263,UBL,SWR,49,3,6,0.34,0,Clear,0,Weather,MEDIUM,4,0,546.5,1
SIM003888,12293,SC,SCR,49,7,10,0.21,0,Clear,0,Infrastructure,HIGH,4,0,440.9,1
SIM003889,12151,HYB,SCR,1,1,6,0.34,0,Clear,0,Crew,MEDIUM,0,0,1.0,0
SIM003890,12120,CTC,ECoR,38,1,6,0.54,1,Clear,0,Signal,MEDIUM,2,2,114.3,0
SIM003891,12221,PRYJ,NCR,10,6,10,0.75,0,Fog,2,Infrastructure,HIGH,1,0,15.0,0
SIM003892,12099,MDU,SR,47,4,6,0.19,0,Rain,1,Operational,MEDIUM,3,0,376.5,0
SIM003893,12262,NDLS,NR,54,9,16,0.57,1,Clear,0,Signal,HIGH,4,2,682.7,1
SIM003894,12089,NGP,CR,25,7,8,0.24,1,Clear,0,Infrastructure,HIGH,1,0,58.3,1
SIM003895,12167,BCT,WR,1,6,7,0.87,0,Clear,0,Weather,HIGH,0,0,1.0,0
SIM003896,12242,BZA,SCR,67,5,10,0.55,1,Rain,1,Weather,HIGH,5,2,1301.2,1
SIM003897,12115,NGP,CR,54,7,8,0.5,1,Clear,0,Weather,HIGH,4,2,795.3,1
SIM003898,12218,UBL,SWR,31,3,6,0.39,1,Clear,0,Weather,MEDIUM,2,0,138.0,1
SIM003899,12176,JBP,WCR,30,4,7,0.54,1,Clear,0,Infrastructure,HIGH,2,0,116.2,1
SIM003900,12278,RTM,WR,7,4,6,0.27,1,Clear,0,Operational,MEDIUM,0,0,7.0,0
SIM003901,12119,BPL,WCR,49,6,6,1.15,1,Rain,1,Signal,HIGH,4,2,611.8,1
SIM003902,12053,PNBE,ECR,8,7,10,0.57,1,Fog,2,Crew,HIGH,0,0,8.0,0
SIM003903,12224,JBP,WCR,30,4,7,0.37,0,Clear,0,Crew,HIGH,2,0,134.2,1
SIM003904,12120,BCT,WR,56,6,7,0.71,1,Clear,0,Signal,HIGH,4,2,750.1,1
SIM003905,12265,KGP,SER,14,5,9,0.69,1,Rain,1,Operational,HIGH,1,0,25.2,1
SIM003906,12230,ERS,SR,91,3,5,0.74,1,Storm,3,Infrastructure,MEDIUM,6,0,2793.2,0
SIM003907,12161,BSP,SECR,34,6,8,0.73,1,Clear,0,Rolling Stock,HIGH,3,2,206.1,1
SIM003908,12144,MAS,SR,66,9,12,0.37,1,Clear,0,Infrastructure,HIGH,5,2,1332.7,0
SIM003909,12298,CSMT,CR,18,8,18,0.14,0,Clear,0,Operational,HIGH,2,0,51.0,0
SIM003910,12093,ROU,SER,8,3,5,0.98,1,Heavy Rain,2,Signal,LOW,0,0,8.0,0
SIM003911,12071,AII,NWR,54,3,6,0.83,1,Clear,0,Passenger,MEDIUM,4,0,638.0,0
SIM003912,12058,NDLS,NR,1,9,16,0.32,0,Clear,0,Operational,HIGH,0,0,1.0,0
SIM003913,12265,MDU,SR,75,4,6,0.33,1,Heavy Rain,2,Signal,MEDIUM,5,2,1993.3,0
SIM003914,12034,SC,SCR,58,7,10,0.9,1,Rain,1,Operational,HIGH,4,2,493.7,1
SIM003915,12216,SBC,SWR,12,4,10,0.52,1,Clear,0,Rolling Stock,HIGH,0,0,12.0,0
SIM003916,12291,MLDT,ER,13,5,5,0.47,1,Rain,1,Crew,LOW,1,0,18.6,1
SIM003917,12057,BZA,SCR,58,5,10,0.6,1,Clear,0,Crew,HIGH,4,2,746.8,1
SIM003918,12137,MAS,SR,33,9,12,1.07,0,Clear,0,Rolling Stock,HIGH,2,0,164.4,0
SIM003919,12169,MFP,ECR,55,3,6,0.59,0,Fog,2,Rolling Stock,MEDIUM,4,0,685.6,1
SIM003920,12076,SC,SCR,41,7,10,0.87,0,Clear,0,Infrastructure,HIGH,3,0,227.5,1
SIM003921,12051,GHY,NFR,22,4,6,1.23,1,Clear,0,Passenger,HIGH,2,0,75.0,1
SIM003922,12251,R,SECR,17,3,7,0.55,0,Clear,0,Operational,MEDIUM,1,0,37.1,1
SIM003923,12013,RTM,WR,6,4,6,0.29,1,Fog,2,Weather,MEDIUM,0,0,6.0,0
SIM003924,12231,ADI,WR,17,6,12,0.27,1,Fog,2,Signal,HIGH,1,0,30.9,0
SIM003925,12257,MAO,KR,47,3,5,0.45,1,Clear,0,Operational,MEDIUM,3,2,457.4,1
SIM003926,12111,MAS,SR,5,9,12,0.24,1,Clear,0,Operational,HIGH,0,0,5.0,0
SIM003927,12282,BBS,ECoR,12,6,6,0.58,1,Clear,0,Signal,HIGH,0,0,12.0,0
SIM003928,12001,KYN,CR,1,5,8,0.44,1,Fog,2,Passenger,HIGH,0,0,1.0,0
SIM003929,12243,NDLS,NR,66,9,16,0.24,0,Clear,0,Operational,HIGH,4,0,1125.8,1
SIM003930,12182,JP,NWR,64,6,7,1.0,1,Clear,0,Passenger,HIGH,5,0,1186.6,0
SIM003931,12070,JP,NWR,27,6,7,0.63,1,Storm,3,Operational,HIGH,2,0,108.3,0
SIM003932,12201,VSKP,ECoR,1,5,8,1.08,1,Clear,0,Crew,HIGH,0,0,1.0,0
SIM003933,12231,GHY,NFR,54,4,6,0.8,1,Clear,0,Passenger,HIGH,4,2,546.3,1
SIM003934,12297,BSP,SECR,21,6,8,0.88,1,Clear,0,Infrastructure,HIGH,1,0,47.7,1
SIM003935,12276,MAS,SR,16,9,12,1.12,1,Rain,1,Operational,HIGH,1,0,31.7,0
SIM003936,12187,BSP,SECR,37,6,8,1.14,1,Rain,1,Crew,HIGH,3,2,206.5,1
SIM003937,12298,SBC,SWR,59,4,10,0.96,0,Clear,0,Rolling Stock,HIGH,4,0,663.6,1
SIM003938,12075,BPL,WCR,1,6,6,0.18,1,Heavy Rain,2,Signal,HIGH,0,0,1.0,0
SIM003939,12094,BSP,SECR,1,6,8,0.65,1,Clear,0,Crew,HIGH,0,0,1.0,0
SIM003940,12059,ROU,SER,24,3,5,0.11,0,Clear,0,Crew,LOW,2,0,79.7,1
SIM003941,12218,MYS,SWR,53,2,5,0.67,1,Rain,1,Infrastructure,MEDIUM,4,2,470.7,1
SIM003942,12112,UMB,NR,19,3,8,0.47,1,Clear,0,Operational,MEDIUM,1,0,45.7,0
SIM003943,12073,BAM,ECoR,47,3,4,0.99,1,Heavy Rain,2,Rolling Stock,LOW,3,2,364.3,1
SIM003944,12057,MAS,SR,101,9,12,0.57,1,Clear,0,Crew,HIGH,6,2,4114.1,0
SIM003945,12202,PRYJ,NCR,75,6,10,0.61,1,Clear,0,Infrastructure,HIGH,5,2,1548.3,1
SIM003946,12238,KYN,CR,31,5,8,0.99,0,Clear,0,Passenger,HIGH,2,0,108.9,1
SIM003947,12030,KYN,CR,37,5,8,0.92,0,Rain,1,Infrastructure,HIGH,3,0,254.8,1
SIM003948,12146,RTM,WR,1,4,6,0.6,1,Clear,0,Crew,MEDIUM,0,0,1.0,0
SIM003949,12283,NDLS,NR,52,9,16,0.29,1,Clear,0,Crew,HIGH,4,2,839.9,1
SIM003950,12316,MS,SR,25,2,10,0.13,1,Fog,2,Rolling Stock,MEDIUM,2,0,88.5,0
SIM003951,12235,SC,SCR,19,7,10,1.15,1,Clear,0,Signal,HIGH,1,0,45.5,0
SIM003952,12195,DLI,NR,2,3,10,0.53,0,Clear,0,Weather,HIGH,0,0,2.0,0
SIM003953,12238,DLI,NR,1,3,10,0.41,0,Clear,0,Operational,HIGH,0,0,1.0,0
SIM003954,12057,BZA,SCR,58,5,10,0.22,1,Clear,0,Crew,HIGH,4,2,699.9,1
SIM003955,12187,NDLS,NR,55,9,16,0.89,1,Clear,0,Infrastructure,HIGH,4,2,771.7,1
SIM003956,12158,SBC,SWR,17,4,10,0.91,1,Clear,0,Signal,HIGH,1,0,45.9,1
SIM003957,12125,PNBE,ECR,47,7,10,0.82,1,Clear,0,Operational,HIGH,3,2,426.3,1
SIM003958,12254,BPL,WCR,50,6,6,1.29,0,Rain,1,Weather,HIGH,4,0,534.7,1
SIM003959,12039,RTM,WR,1,4,6,0.89,0,Clear,0,Signal,MEDIUM,0,0,1.0,0
SIM003960,12185,RTM,WR,9,4,6,0.63,1,Heavy Rain,2,Rolling Stock,MEDIUM,0,0,9.0,0
SIM003961,12317,VSKP,ECoR,3,5,8,0.9,0,Clear,0,Signal,HIGH,0,0,3.0,0
SIM003962,12277,NGP,CR,30,7,8,0.97,0,Clear,0,Signal,HIGH,3,0,172.9,1
SIM003963,12001,BCT,WR,24,6,7,1.11,1,Heavy Rain,2,Signal,HIGH,2,2,103.3,0
SIM003964,12213,ADI,WR,31,6,12,0.16,1,Clear,0,Infrastructure,HIGH,3,2,203.3,1
SIM003965,12224,GHY,NFR,1,4,6,1.17,0,Clear,0,Passenger,HIGH,0,0,1.0,0
SIM003966,12142,TATA,SER,12,2,6,0.23,1,Heavy Rain,2,Crew,MEDIUM,0,0,12.0,0
SIM003967,12097,BSL,CR,1,3,7,0.14,1,Rain,1,Rolling Stock,MEDIUM,0,0,1.0,0
SIM003968,12140,HYB,SCR,28,1,6,0.98,1,Clear,0,Operational,MEDIUM,2,0,60.2,0
SIM003969,12193,BSP,SECR,27,6,8,1.21,1,Fog,2,Operational,HIGH,2,2,90.6,1
SIM003970,12057,SC,SCR,36,7,10,0.24,1,Clear,0,Operational,HIGH,3,0,193.7,1
SIM003971,12055,MAS,SR,81,9,12,0.41,1,Rain,1,Infrastructure,HIGH,5,2,1744.7,0
SIM003972,12290,NJP,NFR,60,2,6,0.52,1,Clear,0,Operational,MEDIUM,4,2,626.2,1
SIM003973,12284,NDLS,NR,14,9,16,0.9,0,Clear,0,Weather,HIGH,1,0,34.7,0
SIM003974,12313,GHY,NFR,1,4,6,1.29,0,Clear,0,Passenger,HIGH,0,0,1.0,0
SIM003975,12157,PRYJ,NCR,17,6,10,0.37,1,Clear,0,Infrastructure,HIGH,1,0,38.9,1
SIM003976,12270,PNBE,ECR,8,7,10,0.19,1,Fog,2,Passenger,HIGH,0,0,8.0,0
SIM003977,12228,TVC,SR,1,5,5,0.39,1,Fog,2,Rolling Stock,HIGH,0,0,1.0,0
SIM003978,12183,NDLS,NR,67,9,16,0.86,1,Clear,0,Infrastructure,HIGH,5,4,1394.2,1
SIM003979,12203,PRYJ,NCR,57,6,10,0.14,1,Clear,0,Infrastructure,HIGH,4,4,954.2,1
SIM003980,12275,VSKP,ECoR,28,5,8,0.54,0,Clear,0,Operational,HIGH,3,0,151.2,1
SIM003981,12063,GAYA,ECR,68,3,7,0.82,1,Fog,2,Rolling Stock,MEDIUM,5,4,1665.1,1
SIM003982,12066,VSKP,ECoR,1,5,8,0.51,1,Rain,1,Weather,HIGH,0,0,1.0,0
SIM003983,12167,ST,WR,2,3,5,0.46,0,Clear,0,Signal,MEDIUM,0,0,2.0,0
SIM003984,12250,MAS,SR,15,9,12,0.88,1,Clear,0,Weather,HIGH,1,0,21.4,0
SIM003985,12219,BAM,ECoR,46,3,4,0.55,1,Clear,0,Operational,LOW,4,2,420.1,1
SIM003986,12213,SC,SCR,14,7,10,0.32,1,Heavy Rain,2,Operational,HIGH,1,0,21.8,0
SIM003987,12075,TVC,SR,32,5,5,0.72,1,Storm,3,Passenger,HIGH,3,0,162.0,0
SIM003988,12023,DLI,NR,66,3,10,1.23,1,Heavy Rain,2,Signal,HIGH,5,2,1294.0,1
SIM003989,12001,BCT,WR,45,6,7,0.3,1,Clear,0,Operational,HIGH,3,2,428.6,1
SIM003990,12211,JP,NWR,3,6,7,0.64,1,Fog,2,Infrastructure,HIGH,0,0,3.0,0
SIM003991,12000,NJP,NFR,45,2,6,0.5,1,Clear,0,Signal,MEDIUM,3,2,320.7,1
SIM003992,12068,BPL,WCR,14,6,6,0.58,1,Clear,0,Infrastructure,HIGH,1,0,28.5,0
SIM003993,12177,KGP,SER,4,5,9,0.98,1,Clear,0,Weather,HIGH,0,0,4.0,0
SIM003994,12177,NJP,NFR,51,2,6,0.71,1,Clear,0,Signal,MEDIUM,4,2,540.2,1
SIM003995,12262,DLI,NR,22,3,10,1.05,1,Clear,0,Infrastructure,HIGH,2,0,59.0,1
SIM003996,12105,BBS,ECoR,27,6,6,0.64,1,Rain,1,Operational,HIGH,2,0,84.9,1
SIM003997,12130,BBS,ECoR,14,6,6,0.2,0,Clear,0,Rolling Stock,HIGH,1,0,25.2,0
SIM003998,12138,JP,NWR,4,6,7,0.91,1,Rain,1,Weather,HIGH,0,0,4.0,0
SIM003999,12186,GHY,NFR,60,4,6,0.2,1,Fog,2,Operational,HIGH,4,2,635.4,1
SIM004000,12247,MAS,SR,38,9,12,0.71,0,Clear,0,Operational,HIGH,3,0,209.7,0
SIM004001,12017,UMB,NR,57,3,8,0.52,0,Clear,0,Rolling Stock,MEDIUM,4,0,789.0,1
SIM004002,12185,RTM,WR,41,4,6,0.15,1,Heavy Rain,2,Operational,MEDIUM,3,2,290.7,1
SIM004003,12026,NDLS,NR,73,9,16,1.12,1,Clear,0,Rolling Stock,HIGH,5,2,1625.2,1
SIM004004,12180,HWH,ER,1,5,23,1.05,1,Clear,0,Operational,HIGH,0,0,1.0,0
SIM004005,12062,NDLS,NR,18,9,16,1.26,1,Clear,0,Rolling Stock,HIGH,2,0,53.2,0
SIM004006,12065,PNBE,ECR,12,7,10,0.59,0,Heavy Rain,2,Rolling Stock,HIGH,1,0,18.5,0
SIM004007,12285,JBP,WCR,12,4,7,1.18,1,Clear,0,Rolling Stock,HIGH,1,0,18.0,0
SIM004008,12104,MAS,SR,26,9,12,0.45,1,Heavy Rain,2,Signal,HIGH,2,0,99.1,0
SIM004009,12111,NDLS,NR,45,9,16,0.32,1,Clear,0,Infrastructure,HIGH,4,0,522.6,1
SIM004010,12029,BZA,SCR,24,5,10,1.08,0,Clear,0,Passenger,HIGH,2,0,89.3,1
SIM004011,12181,GHY,NFR,15,4,6,0.33,1,Clear,0,Passenger,HIGH,1,0,20.9,1
SIM004012,12153,VSKP,ECoR,27,5,8,1.28,1,Rain,1,Operational,HIGH,2,0,102.1,1
SIM004013,12270,PNBE,ECR,49,7,10,0.61,1,Heavy Rain,2,Infrastructure,HIGH,4,2,564.2,1
SIM004014,12216,LDH,NR,20,3,6,0.54,1,Clear,0,Signal,MEDIUM,1,0,39.9,0
SIM004015,12162,TVC,SR,1,5,5,1.21,1,Clear,0,Infrastructure,HIGH,0,0,1.0,0
SIM004016,12014,BBS,ECoR,17,6,6,1.1,0,Clear,0,Operational,HIGH,1,0,32.1,0
SIM004017,12158,SBC,SWR,30,4,10,1.13,1,Clear,0,Crew,HIGH,2,2,154.0,1
SIM004018,12232,BZA,SCR,47,5,10,0.24,0,Rain,1,Weather,HIGH,3,0,383.5,1
SIM004019,12059,MAS,SR,9,9,12,0.21,0,Clear,0,Signal,HIGH,0,0,9.0,0
SIM004020,12262,HWH,ER,9,5,23,0.49,1,Clear,0,Signal,HIGH,0,0,9.0,0
SIM004021,12040,TVC,SR,62,5,5,0.49,1,Rain,1,Signal,HIGH,4,0,1058.3,0
SIM004022,12095,KYN,CR,34,5,8,0.8,1,Clear,0,Signal,HIGH,2,2,158.6,1
SIM004023,12040,JP,NWR,46,6,7,0.64,1,Clear,0,Signal,HIGH,4,0,396.8,0
SIM004024,12248,KGP,SER,59,5,9,0.68,1,Fog,2,Signal,HIGH,5,2,1000.3,1
SIM004025,12166,BCT,WR,62,6,7,0.56,1,Clear,0,Operational,HIGH,5,0,948.7,1
SIM004026,12248,NJP,NFR,57,2,6,0.56,1,Clear,0,Crew,MEDIUM,4,2,617.1,1
SIM004027,12316,BWN,ER,29,3,6,0.8,1,Rain,1,Rolling Stock,MEDIUM,2,0,122.6,1
SIM004028,12147,KYN,CR,27,5,8,0.61,0,Clear,0,Rolling Stock,HIGH,2,0,125.1,1
SIM004029,12052,NDLS,NR,12,9,16,0.94,1,Clear,0,Passenger,HIGH,0,0,12.0,0
SIM004030,12240,ERS,SR,29,3,5,0.99,1,Rain,1,Crew,MEDIUM,2,2,145.8,0
SIM004031,12047,GHY,NFR,27,4,6,1.02,1,Clear,0,Infrastructure,HIGH,2,0,87.4,1
SIM004032,12014,CTC,ECoR,42,1,6,0.2,0,Rain,1,Weather,MEDIUM,3,0,143.4,0
SIM004033,12049,ST,WR,1,3,5,0.96,0,Clear,0,Weather,MEDIUM,0,0,1.0,0
SIM004034,12271,KGP,SER,70,5,9,0.14,1,Clear,0,Infrastructure,HIGH,5,2,1268.7,1
SIM004035,12087,CSMT,CR,36,8,18,0.51,1,Rain,1,Crew,HIGH,3,0,214.3,1
SIM004036,12085,MLDT,ER,71,5,5,0.4,0,Clear,0,Weather,LOW,5,0,1198.3,1
SIM004037,12136,BBS,ECoR,13,6,6,0.68,1,Clear,0,Crew,HIGH,1,0,27.2,0
SIM004038,12058,BBS,ECoR,32,6,6,1.08,0,Clear,0,Crew,HIGH,2,0,119.5,1
SIM004039,12144,MS,SR,38,2,10,0.23,1,Clear,0,Signal,MEDIUM,3,2,190.7,0
SIM004040,12213,CSMT,CR,113,8,18,0.27,1,Clear,0,Passenger,HIGH,6,2,7485.2,1
SIM004041,12131,MAS,SR,15,9,12,1.14,1,Heavy Rain,2,Passenger,HIGH,1,0,31.2,0
SIM004042,12047,GHY,NFR,57,4,6,0.33,1,Clear,0,Infrastructure,HIGH,4,2,548.8,1
SIM004043,12299,JHS,NCR,47,3,7,0.93,1,Storm,3,Operational,MEDIUM,4,2,435.4,1
SIM004044,12230,ERS,SR,1,3,5,0.15,1,Clear,0,Signal,MEDIUM,0,0,1.0,0
SIM004045,12132,CSMT,CR,15,8,18,1.23,1,Heavy Rain,2,Weather,HIGH,1,0,22.7,0
SIM004046,12293,CSMT,CR,2,8,18,0.97,0,Rain,1,Infrastructure,HIGH,0,0,2.0,0
SIM004047,12097,PRYJ,NCR,29,6,10,0.27,1,Clear,0,Signal,HIGH,2,0,92.2,1
SIM004048,12164,BSP,SECR,37,6,8,1.01,0,Clear,0,Crew,HIGH,3,0,254.6,1
SIM004049,12255,HWH,ER,52,5,23,0.48,1,Clear,0,Signal,HIGH,4,0,680.9,1
SIM004050,12063,GAYA,ECR,68,3,7,0.26,1,Fog,2,Rolling Stock,MEDIUM,5,4,1211.2,1
SIM004051,12209,BPL,WCR,40,6,6,0.26,1,Fog,2,Operational,HIGH,3,2,321.8,1
SIM004052,12203,NDLS,NR,19,9,16,0.89,1,Clear,0,Operational,HIGH,1,0,43.0,0
SIM004053,12150,NGP,CR,62,7,8,0.79,0,Rain,1,Signal,HIGH,4,0,891.2,1
SIM004054,12312,CBE,SR,16,5,6,0.92,0,Fog,2,Infrastructure,MEDIUM,1,0,29.0,0
SIM004055,12132,TVC,SR,23,5,5,0.6,1,Clear,0,Operational,HIGH,2,0,60.9,0
SIM004056,12128,PNBE,ECR,25,7,10,0.46,1,Clear,0,Rolling Stock,HIGH,2,0,69.3,1
SIM004057,12156,PURI,ECoR,1,2,5,1.0,0,Heavy Rain,2,Infrastructure,MEDIUM,0,0,1.0,0
SIM004058,12235,SC,SCR,19,7,10,0.37,1,Clear,0,Signal,HIGH,1,0,48.6,0
SIM004059,12174,BBS,ECoR,63,6,6,0.36,0,Rain,1,Operational,HIGH,4,0,576.3,1
SIM004060,12253,GKP,NER,35,5,10,0.52,1,Clear,0,Signal,HIGH,3,2,194.1,1
SIM004061,12030,KYN,CR,23,5,8,0.15,0,Clear,0,Rolling Stock,HIGH,2,0,71.6,1
SIM004062,12228,TVC,SR,62,5,5,0.75,1,Clear,0,Signal,HIGH,4,2,1045.8,0
SIM004063,12088,BBS,ECoR,16,6,6,1.23,1,Rain,1,Weather,HIGH,1,0,27.7,0
SIM004064,12025,AII,NWR,19,3,6,0.25,1,Rain,1,Signal,MEDIUM,1,0,47.1,0
SIM004065,12151,SC,SCR,22,7,10,0.46,0,Clear,0,Weather,HIGH,2,0,75.7,1
SIM004066,12161,PRYJ,NCR,1,6,10,0.27,1,Clear,0,Crew,HIGH,0,0,1.0,0
SIM004067,12158,MAS,SR,39,9,12,0.71,1,Heavy Rain,2,Passenger,HIGH,3,2,309.2,0
SIM004068,12225,NDLS,NR,23,9,16,0.61,0,Clear,0,Crew,HIGH,2,0,67.3,0
SIM004069,12169,GHY,NFR,14,4,6,0.91,0,Clear,0,Operational,HIGH,1,0,21.5,0
SIM004070,12264,MAO,KR,39,3,5,0.58,1,Fog,2,Operational,MEDIUM,3,2,242.5,1
SIM004071,12025,KYN,CR,44,5,8,1.19,1,Fog,2,Operational,HIGH,4,2,480.8,1
SIM004072,12266,SBC,SWR,24,4,10,0.86,1,Clear,0,Signal,HIGH,2,0,77.2,1
SIM004073,12253,PNBE,ECR,17,7,10,0.51,1,Rain,1,Rolling Stock,HIGH,1,0,23.7,0
SIM004074,12172,SDAH,ER,62,3,20,0.96,1,Clear,0,Weather,HIGH,4,2,1141.1,1
SIM004075,12038,ERS,SR,30,3,5,0.67,1,Clear,0,Operational,MEDIUM,3,0,142.9,0
SIM004076,12135,PRYJ,NCR,11,6,10,0.89,1,Fog,2,Weather,HIGH,1,0,21.2,1
SIM004077,12134,NDLS,NR,53,9,16,1.23,0,Heavy Rain,2,Infrastructure,HIGH,4,0,716.4,1
SIM004078,12056,AII,NWR,6,3,6,0.89,0,Rain,1,Passenger,MEDIUM,0,0,6.0,0
SIM004079,12134,VSKP,ECoR,13,5,8,0.16,0,Clear,0,Operational,HIGH,1,0,25.2,0
SIM004080,12205,CSMT,CR,21,8,18,0.81,0,Clear,0,Operational,HIGH,2,0,58.0,0
SIM004081,12112,NDLS,NR,36,9,16,1.09,1,Clear,0,Crew,HIGH,3,0,273.0,1
SIM004082,12095,JP,NWR,39,6,7,1.14,1,Fog,2,Signal,HIGH,3,2,254.5,0
SIM004083,12065,NDLS,NR,42,9,16,0.89,0,Clear,0,Weather,HIGH,3,0,382.6,1
SIM004084,12290,MLDT,ER,8,5,5,0.44,1,Clear,0,Operational,LOW,0,0,8.0,0
SIM004085,12149,BBS,ECoR,19,6,6,0.56,1,Rain,1,Passenger,HIGH,2,0,70.3,0
SIM004086,12125,NJP,NFR,54,2,6,0.64,1,Clear,0,Passenger,MEDIUM,4,2,459.8,1
SIM004087,12206,KGP,SER,3,5,9,0.13,1,Heavy Rain,2,Crew,HIGH,0,0,3.0,0
SIM004088,12284,SDAH,ER,31,3,20,1.23,0,Fog,2,Weather,HIGH,3,0,160.7,1
SIM004089,12125,NJP,NFR,58,2,6,0.71,1,Clear,0,Passenger,MEDIUM,4,2,594.2,1
SIM004090,12061,DLI,NR,16,3,10,0.46,1,Storm,3,Operational,HIGH,1,0,33.0,1
SIM004091,12187,BSP,SECR,1,6,8,1.26,1,Clear,0,Rolling Stock,HIGH,0,0,1.0,0
SIM004092,12257,MAS,SR,30,9,12,0.7,1,Clear,0,Infrastructure,HIGH,2,2,170.9,0
SIM004093,12317,VSKP,ECoR,31,5,8,0.15,0,Clear,0,Operational,HIGH,3,0,165.3,1
SIM004094,12049,GHY,NFR,1,4,6,0.14,0,Clear,0,Infrastructure,HIGH,0,0,1.0,0
SIM004095,12238,DLI,NR,43,3,10,0.15,0,Storm,3,Weather,HIGH,3,0,302.7,1
SIM004096,12002,BSP,SECR,56,6,8,0.57,0,Clear,0,Signal,HIGH,4,0,598.3,1
SIM004097,12009,BBS,ECoR,70,6,6,0.78,0,Clear,0,Operational,HIGH,5,0,960.7,1
SIM004098,12244,UBL,SWR,1,3,6,0.97,1,Clear,0,Crew,MEDIUM,0,0,1.0,0
SIM004099,12045,BSP,SECR,1,6,8,0.68,0,Clear,0,Weather,HIGH,0,0,1.0,0
SIM004100,12120,BBS,ECoR,27,6,6,0.54,1,Clear,0,Rolling Stock,HIGH,2,2,96.8,0
SIM004101,12270,GHY,NFR,41,4,6,0.41,1,Clear,0,Weather,HIGH,3,2,266.8,1
SIM004102,12046,PNBE,ECR,47,7,10,0.58,0,Clear,0,Signal,HIGH,4,0,394.0,1
SIM004103,12276,SBC,SWR,38,4,10,0.59,1,Rain,1,Passenger,HIGH,3,2,286.0,1
SIM004104,12195,ASR,NR,34,4,6,0.87,0,Clear,0,Infrastructure,MEDIUM,3,0,198.2,0
SIM004105,12251,R,SECR,35,3,7,0.6,0,Rain,1,Signal,MEDIUM,2,0,181.4,1
SIM004106,12029,ADI,WR,28,6,12,0.69,0,Clear,0,Infrastructure,HIGH,2,0,121.1,0
SIM004107,12115,NGP,CR,55,7,8,1.25,1,Rain,1,Passenger,HIGH,4,2,828.8,1
SIM004108,12215,COR,WCR,22,5,8,0.24,0,Clear,0,Infrastructure,MEDIUM,1,0,50.0,1
SIM004109,12231,HWH,ER,50,5,23,0.2,1,Clear,0,Crew,HIGH,4,2,681.2,1
SIM004110,12007,AII,NWR,57,3,6,0.25,1,Clear,0,Rolling Stock,MEDIUM,4,0,753.5,0
SIM004111,12179,KGP,SER,47,5,9,1.02,1,Clear,0,Infrastructure,HIGH,4,0,437.8,1
SIM004112,12086,VSKP,ECoR,1,5,8,0.97,0,Clear,0,Crew,HIGH,0,0,1.0,0
SIM004113,12185,BCT,WR,45,6,7,0.89,1,Clear,0,Operational,HIGH,3,2,422.6,1
SIM004114,12202,PNBE,ECR,33,7,10,0.35,1,Clear,0,Crew,HIGH,3,0,162.7,0
SIM004115,12191,JP,NWR,1,6,7,0.75,0,Rain,1,Rolling Stock,HIGH,0,0,1.0,0
SIM004116,12263,MAS,SR,70,9,12,0.6,0,Clear,0,Rolling Stock,HIGH,5,0,1125.4,0
SIM004117,12238,DLI,NR,38,3,10,0.34,0,Clear,0,Passenger,HIGH,3,0,254.1,1
SIM004118,12112,UMB,NR,1,3,8,1.0,1,Rain,1,Passenger,MEDIUM,0,0,1.0,0
SIM004119,12261,NDLS,NR,21,9,16,0.38,1,Heavy Rain,2,Weather,HIGH,2,0,76.6,1
SIM004120,12238,DLI,NR,43,3,10,1.22,0,Storm,3,Weather,HIGH,3,0,316.7,1
SIM004121,12265,MDU,SR,32,4,6,0.94,1,Clear,0,Weather,MEDIUM,3,2,210.6,0
SIM004122,12224,NJP,NFR,23,2,6,0.76,0,Clear,0,Operational,MEDIUM,2,0,68.8,1
SIM004123,12307,BCT,WR,33,6,7,0.69,1,Clear,0,Signal,HIGH,3,0,193.4,1
SIM004124,12269,SC,SCR,66,7,10,0.71,0,Clear,0,Weather,HIGH,5,0,827.9,1
SIM004125,12007,JHS,NCR,16,3,7,0.5,1,Rain,1,Operational,MEDIUM,1,0,30.8,1
SIM004126,12152,JP,NWR,56,6,7,0.32,1,Clear,0,Infrastructure,HIGH,4,0,676.3,0
SIM004127,12226,NGP,CR,5,7,8,0.41,1,Clear,0,Signal,HIGH,0,0,5.0,0
SIM004128,12187,PRYJ,NCR,44,6,10,0.6,1,Clear,0,Crew,HIGH,4,2,412.2,1
SIM004129,12282,NGP,CR,1,7,8,0.78,1,Clear,0,Infrastructure,HIGH,0,0,1.0,0
SIM004130,12159,JP,NWR,59,6,7,0.66,1,Clear,0,Weather,HIGH,4,2,668.0,0
SIM004131,12233,MAS,SR,17,9,12,0.15,0,Rain,1,Passenger,HIGH,1,0,41.5,0
SIM004132,12170,DLI,NR,57,3,10,0.35,1,Clear,0,Rolling Stock,HIGH,4,2,825.8,1
SIM004133,12207,SDAH,ER,29,3,20,0.29,0,Clear,0,Weather,HIGH,2,0,131.3,1
SIM004134,12132,CSMT,CR,15,8,18,1.07,1,Heavy Rain,2,Weather,HIGH,1,0,35.9,0
SIM004135,12116,HWH,ER,57,5,23,0.28,1,Rain,1,Weather,HIGH,4,2,842.0,1
SIM004136,12210,PUNE,CR,14,5,6,0.39,1,Rain,1,Operational,HIGH,1,0,34.6,0
SIM004137,12112,BPL,WCR,47,6,6,0.29,1,Clear,0,Weather,HIGH,3,0,420.9,1
SIM004138,12310,BPL,WCR,43,6,6,1.1,1,Clear,0,Crew,HIGH,3,0,289.0,1
SIM004139,12060,JBP,WCR,43,4,7,1.0,1,Clear,0,Passenger,HIGH,3,2,389.1,1
SIM004140,12188,TATA,SER,50,2,6,0.84,1,Clear,0,Signal,MEDIUM,4,2,415.2,1
SIM004141,12122,UMB,NR,14,3,8,0.26,1,Rain,1,Weather,MEDIUM,1,0,24.5,0
SIM004142,12186,ADI,WR,20,6,12,0.81,1,Clear,0,Weather,HIGH,2,0,55.7,0
SIM004143,12118,MS,SR,1,2,10,0.43,0,Heavy Rain,2,Infrastructure,MEDIUM,0,0,1.0,0
SIM004144,12080,KGP,SER,12,5,9,1.29,1,Clear,0,Rolling Stock,HIGH,1,0,23.1,0
SIM004145,12251,R,SECR,17,3,7,0.51,0,Rain,1,Passenger,MEDIUM,1,0,26.6,0
SIM004146,12170,ASR,NR,27,4,6,0.86,1,Clear,0,Crew,MEDIUM,2,2,120.6,0
SIM004147,12030,KYN,CR,63,5,8,0.94,0,Clear,0,Infrastructure,HIGH,5,0,997.1,1
SIM004148,12009,VSKP,ECoR,39,5,8,1.14,0,Clear,0,Passenger,HIGH,3,0,279.0,1
SIM004149,12126,UMB,NR,37,3,8,0.9,1,Fog,2,Weather,MEDIUM,3,2,202.6,0
SIM004150,12141,BCT,WR,32,6,7,0.15,0,Heavy Rain,2,Rolling Stock,HIGH,2,0,143.9,1
SIM004151,12077,BBS,ECoR,1,6,6,1.21,0,Rain,1,Signal,HIGH,0,0,1.0,0
SIM004152,12082,GHY,NFR,11,4,6,1.24,0,Clear,0,Rolling Stock,HIGH,0,0,11.0,0
SIM004153,12282,NGP,CR,4,7,8,0.75,1,Clear,0,Infrastructure,HIGH,0,0,4.0,0
SIM004154,12038,KGP,SER,1,5,9,1.23,1,Clear,0,Crew,HIGH,0,0,1.0,0
SIM004155,12063,GAYA,ECR,9,3,7,0.37,1,Clear,0,Crew,MEDIUM,0,0,9.0,0
SIM004156,12088,BBS,ECoR,25,6,6,0.81,1,Clear,0,Signal,HIGH,2,0,85.4,0
SIM004157,12126,NGP,CR,63,7,8,0.13,1,Clear,0,Infrastructure,HIGH,4,2,1247.7,1
SIM004158,12048,BZA,SCR,41,5,10,0.38,1,Clear,0,Infrastructure,HIGH,3,2,364.9,1
SIM004159,12299,UMB,NR,2,3,8,0.79,1,Clear,0,Operational,MEDIUM,0,0,2.0,0
SIM004160,12244,JP,NWR,44,6,7,0.67,1,Storm,3,Rolling Stock,HIGH,3,2,428.4,0
SIM004161,12092,KYN,CR,16,5,8,1.17,0,Clear,0,Rolling Stock,HIGH,1,0,34.5,0
SIM004162,12052,PRYJ,NCR,43,6,10,0.58,1,Clear,0,Rolling Stock,HIGH,3,0,306.9,1
SIM004163,12157,BSP,SECR,62,6,8,1.15,1,Clear,0,Rolling Stock,HIGH,4,0,960.6,1
SIM004164,12271,PNBE,ECR,44,7,10,0.28,1,Clear,0,Passenger,HIGH,3,0,318.4,1
SIM004165,12232,SC,SCR,42,7,10,0.43,0,Heavy Rain,2,Rolling Stock,HIGH,3,0,242.2,1
SIM004166,12261,HWH,ER,83,5,23,1.14,1,Rain,1,Operational,HIGH,5,2,2212.3,1
SIM004167,12117,BPL,WCR,35,6,6,0.18,1,Rain,1,Signal,HIGH,3,2,293.1,1
SIM004168,12296,AGC,NCR,40,2,6,0.37,1,Storm,3,Infrastructure,MEDIUM,3,2,191.4,1
SIM004169,12153,SC,SCR,31,7,10,0.4,1,Heavy Rain,2,Infrastructure,HIGH,3,0,121.5,1
SIM004170,12253,GKP,NER,93,5,10,1.04,1,Clear,0,Crew,HIGH,6,2,2785.3,1
SIM004171,12283,NDLS,NR,41,9,16,1.24,1,Rain,1,Infrastructure,HIGH,3,2,373.2,1
SIM004172,12251,R,SECR,17,3,7,0.75,0,Clear,0,Operational,MEDIUM,1,0,31.1,0
SIM004173,12310,COR,WCR,49,5,8,0.47,1,Clear,0,Operational,MEDIUM,4,0,486.6,1
SIM004174,12141,BCT,WR,13,6,7,1.1,0,Rain,1,Operational,HIGH,1,0,25.8,0
SIM004175,12297,BSP,SECR,21,6,8,0.22,1,Clear,0,Infrastructure,HIGH,1,0,48.5,1
SIM004176,12153,BBS,ECoR,22,6,6,0.69,1,Rain,1,Operational,HIGH,2,0,70.6,1
SIM004177,12249,KGP,SER,34,5,9,0.79,1,Clear,0,Weather,HIGH,3,2,223.1,1
SIM004178,12045,JBP,WCR,88,4,7,0.35,0,Rain,1,Signal,HIGH,6,0,2751.7,1
SIM004179,12179,PRYJ,NCR,1,6,10,0.42,1,Storm,3,Passenger,HIGH,0,0,1.0,0
SIM004180,12233,HWH,ER,77,5,23,0.99,0,Storm,3,Crew,HIGH,5,0,2064.2,1
SIM004181,12090,UBL,SWR,1,3,6,0.2,1,Fog,2,Operational,MEDIUM,0,0,1.0,0
SIM004182,12268,DLI,NR,35,3,10,0.46,1,Clear,0,Operational,HIGH,3,2,213.6,1
SIM004183,12032,SBC,SWR,50,4,10,0.7,1,Rain,1,Operational,HIGH,4,0,487.8,1
SIM004184,12054,NDLS,NR,64,9,16,0.28,0,Storm,3,Weather,HIGH,4,0,1133.0,1
SIM004185,12164,BSP,SECR,41,6,8,0.22,0,Clear,0,Operational,HIGH,4,0,346.3,1
SIM004186,12087,CSMT,CR,36,8,18,1.12,1,Rain,1,Crew,HIGH,3,0,213.7,1
SIM004187,12188,ROU,SER,16,3,5,0.36,1,Clear,0,Crew,LOW,1,0,29.6,1
SIM004188,12178,BWN,ER,52,3,6,0.71,1,Clear,0,Rolling Stock,MEDIUM,4,0,597.5,1
SIM004189,12030,BBS,ECoR,77,6,6,0.35,0,Clear,0,Weather,HIGH,5,0,1182.9,1
SIM004190,12182,COR,WCR,1,5,8,0.72,1,Clear,0,Rolling Stock,MEDIUM,0,0,1.0,0
SIM004191,12233,MAS,SR,4,9,12,0.21,0,Heavy Rain,2,Signal,HIGH,0,0,4.0,0
SIM004192,12235,BCT,WR,29,6,7,0.86,1,Rain,1,Weather,HIGH,3,0,123.1,1
SIM004193,12065,MFP,ECR,54,3,6,0.43,0,Heavy Rain,2,Infrastructure,MEDIUM,4,0,656.9,1
SIM004194,12065,DLI,NR,25,3,10,0.8,0,Rain,1,Weather,HIGH,2,0,89.0,1
SIM004195,12169,GHY,NFR,16,4,6,1.11,0,Clear,0,Weather,HIGH,1,0,30.9,0
SIM004196,12100,SDAH,ER,29,3,20,0.52,1,Clear,0,Rolling Stock,HIGH,2,0,116.9,1
SIM004197,12183,PNBE,ECR,10,7,10,1.27,1,Clear,0,Signal,HIGH,0,0,10.0,0
SIM004198,12304,MAS,SR,50,9,12,0.3,1,Heavy Rain,2,Rolling Stock,HIGH,3,2,472.1,0
SIM004199,12035,UBL,SWR,71,3,6,0.5,0,Clear,0,Weather,MEDIUM,5,0,1277.8,1
SIM004200,12306,MAO,KR,32,3,5,0.3,0,Fog,2,Crew,MEDIUM,2,0,131.9,1
SIM004201,12033,PUNE,CR,44,5,6,0.41,0,Rain,1,Weather,HIGH,3,0,362.5,1
SIM004202,12244,AII,NWR,10,3,6,0.4,1,Clear,0,Signal,MEDIUM,0,0,10.0,0
SIM004203,12118,MAS,SR,1,9,12,0.34,0,Rain,1,Rolling Stock,HIGH,0,0,1.0,0
SIM004204,12156,PURI,ECoR,68,2,5,0.38,0,Fog,2,Passenger,MEDIUM,5,0,683.4,1
SIM004205,12304,KGP,SER,29,5,9,0.25,1,Clear,0,Signal,HIGH,2,0,141.1,1
SIM004206,12032,RTM,WR,23,4,6,0.46,1,Clear,0,Signal,MEDIUM,2,0,101.5,1
SIM004207,12033,CSMT,CR,8,8,18,0.79,0,Rain,1,Rolling Stock,HIGH,0,0,8.0,0
SIM004208,12261,SDAH,ER,36,3,20,0.39,1,Clear,0,Rolling Stock,HIGH,3,0,207.4,1
SIM004209,12192,GHY,NFR,26,4,6,0.48,1,Clear,0,Weather,HIGH,2,0,74.0,1
SIM004210,12261,RTM,WR,9,4,6,0.2,1,Rain,1,Signal,MEDIUM,0,0,9.0,0
SIM004211,12223,BPL,WCR,58,6,6,1.05,1,Rain,1,Passenger,HIGH,4,2,743.4,1
SIM004212,12076,SC,SCR,35,7,10,0.14,0,Clear,0,Rolling Stock,HIGH,3,0,165.4,1
SIM004213,12186,GHY,NFR,2,4,6,0.49,1,Clear,0,Infrastructure,HIGH,0,0,2.0,0
SIM004214,12074,MS,SR,5,2,10,0.47,1,Clear,0,Signal,MEDIUM,0,0,5.0,0
SIM004215,12077,NGP,CR,57,7,8,0.35,0,Clear,0,Signal,HIGH,4,0,738.1,1
SIM004216,12314,COR,WCR,31,5,8,0.3,0,Clear,0,Crew,MEDIUM,2,0,146.1,1
SIM004217,12147,BBS,ECoR,18,6,6,0.68,0,Clear,0,Infrastructure,HIGH,1,0,44.0,0
SIM004218,12071,AII,NWR,35,3,6,0.9,1,Clear,0,Operational,MEDIUM,3,0,243.0,0
SIM004219,12013,RTM,WR,6,4,6,0.45,1,Fog,2,Weather,MEDIUM,0,0,6.0,0
SIM004220,12237,BSP,SECR,1,6,8,0.18,1,Clear,0,Weather,HIGH,0,0,1.0,0
SIM004221,12174,MAS,SR,1,9,12,1.08,0,Clear,0,Crew,HIGH,0,0,1.0,0
SIM004222,12049,ADI,WR,50,6,12,0.43,0,Rain,1,Passenger,HIGH,4,0,429.4,1
SIM004223,12048,JBP,WCR,56,4,7,1.25,1,Rain,1,Infrastructure,HIGH,4,4,757.4,1
SIM004224,12104,MAS,SR,17,9,12,1.06,1,Fog,2,Infrastructure,HIGH,1,0,34.2,0
SIM004225,12054,VSKP,ECoR,75,5,8,0.82,0,Clear,0,Signal,HIGH,5,0,1594.9,1
SIM004226,12074,SC,SCR,33,7,10,0.59,1,Rain,1,Operational,HIGH,3,2,166.2,0
SIM004227,12009,PNBE,ECR,46,7,10,0.35,0,Clear,0,Operational,HIGH,3,0,332.1,1
SIM004228,12260,PRYJ,NCR,29,6,10,0.83,0,Heavy Rain,2,Infrastructure,HIGH,3,0,140.0,1
SIM004229,12106,ERS,SR,1,3,5,0.25,1,Clear,0,Operational,MEDIUM,0,0,1.0,0
SIM004230,12184,ROU,SER,43,3,5,0.86,1,Clear,0,Weather,LOW,3,2,255.4,1
SIM004231,12066,NGP,CR,8,7,8,0.74,1,Rain,1,Passenger,HIGH,0,0,8.0,0
SIM004232,12130,BBS,ECoR,1,6,6,0.9,0,Clear,0,Signal,HIGH,0,0,1.0,0
SIM004233,12273,AGC,NCR,15,2,6,0.27,1,Clear,0,Crew,MEDIUM,1,0,22.4,0
SIM004234,12115,BCT,WR,9,6,7,0.54,1,Clear,0,Operational,HIGH,0,0,9.0,0
SIM004235,12057,MAS,SR,24,9,12,1.26,1,Clear,0,Crew,HIGH,2,0,89.8,0
SIM004236,12081,BCT,WR,14,6,7,0.17,1,Clear,0,Rolling Stock,HIGH,1,0,27.4,0
SIM004237,12117,NDLS,NR,6,9,16,1.17,1,Clear,0,Passenger,HIGH,0,0,6.0,0
SIM004238,12215,BPL,WCR,37,6,6,0.38,0,Clear,0,Crew,HIGH,2,0,169.7,1
SIM004239,12148,ADI,WR,63,6,12,0.19,1,Clear,0,Infrastructure,HIGH,4,2,841.4,1
SIM004240,12101,KGP,SER,2,5,9,1.03,1,Clear,0,Passenger,HIGH,0,0,2.0,0
SIM004241,12245,NGP,CR,22,7,8,1.14,0,Clear,0,Passenger,HIGH,2,0,67.3,1
SIM004242,12176,JBP,WCR,32,4,7,1.11,1,Heavy Rain,2,Operational,HIGH,2,0,158.2,1
SIM004243,12059,TVC,SR,59,5,5,0.57,0,Clear,0,Signal,HIGH,4,0,884.4,0
SIM004244,12087,NGP,CR,3,7,8,0.9,1,Rain,1,Rolling Stock,HIGH,0,0,3.0,0
SIM004245,12212,NDLS,NR,13,9,16,0.64,1,Clear,0,Passenger,HIGH,1,0,18.3,0
SIM004246,12197,MAS,SR,79,9,12,0.73,1,Fog,2,Crew,HIGH,5,4,1830.2,0
SIM004247,12230,TVC,SR,69,5,5,0.82,1,Clear,0,Infrastructure,HIGH,5,0,1125.3,0
SIM004248,12092,KYN,CR,35,5,8,1.3,0,Clear,0,Passenger,HIGH,3,0,200.8,1
SIM004249,12176,BPL,WCR,15,6,6,0.68,1,Fog,2,Signal,HIGH,1,0,21.9,0
SIM004250,12316,MAS,SR,45,9,12,0.59,1,Clear,0,Infrastructure,HIGH,4,0,393.9,0
SIM004251,12205,CSMT,CR,21,8,18,0.51,0,Clear,0,Operational,HIGH,2,0,72.8,1
SIM004252,12258,BBS,ECoR,16,6,6,1.23,0,Clear,0,Crew,HIGH,1,0,28.5,0
SIM004253,12193,BSP,SECR,26,6,8,0.28,1,Clear,0,Signal,HIGH,2,2,86.0,1
SIM004254,12204,MAS,SR,9,9,12,0.75,1,Rain,1,Rolling Stock,HIGH,0,0,9.0,0
SIM004255,12006,COR,WCR,34,5,8,0.47,1,Clear,0,Crew,MEDIUM,2,0,165.2,1
SIM004256,12296,AGC,NCR,36,2,6,0.26,1,Clear,0,Signal,MEDIUM,3,0,153.1,1
SIM004257,12098,MAS,SR,33,9,12,0.6,0,Rain,1,Operational,HIGH,3,0,186.8,0
SIM004258,12141,BCT,WR,32,6,7,0.72,0,Heavy Rain,2,Rolling Stock,HIGH,2,0,149.7,1
SIM004259,12197,SC,SCR,5,7,10,1.03,1,Clear,0,Crew,HIGH,0,0,5.0,0
SIM004260,12151,ST,WR,38,3,5,0.83,0,Clear,0,Infrastructure,MEDIUM,3,0,226.9,1
SIM004261,12037,PNBE,ECR,45,7,10,0.43,1,Heavy Rain,2,Infrastructure,HIGH,3,0,326.1,1
SIM004262,12236,MDU,SR,53,4,6,0.14,1,Clear,0,Rolling Stock,MEDIUM,4,2,826.1,0
SIM004263,12211,JP,NWR,32,6,7,1.09,1,Clear,0,Signal,HIGH,3,0,161.3,0
SIM004264,12306,DLI,NR,48,3,10,0.56,0,Clear,0,Weather,HIGH,3,0,426.9,1
SIM004265,12116,KGP,SER,17,5,9,0.92,1,Clear,0,Weather,HIGH,1,0,36.1,1
SIM004266,12001,BBS,ECoR,5,6,6,0.33,1,Clear,0,Operational,HIGH,0,0,5.0,0
SIM004267,12164,BSP,SECR,41,6,8,1.24,0,Clear,0,Operational,HIGH,3,0,274.6,1
SIM004268,12134,VSKP,ECoR,48,5,8,0.17,0,Storm,3,Signal,HIGH,4,0,521.6,1
SIM004269,12128,MFP,ECR,49,3,6,0.41,1,Heavy Rain,2,Operational,MEDIUM,4,0,464.5,1
SIM004270,12082,SDAH,ER,1,3,20,1.07,0,Clear,0,Rolling Stock,HIGH,0,0,1.0,0
SIM004271,12201,NDLS,NR,2,9,16,0.83,1,Clear,0,Infrastructure,HIGH,0,0,2.0,0
SIM004272,12092,JP,NWR,21,6,7,1.15,0,Clear,0,Rolling Stock,HIGH,2,0,55.5,0
SIM004273,12016,NJP,NFR,58,2,6,0.79,1,Clear,0,Signal,MEDIUM,4,0,469.5,1
SIM004274,12120,BBS,ECoR,27,6,6,1.11,1,Clear,0,Rolling Stock,HIGH,2,2,76.0,0
SIM004275,12017,UMB,NR,67,3,8,0.21,0,Rain,1,Operational,MEDIUM,5,0,1297.2,1
SIM004276,12249,NJP,NFR,37,2,6,0.61,1,Clear,0,Weather,MEDIUM,2,2,166.8,1
SIM004277,12011,MLDT,ER,15,5,5,0.47,0,Clear,0,Crew,LOW,1,0,22.3,0
SIM004278,12130,BBS,ECoR,2,6,6,0.26,0,Clear,0,Rolling Stock,HIGH,0,0,2.0,0
SIM004279,12054,VSKP,ECoR,50,5,8,0.72,0,Clear,0,Crew,HIGH,4,0,519.8,1
SIM004280,12273,AGC,NCR,15,2,6,0.28,1,Clear,0,Crew,MEDIUM,1,0,21.0,0
SIM004281,12213,CSMT,CR,1,8,18,0.99,1,Clear,0,Infrastructure,HIGH,0,0,1.0,0
SIM004282,12152,KYN,CR,23,5,8,0.16,1,Clear,0,Infrastructure,HIGH,2,0,63.3,1
SIM004283,12130,BBS,ECoR,14,6,6,1.02,0,Clear,0,Rolling Stock,HIGH,1,0,19.8,0
SIM004284,12057,MAS,SR,101,9,12,1.02,1,Clear,0,Crew,HIGH,6,2,3286.7,0
SIM004285,12086,VSKP,ECoR,51,5,8,0.21,0,Heavy Rain,2,Signal,HIGH,4,0,539.2,1
SIM004286,12087,SC,SCR,1,7,10,0.48,1,Clear,0,Weather,HIGH,0,0,1.0,0
SIM004287,12255,MAS,SR,40,9,12,0.49,1,Clear,0,Signal,HIGH,3,0,212.9,0
SIM004288,12110,BPL,WCR,26,6,6,1.02,1,Fog,2,Crew,HIGH,2,0,91.1,1
SIM004289,12198,LDH,NR,40,3,6,0.36,1,Clear,0,Crew,MEDIUM,3,0,279.3,0
SIM004290,12167,NGP,CR,41,7,8,0.27,0,Fog,2,Rolling Stock,HIGH,3,0,241.5,1
SIM004291,12130,KYN,CR,57,5,8,0.73,0,Clear,0,Operational,HIGH,4,0,814.0,1
SIM004292,12019,SUR,CR,38,3,6,0.94,1,Rain,1,Infrastructure,MEDIUM,3,2,240.6,1
SIM004293,12179,PRYJ,NCR,12,6,10,0.49,1,Storm,3,Weather,HIGH,0,0,12.0,0
SIM004294,12060,SBC,SWR,1,4,10,0.71,1,Clear,0,Signal,HIGH,0,0,1.0,0
SIM004295,12141,DLI,NR,39,3,10,0.83,0,Clear,0,Infrastructure,HIGH,3,0,254.5,1
SIM004296,12129,TVC,SR,46,5,5,0.96,1,Clear,0,Operational,HIGH,4,0,447.6,0
SIM004297,12243,PRYJ,NCR,45,6,10,0.95,0,Clear,0,Rolling Stock,HIGH,4,0,396.6,1
SIM004298,12248,MLDT,ER,58,5,5,0.45,1,Clear,0,Infrastructure,LOW,4,2,972.3,1
SIM004299,12039,SBC,SWR,20,4,10,0.21,0,Clear,0,Weather,HIGH,1,0,48.7,1
SIM004300,12276,TVC,SR,26,5,5,0.6,1,Clear,0,Signal,HIGH,2,2,100.2,0
SIM004301,12298,SUR,CR,25,3,6,0.94,0,Clear,0,Weather,MEDIUM,2,0,96.5,1
SIM004302,12261,HWH,ER,30,5,23,0.73,1,Clear,0,Weather,HIGH,2,0,122.1,1
SIM004303,12082,NJP,NFR,55,2,6,0.62,0,Clear,0,Rolling Stock,MEDIUM,4,0,458.7,1
SIM004304,12134,PURI,ECoR,43,2,5,0.89,0,Storm,3,Operational,MEDIUM,3,0,263.5,1
SIM004305,12118,MS,SR,33,2,10,0.63,0,Clear,0,Infrastructure,MEDIUM,2,0,110.5,0
SIM004306,12002,BSP,SECR,48,6,8,1.11,0,Heavy Rain,2,Rolling Stock,HIGH,3,0,445.3,1
SIM004307,12265,MDU,SR,33,4,6,0.94,1,Heavy Rain,2,Weather,MEDIUM,2,2,167.5,0
SIM004308,12044,PRYJ,NCR,38,6,10,0.78,1,Rain,1,Infrastructure,HIGH,3,2,207.5,1
SIM004309,12297,ADI,WR,6,6,12,0.99,1,Clear,0,Crew,HIGH,0,0,6.0,0
SIM004310,12009,BBS,ECoR,33,6,6,0.74,0,Clear,0,Infrastructure,HIGH,3,0,156.5,1
SIM004311,12096,BPL,WCR,55,6,6,1.07,1,Fog,2,Infrastructure,HIGH,4,2,527.4,1
SIM004312,12048,ADI,WR,16,6,12,1.11,1,Clear,0,Weather,HIGH,1,0,30.3,0
SIM004313,12270,PRYJ,NCR,20,6,10,0.64,1,Clear,0,Crew,HIGH,1,0,47.0,1
SIM004314,12073,BAM,ECoR,40,3,4,0.84,1,Rain,1,Infrastructure,LOW,3,2,275.9,1
SIM004315,12091,PRYJ,NCR,44,6,10,0.5,0,Rain,1,Infrastructure,HIGH,4,0,376.6,1
SIM004316,12142,TATA,SER,26,2,6,0.66,1,Fog,2,Signal,MEDIUM,2,0,59.1,0
SIM004317,12146,NDLS,NR,9,9,16,1.01,1,Clear,0,Signal,HIGH,0,0,9.0,0
SIM004318,12033,SBC,SWR,15,4,10,0.76,0,Rain,1,Weather,HIGH,1,0,26.7,1
SIM004319,12211,JP,NWR,37,6,7,0.34,1,Clear,0,Infrastructure,HIGH,3,0,246.8,0
SIM004320,12238,DLI,NR,57,3,10,0.79,0,Heavy Rain,2,Passenger,HIGH,4,0,791.3,1
SIM004321,12158,SBC,SWR,40,4,10,0.19,1,Clear,0,Rolling Stock,HIGH,3,2,313.0,1
SIM004322,12210,PUNE,CR,16,5,6,1.03,1,Rain,1,Infrastructure,HIGH,1,0,37.5,0
SIM004323,12065,NDLS,NR,14,9,16,0.78,0,Clear,0,Operational,HIGH,1,0,30.2,0
SIM004324,12288,ST,WR,55,3,5,0.28,0,Heavy Rain,2,Weather,MEDIUM,4,0,633.1,1
SIM004325,12092,JU,NWR,15,3,6,0.57,0,Clear,0,Crew,MEDIUM,1,0,21.8,0
SIM004326,12307,BCT,WR,33,6,7,0.45,1,Clear,0,Signal,HIGH,2,0,154.4,1
SIM004327,12025,AII,NWR,1,3,6,0.91,1,Clear,0,Crew,MEDIUM,0,0,1.0,0
SIM004328,12303,ASN,ER,19,4,8,0.98,1,Fog,2,Operational,MEDIUM,1,0,46.8,1
SIM004329,12292,HYB,SCR,31,1,6,0.51,0,Clear,0,Weather,MEDIUM,2,0,57.8,0
SIM004330,12056,AII,NWR,1,3,6,0.48,0,Clear,0,Passenger,MEDIUM,0,0,1.0,0
SIM004331,12186,ASN,ER,25,4,8,0.94,1,Clear,0,Passenger,MEDIUM,2,0,105.4,1
SIM004332,12147,MAO,KR,23,3,5,0.28,0,Clear,0,Crew,MEDIUM,1,0,56.5,1
SIM004333,12228,TVC,SR,36,5,5,0.97,1,Clear,0,Operational,HIGH,3,2,250.9,0
SIM004334,12127,NJP,NFR,68,2,6,0.39,1,Clear,0,Operational,MEDIUM,4,2,803.0,1
SIM004335,12152,PUNE,CR,43,5,6,0.54,1,Rain,1,Infrastructure,HIGH,3,0,382.5,1
SIM004336,12310,COR,WCR,49,5,8,0.53,1,Clear,0,Operational,MEDIUM,4,0,467.4,1
SIM004337,12031,UMB,NR,39,3,8,0.79,0,Clear,0,Weather,MEDIUM,3,0,236.5,0
SIM004338,12302,PNBE,ECR,23,7,10,1.01,1,Clear,0,Rolling Stock,HIGH,1,2,62.1,0
SIM004339,12220,BWN,ER,36,3,6,0.21,1,Clear,0,Signal,MEDIUM,3,0,190.1,1
SIM004340,12172,MAS,SR,29,9,12,0.46,1,Heavy Rain,2,Crew,HIGH,2,0,141.7,0
SIM004341,12302,SC,SCR,38,7,10,0.15,1,Clear,0,Weather,HIGH,3,2,266.3,1
SIM004342,12224,NJP,NFR,1,2,6,0.2,0,Storm,3,Rolling Stock,MEDIUM,0,0,1.0,0
SIM004343,12298,CSMT,CR,94,8,18,0.2,0,Clear,0,Crew,HIGH,6,0,3303.1,1
SIM004344,12214,BBS,ECoR,27,6,6,1.04,1,Storm,3,Weather,HIGH,2,0,106.8,1
SIM004345,12011,MLDT,ER,28,5,5,0.24,0,Clear,0,Weather,LOW,2,0,94.6,1
SIM004346,12081,BCT,WR,42,6,7,0.24,1,Clear,0,Signal,HIGH,3,2,345.2,1
SIM004347,12186,MLDT,ER,3,5,5,0.66,1,Clear,0,Rolling Stock,LOW,0,0,3.0,0
SIM004348,12191,TVC,SR,30,5,5,0.46,0,Clear,0,Signal,HIGH,2,0,120.8,0
SIM004349,12058,BBS,ECoR,14,6,6,0.31,0,Clear,0,Infrastructure,HIGH,1,0,21.9,0
SIM004350,12007,BPL,WCR,54,6,6,0.31,1,Rain,1,Signal,HIGH,4,0,684.0,1
SIM004351,12011,MLDT,ER,31,5,5,0.12,0,Clear,0,Passenger,LOW,2,0,121.7,1
SIM004352,12131,KGP,SER,71,5,9,0.96,1,Clear,0,Infrastructure,HIGH,5,0,1135.5,1
SIM004353,12103,BZA,SCR,73,5,10,1.14,0,Clear,0,Operational,HIGH,5,0,1486.7,1
SIM004354,12142,KGP,SER,38,5,9,0.45,1,Clear,0,Rolling Stock,HIGH,3,0,236.2,1
SIM004355,12285,ADI,WR,40,6,12,0.71,1,Clear,0,Infrastructure,HIGH,3,0,279.4,1
SIM004356,12082,GHY,NFR,35,4,6,0.18,0,Clear,0,Rolling Stock,HIGH,3,0,160.7,1
SIM004357,12222,COR,WCR,33,5,8,0.3,1,Fog,2,Weather,MEDIUM,3,0,173.9,1
SIM004358,12296,PRYJ,NCR,49,6,10,0.83,1,Rain,1,Crew,HIGH,3,2,535.7,1
SIM004359,12134,SDAH,ER,33,3,20,0.42,0,Rain,1,Infrastructure,HIGH,3,0,206.5,1
SIM004360,12107,SBC,SWR,46,4,10,0.37,1,Rain,1,Signal,HIGH,4,0,397.1,1
SIM004361,12118,JP,NWR,3,6,7,0.51,0,Clear,0,Weather,HIGH,0,0,3.0,0
SIM004362,12180,BCT,WR,66,6,7,0.78,1,Heavy Rain,2,Signal,HIGH,5,2,1210.5,1
SIM004363,12047,MFP,ECR,25,3,6,0.62,1,Clear,0,Operational,MEDIUM,2,0,87.5,1
SIM004364,12170,ASR,NR,10,4,6,0.46,1,Clear,0,Crew,MEDIUM,0,0,10.0,0
SIM004365,12211,COR,WCR,30,5,8,0.79,1,Clear,0,Crew,MEDIUM,2,0,99.1,1
SIM004366,12041,PRYJ,NCR,1,6,10,0.15,1,Rain,1,Operational,HIGH,0,0,1.0,0
SIM004367,12080,KGP,SER,1,5,9,0.37,1,Rain,1,Weather,HIGH,0,0,1.0,0
SIM004368,12009,BBS,ECoR,39,6,6,1.09,0,Clear,0,Passenger,HIGH,3,0,215.9,1
SIM004369,12233,MS,SR,47,2,10,0.43,0,Clear,0,Infrastructure,MEDIUM,3,0,276.2,0
SIM004370,12296,AGC,NCR,34,2,6,0.94,1,Fog,2,Crew,MEDIUM,3,0,143.4,1
SIM004371,12178,BWN,ER,1,3,6,0.78,1,Rain,1,Signal,MEDIUM,0,0,1.0,0
SIM004372,12061,NDLS,NR,2,9,16,0.86,1,Fog,2,Operational,HIGH,0,0,2.0,0
SIM004373,12226,SUR,CR,65,3,6,0.74,1,Clear,0,Operational,MEDIUM,5,2,1224.5,1
SIM004374,12041,JHS,NCR,1,3,7,0.64,1,Clear,0,Signal,MEDIUM,0,0,1.0,0
SIM004375,12143,KGP,SER,1,5,9,0.86,0,Fog,2,Operational,HIGH,0,0,1.0,0
SIM004376,12222,JBP,WCR,36,4,7,1.29,1,Heavy Rain,2,Infrastructure,HIGH,3,0,201.2,1
SIM004377,12042,DURG,SECR,26,2,6,0.57,0,Clear,0,Crew,MEDIUM,2,0,72.7,1
SIM004378,12163,JHS,NCR,70,3,7,0.17,1,Clear,0,Crew,MEDIUM,4,2,1255.8,1
SIM004379,12052,NDLS,NR,6,9,16,0.75,1,Clear,0,Operational,HIGH,0,0,6.0,0
SIM004380,12015,SC,SCR,26,7,10,1.1,1,Clear,0,Crew,HIGH,2,0,68.7,0
SIM004381,12180,NJP,NFR,1,2,6,0.95,1,Clear,0,Operational,MEDIUM,0,0,1.0,0
SIM004382,12293,HYB,SCR,59,1,6,0.85,0,Clear,0,Operational,MEDIUM,4,0,323.4,1
SIM004383,12104,MAS,SR,6,9,12,0.66,1,Clear,0,Weather,HIGH,0,0,6.0,0
SIM004384,12043,BCT,WR,56,6,7,0.5,1,Clear,0,Operational,HIGH,4,2,713.3,1
SIM004385,12096,SBC,SWR,1,4,10,1.26,1,Clear,0,Operational,HIGH,0,0,1.0,0
SIM004386,12303,HWH,ER,1,5,23,0.68,1,Clear,0,Signal,HIGH,0,0,1.0,0
SIM004387,12317,MAS,SR,42,9,12,0.33,0,Clear,0,Rolling Stock,HIGH,3,0,297.4,0
SIM004388,12022,COR,WCR,27,5,8,0.46,1,Clear,0,Signal,MEDIUM,2,0,78.8,1
SIM004389,12248,TATA,SER,57,2,6,0.4,1,Clear,0,Signal,MEDIUM,4,2,640.8,1
SIM004390,12007,JP,NWR,83,6,7,0.5,1,Clear,0,Rolling Stock,HIGH,5,0,2431.7,0
SIM004391,12066,VSKP,ECoR,58,5,8,1.01,1,Clear,0,Crew,HIGH,4,2,861.1,1
SIM004392,12296,PRYJ,NCR,49,6,10,0.26,1,Rain,1,Crew,HIGH,3,2,393.8,1
SIM004393,12169,MFP,ECR,55,3,6,0.28,0,Fog,2,Rolling Stock,MEDIUM,4,0,640.4,1
SIM004394,12239,VSKP,ECoR,83,5,8,0.16,1,Clear,0,Passenger,HIGH,5,2,1905.2,1
SIM004395,12150,R,SECR,30,3,7,0.88,0,Clear,0,Passenger,MEDIUM,2,0,119.4,1
SIM004396,12144,MS,SR,26,2,10,0.87,1,Clear,0,Passenger,MEDIUM,2,2,77.4,0
SIM004397,12261,RTM,WR,47,4,6,0.34,1,Clear,0,Rolling Stock,MEDIUM,4,0,438.7,1
SIM004398,12153,BZA,SCR,48,5,10,0.93,1,Clear,0,Infrastructure,HIGH,4,2,612.9,1
SIM004399,12238,KYN,CR,22,5,8,0.81,0,Clear,0,Passenger,HIGH,2,0,70.0,1
SIM004400,12076,SC,SCR,1,7,10,0.85,0,Clear,0,Weather,HIGH,0,0,1.0,0
SIM004401,12119,BPL,WCR,8,6,6,0.61,1,Clear,0,Crew,HIGH,0,0,8.0,0
SIM004402,12291,NJP,NFR,76,2,6,0.73,1,Clear,0,Weather,MEDIUM,5,2,1113.3,1
SIM004403,12030,CSMT,CR,6,8,18,1.28,0,Clear,0,Crew,HIGH,0,0,6.0,0
SIM004404,12260,KYN,CR,7,5,8,0.22,0,Clear,0,Signal,HIGH,0,0,7.0,0
SIM004405,12158,TVC,SR,12,5,5,0.41,1,Clear,0,Operational,HIGH,0,0,12.0,0
SIM004406,12243,NDLS,NR,1,9,16,0.57,0,Clear,0,Signal,HIGH,0,0,1.0,0
SIM004407,12022,JBP,WCR,1,4,7,0.27,1,Clear,0,Operational,HIGH,0,0,1.0,0
SIM004408,12040,JP,NWR,18,6,7,0.27,1,Rain,1,Signal,HIGH,1,0,43.3,0
SIM004409,12003,BCT,WR,62,6,7,1.03,0,Clear,0,Weather,HIGH,4,0,930.3,1
SIM004410,12174,VSKP,ECoR,41,5,8,0.97,0,Fog,2,Passenger,HIGH,3,0,315.0,1
SIM004411,12231,MLDT,ER,46,5,5,0.17,1,Clear,0,Infrastructure,LOW,3,2,527.7,1
SIM004412,12052,NDLS,NR,15,9,16,1.13,1,Clear,0,Operational,HIGH,0,0,15.0,0
SIM004413,12079,ROU,SER,66,3,5,0.79,1,Clear,0,Signal,LOW,5,0,959.3,1
SIM004414,12006,GKP,NER,4,5,10,0.47,1,Clear,0,Weather,HIGH,0,0,4.0,0
SIM004415,12194,PNBE,ECR,45,7,10,1.21,1,Clear,0,Weather,HIGH,4,2,473.9,1
SIM004416,12182,JP,NWR,18,6,7,0.91,1,Clear,0,Weather,HIGH,2,0,54.2,0
SIM004417,12163,NDLS,NR,1,9,16,0.78,1,Clear,0,Weather,HIGH,0,0,1.0,0
SIM004418,12148,JBP,WCR,67,4,7,0.33,1,Clear,0,Crew,HIGH,4,2,1234.5,1
SIM004419,12306,KYN,CR,46,5,8,0.24,0,Clear,0,Passenger,HIGH,3,0,380.7,1
SIM004420,12154,DLI,NR,2,3,10,1.04,0,Clear,0,Passenger,HIGH,0,0,2.0,0
SIM004421,12243,NDLS,NR,44,9,16,0.48,0,Fog,2,Infrastructure,HIGH,3,0,432.5,1
SIM004422,12260,AGC,NCR,36,2,6,0.55,0,Fog,2,Operational,MEDIUM,3,0,185.8,1
SIM004423,12162,KYN,CR,6,5,8,0.16,1,Clear,0,Crew,HIGH,0,0,6.0,0
SIM004424,12184,ROU,SER,17,3,5,0.12,1,Storm,3,Passenger,LOW,1,0,34.7,1
SIM004425,12111,MDU,SR,65,4,6,0.7,1,Clear,0,Crew,MEDIUM,4,2,1068.7,0
SIM004426,12049,GHY,NFR,19,4,6,1.19,0,Clear,0,Crew,HIGH,1,0,47.2,1
SIM004427,12214,GHY,NFR,6,4,6,0.85,1,Clear,0,Infrastructure,HIGH,0,0,6.0,0
SIM004428,12078,CSMT,CR,47,8,18,0.96,1,Clear,0,Infrastructure,HIGH,4,2,501.0,1
SIM004429,12207,SDAH,ER,36,3,20,0.18,0,Heavy Rain,2,Signal,HIGH,3,0,204.9,1
SIM004430,12243,DLI,NR,23,3,10,0.84,0,Fog,2,Weather,HIGH,2,0,79.4,1
SIM004431,12179,PRYJ,NCR,15,6,10,1.06,1,Clear,0,Infrastructure,HIGH,1,0,27.8,1
SIM004432,12034,SUR,CR,1,3,6,0.8,1,Rain,1,Crew,MEDIUM,0,0,1.0,0
SIM004433,12144,MAS,SR,36,9,12,0.57,1,Clear,0,Crew,HIGH,3,2,218.6,0
SIM004434,12022,COR,WCR,38,5,8,1.0,1,Heavy Rain,2,Infrastructure,MEDIUM,3,2,328.8,1
SIM004435,12265,MDU,SR,32,4,6,0.52,1,Clear,0,Weather,MEDIUM,3,2,151.3,0
SIM004436,12042,BSP,SECR,42,6,8,0.89,0,Clear,0,Operational,HIGH,3,0,254.8,1
SIM004437,12154,NGP,CR,22,7,8,1.08,0,Rain,1,Weather,HIGH,1,0,57.8,1
SIM004438,12235,CSMT,CR,39,8,18,0.45,1,Clear,0,Rolling Stock,HIGH,3,0,298.2,1
SIM004439,12262,DLI,NR,22,3,10,0.84,1,Clear,0,Infrastructure,HIGH,1,0,49.0,1
SIM004440,12085,MLDT,ER,16,5,5,0.39,0,Rain,1,Weather,LOW,1,0,23.5,1
SIM004441,12177,MLDT,ER,45,5,5,0.38,1,Storm,3,Crew,LOW,3,2,414.6,1
SIM004442,12277,NDLS,NR,46,9,16,1.15,0,Heavy Rain,2,Signal,HIGH,4,0,425.1,1
SIM004443,12246,LDH,NR,30,3,6,0.36,1,Heavy Rain,2,Signal,MEDIUM,3,0,170.0,0
SIM004444,12054,VSKP,ECoR,51,5,8,0.55,0,Heavy Rain,2,Infrastructure,HIGH,4,0,539.0,1
SIM004445,12117,COR,WCR,34,5,8,0.8,1,Clear,0,Rolling Stock,MEDIUM,3,2,228.8,1
SIM004446,12036,HWH,ER,1,5,23,0.34,1,Heavy Rain,2,Crew,HIGH,0,0,1.0,0
SIM004447,12095,KYN,CR,52,5,8,0.27,1,Clear,0,Signal,HIGH,4,2,570.9,1
SIM004448,12140,MAS,SR,46,9,12,0.65,1,Clear,0,Passenger,HIGH,3,2,360.2,0
SIM004449,12219,SDAH,ER,63,3,20,0.45,1,Rain,1,Operational,HIGH,5,2,1181.6,1
SIM004450,12086,VSKP,ECoR,47,5,8,0.94,0,Heavy Rain,2,Signal,HIGH,3,0,349.7,1
SIM004451,12181,GHY,NFR,59,4,6,0.45,1,Clear,0,Crew,HIGH,4,0,513.3,1
SIM004452,12011,ADI,WR,61,6,12,0.97,0,Rain,1,Operational,HIGH,5,0,1036.1,1
SIM004453,12110,BWN,ER,15,3,6,0.94,1,Rain,1,Weather,MEDIUM,1,0,32.0,0
SIM004454,12247,MAS,SR,46,9,12,0.17,0,Clear,0,Operational,HIGH,4,0,377.4,0
SIM004455,12104,KGP,SER,26,5,9,0.6,1,Clear,0,Crew,HIGH,2,0,108.5,1
SIM004456,12053,AII,NWR,17,3,6,0.31,1,Clear,0,Weather,MEDIUM,1,0,39.0,0
SIM004457,12185,RTM,WR,72,4,6,0.1,1,Clear,0,Operational,MEDIUM,5,2,1649.3,1
SIM004458,12147,BBS,ECoR,65,6,6,1.27,0,Clear,0,Signal,HIGH,5,0,837.3,1
SIM004459,12189,HWH,ER,26,5,23,0.97,1,Clear,0,Passenger,HIGH,2,2,87.8,1
SIM004460,12142,HWH,ER,45,5,23,0.83,1,Rain,1,Operational,HIGH,4,0,436.7,1
SIM004461,12211,JP,NWR,67,6,7,0.58,1,Fog,2,Signal,HIGH,5,2,1194.2,0
SIM004462,12071,KYN,CR,6,5,8,0.91,1,Clear,0,Operational,HIGH,0,0,6.0,0
SIM004463,12149,CTC,ECoR,34,1,6,0.75,1,Rain,1,Infrastructure,MEDIUM,2,2,81.4,0
SIM004464,12087,MAS,SR,3,9,12,1.2,1,Clear,0,Infrastructure,HIGH,0,0,3.0,0
SIM004465,12045,CSMT,CR,3,8,18,0.3,0,Clear,0,Crew,HIGH,0,0,3.0,0
SIM004466,12258,BCT,WR,45,6,7,0.4,0,Clear,0,Rolling Stock,HIGH,3,0,353.1,1
SIM004467,12152,KYN,CR,59,5,8,0.34,1,Clear,0,Weather,HIGH,5,0,937.4,1
SIM004468,12068,NGP,CR,33,7,8,0.59,1,Rain,1,Weather,HIGH,3,0,161.6,1
SIM004469,12187,PRYJ,NCR,9,6,10,0.77,1,Clear,0,Infrastructure,HIGH,0,0,9.0,0
SIM004470,12170,CSMT,CR,48,8,18,1.22,1,Fog,2,Operational,HIGH,3,2,486.0,1
SIM004471,12228,TVC,SR,62,5,5,0.36,1,Clear,0,Signal,HIGH,4,2,1171.4,0
SIM004472,12243,DLI,NR,23,3,10,0.89,0,Fog,2,Weather,HIGH,2,0,80.8,1
SIM004473,12041,JHS,NCR,1,3,7,0.15,1,Clear,0,Signal,MEDIUM,0,0,1.0,0
SIM004474,12313,GHY,NFR,19,4,6,0.28,0,Clear,0,Signal,HIGH,1,0,44.9,1
SIM004475,12294,PNBE,ECR,43,7,10,1.25,0,Fog,2,Infrastructure,HIGH,3,0,300.3,1
SIM004476,12020,DD,CR,1,3,5,0.17,1,Fog,2,Infrastructure,LOW,0,0,1.0,0
SIM004477,12292,SC,SCR,13,7,10,1.05,0,Clear,0,Signal,HIGH,0,0,13.0,0
SIM004478,12136,KYN,CR,37,5,8,0.46,1,Clear,0,Signal,HIGH,3,0,253.1,1
SIM004479,12289,DLI,NR,35,3,10,0.51,1,Clear,0,Infrastructure,HIGH,3,2,216.8,1
SIM004480,12091,NDLS,NR,47,9,16,1.14,0,Clear,0,Crew,HIGH,4,0,379.8,1
SIM004481,12205,SC,SCR,4,7,10,0.32,0,Clear,0,Infrastructure,HIGH,0,0,4.0,0
SIM004482,12096,BPL,WCR,8,6,6,0.35,1,Fog,2,Weather,HIGH,0,0,8.0,0
SIM004483,12216,NDLS,NR,32,9,16,1.13,1,Clear,0,Signal,HIGH,2,2,159.6,1
SIM004484,12224,COR,WCR,44,5,8,0.8,0,Clear,0,Crew,MEDIUM,4,0,449.5,1
SIM004485,12290,NJP,NFR,66,2,6,0.44,1,Clear,0,Operational,MEDIUM,5,2,841.0,1
SIM004486,12004,BBS,ECoR,25,6,6,1.1,1,Clear,0,Operational,HIGH,2,0,75.3,1
SIM004487,12168,JBP,WCR,39,4,7,0.55,0,Clear,0,Infrastructure,HIGH,3,0,256.6,1
SIM004488,12043,VSKP,ECoR,20,5,8,1.04,1,Clear,0,Rolling Stock,HIGH,2,0,54.5,1
SIM004489,12094,JP,NWR,1,6,7,1.11,1,Clear,0,Rolling Stock,HIGH,0,0,1.0,0
SIM004490,12126,NDLS,NR,1,9,16,1.15,1,Clear,0,Crew,HIGH,0,0,1.0,0
SIM004491,12092,KYN,CR,16,5,8,0.61,0,Clear,0,Rolling Stock,HIGH,1,0,31.0,1
SIM004492,12209,SUR,CR,1,3,6,0.64,1,Clear,0,Rolling Stock,MEDIUM,0,0,1.0,0
SIM004493,12047,MFP,ECR,43,3,6,0.56,1,Fog,2,Passenger,MEDIUM,3,0,354.1,1
SIM004494,12306,MAO,KR,56,3,5,0.56,0,Fog,2,Rolling Stock,MEDIUM,4,0,645.8,1
SIM004495,12027,COR,WCR,22,5,8,0.84,1,Clear,0,Operational,MEDIUM,2,0,57.1,1
SIM004496,12011,MLDT,ER,15,5,5,0.88,0,Clear,0,Crew,LOW,0,0,15.0,0
SIM004497,12134,PURI,ECoR,43,2,5,0.95,0,Storm,3,Operational,MEDIUM,3,0,231.7,1
SIM004498,12002,NGP,CR,7,7,8,0.48,0,Rain,1,Rolling Stock,HIGH,0,0,7.0,0
SIM004499,12055,MS,SR,18,2,10,0.38,1,Clear,0,Infrastructure,MEDIUM,1,0,35.2,0
SIM004500,12036,BWN,ER,17,3,6,0.72,1,Rain,1,Rolling Stock,MEDIUM,1,0,33.8,0
SIM004501,12156,COR,WCR,53,5,8,0.15,0,Clear,0,Infrastructure,MEDIUM,4,0,623.4,1
SIM004502,12057,BZA,SCR,48,5,10,0.32,1,Clear,0,Infrastructure,HIGH,4,0,422.9,1
SIM004503,12062,SDAH,ER,1,3,20,1.04,1,Clear,0,Signal,HIGH,0,0,1.0,0
SIM004504,12089,NGP,CR,55,7,8,0.22,1,Clear,0,Crew,HIGH,4,0,805.4,1
SIM004505,12018,BBS,ECoR,42,6,6,0.27,0,Clear,0,Infrastructure,HIGH,3,0,216.9,1
SIM004506,12218,UBL,SWR,26,3,6,0.38,1,Clear,0,Operational,MEDIUM,2,0,75.9,1
SIM004507,12103,NDLS,NR,24,9,16,1.29,0,Clear,0,Weather,HIGH,2,0,92.2,1
SIM004508,12197,MS,SR,3,2,10,0.78,1,Clear,0,Rolling Stock,MEDIUM,0,0,3.0,0
SIM004509,12230,JP,NWR,66,6,7,1.09,1,Clear,0,Crew,HIGH,5,0,1221.7,0
SIM004510,12224,GHY,NFR,52,4,6,0.45,0,Clear,0,Rolling Stock,HIGH,4,0,445.1,1
SIM004511,12119,BZA,SCR,51,5,10,0.14,1,Clear,0,Signal,HIGH,4,2,621.0,1
SIM004512,12102,KYN,CR,35,5,8,0.65,1,Clear,0,Infrastructure,HIGH,3,2,212.9,1
SIM004513,12032,RTM,WR,23,4,6,0.42,1,Clear,0,Signal,MEDIUM,2,0,71.2,1
SIM004514,12232,SC,SCR,48,7,10,0.73,0,Clear,0,Operational,HIGH,3,0,387.0,1
SIM004515,12060,JBP,WCR,1,4,7,0.58,1,Heavy Rain,2,Infrastructure,HIGH,0,0,1.0,0
SIM004516,12011,ADI,WR,36,6,12,0.28,0,Clear,0,Rolling Stock,HIGH,3,0,195.4,1
SIM004517,12287,BCT,WR,13,6,7,0.22,1,Rain,1,Rolling Stock,HIGH,1,0,19.7,0
SIM004518,12225,NDLS,NR,37,9,16,0.21,0,Rain,1,Passenger,HIGH,3,0,259.3,1
SIM004519,12240,ERS,SR,55,3,5,0.42,1,Clear,0,Crew,MEDIUM,4,2,807.2,0
SIM004520,12221,MYS,SWR,72,2,5,0.62,0,Clear,0,Signal,MEDIUM,4,0,776.1,1
SIM004521,12126,NDLS,NR,18,9,16,0.85,1,Clear,0,Operational,HIGH,1,0,41.0,0
SIM004522,12097,PNBE,ECR,15,7,10,0.23,1,Storm,3,Weather,HIGH,1,0,29.2,0
SIM004523,12237,BSP,SECR,1,6,8,1.29,1,Clear,0,Rolling Stock,HIGH,0,0,1.0,0
SIM004524,12305,PRYJ,NCR,14,6,10,0.2,1,Clear,0,Operational,HIGH,1,0,22.0,1
SIM004525,12007,AII,NWR,50,3,6,0.25,1,Clear,0,Infrastructure,MEDIUM,4,0,554.5,0
SIM004526,12139,BZA,SCR,14,5,10,1.01,1,Clear,0,Infrastructure,HIGH,1,0,35.5,1
SIM004527,12285,NJP,NFR,25,2,6,0.84,1,Clear,0,Signal,MEDIUM,2,0,60.9,1
SIM004528,12062,NDLS,NR,60,9,16,0.94,1,Clear,0,Signal,HIGH,4,2,897.9,1
SIM004529,12163,JHS,NCR,28,3,7,0.3,1,Clear,0,Weather,MEDIUM,2,2,155.0,1
SIM004530,12205,CSMT,CR,1,8,18,0.99,0,Clear,0,Passenger,HIGH,0,0,1.0,0
SIM004531,12262,ASN,ER,33,4,8,0.25,1,Rain,1,Infrastructure,MEDIUM,3,2,187.3,1
SIM004532,12286,NDLS,NR,38,9,16,1.15,0,Clear,0,Weather,HIGH,3,0,281.0,1
SIM004533,12192,GHY,NFR,72,4,6,1.19,1,Clear,0,Operational,HIGH,4,2,931.5,1
SIM004534,12037,PNBE,ECR,47,7,10,0.91,1,Rain,1,Rolling Stock,HIGH,3,0,394.7,1
SIM004535,12151,HYB,SCR,53,1,6,0.66,0,Clear,0,Signal,MEDIUM,4,0,228.7,1
SIM004536,12199,SC,SCR,49,7,10,0.98,1,Clear,0,Operational,HIGH,4,2,443.5,1
SIM004537,12216,LDH,NR,20,3,6,0.69,1,Clear,0,Signal,MEDIUM,1,0,44.2,0
SIM004538,12054,NDLS,NR,1,9,16,0.88,0,Clear,0,Weather,HIGH,0,0,1.0,0
SIM004539,12041,KGP,SER,26,5,9,0.84,1,Clear,0,Signal,HIGH,2,0,100.0,1
SIM004540,12158,TVC,SR,1,5,5,0.76,1,Clear,0,Weather,HIGH,0,0,1.0,0
SIM004541,12108,BCT,WR,17,6,7,0.71,1,Rain,1,Signal,HIGH,1,0,34.1,0
SIM004542,12073,NDLS,NR,23,9,16,1.22,1,Clear,0,Weather,HIGH,1,0,55.7,0
SIM004543,12231,HWH,ER,46,5,23,0.61,1,Clear,0,Signal,HIGH,4,2,666.7,1
SIM004544,12193,MAS,SR,77,9,12,0.92,1,Clear,0,Rolling Stock,HIGH,5,2,1732.6,0
SIM004545,12290,MLDT,ER,32,5,5,0.96,1,Clear,0,Crew,LOW,2,2,149.6,1
SIM004546,12083,ST,WR,30,3,5,0.36,1,Storm,3,Rolling Stock,MEDIUM,2,0,152.1,1
SIM004547,12212,JHS,NCR,52,3,7,0.82,1,Clear,0,Crew,MEDIUM,4,2,568.2,1
SIM004548,12011,MLDT,ER,28,5,5,0.26,0,Clear,0,Weather,LOW,2,0,121.2,1
SIM004549,12040,PUNE,CR,45,5,6,0.58,1,Fog,2,Signal,HIGH,4,0,481.0,1
SIM004550,12202,NDLS,NR,1,9,16,0.58,1,Rain,1,Weather,HIGH,0,0,1.0,0
SIM004551,12182,ST,WR,41,3,5,0.95,1,Clear,0,Signal,MEDIUM,4,0,336.4,1
SIM004552,12252,COR,WCR,1,5,8,0.46,1,Storm,3,Signal,MEDIUM,0,0,1.0,0
SIM004553,12022,COR,WCR,1,5,8,0.46,1,Clear,0,Infrastructure,MEDIUM,0,0,1.0,0
SIM004554,12131,MAS,SR,20,9,12,0.95,1,Rain,1,Passenger,HIGH,1,0,41.6,0
SIM004555,12087,SC,SCR,19,7,10,0.7,1,Fog,2,Signal,HIGH,2,0,47.5,0
SIM004556,12026,NDLS,NR,92,9,16,1.19,1,Clear,0,Infrastructure,HIGH,6,4,3512.3,1
SIM004557,12180,ADI,WR,19,6,12,1.13,1,Clear,0,Operational,HIGH,1,0,43.7,0
SIM004558,12134,SDAH,ER,9,3,20,0.28,0,Rain,1,Crew,HIGH,0,0,9.0,0
SIM004559,12176,JBP,WCR,52,4,7,1.02,1,Rain,1,Operational,HIGH,4,2,531.5,1
SIM004560,12188,BSP,SECR,21,6,8,0.58,1,Clear,0,Infrastructure,HIGH,2,0,75.5,1
SIM004561,12255,HWH,ER,20,5,23,0.13,1,Clear,0,Passenger,HIGH,2,0,56.9,0
SIM004562,12234,PRYJ,NCR,23,6,10,0.86,1,Clear,0,Crew,HIGH,2,0,66.2,1
SIM004563,12212,PRYJ,NCR,44,6,10,1.0,1,Fog,2,Signal,HIGH,3,2,396.6,1
SIM004564,12236,MDU,SR,46,4,6,0.66,1,Clear,0,Signal,MEDIUM,3,2,447.2,0
SIM004565,12105,KYN,CR,7,5,8,0.68,1,Rain,1,Signal,HIGH,0,0,7.0,0
SIM004566,12092,KYN,CR,19,5,8,0.47,0,Clear,0,Crew,HIGH,2,0,49.7,1
SIM004567,12054,COR,WCR,22,5,8,0.14,0,Clear,0,Signal,MEDIUM,2,0,71.4,1
SIM004568,12007,JP,NWR,15,6,7,0.33,1,Clear,0,Signal,HIGH,1,0,23.2,0
SIM004569,12210,KYN,CR,62,5,8,0.43,1,Clear,0,Signal,HIGH,4,2,1103.1,1
SIM004570,12207,DLI,NR,121,3,10,1.2,0,Rain,1,Rolling Stock,HIGH,6,0,7761.9,1
SIM004571,12074,MS,SR,44,2,10,0.81,1,Storm,3,Weather,MEDIUM,4,2,370.5,0
SIM004572,12024,TPJ,SR,35,4,7,0.4,1,Clear,0,Rolling Stock,MEDIUM,3,2,250.4,0
SIM004573,12238,DLI,NR,10,3,10,1.15,0,Heavy Rain,2,Signal,HIGH,0,0,10.0,0
SIM004574,12073,BAM,ECoR,47,3,4,0.25,1,Heavy Rain,2,Rolling Stock,LOW,4,2,419.0,1
SIM004575,12285,BPL,WCR,65,6,6,0.32,1,Clear,0,Signal,HIGH,4,0,1062.2,1
SIM004576,12076,SC,SCR,1,7,10,0.37,0,Clear,0,Weather,HIGH,0,0,1.0,0
SIM004577,12064,HWH,ER,37,5,23,0.71,1,Fog,2,Operational,HIGH,3,2,239.2,1
SIM004578,12104,KGP,SER,21,5,9,0.7,1,Clear,0,Infrastructure,HIGH,2,0,54.2,1
SIM004579,12221,MYS,SWR,5,2,5,0.87,0,Fog,2,Weather,MEDIUM,0,0,5.0,0
SIM004580,12302,PNBE,ECR,47,7,10,0.99,1,Heavy Rain,2,Infrastructure,HIGH,4,2,506.1,1
SIM004581,12186,ADI,WR,77,6,12,0.24,1,Clear,0,Rolling Stock,HIGH,5,2,1904.6,1
SIM004582,12215,TVC,SR,1,5,5,0.48,0,Clear,0,Signal,HIGH,0,0,1.0,0
SIM004583,12133,JBP,WCR,7,4,7,1.02,1,Clear,0,Signal,HIGH,0,0,7.0,0
SIM004584,12215,JHS,NCR,54,3,7,0.54,0,Rain,1,Passenger,MEDIUM,4,0,457.8,1
SIM004585,12209,BPL,WCR,1,6,6,1.12,1,Clear,0,Weather,HIGH,0,0,1.0,0
SIM004586,12113,AGC,NCR,42,2,6,0.12,1,Clear,0,Weather,MEDIUM,3,0,192.8,1
SIM004587,12204,ROU,SER,3,3,5,0.64,1,Clear,0,Signal,LOW,0,0,3.0,0
SIM004588,12096,SBC,SWR,37,4,10,0.84,1,Heavy Rain,2,Weather,HIGH,3,0,186.7,1
SIM004589,12088,ERS,SR,78,3,5,0.97,1,Clear,0,Infrastructure,MEDIUM,5,0,1826.9,0
SIM004590,12052,PUNE,CR,1,5,6,1.27,1,Clear,0,Passenger,HIGH,0,0,1.0,0
SIM004591,12077,NGP,CR,37,7,8,0.56,0,Fog,2,Operational,HIGH,3,0,230.1,1
SIM004592,12186,GHY,NFR,2,4,6,0.3,1,Clear,0,Infrastructure,HIGH,0,0,2.0,0
SIM004593,12048,BZA,SCR,41,5,10,0.89,1,Clear,0,Infrastructure,HIGH,3,2,347.9,1
SIM004594,12272,MS,SR,15,2,10,0.14,0,Fog,2,Crew,MEDIUM,1,0,23.2,0
SIM004595,12149,CSMT,CR,39,8,18,0.91,1,Heavy Rain,2,Weather,HIGH,3,2,304.6,1
SIM004596,12206,ASN,ER,48,4,8,0.2,1,Clear,0,Operational,MEDIUM,4,0,438.2,1
SIM004597,12153,BZA,SCR,1,5,10,0.91,1,Heavy Rain,2,Signal,HIGH,0,0,1.0,0
SIM004598,12162,JP,NWR,7,6,7,1.16,1,Fog,2,Signal,HIGH,0,0,7.0,0
SIM004599,12144,MS,SR,26,2,10,0.35,1,Clear,0,Passenger,MEDIUM,2,2,71.7,0
SIM004600,12278,MYS,SWR,44,2,5,0.26,1,Clear,0,Rolling Stock,MEDIUM,3,0,251.4,1
SIM004601,12117,COR,WCR,19,5,8,0.81,1,Clear,0,Rolling Stock,MEDIUM,1,0,46.5,1
SIM004602,12126,NDLS,NR,11,9,16,0.44,1,Clear,0,Weather,HIGH,0,0,11.0,0
SIM004603,12136,BBS,ECoR,25,6,6,0.77,1,Clear,0,Passenger,HIGH,2,0,87.5,0
SIM004604,12281,UMB,NR,1,3,8,0.14,1,Clear,0,Signal,MEDIUM,0,0,1.0,0
SIM004605,12197,MS,SR,1,2,10,0.42,1,Clear,0,Infrastructure,MEDIUM,0,0,1.0,0
SIM004606,12212,SDAH,ER,64,3,20,0.2,1,Clear,0,Signal,HIGH,4,2,924.4,1
SIM004607,12027,JP,NWR,19,6,7,0.89,1,Clear,0,Weather,HIGH,1,0,38.0,0
SIM004608,12290,MAS,SR,32,9,12,0.63,1,Rain,1,Rolling Stock,HIGH,2,2,145.3,0
SIM004609,12285,JBP,WCR,1,4,7,0.97,1,Rain,1,Signal,HIGH,0,0,1.0,0
SIM004610,12315,MYS,SWR,44,2,5,0.6,1,Rain,1,Rolling Stock,MEDIUM,3,2,282.7,1
SIM004611,12234,PRYJ,NCR,1,6,10,0.5,1,Clear,0,Infrastructure,HIGH,0,0,1.0,0
SIM004612,12151,HYB,SCR,82,1,6,0.54,0,Clear,0,Operational,MEDIUM,5,0,510.5,1
SIM004613,12277,NGP,CR,25,7,8,0.78,0,Rain,1,Infrastructure,HIGH,2,0,96.8,1
SIM004614,12302,KGP,SER,32,5,9,1.02,1,Clear,0,Signal,HIGH,2,2,175.6,1
SIM004615,12135,BSP,SECR,16,6,8,0.87,1,Clear,0,Weather,HIGH,1,0,41.3,1
SIM004616,12270,GHY,NFR,34,4,6,1.16,1,Clear,0,Operational,HIGH,2,2,150.2,1
SIM004617,12285,NJP,NFR,43,2,6,0.7,1,Rain,1,Infrastructure,MEDIUM,3,0,203.4,1
SIM004618,12317,VSKP,ECoR,57,5,8,0.49,0,Clear,0,Crew,HIGH,4,0,659.1,1
SIM004619,12177,NJP,NFR,56,2,6,0.6,1,Clear,0,Passenger,MEDIUM,4,2,494.1,1
SIM004620,12089,R,SECR,4,3,7,0.16,1,Clear,0,Infrastructure,MEDIUM,0,0,4.0,0
SIM004621,12285,JBP,WCR,12,4,7,0.28,1,Clear,0,Rolling Stock,HIGH,0,0,12.0,0
SIM004622,12040,TVC,SR,54,5,5,0.73,1,Rain,1,Weather,HIGH,4,0,636.6,0
SIM004623,12035,UBL,SWR,1,3,6,0.99,0,Clear,0,Crew,MEDIUM,0,0,1.0,0
SIM004624,12030,BBS,ECoR,77,6,6,1.08,0,Clear,0,Weather,HIGH,5,0,1381.3,1
SIM004625,12131,ROU,SER,36,3,5,0.88,1,Clear,0,Weather,LOW,3,0,210.6,1
SIM004626,12210,PUNE,CR,43,5,6,1.18,1,Fog,2,Weather,HIGH,3,2,411.4,1
SIM004627,12057,MAS,SR,101,9,12,0.45,1,Clear,0,Crew,HIGH,6,2,3917.0,0
SIM004628,12280,NDLS,NR,1,9,16,0.75,0,Clear,0,Passenger,HIGH,0,0,1.0,0
SIM004629,12228,JP,NWR,49,6,7,1.12,1,Clear,0,Operational,HIGH,4,2,597.9,0
SIM004630,12022,COR,WCR,40,5,8,0.34,1,Storm,3,Signal,MEDIUM,3,2,289.1,1
SIM004631,12057,SC,SCR,1,7,10,0.55,1,Clear,0,Infrastructure,HIGH,0,0,1.0,0
SIM004632,12258,BCT,WR,8,6,7,1.23,0,Clear,0,Passenger,HIGH,0,0,8.0,0
SIM004633,12170,NDLS,NR,13,9,16,0.4,1,Heavy Rain,2,Passenger,HIGH,1,0,20.5,0
SIM004634,12120,BBS,ECoR,29,6,6,1.16,1,Heavy Rain,2,Infrastructure,HIGH,2,2,101.7,1
SIM004635,12018,BBS,ECoR,42,6,6,0.94,0,Clear,0,Infrastructure,HIGH,4,0,321.5,1
SIM004636,12115,BCT,WR,53,6,7,0.62,1,Clear,0,Passenger,HIGH,4,2,645.5,1
SIM004637,12191,JP,NWR,1,6,7,1.05,0,Rain,1,Rolling Stock,HIGH,0,0,1.0,0
SIM004638,12220,ERS,SR,29,3,5,0.42,1,Fog,2,Rolling Stock,MEDIUM,2,0,118.5,0
SIM004639,12249,MAS,SR,66,9,12,0.51,1,Clear,0,Passenger,HIGH,5,2,1331.1,0
SIM004640,12118,MAS,SR,1,9,12,0.75,0,Clear,0,Rolling Stock,HIGH,0,0,1.0,0
SIM004641,12050,PURI,ECoR,55,2,5,0.3,0,Heavy Rain,2,Weather,MEDIUM,4,0,361.2,1
SIM004642,12175,BPL,WCR,28,6,6,1.26,0,Rain,1,Signal,HIGH,2,0,125.2,1
SIM004643,12192,ADI,WR,112,6,12,0.86,1,Clear,0,Signal,HIGH,6,4,6741.5,1
SIM004644,12303,HWH,ER,1,5,23,0.94,1,Heavy Rain,2,Weather,HIGH,0,0,1.0,0
SIM004645,12222,BSP,SECR,7,6,8,0.56,1,Clear,0,Passenger,HIGH,0,0,7.0,0
SIM004646,12159,COR,WCR,23,5,8,0.72,1,Clear,0,Weather,MEDIUM,2,0,88.0,1
SIM004647,12031,UMB,NR,20,3,8,0.45,0,Storm,3,Rolling Stock,MEDIUM,2,0,49.5,0
SIM004648,12050,BCT,WR,20,6,7,0.43,0,Clear,0,Infrastructure,HIGH,2,0,53.3,0
SIM004649,12168,BZA,SCR,77,5,10,0.64,0,Heavy Rain,2,Signal,HIGH,5,0,1695.0,1
SIM004650,12234,PRYJ,NCR,1,6,10,0.14,1,Rain,1,Weather,HIGH,0,0,1.0,0
SIM004651,12251,BSP,SECR,15,6,8,0.54,0,Clear,0,Rolling Stock,HIGH,1,0,21.7,0
SIM004652,12227,BZA,SCR,75,5,10,0.57,1,Storm,3,Rolling Stock,HIGH,5,0,1475.4,1
SIM004653,12276,MYS,SWR,1,2,5,0.32,1,Clear,0,Weather,MEDIUM,0,0,1.0,0
SIM004654,12236,KGP,SER,22,5,9,0.68,1,Clear,0,Rolling Stock,HIGH,1,2,54.2,1
SIM004655,12071,AII,NWR,54,3,6,0.36,1,Clear,0,Passenger,MEDIUM,4,0,635.1,0
SIM004656,12282,CTC,ECoR,22,1,6,0.47,1,Clear,0,Signal,MEDIUM,1,2,38.0,0
SIM004657,12159,AII,NWR,44,3,6,0.49,1,Clear,0,Passenger,MEDIUM,3,0,379.2,0
SIM004658,12219,PURI,ECoR,55,2,5,0.89,1,Clear,0,Weather,MEDIUM,4,2,586.6,1
SIM004659,12191,JP,NWR,77,6,7,0.72,0,Rain,1,Crew,HIGH,5,0,1861.5,0
SIM004660,12193,MAS,SR,15,9,12,0.79,1,Fog,2,Infrastructure,HIGH,1,0,29.6,0
SIM004661,12174,BBS,ECoR,27,6,6,0.81,0,Clear,0,Crew,HIGH,2,0,90.1,0
SIM004662,12286,COR,WCR,19,5,8,0.36,0,Clear,0,Signal,MEDIUM,1,0,52.1,1
SIM004663,12123,CSMT,CR,1,8,18,0.2,1,Clear,0,Infrastructure,HIGH,0,0,1.0,0
SIM004664,12294,ASN,ER,28,4,8,0.91,0,Clear,0,Signal,MEDIUM,2,0,112.0,1
SIM004665,12286,PNBE,ECR,20,7,10,0.68,0,Clear,0,Infrastructure,HIGH,1,0,52.4,0
SIM004666,12151,NGP,CR,1,7,8,1.14,0,Rain,1,Passenger,HIGH,0,0,1.0,0
SIM004667,12148,ADI,WR,14,6,12,1.29,1,Storm,3,Infrastructure,HIGH,1,0,22.0,0
SIM004668,12246,LDH,NR,30,3,6,0.88,1,Heavy Rain,2,Signal,MEDIUM,2,0,121.8,0
SIM004669,12154,NGP,CR,64,7,8,0.67,0,Clear,0,Operational,HIGH,4,0,1063.0,1
SIM004670,12191,MDU,SR,38,4,6,0.89,0,Clear,0,Rolling Stock,MEDIUM,3,0,278.2,0
SIM004671,12302,DHN,ECR,59,4,7,0.95,1,Clear,0,Signal,MEDIUM,4,4,1017.4,1
SIM004672,12016,GHY,NFR,39,4,6,1.13,1,Clear,0,Signal,HIGH,3,0,211.2,1
SIM004673,12189,NDLS,NR,63,9,16,0.5,1,Clear,0,Signal,HIGH,4,2,1238.8,1
SIM004674,12086,VSKP,ECoR,1,5,8,0.2,0,Clear,0,Crew,HIGH,0,0,1.0,0
SIM004675,12228,TVC,SR,40,5,5,0.28,1,Clear,0,Crew,HIGH,3,2,318.8,0
SIM004676,12026,NDLS,NR,40,9,16,0.81,1,Clear,0,Signal,HIGH,3,0,277.6,1
SIM004677,12284,VSKP,ECoR,40,5,8,0.41,0,Clear,0,Operational,HIGH,3,0,306.7,1
SIM004678,12106,ERS,SR,46,3,5,0.97,1,Heavy Rain,2,Rolling Stock,MEDIUM,4,2,486.0,0
SIM004679,12056,AII,NWR,6,3,6,0.63,0,Rain,1,Passenger,MEDIUM,0,0,6.0,0
SIM004680,12123,SC,SCR,34,7,10,0.87,1,Clear,0,Operational,HIGH,3,2,188.1,1
SIM004681,12231,GHY,NFR,54,4,6,1.28,1,Clear,0,Passenger,HIGH,4,2,587.2,1
SIM004682,12140,SC,SCR,5,7,10,1.11,1,Clear,0,Signal,HIGH,0,0,5.0,0
SIM004683,12235,CSMT,CR,47,8,18,1.23,1,Clear,0,Crew,HIGH,3,0,470.6,1
SIM004684,12063,GAYA,ECR,4,3,7,0.63,1,Rain,1,Rolling Stock,MEDIUM,0,0,4.0,0
SIM004685,12047,GKP,NER,30,5,10,0.97,1,Clear,0,Crew,HIGH,2,0,112.2,1
SIM004686,12197,SBC,SWR,57,4,10,1.24,1,Rain,1,Crew,HIGH,4,2,817.4,1
SIM004687,12053,COR,WCR,20,5,8,0.69,1,Clear,0,Infrastructure,MEDIUM,1,0,50.7,1
SIM004688,12173,BPL,WCR,46,6,6,1.13,1,Clear,0,Infrastructure,HIGH,4,0,479.6,1
SIM004689,12301,SDAH,ER,11,3,20,0.2,1,Clear,0,Passenger,HIGH,0,0,11.0,0
SIM004690,12133,JP,NWR,52,6,7,0.77,1,Clear,0,Operational,HIGH,4,2,738.5,0
SIM004691,12177,MLDT,ER,42,5,5,0.25,1,Clear,0,Infrastructure,LOW,3,2,389.3,1
SIM004692,12220,KGP,SER,75,5,9,0.6,1,Clear,0,Passenger,HIGH,5,2,1681.2,1
SIM004693,12040,JP,NWR,32,6,7,0.82,1,Clear,0,Infrastructure,HIGH,2,0,146.2,0
SIM004694,12270,PNBE,ECR,38,7,10,0.99,1,Heavy Rain,2,Signal,HIGH,3,2,264.1,1
SIM004695,12084,DLI,NR,31,3,10,1.16,1,Clear,0,Operational,HIGH,3,0,147.0,1
SIM004696,12224,COR,WCR,44,5,8,0.77,0,Clear,0,Crew,MEDIUM,3,0,412.9,1
SIM004697,12181,NJP,NFR,41,2,6,0.67,1,Fog,2,Operational,MEDIUM,3,0,185.1,1
SIM004698,12243,DLI,NR,33,3,10,1.15,0,Rain,1,Infrastructure,HIGH,3,0,161.7,1
SIM004699,12076,SC,SCR,41,7,10,0.84,0,Clear,0,Infrastructure,HIGH,3,0,231.3,1
SIM004700,12264,MAO,KR,40,3,5,0.3,1,Clear,0,Signal,MEDIUM,3,2,264.9,1
SIM004701,12232,MAS,SR,1,9,12,1.06,0,Clear,0,Infrastructure,HIGH,0,0,1.0,0
SIM004702,12257,MAS,SR,1,9,12,0.9,1,Fog,2,Weather,HIGH,0,0,1.0,0
SIM004703,12315,MYS,SWR,44,2,5,0.69,1,Rain,1,Rolling Stock,MEDIUM,4,2,264.3,1
SIM004704,12303,HWH,ER,37,5,23,0.69,1,Clear,0,Signal,HIGH,3,0,263.7,1
SIM004705,12309,MAS,SR,55,9,12,0.49,0,Clear,0,Signal,HIGH,4,0,768.0,0
SIM004706,12125,GKP,NER,20,5,10,0.27,1,Heavy Rain,2,Operational,HIGH,1,0,51.6,1
SIM004707,12157,PRYJ,NCR,2,6,10,0.33,1,Clear,0,Rolling Stock,HIGH,0,0,2.0,0
SIM004708,12248,KGP,SER,42,5,9,0.36,1,Clear,0,Signal,HIGH,3,2,313.5,1
SIM004709,12059,KGP,SER,17,5,9,0.2,0,Clear,0,Rolling Stock,HIGH,1,0,35.0,1
SIM004710,12057,KGP,SER,45,5,9,1.23,1,Storm,3,Crew,HIGH,3,0,329.3,1
SIM004711,12176,JHS,NCR,4,3,7,0.45,1,Clear,0,Signal,MEDIUM,0,0,4.0,0
SIM004712,12213,SC,SCR,41,7,10,0.98,1,Clear,0,Passenger,HIGH,3,2,301.0,1
SIM004713,12086,VSKP,ECoR,18,5,8,1.25,0,Clear,0,Infrastructure,HIGH,1,0,41.0,1
SIM004714,12135,BSP,SECR,16,6,8,0.52,1,Clear,0,Weather,HIGH,1,0,23.1,0
SIM004715,12181,GHY,NFR,40,4,6,0.33,1,Clear,0,Passenger,HIGH,3,0,234.5,1
SIM004716,12077,NGP,CR,57,7,8,0.28,0,Clear,0,Signal,HIGH,4,0,868.0,1
SIM004717,12192,ADI,WR,25,6,12,0.54,1,Rain,1,Signal,HIGH,2,0,89.4,0
SIM004718,12267,BCT,WR,43,6,7,0.49,0,Fog,2,Weather,HIGH,3,0,435.0,1
SIM004719,12086,VSKP,ECoR,7,5,8,0.16,0,Clear,0,Passenger,HIGH,0,0,7.0,0
SIM004720,12275,VSKP,ECoR,42,5,8,1.22,0,Clear,0,Passenger,HIGH,3,0,373.2,1
SIM004721,12070,COR,WCR,15,5,8,0.2,1,Clear,0,Infrastructure,MEDIUM,1,0,28.6,0
SIM004722,12174,VSKP,ECoR,44,5,8,0.43,0,Clear,0,Signal,HIGH,3,0,373.4,1
SIM004723,12213,BCT,WR,1,6,7,0.53,1,Fog,2,Weather,HIGH,0,0,1.0,0
SIM004724,12049,ADI,WR,22,6,12,0.35,0,Rain,1,Rolling Stock,HIGH,2,0,69.9,0
SIM004725,12003,ST,WR,29,3,5,0.96,0,Clear,0,Weather,MEDIUM,2,0,129.4,1
SIM004726,12035,UBL,SWR,34,3,6,0.47,0,Clear,0,Operational,MEDIUM,3,0,156.1,1
SIM004727,12206,MAS,SR,56,9,12,0.64,1,Rain,1,Weather,HIGH,4,2,645.1,0
SIM004728,12135,DURG,SECR,28,2,6,0.13,1,Clear,0,Operational,MEDIUM,2,0,102.2,1
SIM004729,12282,NGP,CR,1,7,8,0.21,1,Clear,0,Infrastructure,HIGH,0,0,1.0,0
SIM004730,12083,ST,WR,22,3,5,0.64,1,Clear,0,Passenger,MEDIUM,1,0,56.7,0
SIM004731,12074,MS,SR,52,2,10,0.66,1,Clear,0,Weather,MEDIUM,4,2,505.1,0
SIM004732,12157,BSP,SECR,46,6,8,0.45,1,Clear,0,Signal,HIGH,3,0,325.5,1
SIM004733,12303,HWH,ER,1,5,23,0.26,1,Clear,0,Signal,HIGH,0,0,1.0,0
SIM004734,12274,VSKP,ECoR,53,5,8,1.12,1,Clear,0,Weather,HIGH,4,0,672.2,1
SIM004735,12009,MFP,ECR,44,3,6,0.78,0,Rain,1,Weather,MEDIUM,3,0,359.2,1
SIM004736,12249,HWH,ER,1,5,23,0.41,1,Rain,1,Signal,HIGH,0,0,1.0,0
SIM004737,12262,HWH,ER,37,5,23,0.59,1,Clear,0,Weather,HIGH,3,2,234.1,1
SIM004738,12005,JU,NWR,65,3,6,0.31,1,Fog,2,Signal,MEDIUM,5,0,1064.6,0
SIM004739,12224,JU,NWR,29,3,6,0.22,0,Clear,0,Signal,MEDIUM,2,0,113.3,0
SIM004740,12270,PNBE,ECR,8,7,10,0.24,1,Fog,2,Passenger,HIGH,0,0,8.0,0
SIM004741,12108,VSKP,ECoR,1,5,8,0.99,1,Clear,0,Signal,HIGH,0,0,1.0,0
SIM004742,12031,UMB,NR,39,3,8,0.24,0,Clear,0,Weather,MEDIUM,3,0,290.2,1
SIM004743,12021,MYS,SWR,17,2,5,0.26,1,Clear,0,Infrastructure,MEDIUM,1,0,31.8,0
SIM004744,12147,UBL,SWR,51,3,6,0.82,0,Clear,0,Passenger,MEDIUM,4,0,485.9,1
SIM004745,12091,PRYJ,NCR,47,6,10,1.0,0,Clear,0,Signal,HIGH,3,0,377.2,1
SIM004746,12055,KGP,SER,81,5,9,0.95,1,Fog,2,Rolling Stock,HIGH,5,2,1799.1,1
SIM004747,12300,CSMT,CR,72,8,18,1.12,1,Clear,0,Signal,HIGH,5,4,1753.5,1
SIM004748,12229,ADI,WR,29,6,12,1.16,1,Clear,0,Infrastructure,HIGH,2,2,114.6,0
SIM004749,12078,MDU,SR,1,4,6,0.12,1,Clear,0,Passenger,MEDIUM,0,0,1.0,0
SIM004750,12060,JBP,WCR,43,4,7,0.31,1,Clear,0,Passenger,HIGH,3,2,464.7,1
SIM004751,12229,ADI,WR,33,6,12,0.69,1,Fog,2,Weather,HIGH,3,2,169.1,1
SIM004752,12071,CSMT,CR,39,8,18,0.66,1,Heavy Rain,2,Passenger,HIGH,3,0,288.8,1
SIM004753,12147,BBS,ECoR,18,6,6,0.78,0,Clear,0,Infrastructure,HIGH,1,0,44.1,0
SIM004754,12153,BBS,ECoR,22,6,6,0.87,1,Rain,1,Operational,HIGH,2,0,63.0,0
SIM004755,12174,BBS,ECoR,52,6,6,1.09,0,Clear,0,Crew,HIGH,4,0,488.9,1
SIM004756,12285,JBP,WCR,41,4,7,1.11,1,Rain,1,Passenger,HIGH,3,0,329.4,1
SIM004757,12248,HWH,ER,13,5,23,0.53,1,Fog,2,Rolling Stock,HIGH,1,0,19.0,0
SIM004758,12209,BPL,WCR,1,6,6,0.22,1,Clear,0,Signal,HIGH,0,0,1.0,0
SIM004759,12037,MAS,SR,27,9,12,1.09,1,Clear,0,Signal,HIGH,2,0,83.2,0
SIM004760,12222,COR,WCR,80,5,8,0.74,1,Clear,0,Signal,MEDIUM,5,4,2310.2,1
SIM004761,12188,TATA,SER,50,2,6,0.9,1,Clear,0,Signal,MEDIUM,3,2,351.8,1
SIM004762,12290,MLDT,ER,32,5,5,0.8,1,Clear,0,Crew,LOW,3,2,141.0,1
SIM004763,12319,KGP,SER,49,5,9,0.54,0,Clear,0,Operational,HIGH,4,0,505.1,1
SIM004764,12049,ADI,WR,4,6,12,0.49,0,Clear,0,Signal,HIGH,0,0,4.0,0
SIM004765,12059,MAS,SR,8,9,12,0.5,0,Clear,0,Rolling Stock,HIGH,0,0,8.0,0
SIM004766,12130,KYN,CR,10,5,8,0.54,0,Clear,0,Signal,HIGH,0,0,10.0,0
SIM004767,12068,BPL,WCR,30,6,6,1.12,1,Clear,0,Weather,HIGH,2,0,142.8,1
SIM004768,12215,JP,NWR,18,6,7,0.75,0,Storm,3,Infrastructure,HIGH,1,0,41.9,0
SIM004769,12057,MAS,SR,101,9,12,0.48,1,Clear,0,Crew,HIGH,6,2,3691.4,0
SIM004770,12035,UBL,SWR,81,3,6,0.4,0,Clear,0,Signal,MEDIUM,5,0,1852.0,1
SIM004771,12135,DURG,SECR,1,2,6,0.57,1,Clear,0,Operational,MEDIUM,0,0,1.0,0
SIM004772,12051,JBP,WCR,29,4,7,0.32,1,Clear,0,Rolling Stock,HIGH,2,0,145.9,1
SIM004773,12243,NDLS,NR,1,9,16,1.22,0,Clear,0,Signal,HIGH,0,0,1.0,0
SIM004774,12258,BBS,ECoR,31,6,6,0.75,0,Fog,2,Signal,HIGH,2,0,105.4,0
SIM004775,12230,TVC,SR,25,5,5,0.9,1,Clear,0,Signal,HIGH,2,0,79.9,0
SIM004776,12256,NDLS,NR,45,9,16,0.28,0,Clear,0,Signal,HIGH,4,0,415.8,1
SIM004777,12034,BZA,SCR,1,5,10,0.37,1,Clear,0,Weather,HIGH,0,0,1.0,0
SIM004778,12251,R,SECR,22,3,7,0.43,0,Clear,0,Weather,MEDIUM,2,0,54.3,1
SIM004779,12014,CTC,ECoR,54,1,6,0.22,0,Clear,0,Signal,MEDIUM,3,0,209.8,1
SIM004780,12232,MAS,SR,28,9,12,0.94,0,Clear,0,Rolling Stock,HIGH,2,0,99.2,0
SIM004781,12218,MYS,SWR,38,2,5,0.49,1,Clear,0,Operational,MEDIUM,3,2,184.3,1
SIM004782,12292,VSKP,ECoR,22,5,8,0.17,0,Fog,2,Infrastructure,HIGH,2,0,77.4,1
SIM004783,12255,HWH,ER,32,5,23,0.47,1,Clear,0,Crew,HIGH,3,0,180.9,1
SIM004784,12040,JP,NWR,65,6,7,1.09,1,Storm,3,Operational,HIGH,5,0,1097.3,0
SIM004785,12035,KYN,CR,44,5,8,0.56,0,Rain,1,Weather,HIGH,3,0,353.2,1
SIM004786,12094,JP,NWR,71,6,7,0.93,1,Clear,0,Signal,HIGH,5,2,1701.0,0
SIM004787,12074,MS,SR,52,2,10,0.41,1,Clear,0,Weather,MEDIUM,4,2,481.2,0
SIM004788,12271,GKP,NER,43,5,10,0.44,1,Fog,2,Weather,HIGH,3,0,260.6,1
SIM004789,12247,AGC,NCR,54,2,6,0.64,0,Clear,0,Weather,MEDIUM,4,0,439.4,1
SIM004790,12213,NGP,CR,1,7,8,0.36,1,Clear,0,Rolling Stock,HIGH,0,0,1.0,0
SIM004791,12152,KYN,CR,59,5,8,0.49,1,Clear,0,Weather,HIGH,4,0,900.0,1
SIM004792,12301,SDAH,ER,37,3,20,1.19,1,Rain,1,Operational,HIGH,3,2,252.4,1
SIM004793,12232,MAS,SR,11,9,12,0.64,0,Clear,0,Passenger,HIGH,0,0,11.0,0
SIM004794,12031,LDH,NR,1,3,6,0.94,0,Clear,0,Rolling Stock,MEDIUM,0,0,1.0,0
SIM004795,12232,BZA,SCR,41,5,10,0.67,0,Rain,1,Crew,HIGH,4,0,336.9,1
SIM004796,12068,CSMT,CR,47,8,18,1.15,1,Clear,0,Operational,HIGH,4,0,523.0,1
SIM004797,12313,COR,WCR,10,5,8,0.52,0,Clear,0,Signal,MEDIUM,1,0,15.0,0
SIM004798,12045,JBP,WCR,88,4,7,1.09,0,Rain,1,Signal,HIGH,5,0,2672.2,1
SIM004799,12201,SDAH,ER,21,3,20,0.4,1,Rain,1,Crew,HIGH,1,0,53.2,1
SIM004800,12212,PRYJ,NCR,44,6,10,0.97,1,Fog,2,Signal,HIGH,3,2,301.1,1
SIM004801,12317,KGP,SER,6,5,9,1.3,0,Clear,0,Passenger,HIGH,0,0,6.0,0
SIM004802,12161,BSP,SECR,19,6,8,1.16,1,Clear,0,Rolling Stock,HIGH,1,0,47.5,1
SIM004803,12181,GHY,NFR,46,4,6,0.45,1,Rain,1,Passenger,HIGH,4,0,361.1,1
SIM004804,12184,BWN,ER,21,3,6,0.12,1,Rain,1,Rolling Stock,MEDIUM,1,0,51.5,0
SIM004805,12313,COR,WCR,1,5,8,0.45,0,Clear,0,Operational,MEDIUM,0,0,1.0,0
SIM004806,12179,PNBE,ECR,33,7,10,0.3,1,Clear,0,Weather,HIGH,3,0,193.5,1
SIM004807,12075,TVC,SR,7,5,5,0.66,1,Rain,1,Signal,HIGH,0,0,7.0,0
SIM004808,12292,SC,SCR,48,7,10,1.26,0,Rain,1,Passenger,HIGH,3,0,312.3,1
SIM004809,12067,KGP,SER,1,5,9,0.42,0,Clear,0,Weather,HIGH,0,0,1.0,0
SIM004810,12110,BPL,WCR,26,6,6,0.89,1,Fog,2,Crew,HIGH,2,0,96.7,1
SIM004811,12174,VSKP,ECoR,41,5,8,1.16,0,Fog,2,Passenger,HIGH,3,0,344.5,1
SIM004812,12279,PNBE,ECR,8,7,10,0.67,1,Clear,0,Signal,HIGH,0,0,8.0,0
SIM004813,12085,SDAH,ER,18,3,20,1.3,0,Clear,0,Crew,HIGH,1,0,45.1,1
SIM004814,12258,BCT,WR,3,6,7,0.29,0,Clear,0,Signal,HIGH,0,0,3.0,0
SIM004815,12019,BSP,SECR,1,6,8,0.92,1,Clear,0,Weather,HIGH,0,0,1.0,0
SIM004816,12007,COR,WCR,58,5,8,1.0,1,Clear,0,Weather,MEDIUM,4,0,964.1,1
SIM004817,12210,KYN,CR,18,5,8,0.69,1,Clear,0,Weather,HIGH,1,0,34.2,1
SIM004818,12000,JP,NWR,29,6,7,0.33,1,Clear,0,Crew,HIGH,2,2,121.8,0
SIM004819,12188,BSP,SECR,21,6,8,0.26,1,Clear,0,Infrastructure,HIGH,2,0,63.6,1
SIM004820,12178,BWN,ER,1,3,6,0.5,1,Storm,3,Signal,MEDIUM,0,0,1.0,0
SIM004821,12255,HWH,ER,20,5,23,0.37,1,Clear,0,Passenger,HIGH,1,0,47.2,0
SIM004822,12017,LDH,NR,1,3,6,0.88,0,Clear,0,Signal,MEDIUM,0,0,1.0,0
SIM004823,12070,BPL,WCR,29,6,6,0.71,1,Clear,0,Operational,HIGH,2,0,152.4,1
SIM004824,12036,BWN,ER,79,3,6,0.47,1,Clear,0,Crew,MEDIUM,5,2,1957.4,1
SIM004825,12158,MAS,SR,39,9,12,0.38,1,Heavy Rain,2,Passenger,HIGH,3,2,291.1,0
SIM004826,12095,JP,NWR,39,6,7,0.57,1,Fog,2,Signal,HIGH,3,2,252.2,0
SIM004827,12099,ASN,ER,19,4,8,0.97,0,Clear,0,Infrastructure,MEDIUM,1,0,51.5,1
SIM004828,12201,MLDT,ER,32,5,5,0.47,1,Clear,0,Signal,LOW,2,2,157.4,1
SIM004829,12053,COR,WCR,14,5,8,0.65,1,Rain,1,Rolling Stock,MEDIUM,1,0,28.4,1
SIM004830,12184,KGP,SER,1,5,9,0.3,1,Storm,3,Infrastructure,HIGH,0,0,1.0,0
SIM004831,12040,TVC,SR,9,5,5,0.29,1,Rain,1,Infrastructure,HIGH,0,0,9.0,0
SIM004832,12234,NDLS,NR,59,9,16,0.75,1,Fog,2,Rolling Stock,HIGH,4,2,959.2,1
SIM004833,12176,JBP,WCR,32,4,7,0.85,1,Clear,0,Signal,HIGH,3,0,164.5,1
SIM004834,12216,SBC,SWR,12,4,10,1.21,1,Clear,0,Rolling Stock,HIGH,0,0,12.0,0
SIM004835,12159,COR,WCR,47,5,8,0.64,1,Clear,0,Signal,MEDIUM,4,0,478.6,1
SIM004836,12242,PRYJ,NCR,29,6,10,0.61,1,Storm,3,Signal,HIGH,2,0,146.9,1
SIM004837,12049,ST,WR,1,3,5,0.83,0,Clear,0,Weather,MEDIUM,0,0,1.0,0
SIM004838,12057,SC,SCR,36,7,10,0.5,1,Clear,0,Operational,HIGH,3,0,183.5,1
SIM004839,12240,MAS,SR,10,9,12,0.96,1,Clear,0,Infrastructure,HIGH,0,0,10.0,0
SIM004840,12070,COR,WCR,16,5,8,0.12,1,Fog,2,Weather,MEDIUM,1,0,28.3,0
SIM004841,12249,HWH,ER,1,5,23,0.88,1,Rain,1,Signal,HIGH,0,0,1.0,0
SIM004842,12255,KGP,SER,29,5,9,0.75,1,Heavy Rain,2,Operational,HIGH,2,0,124.5,1
SIM004843,12086,MAS,SR,34,9,12,0.65,0,Fog,2,Crew,HIGH,3,0,191.1,0
SIM004844,12083,ST,WR,30,3,5,0.49,1,Storm,3,Rolling Stock,MEDIUM,2,0,115.0,1
SIM004845,12200,JHS,NCR,48,3,7,0.47,0,Clear,0,Operational,MEDIUM,4,0,449.1,1
SIM004846,12247,VSKP,ECoR,14,5,8,0.81,0,Clear,0,Signal,HIGH,1,0,28.7,1
SIM004847,12228,TVC,SR,1,5,5,0.78,1,Rain,1,Infrastructure,HIGH,0,0,1.0,0
SIM004848,12068,NGP,CR,32,7,8,1.23,1,Clear,0,Infrastructure,HIGH,3,0,174.9,1
SIM004849,12193,ROU,SER,70,3,5,0.3,1,Storm,3,Passenger,LOW,4,2,1384.9,1
SIM004850,12184,ROU,SER,17,3,5,0.78,1,Storm,3,Passenger,LOW,1,0,41.1,1
SIM004851,12281,UMB,NR,44,3,8,0.51,1,Clear,0,Infrastructure,MEDIUM,3,2,408.6,1
SIM004852,12197,MAS,SR,16,9,12,1.2,1,Rain,1,Infrastructure,HIGH,1,0,25.5,0
SIM004853,12230,JU,NWR,82,3,6,0.64,1,Clear,0,Signal,MEDIUM,5,0,1983.8,0
SIM004854,12286,JP,NWR,35,6,7,1.14,0,Fog,2,Signal,HIGH,3,0,187.4,0
SIM004855,12171,MFP,ECR,73,3,6,0.59,1,Clear,0,Infrastructure,MEDIUM,5,2,1598.8,1
SIM004856,12063,GAYA,ECR,68,3,7,0.67,1,Fog,2,Rolling Stock,MEDIUM,5,4,1264.0,1
SIM004857,12221,SBC,SWR,21,4,10,0.47,0,Clear,0,Infrastructure,HIGH,2,0,58.5,1
SIM004858,12149,CTC,ECoR,83,1,6,0.65,1,Clear,0,Passenger,MEDIUM,5,2,753.1,1
SIM004859,12262,NGP,CR,3,7,8,0.48,1,Rain,1,Signal,HIGH,0,0,3.0,0
SIM004860,12003,BCT,WR,48,6,7,0.55,0,Clear,0,Rolling Stock,HIGH,4,0,526.2,1
SIM004861,12072,GHY,NFR,37,4,6,0.83,0,Heavy Rain,2,Weather,HIGH,3,0,212.3,1
SIM004862,12130,KYN,CR,57,5,8,0.29,0,Clear,0,Operational,HIGH,4,0,708.7,1
SIM004863,12179,PNBE,ECR,33,7,10,0.31,1,Clear,0,Weather,HIGH,3,0,188.6,1
SIM004864,12259,PNBE,ECR,47,7,10,1.29,1,Clear,0,Infrastructure,HIGH,4,2,535.9,1
SIM004865,12016,BCT,WR,60,6,7,0.78,1,Rain,1,Weather,HIGH,4,0,867.9,1
SIM004866,12295,ASN,ER,83,4,8,0.74,1,Clear,0,Operational,MEDIUM,5,0,2135.7,1
SIM004867,12290,NJP,NFR,8,2,6,0.82,1,Clear,0,Passenger,MEDIUM,0,0,8.0,0
SIM004868,12279,MAS,SR,25,9,12,1.17,1,Rain,1,Rolling Stock,HIGH,2,0,77.9,0
SIM004869,12111,MDU,SR,65,4,6,0.13,1,Clear,0,Crew,MEDIUM,5,2,1195.4,0
SIM004870,12261,HWH,ER,30,5,23,1.02,1,Clear,0,Weather,HIGH,3,0,145.2,1
SIM004871,12206,SBC,SWR,81,4,10,1.05,1,Fog,2,Operational,HIGH,5,2,1889.4,1
SIM004872,12318,JP,NWR,13,6,7,0.55,0,Heavy Rain,2,Infrastructure,HIGH,0,0,13.0,0
SIM004873,12086,VSKP,ECoR,11,5,8,0.8,0,Heavy Rain,2,Passenger,HIGH,0,0,11.0,0
SIM004874,12011,ASN,ER,16,4,8,0.46,0,Clear,0,Operational,MEDIUM,1,0,24.5,0
SIM004875,12240,MAS,SR,8,9,12,0.32,1,Clear,0,Operational,HIGH,0,0,8.0,0
SIM004876,12275,NDLS,NR,32,9,16,1.0,0,Storm,3,Rolling Stock,HIGH,2,0,136.0,1
SIM004877,12100,SDAH,ER,29,3,20,0.21,1,Clear,0,Rolling Stock,HIGH,2,0,125.5,1
SIM004878,12000,JP,NWR,1,6,7,0.84,1,Fog,2,Weather,HIGH,0,0,1.0,0
SIM004879,12214,BBS,ECoR,41,6,6,0.38,1,Clear,0,Crew,HIGH,3,0,255.7,1
SIM004880,12259,DD,CR,26,3,5,0.58,1,Rain,1,Infrastructure,LOW,2,2,79.8,0
SIM004881,12239,DLI,NR,28,3,10,0.81,1,Clear,0,Operational,HIGH,2,0,114.0,1
SIM004882,12212,NDLS,NR,13,9,16,0.75,1,Clear,0,Passenger,HIGH,1,0,26.2,0
SIM004883,12180,GHY,NFR,49,4,6,0.9,1,Clear,0,Weather,HIGH,3,2,366.8,1
SIM004884,12093,ROU,SER,30,3,5,0.98,1,Clear,0,Infrastructure,LOW,2,0,104.0,1
SIM004885,12050,BCT,WR,52,6,7,1.23,0,Clear,0,Signal,HIGH,4,0,665.9,1
SIM004886,12055,GAYA,ECR,50,3,7,0.88,1,Clear,0,Weather,MEDIUM,4,0,448.1,1
SIM004887,12004,BCT,WR,40,6,7,1.12,1,Rain,1,Operational,HIGH,3,0,295.6,1
SIM004888,12247,AGC,NCR,46,2,6,0.16,0,Rain,1,Passenger,MEDIUM,4,0,354.5,1
SIM004889,12299,JHS,NCR,29,3,7,0.68,1,Clear,0,Passenger,MEDIUM,3,0,120.9,1
SIM004890,12270,PRYJ,NCR,20,6,10,0.39,1,Clear,0,Crew,HIGH,2,0,53.1,1
SIM004891,12231,HWH,ER,50,5,23,1.07,1,Clear,0,Crew,HIGH,4,2,573.8,1
SIM004892,12037,PNBE,ECR,45,7,10,1.15,1,Heavy Rain,2,Infrastructure,HIGH,3,0,339.5,1
SIM004893,12224,JBP,WCR,14,4,7,1.15,0,Clear,0,Rolling Stock,HIGH,1,0,19.5,1
SIM004894,12215,TVC,SR,1,5,5,0.82,0,Clear,0,Signal,HIGH,0,0,1.0,0
SIM004895,12079,DURG,SECR,15,2,6,0.39,1,Clear,0,Signal,MEDIUM,1,0,28.7,0
SIM004896,12261,COR,WCR,1,5,8,0.73,1,Fog,2,Operational,MEDIUM,0,0,1.0,0
SIM004897,12174,BBS,ECoR,93,6,6,0.34,0,Clear,0,Signal,HIGH,6,0,1863.2,1
SIM004898,12222,BSP,SECR,52,6,8,0.76,1,Clear,0,Crew,HIGH,4,2,538.9,1
SIM004899,12049,GHY,NFR,1,4,6,0.56,0,Clear,0,Infrastructure,HIGH,0,0,1.0,0
SIM004900,12146,RTM,WR,27,4,6,0.95,1,Clear,0,Weather,MEDIUM,2,2,93.4,1
SIM004901,12269,HYB,SCR,42,1,6,0.4,0,Clear,0,Weather,MEDIUM,3,0,135.5,1
SIM004902,12092,KYN,CR,60,5,8,1.07,0,Clear,0,Rolling Stock,HIGH,4,0,874.2,1
SIM004903,12177,MLDT,ER,25,5,5,0.52,1,Rain,1,Passenger,LOW,2,0,78.5,1
SIM004904,12083,ST,WR,41,3,5,0.67,1,Clear,0,Signal,MEDIUM,3,2,317.4,1
SIM004905,12029,BZA,SCR,24,5,10,0.25,0,Clear,0,Passenger,HIGH,2,0,63.6,1
SIM004906,12076,SC,SCR,81,7,10,0.81,0,Clear,0,Weather,HIGH,5,0,1470.1,1
SIM004907,12013,MDU,SR,29,4,6,0.65,1,Clear,0,Infrastructure,MEDIUM,2,2,131.1,0
SIM004908,12290,NJP,NFR,81,2,6,0.78,1,Fog,2,Operational,MEDIUM,5,4,1488.7,1
SIM004909,12225,NDLS,NR,2,9,16,1.08,0,Clear,0,Passenger,HIGH,0,0,2.0,0
SIM004910,12283,ASR,NR,46,4,6,0.93,1,Clear,0,Rolling Stock,MEDIUM,3,2,424.4,1
SIM004911,12164,NGP,CR,13,7,8,1.05,0,Storm,3,Crew,HIGH,1,0,18.4,0
SIM004912,12119,BZA,SCR,16,5,10,0.74,1,Clear,0,Weather,HIGH,1,0,32.5,1
SIM004913,12079,DURG,SECR,58,2,6,0.29,1,Clear,0,Weather,MEDIUM,4,0,516.6,1
SIM004914,12135,DURG,SECR,28,2,6,0.87,1,Clear,0,Operational,MEDIUM,3,0,108.8,1
SIM004915,12238,KYN,CR,68,5,8,0.26,0,Clear,0,Crew,HIGH,5,0,1074.5,1
SIM004916,12010,BSL,CR,42,3,7,0.45,1,Rain,1,Operational,MEDIUM,3,0,302.5,1
SIM004917,12286,AII,NWR,49,3,6,0.54,0,Clear,0,Infrastructure,MEDIUM,4,0,529.7,0
SIM004918,12278,RTM,WR,40,4,6,0.75,1,Rain,1,Infrastructure,MEDIUM,3,0,277.5,1
SIM004919,12244,JP,NWR,1,6,7,1.25,1,Clear,0,Signal,HIGH,0,0,1.0,0
SIM004920,12077,BBS,ECoR,1,6,6,1.16,0,Rain,1,Weather,HIGH,0,0,1.0,0
SIM004921,12208,AGC,NCR,45,2,6,0.44,1,Rain,1,Passenger,MEDIUM,3,2,240.8,1
SIM004922,12242,BZA,SCR,5,5,10,0.32,1,Clear,0,Weather,HIGH,0,0,5.0,0
SIM004923,12279,KGP,SER,34,5,9,0.49,1,Clear,0,Infrastructure,HIGH,3,0,182.6,1
SIM004924,12252,BPL,WCR,1,6,6,0.64,1,Rain,1,Rolling Stock,HIGH,0,0,1.0,0
SIM004925,12164,NGP,CR,1,7,8,1.22,0,Rain,1,Operational,HIGH,0,0,1.0,0
SIM004926,12139,VSKP,ECoR,44,5,8,0.21,1,Clear,0,Signal,HIGH,4,2,450.6,1
SIM004927,12108,VSKP,ECoR,1,5,8,1.16,1,Clear,0,Signal,HIGH,0,0,1.0,0
SIM004928,12214,BBS,ECoR,1,6,6,1.04,1,Rain,1,Passenger,HIGH,0,0,1.0,0
SIM004929,12021,UBL,SWR,27,3,6,0.22,1,Clear,0,Weather,MEDIUM,2,0,118.7,1
SIM004930,12174,VSKP,ECoR,41,5,8,1.2,0,Fog,2,Passenger,HIGH,4,0,341.2,1
SIM004931,12278,BPL,WCR,14,6,6,0.4,1,Clear,0,Operational,HIGH,1,0,20.4,1
SIM004932,12072,GHY,NFR,14,4,6,0.42,0,Clear,0,Signal,HIGH,1,0,27.0,0
SIM004933,12100,PUNE,CR,1,5,6,0.32,1,Clear,0,Signal,HIGH,0,0,1.0,0
SIM004934,12237,JBP,WCR,38,4,7,0.61,1,Rain,1,Signal,HIGH,3,2,287.1,1
SIM004935,12228,JP,NWR,45,6,7,0.32,1,Clear,0,Weather,HIGH,4,2,536.5,0
SIM004936,12044,PRYJ,NCR,1,6,10,0.86,1,Clear,0,Rolling Stock,HIGH,0,0,1.0,0
SIM004937,12128,PNBE,ECR,61,7,10,0.64,1,Clear,0,Signal,HIGH,4,0,841.9,1
SIM004938,12092,JU,NWR,85,3,6,0.15,0,Clear,0,Operational,MEDIUM,5,0,2637.4,0
SIM004939,12050,BCT,WR,4,6,7,1.12,0,Clear,0,Operational,HIGH,0,0,4.0,0
SIM004940,12222,BSP,SECR,7,6,8,0.4,1,Clear,0,Passenger,HIGH,0,0,7.0,0
SIM004941,12145,JU,NWR,39,3,6,0.99,1,Clear,0,Rolling Stock,MEDIUM,3,0,228.1,0
SIM004942,12176,JHS,NCR,30,3,7,0.99,1,Clear,0,Infrastructure,MEDIUM,2,0,95.5,1
SIM004943,12068,CSMT,CR,1,8,18,1.06,1,Clear,0,Signal,HIGH,0,0,1.0,0
SIM004944,12095,JP,NWR,39,6,7,1.24,1,Fog,2,Signal,HIGH,3,2,362.7,0
SIM004945,12087,CSMT,CR,1,8,18,0.8,1,Clear,0,Operational,HIGH,0,0,1.0,0
SIM004946,12319,ASN,ER,89,4,8,0.15,0,Clear,0,Infrastructure,MEDIUM,5,0,2654.2,1
SIM004947,12269,HYB,SCR,30,1,6,0.2,0,Clear,0,Weather,MEDIUM,2,0,61.7,0
SIM004948,12059,ROU,SER,55,3,5,0.77,0,Clear,0,Rolling Stock,LOW,4,0,563.9,1
SIM004949,12013,COR,WCR,43,5,8,0.9,1,Fog,2,Passenger,MEDIUM,3,2,423.7,1
SIM004950,12024,SBC,SWR,1,4,10,0.73,1,Clear,0,Crew,HIGH,0,0,1.0,0
SIM004951,12241,BBS,ECoR,81,6,6,0.18,1,Clear,0,Signal,HIGH,5,0,1372.6,1
SIM004952,12089,NGP,CR,21,7,8,1.2,1,Clear,0,Operational,HIGH,2,0,73.8,1
SIM004953,12216,LDH,NR,20,3,6,0.29,1,Clear,0,Signal,MEDIUM,1,0,52.7,0
SIM004954,12147,UBL,SWR,46,3,6,0.64,0,Clear,0,Weather,MEDIUM,4,0,410.4,1
SIM004955,12240,MAS,SR,67,9,12,0.61,1,Clear,0,Signal,HIGH,5,2,1317.1,0
SIM004956,12135,DURG,SECR,60,2,6,0.68,1,Clear,0,Infrastructure,MEDIUM,4,2,568.0,1
SIM004957,12030,BBS,ECoR,77,6,6,1.18,0,Clear,0,Weather,HIGH,5,0,1003.7,1
SIM004958,12210,PUNE,CR,67,5,6,0.34,1,Rain,1,Infrastructure,HIGH,5,2,1360.0,1
SIM004959,12221,MYS,SWR,30,2,5,0.36,0,Clear,0,Operational,MEDIUM,2,0,99.8,1
SIM004960,12049,ADI,WR,22,6,12,1.11,0,Rain,1,Weather,HIGH,2,0,75.4,0
SIM004961,12133,JBP,WCR,78,4,7,0.8,1,Clear,0,Infrastructure,HIGH,5,2,2178.4,1
SIM004962,12235,CSMT,CR,47,8,18,0.79,1,Clear,0,Crew,HIGH,4,0,454.2,1
SIM004963,12300,SBC,SWR,39,4,10,0.9,1,Clear,0,Signal,HIGH,3,2,250.4,1
SIM004964,12058,VSKP,ECoR,68,5,8,0.2,0,Heavy Rain,2,Crew,HIGH,4,0,1125.2,1
SIM004965,12079,KGP,SER,46,5,9,1.16,1,Clear,0,Signal,HIGH,3,0,383.5,1
SIM004966,12013,COR,WCR,4,5,8,0.3,1,Heavy Rain,2,Operational,MEDIUM,0,0,4.0,0
SIM004967,12096,MYS,SWR,46,2,5,0.65,1,Clear,0,Operational,MEDIUM,3,0,274.3,1
SIM004968,12265,MAS,SR,1,9,12,0.2,1,Rain,1,Passenger,HIGH,0,0,1.0,0
SIM004969,12283,COR,WCR,80,5,8,0.78,1,Clear,0,Infrastructure,MEDIUM,5,2,2374.3,1
SIM004970,12066,NGP,CR,14,7,8,0.2,1,Clear,0,Weather,HIGH,1,0,28.0,0
SIM004971,12288,ERS,SR,1,3,5,0.82,0,Clear,0,Crew,MEDIUM,0,0,1.0,0
SIM004972,12168,BZA,SCR,77,5,10,1.25,0,Heavy Rain,2,Signal,HIGH,5,0,1428.0,1
SIM004973,12130,KYN,CR,57,5,8,0.75,0,Clear,0,Operational,HIGH,4,0,727.0,1
SIM004974,12063,GAYA,ECR,25,3,7,0.15,1,Clear,0,Operational,MEDIUM,2,0,73.8,0
SIM004975,12302,PNBE,ECR,23,7,10,1.05,1,Clear,0,Rolling Stock,HIGH,2,2,77.9,0
SIM004976,12148,JBP,WCR,17,4,7,0.94,1,Clear,0,Passenger,HIGH,1,0,35.7,1
SIM004977,12081,BBS,ECoR,61,6,6,0.35,1,Clear,0,Passenger,HIGH,4,2,788.6,1
SIM004978,12048,BPL,WCR,89,6,6,0.31,1,Fog,2,Weather,HIGH,5,4,4036.0,1
SIM004979,12281,NDLS,NR,40,9,16,1.21,1,Clear,0,Rolling Stock,HIGH,3,2,323.5,1
SIM004980,12220,BWN,ER,45,3,6,0.51,1,Clear,0,Rolling Stock,MEDIUM,4,2,455.2,1
SIM004981,12303,HWH,ER,37,5,23,1.15,1,Clear,0,Signal,HIGH,3,0,213.7,1
SIM004982,12122,UMB,NR,24,3,8,0.4,1,Clear,0,Signal,MEDIUM,2,0,92.2,0
SIM004983,12063,DHN,ECR,55,4,7,0.66,1,Clear,0,Passenger,MEDIUM,4,2,693.0,1
SIM004984,12288,ST,WR,38,3,5,0.14,0,Clear,0,Operational,MEDIUM,3,0,305.8,1
SIM004985,12182,ST,WR,41,3,5,0.94,1,Clear,0,Signal,MEDIUM,3,0,284.2,1
SIM004986,12308,ADI,WR,24,6,12,0.87,0,Rain,1,Rolling Stock,HIGH,2,0,85.3,1
SIM004987,12003,BBS,ECoR,1,6,6,0.84,0,Clear,0,Passenger,HIGH,0,0,1.0,0
SIM004988,12251,PRYJ,NCR,1,6,10,0.37,0,Clear,0,Signal,HIGH,0,0,1.0,0
SIM004989,12308,ADI,WR,58,6,12,0.5,0,Rain,1,Crew,HIGH,4,0,865.7,1
SIM004990,12204,BSP,SECR,1,6,8,0.53,1,Clear,0,Weather,HIGH,0,0,1.0,0
SIM004991,12256,NDLS,NR,8,9,16,0.87,0,Clear,0,Signal,HIGH,0,0,8.0,0
SIM004992,12239,DLI,NR,12,3,10,0.17,1,Clear,0,Infrastructure,HIGH,1,0,17.6,1
SIM004993,12168,BZA,SCR,45,5,10,1.11,0,Clear,0,Weather,HIGH,4,0,430.9,1
SIM004994,12123,CSMT,CR,19,8,18,0.2,1,Clear,0,Weather,HIGH,1,0,43.5,0
SIM004995,12042,DURG,SECR,26,2,6,0.82,0,Clear,0,Crew,MEDIUM,2,0,81.4,1
SIM004996,12114,COR,WCR,62,5,8,0.18,0,Fog,2,Passenger,MEDIUM,4,0,941.3,1
SIM004997,12103,NDLS,NR,29,9,16,0.17,0,Clear,0,Operational,HIGH,2,0,157.1,1
SIM004998,12102,BBS,ECoR,29,6,6,0.87,1,Storm,3,Weather,HIGH,2,2,124.4,0
SIM004999,12311,TATA,SER,38,2,6,0.97,0,Clear,0,Weather,MEDIUM,3,0,208.1,1
SIM005000,12239,DLI,NR,48,3,10,0.18,1,Clear,0,Crew,HIGH,4,0,447.1,1
SIM005001,12316,MS,SR,25,2,10,0.45,1,Fog,2,Rolling Stock,MEDIUM,2,0,58.2,0
SIM005002,12290,NJP,NFR,8,2,6,0.36,1,Clear,0,Passenger,MEDIUM,0,0,8.0,0
SIM005003,12308,ADI,WR,39,6,12,0.51,0,Clear,0,Passenger,HIGH,3,0,215.1,1
SIM005004,12081,BCT,WR,14,6,7,0.22,1,Clear,0,Rolling Stock,HIGH,1,0,19.5,0
SIM005005,12138,JP,NWR,27,6,7,0.37,1,Clear,0,Rolling Stock,HIGH,2,0,82.8,0
SIM005006,12075,JP,NWR,38,6,7,0.55,1,Clear,0,Operational,HIGH,3,0,250.9,0
SIM005007,12310,SC,SCR,38,7,10,0.67,1,Fog,2,Infrastructure,HIGH,3,0,170.2,1
SIM005008,12171,PRYJ,NCR,58,6,10,0.61,1,Rain,1,Crew,HIGH,4,0,691.7,1
SIM005009,12225,ASR,NR,27,4,6,0.37,0,Storm,3,Crew,MEDIUM,1,0,62.2,0
SIM005010,12116,BSP,SECR,57,6,8,0.16,1,Clear,0,Signal,HIGH,4,2,674.8,1
SIM005011,12057,SC,SCR,25,7,10,0.75,1,Heavy Rain,2,Passenger,HIGH,2,0,88.0,0
SIM005012,12141,NGP,CR,44,7,8,1.28,0,Rain,1,Operational,HIGH,3,0,381.9,1
SIM005013,12185,RTM,WR,72,4,6,0.58,1,Clear,0,Operational,MEDIUM,5,2,1616.1,1
SIM005014,12175,BPL,WCR,5,6,6,1.2,0,Clear,0,Signal,HIGH,0,0,5.0,0
SIM005015,12149,BBS,ECoR,23,6,6,0.56,1,Storm,3,Signal,HIGH,2,0,67.1,0
SIM005016,12205,MAS,SR,57,9,12,0.29,0,Clear,0,Signal,HIGH,4,0,643.1,0
SIM005017,12167,ST,WR,2,3,5,0.56,0,Clear,0,Signal,MEDIUM,0,0,2.0,0
SIM005018,12029,BZA,SCR,24,5,10,0.73,0,Clear,0,Passenger,HIGH,2,0,93.8,1
SIM005019,12044,PRYJ,NCR,66,6,10,0.14,1,Fog,2,Crew,HIGH,5,4,1110.3,1
SIM005020,12222,COR,WCR,33,5,8,0.27,1,Fog,2,Weather,MEDIUM,3,0,189.4,1
SIM005021,12039,RTM,WR,52,4,6,0.82,0,Heavy Rain,2,Signal,MEDIUM,4,0,782.6,1
SIM005022,12218,MAO,KR,31,3,5,0.97,1,Clear,0,Rolling Stock,MEDIUM,3,0,148.8,1
SIM005023,12110,BWN,ER,15,3,6,0.64,1,Rain,1,Weather,MEDIUM,1,0,38.7,0
SIM005024,12043,VSKP,ECoR,22,5,8,0.42,1,Clear,0,Operational,HIGH,2,0,64.0,1
SIM005025,12234,PRYJ,NCR,26,6,10,1.09,1,Clear,0,Operational,HIGH,2,0,86.7,1
SIM005026,12138,ERS,SR,23,3,5,0.42,1,Clear,0,Weather,MEDIUM,2,0,90.6,0
SIM005027,12318,COR,WCR,26,5,8,0.86,0,Fog,2,Rolling Stock,MEDIUM,2,0,102.5,1
SIM005028,12048,JBP,WCR,48,4,7,1.15,1,Clear,0,Signal,HIGH,3,2,534.7,1
SIM005029,12110,BPL,WCR,59,6,6,0.71,1,Rain,1,Weather,HIGH,4,2,910.5,1
SIM005030,12107,SC,SCR,41,7,10,1.13,1,Clear,0,Passenger,HIGH,3,0,243.7,1
SIM005031,12203,PNBE,ECR,7,7,10,0.29,1,Clear,0,Crew,HIGH,0,0,7.0,0
SIM005032,12270,NDLS,NR,23,9,16,0.49,1,Heavy Rain,2,Infrastructure,HIGH,2,0,71.8,1
SIM005033,12178,BWN,ER,1,3,6,0.27,1,Clear,0,Weather,MEDIUM,0,0,1.0,0
SIM005034,12214,KYN,CR,89,5,8,0.93,1,Clear,0,Operational,HIGH,5,0,2686.6,1
SIM005035,12186,ASN,ER,2,4,8,0.85,1,Clear,0,Rolling Stock,MEDIUM,0,0,2.0,0
SIM005036,12069,LDH,NR,5,3,6,0.37,1,Clear,0,Operational,MEDIUM,0,0,5.0,0
SIM005037,12009,VSKP,ECoR,14,5,8,1.17,0,Clear,0,Operational,HIGH,1,0,27.8,0
SIM005038,12299,UMB,NR,26,3,8,0.19,1,Clear,0,Crew,MEDIUM,2,0,104.6,0
SIM005039,12176,JHS,NCR,14,3,7,0.2,1,Rain,1,Signal,MEDIUM,1,0,25.2,1
SIM005040,12100,PUNE,CR,1,5,6,0.44,1,Clear,0,Signal,HIGH,0,0,1.0,0
SIM005041,12025,AII,NWR,51,3,6,0.41,1,Clear,0,Signal,MEDIUM,4,2,673.6,0
SIM005042,12032,COR,WCR,86,5,8,0.13,1,Clear,0,Infrastructure,MEDIUM,5,0,2500.6,1
SIM005043,12252,BPL,WCR,27,6,6,0.17,1,Rain,1,Passenger,HIGH,2,0,125.1,1
SIM005044,12160,PRYJ,NCR,26,6,10,0.88,0,Heavy Rain,2,Rolling Stock,HIGH,2,0,71.1,1
SIM005045,12206,MYS,SWR,26,2,5,0.9,1,Clear,0,Passenger,MEDIUM,2,0,69.0,1
SIM005046,12011,MLDT,ER,28,5,5,0.56,0,Clear,0,Weather,LOW,2,0,118.5,1
SIM005047,12149,CTC,ECoR,43,1,6,0.98,1,Clear,0,Passenger,MEDIUM,3,2,132.5,0
SIM005048,12140,HYB,SCR,1,1,6,0.7,1,Clear,0,Weather,MEDIUM,0,0,1.0,0
SIM005049,12299,PRYJ,NCR,32,6,10,0.33,1,Rain,1,Rolling Stock,HIGH,2,0,138.6,1
SIM005050,12221,PRYJ,NCR,10,6,10,0.38,0,Fog,2,Infrastructure,HIGH,0,0,10.0,0
SIM005051,12032,COR,WCR,86,5,8,0.54,1,Clear,0,Infrastructure,MEDIUM,5,0,2421.4,1
SIM005052,12037,PNBE,ECR,63,7,10,0.83,1,Rain,1,Signal,HIGH,4,2,827.0,1
SIM005053,12132,DLI,NR,46,3,10,0.87,1,Clear,0,Crew,HIGH,3,0,408.8,1
SIM005054,12216,BPL,WCR,28,6,6,1.24,1,Clear,0,Signal,HIGH,2,2,93.3,1
SIM005055,12264,KYN,CR,20,5,8,0.5,1,Clear,0,Rolling Stock,HIGH,2,0,52.6,1
SIM005056,12236,MDU,SR,33,4,6,0.75,1,Clear,0,Signal,MEDIUM,3,2,194.6,0
SIM005057,12048,ADI,WR,99,6,12,0.48,1,Clear,0,Crew,HIGH,6,4,4724.5,1
SIM005058,12169,GHY,NFR,7,4,6,1.27,0,Clear,0,Weather,HIGH,0,0,7.0,0
SIM005059,12138,ERS,SR,23,3,5,0.79,1,Clear,0,Weather,MEDIUM,2,0,82.4,0
SIM005060,12015,MAS,SR,10,9,12,0.32,1,Fog,2,Infrastructure,HIGH,0,0,10.0,0
SIM005061,12244,JP,NWR,1,6,7,0.45,1,Clear,0,Signal,HIGH,0,0,1.0,0
SIM005062,12161,JBP,WCR,28,4,7,1.17,1,Clear,0,Infrastructure,HIGH,2,2,93.0,1
SIM005063,12274,VSKP,ECoR,65,5,8,0.74,1,Rain,1,Crew,HIGH,5,0,1000.3,1
SIM005064,12048,JBP,WCR,56,4,7,0.55,1,Rain,1,Infrastructure,HIGH,4,4,1001.4,1
SIM005065,12260,PUNE,CR,25,5,6,0.96,0,Rain,1,Signal,HIGH,2,0,62.2,0
SIM005066,12193,ROU,SER,70,3,5,0.4,1,Storm,3,Passenger,LOW,5,2,1383.2,1
SIM005067,12236,HWH,ER,54,5,23,1.16,1,Rain,1,Weather,HIGH,4,2,715.4,1
SIM005068,12117,HWH,ER,1,5,23,1.3,1,Clear,0,Rolling Stock,HIGH,0,0,1.0,0
SIM005069,12013,MDU,SR,31,4,6,0.91,1,Rain,1,Crew,MEDIUM,2,2,108.7,0
SIM005070,12179,PNBE,ECR,27,7,10,0.46,1,Clear,0,Rolling Stock,HIGH,2,0,109.6,1
SIM005071,12215,TVC,SR,17,5,5,0.65,0,Clear,0,Weather,HIGH,1,0,44.3,0
SIM005072,12152,KYN,CR,59,5,8,1.04,1,Clear,0,Weather,HIGH,4,0,664.8,1
SIM005073,12148,JBP,WCR,34,4,7,0.73,1,Rain,1,Signal,HIGH,3,2,188.1,1
SIM005074,12073,PURI,ECoR,1,2,5,0.57,1,Clear,0,Infrastructure,MEDIUM,0,0,1.0,0
SIM005075,12316,KGP,SER,67,5,9,0.44,1,Clear,0,Crew,HIGH,5,2,1167.2,1
SIM005076,12274,CTC,ECoR,64,1,6,0.29,1,Clear,0,Weather,MEDIUM,4,0,409.5,1
SIM005077,12251,PRYJ,NCR,48,6,10,0.75,0,Fog,2,Infrastructure,HIGH,4,0,451.4,1
SIM005078,12186,ADI,WR,30,6,12,1.18,1,Clear,0,Crew,HIGH,2,0,141.8,1
SIM005079,12017,LDH,NR,35,3,6,0.13,0,Clear,0,Infrastructure,MEDIUM,3,0,201.6,0
SIM005080,12221,MFP,ECR,21,3,6,0.11,0,Clear,0,Infrastructure,MEDIUM,1,0,49.4,1
SIM005081,12236,MDU,SR,53,4,6,0.33,1,Clear,0,Rolling Stock,MEDIUM,4,2,698.2,0
SIM005082,12099,MDU,SR,47,4,6,0.32,0,Rain,1,Operational,MEDIUM,3,0,428.5,0
SIM005083,12272,NDLS,NR,46,9,16,0.3,0,Clear,0,Signal,HIGH,3,0,385.7,1
SIM005084,12045,JBP,WCR,7,4,7,1.2,0,Rain,1,Rolling Stock,HIGH,0,0,7.0,0
SIM005085,12101,KGP,SER,19,5,9,1.08,1,Clear,0,Signal,HIGH,1,0,41.8,1
SIM005086,12159,COR,WCR,80,5,8,0.77,1,Clear,0,Infrastructure,MEDIUM,5,2,2366.8,1
SIM005087,12189,SDAH,ER,8,3,20,0.66,1,Rain,1,Weather,HIGH,0,0,8.0,0
SIM005088,12100,NDLS,NR,57,9,16,0.96,1,Clear,0,Rolling Stock,HIGH,4,0,758.5,1
SIM005089,12042,ROU,SER,41,3,5,0.7,0,Storm,3,Weather,LOW,3,0,280.7,1
SIM005090,12141,BCT,WR,50,6,7,0.94,0,Storm,3,Weather,HIGH,4,0,533.6,1
SIM005091,12292,SC,SCR,19,7,10,1.24,0,Fog,2,Rolling Stock,HIGH,1,0,45.5,0
SIM005092,12048,BZA,SCR,41,5,10,0.39,1,Clear,0,Infrastructure,HIGH,3,2,313.5,1
SIM005093,12116,KGP,SER,42,5,9,1.01,1,Rain,1,Weather,HIGH,3,2,373.6,1
SIM005094,12138,ERS,SR,84,3,5,0.4,1,Clear,0,Operational,MEDIUM,6,0,2443.3,0
SIM005095,12252,BPL,WCR,12,6,6,0.57,1,Clear,0,Crew,HIGH,0,0,12.0,0
SIM005096,12123,CSMT,CR,53,8,18,0.57,1,Clear,0,Crew,HIGH,4,2,684.4,1
SIM005097,12063,DHN,ECR,26,4,7,0.22,1,Clear,0,Signal,MEDIUM,2,0,87.5,0
SIM005098,12186,MLDT,ER,33,5,5,0.17,1,Storm,3,Operational,LOW,3,0,190.3,1
SIM005099,12142,HWH,ER,50,5,23,1.15,1,Heavy Rain,2,Signal,HIGH,4,0,537.6,1
SIM005100,12190,JBP,WCR,44,4,7,0.45,0,Rain,1,Operational,HIGH,3,0,477.3,1
SIM005101,12183,GHY,NFR,26,4,6,0.58,1,Clear,0,Rolling Stock,HIGH,2,0,80.0,1
SIM005102,12251,BSP,SECR,28,6,8,0.98,0,Clear,0,Signal,HIGH,2,0,105.8,1
SIM005103,12092,JP,NWR,28,6,7,0.6,0,Clear,0,Signal,HIGH,2,0,148.4,0
SIM005104,12182,JP,NWR,64,6,7,0.67,1,Clear,0,Passenger,HIGH,4,0,1143.6,0
SIM005105,12014,CTC,ECoR,42,1,6,0.54,0,Rain,1,Weather,MEDIUM,3,0,156.0,1
SIM005106,12118,MS,SR,33,2,10,0.49,0,Clear,0,Infrastructure,MEDIUM,3,0,145.8,0
SIM005107,12235,SC,SCR,32,7,10,0.3,1,Clear,0,Operational,HIGH,3,0,138.2,1
SIM005108,12140,KGP,SER,64,5,9,0.24,1,Clear,0,Operational,HIGH,4,2,1109.0,1
SIM005109,12262,DLI,NR,42,3,10,0.92,1,Heavy Rain,2,Rolling Stock,HIGH,3,2,321.4,1
SIM005110,12172,VSKP,ECoR,59,5,8,0.39,1,Clear,0,Operational,HIGH,4,2,837.1,1
SIM005111,12148,JBP,WCR,17,4,7,0.24,1,Heavy Rain,2,Passenger,HIGH,1,0,31.6,1
SIM005112,12214,KYN,CR,89,5,8,0.73,1,Clear,0,Operational,HIGH,5,0,2739.7,1
SIM005113,12310,BZA,SCR,20,5,10,0.47,1,Clear,0,Operational,HIGH,1,0,46.1,1
SIM005114,12235,NGP,CR,1,7,8,0.78,1,Clear,0,Weather,HIGH,0,0,1.0,0
SIM005115,12027,RTM,WR,30,4,6,0.5,1,Clear,0,Crew,MEDIUM,2,0,143.7,1
SIM005116,12045,BSP,SECR,18,6,8,0.81,0,Fog,2,Signal,HIGH,1,0,36.0,1
SIM005117,12089,NGP,CR,21,7,8,1.14,1,Clear,0,Operational,HIGH,2,0,58.6,1
SIM005118,12039,MYS,SWR,31,2,5,0.2,0,Rain,1,Operational,MEDIUM,2,0,89.1,0
SIM005119,12016,ADI,WR,1,6,12,0.67,1,Rain,1,Weather,HIGH,0,0,1.0,0
SIM005120,12294,BWN,ER,38,3,6,0.94,0,Clear,0,Signal,MEDIUM,3,0,202.4,1
SIM005121,12161,BSP,SECR,19,6,8,1.15,1,Clear,0,Rolling Stock,HIGH,1,0,35.6,1
SIM005122,12235,SC,SCR,19,7,10,0.8,1,Heavy Rain,2,Passenger,HIGH,2,0,56.4,0
SIM005123,12064,HWH,ER,13,5,23,1.02,1,Clear,0,Rolling Stock,HIGH,1,0,25.1,0
SIM005124,12080,NDLS,NR,55,9,16,0.56,1,Fog,2,Signal,HIGH,4,0,690.6,1
SIM005125,12049,ADI,WR,21,6,12,0.47,0,Clear,0,Signal,HIGH,2,0,55.5,0
SIM005126,12085,MLDT,ER,71,5,5,0.48,0,Clear,0,Weather,LOW,5,0,1277.3,1
SIM005127,12096,BPL,WCR,55,6,6,0.93,1,Fog,2,Infrastructure,HIGH,4,2,792.1,1
SIM005128,12122,HYB,SCR,65,1,6,0.28,1,Storm,3,Infrastructure,MEDIUM,4,4,396.7,1
SIM005129,12177,MLDT,ER,45,5,5,0.76,1,Storm,3,Crew,LOW,4,2,482.1,1
SIM005130,12230,TVC,SR,21,5,5,0.79,1,Clear,0,Infrastructure,HIGH,1,0,50.5,0
SIM005131,12291,ASR,NR,2,4,6,0.17,1,Clear,0,Infrastructure,MEDIUM,0,0,2.0,0
SIM005132,12015,MS,SR,1,2,10,0.14,1,Storm,3,Passenger,MEDIUM,0,0,1.0,0
SIM005133,12197,SC,SCR,5,7,10,0.43,1,Clear,0,Weather,HIGH,0,0,5.0,0
SIM005134,12239,DLI,NR,1,3,10,1.17,1,Clear,0,Signal,HIGH,0,0,1.0,0
SIM005135,12214,BBS,ECoR,25,6,6,0.76,1,Rain,1,Crew,HIGH,2,0,76.7,0
SIM005136,12180,ADI,WR,22,6,12,0.36,1,Rain,1,Crew,HIGH,1,0,53.3,0
SIM005137,12041,PNBE,ECR,75,7,10,0.45,1,Clear,0,Rolling Stock,HIGH,5,2,1740.6,1
SIM005138,12126,BCT,WR,62,6,7,0.8,1,Clear,0,Signal,HIGH,4,2,883.4,1
SIM005139,12116,NGP,CR,47,7,8,0.65,1,Clear,0,Operational,HIGH,3,2,492.4,1
SIM005140,12179,MAS,SR,20,9,12,0.74,1,Clear,0,Rolling Stock,HIGH,2,0,55.8,0
SIM005141,12076,SC,SCR,43,7,10,1.25,0,Rain,1,Signal,HIGH,3,0,341.8,1
SIM005142,12194,MFP,ECR,57,3,6,0.48,1,Clear,0,Rolling Stock,MEDIUM,4,2,774.0,1
SIM005143,12080,PNBE,ECR,64,7,10,0.84,1,Clear,0,Passenger,HIGH,4,0,974.5,1
SIM005144,12050,PURI,ECoR,27,2,5,0.14,0,Heavy Rain,2,Operational,MEDIUM,2,0,67.7,0
SIM005145,12038,PNBE,ECR,30,7,10,0.68,1,Clear,0,Crew,HIGH,2,0,110.3,1
SIM005146,12010,MAS,SR,26,9,12,0.75,1,Clear,0,Signal,HIGH,2,0,80.0,0
SIM005147,12131,KGP,SER,71,5,9,1.1,1,Clear,0,Infrastructure,HIGH,5,0,1325.4,1
SIM005148,12168,BZA,SCR,34,5,10,0.57,0,Clear,0,Rolling Stock,HIGH,3,0,184.5,1
SIM005149,12102,BBS,ECoR,52,6,6,1.12,1,Heavy Rain,2,Passenger,HIGH,4,2,566.9,1
SIM005150,12046,GKP,NER,1,5,10,0.37,0,Rain,1,Infrastructure,HIGH,0,0,1.0,0
SIM005151,12036,KGP,SER,1,5,9,0.6,1,Clear,0,Weather,HIGH,0,0,1.0,0
SIM005152,12012,UBL,SWR,62,3,6,0.12,1,Clear,0,Signal,MEDIUM,4,0,818.1,1
SIM005153,12019,BSP,SECR,1,6,8,0.65,1,Clear,0,Weather,HIGH,0,0,1.0,0
SIM005154,12276,TVC,SR,72,5,5,0.93,1,Clear,0,Passenger,HIGH,5,4,1818.3,0
SIM005155,12104,KGP,SER,72,5,9,1.17,1,Clear,0,Rolling Stock,HIGH,5,2,1220.9,1
SIM005156,12178,MAS,SR,44,9,12,0.48,1,Clear,0,Signal,HIGH,3,0,346.4,0
SIM005157,12262,NGP,CR,55,7,8,0.89,1,Clear,0,Infrastructure,HIGH,4,2,720.7,1
SIM005158,12138,ADI,WR,6,6,12,0.74,1,Fog,2,Crew,HIGH,0,0,6.0,0
SIM005159,12281,UMB,NR,37,3,8,0.45,1,Clear,0,Weather,MEDIUM,3,2,262.2,1
SIM005160,12017,UMB,NR,57,3,8,1.0,0,Clear,0,Signal,MEDIUM,4,0,809.1,1
SIM005161,12232,BZA,SCR,69,5,10,0.94,0,Fog,2,Signal,HIGH,5,0,1336.3,1
SIM005162,12262,DLI,NR,22,3,10,0.94,1,Clear,0,Infrastructure,HIGH,2,0,56.9,1
SIM005163,12184,BSP,SECR,79,6,8,0.73,1,Clear,0,Rolling Stock,HIGH,5,2,2055.7,1
SIM005164,12240,MAS,SR,67,9,12,1.28,1,Clear,0,Signal,HIGH,5,2,1337.2,0
SIM005165,12206,MAS,SR,34,9,12,1.23,1,Fog,2,Infrastructure,HIGH,3,0,191.9,0
SIM005166,12291,MLDT,ER,13,5,5,0.24,1,Rain,1,Crew,LOW,1,0,19.3,1
SIM005167,12271,PNBE,ECR,44,7,10,0.89,1,Clear,0,Passenger,HIGH,3,0,360.7,1
SIM005168,12223,SC,SCR,42,7,10,0.88,1,Rain,1,Infrastructure,HIGH,3,0,228.4,1
SIM005169,12089,NGP,CR,30,7,8,1.16,1,Clear,0,Weather,HIGH,2,0,123.3,1
SIM005170,12127,GHY,NFR,25,4,6,1.21,1,Clear,0,Infrastructure,HIGH,2,0,78.4,1
SIM005171,12276,TVC,SR,26,5,5,0.32,1,Clear,0,Signal,HIGH,2,2,128.2,0
SIM005172,12203,PRYJ,NCR,49,6,10,1.28,1,Clear,0,Signal,HIGH,4,2,691.2,1
SIM005173,12078,CSMT,CR,26,8,18,0.64,1,Heavy Rain,2,Signal,HIGH,2,0,73.2,0
SIM005174,12149,CSMT,CR,39,8,18,1.2,1,Heavy Rain,2,Weather,HIGH,3,2,303.0,1
SIM005175,12132,SC,SCR,10,7,10,0.36,1,Clear,0,Operational,HIGH,0,0,10.0,0
SIM005176,12253,ST,WR,7,3,5,0.46,1,Clear,0,Rolling Stock,MEDIUM,0,0,7.0,0
SIM005177,12251,PRYJ,NCR,56,6,10,0.61,0,Heavy Rain,2,Signal,HIGH,4,0,693.5,1
SIM005178,12287,BBS,ECoR,44,6,6,0.95,1,Heavy Rain,2,Rolling Stock,HIGH,3,2,369.2,1
SIM005179,12125,NJP,NFR,54,2,6,0.2,1,Clear,0,Passenger,MEDIUM,4,2,500.9,1
SIM005180,12204,BSP,SECR,1,6,8,0.5,1,Clear,0,Weather,HIGH,0,0,1.0,0
SIM005181,12137,SBC,SWR,1,4,10,1.07,0,Rain,1,Passenger,HIGH,0,0,1.0,0
SIM005182,12132,DLI,NR,14,3,10,1.28,1,Fog,2,Signal,HIGH,0,0,14.0,0
SIM005183,12271,MAS,SR,22,9,12,0.36,1,Clear,0,Rolling Stock,HIGH,2,0,57.3,0
SIM005184,12142,KGP,SER,42,5,9,1.27,1,Clear,0,Weather,HIGH,3,0,240.0,1
SIM005185,12184,R,SECR,36,3,7,0.57,1,Clear,0,Infrastructure,MEDIUM,3,0,183.1,1
SIM005186,12247,PRYJ,NCR,64,6,10,0.56,0,Fog,2,Infrastructure,HIGH,4,0,886.4,1
SIM005187,12088,ERS,SR,78,3,5,0.3,1,Clear,0,Infrastructure,MEDIUM,5,0,1875.4,0
SIM005188,12064,SDAH,ER,1,3,20,1.09,1,Clear,0,Operational,HIGH,0,0,1.0,0
SIM005189,12040,JP,NWR,32,6,7,0.6,1,Clear,0,Infrastructure,HIGH,2,0,169.6,0
SIM005190,12190,COR,WCR,33,5,8,0.47,0,Rain,1,Infrastructure,MEDIUM,2,0,168.5,1
SIM005191,12045,BSP,SECR,1,6,8,0.54,0,Clear,0,Weather,HIGH,0,0,1.0,0
SIM005192,12203,NDLS,NR,47,9,16,0.27,1,Clear,0,Weather,HIGH,4,2,531.7,1
SIM005193,12025,JP,NWR,38,6,7,0.47,1,Storm,3,Operational,HIGH,3,2,272.5,0
SIM005194,12187,BSP,SECR,70,6,8,0.21,1,Rain,1,Crew,HIGH,5,2,1631.9,1
SIM005195,12146,ADI,WR,34,6,12,0.8,1,Clear,0,Crew,HIGH,3,2,206.4,1
SIM005196,12073,BAM,ECoR,16,3,4,1.0,1,Clear,0,Rolling Stock,LOW,1,0,38.0,0
SIM005197,12132,DLI,NR,56,3,10,0.45,1,Rain,1,Infrastructure,HIGH,4,0,774.9,1
SIM005198,12016,ADI,WR,1,6,12,0.28,1,Clear,0,Passenger,HIGH,0,0,1.0,0
SIM005199,12023,ASR,NR,1,4,6,0.86,1,Rain,1,Passenger,MEDIUM,0,0,1.0,0
SIM005200,12082,MLDT,ER,11,5,5,0.18,0,Heavy Rain,2,Weather,LOW,0,0,11.0,0
