weather_id,station_id,date,condition,severity,visibility_km,temperature_celsius
W000001,CSMT,2026-01-01,Storm,3,2.9,14.4
W000002,CSMT,2026-01-02,Clear,0,9.6,25.5
W000003,CSMT,2026-01-03,Clear,0,8.6,9.0
W000004,CSMT,2026-01-04,Clear,0,9.7,32.0
W000005,CSMT,2026-01-05,Clear,0,9.6,20.7
W000006,CSMT,2026-01-06,Clear,0,8.4,38.4
W000007,CSMT,2026-01-07,Rain,1,5.1,40.8
W000008,CSMT,2026-01-08,Heavy Rain,2,1.5,34.5
W000009,CSMT,2026-01-09,Rain,1,7.6,16.6
W000010,CSMT,2026-01-10,Heavy Rain,2,2.3,19.9
W000011,CSMT,2026-01-11,Clear,0,8.9,25.4
W000012,CSMT,2026-01-12,Rain,1,5.5,11.7
W000013,CSMT,2026-01-13,Clear,0,10.0,38.3
W000014,CSMT,2026-01-14,Clear,0,8.3,28.4
W000015,CSMT,2026-01-15,Rain,1,6.9,22.2
W000016,CSMT,2026-01-16,Clear,0,8.1,15.6
W000017,CSMT,2026-01-17,Clear,0,9.6,36.6
W000018,CSMT,2026-01-18,Fog,2,0.7,33.9
W000019,CSMT,2026-01-19,Clear,0,9.4,18.4
W000020,CSMT,2026-01-20,Rain,1,5.0,37.5
W000021,CSMT,2026-01-21,Clear,0,9.9,21.0
W000022,CSMT,2026-01-22,Clear,0,8.1,27.4
W000023,CSMT,2026-01-23,Fog,2,1.6,29.5
W000024,CSMT,2026-01-24,Clear,0,9.3,34.0
W000025,CSMT,2026-01-25,Clear,0,9.5,40.8
W000026,CSMT,2026-01-26,Clear,0,8.1,36.3
W000027,CSMT,2026-01-27,Clear,0,9.4,12.4
W000028,CSMT,2026-01-28,Clear,0,9.2,32.7
W000029,CSMT,2026-01-29,Clear,0,8.7,20.2
W000030,CSMT,2026-01-30,Clear,0,9.9,12.5
W000031,CSMT,2026-01-31,Rain,1,4.7,37.8
W000032,CSMT,2026-02-01,Clear,0,9.1,8.7
W000033,CSMT,2026-02-02,Rain,1,5.5,31.6
W000034,CSMT,2026-02-03,Clear,0,8.6,12.7
W000035,CSMT,2026-02-04,Heavy Rain,2,1.2,14.8
W000036,CSMT,2026-02-05,Clear,0,8.5,9.3
W000037,CSMT,2026-02-06,Clear,0,8.4,38.8
W000038,CSMT,2026-02-07,Heavy Rain,2,1.2,11.4
W000039,CSMT,2026-02-08,Clear,0,8.5,13.9
W000040,CSMT,2026-02-09,Clear,0,8.6,33.8
W000041,CSMT,2026-02-10,Clear,0,9.7,29.1
W000042,CSMT,2026-02-11,Fog,2,0.9,17.2
W000043,CSMT,2026-02-12,Clear,0,9.7,31.7
W000044,CSMT,2026-02-13,Clear,0,9.9,31.1
W000045,CSMT,2026-02-14,Clear,0,8.8,41.1
W000046,CSMT,2026-02-15,Clear,0,9.8,18.7
W000047,CSMT,2026-02-16,Rain,1,7.1,30.8
W000048,CSMT,2026-02-17,Clear,0,9.0,19.8
W000049,CSMT,2026-02-18,Rain,1,7.4,29.9
W000050,CSMT,2026-02-19,Clear,0,9.7,16.2
W000051,CSMT,2026-02-20,Storm,3,1.7,23.6
W000052,CSMT,2026-02-21,Heavy Rain,2,1.9,30.2
W000053,CSMT,2026-02-22,Clear,0,8.8,29.0
W000054,CSMT,2026-02-23,Clear,0,9.0,9.8
W000055,CSMT,2026-02-24,Clear,0,8.9,32.3
W000056,CSMT,2026-02-25,Clear,0,9.5,17.9
W000057,CSMT,2026-02-26,Clear,0,9.4,32.5
W000058,CSMT,2026-02-27,Clear,0,9.2,34.6
W000059,CSMT,2026-02-28,Rain,1,5.7,34.3
W000060,CSMT,2026-03-01,Clear,0,9.3,9.7
W000061,PUNE,2026-01-01,Fog,2,1.9,27.7
W000062,PUNE,2026-01-02,Rain,1,5.5,21.1
W000063,PUNE,2026-01-03,Storm,3,3.9,23.4
W000064,PUNE,2026-01-04,Clear,0,8.8,37.3
W000065,PUNE,2026-01-05,Rain,1,6.5,19.7
W000066,PUNE,2026-01-06,Rain,1,6.6,19.0
W000067,PUNE,2026-01-07,Clear,0,8.7,33.4
W000068,PUNE,2026-01-08,Heavy Rain,2,2.6,12.9
W000069,PUNE,2026-01-09,Rain,1,7.0,36.5
W000070,PUNE,2026-01-10,Rain,1,7.0,37.5
W000071,PUNE,2026-01-11,Rain,1,7.0,35.2
W000072,PUNE,2026-01-12,Clear,0,9.3,18.6
W000073,PUNE,2026-01-13,Clear,0,8.0,36.2
W000074,PUNE,2026-01-14,Fog,2,1.2,34.4
W000075,PUNE,2026-01-15,Storm,3,1.5,25.5
W000076,PUNE,2026-01-16,Clear,0,8.9,19.2
W000077,PUNE,2026-01-17,Rain,1,4.6,28.9
W000078,PUNE,2026-01-18,Rain,1,6.3,15.5
W000079,PUNE,2026-01-19,Clear,0,8.1,15.5
W000080,PUNE,2026-01-20,Clear,0,8.7,41.9
W000081,PUNE,2026-01-21,Heavy Rain,2,2.3,28.9
W000082,PUNE,2026-01-22,Clear,0,9.9,21.1
W000083,PUNE,2026-01-23,Clear,0,8.6,23.1
W000084,PUNE,2026-01-24,Clear,0,9.8,40.5
W000085,PUNE,2026-01-25,Clear,0,8.0,22.4
W000086,PUNE,2026-01-26,Clear,0,9.1,40.0
W000087,PUNE,2026-01-27,Rain,1,5.8,35.0
W000088,PUNE,2026-01-28,Clear,0,9.1,22.7
W000089,PUNE,2026-01-29,Clear,0,9.3,27.9
W000090,PUNE,2026-01-30,Rain,1,7.7,10.9
W000091,PUNE,2026-01-31,Rain,1,5.6,12.6
W000092,PUNE,2026-02-01,Clear,0,9.6,39.1
W000093,PUNE,2026-02-02,Rain,1,5.5,12.2
W000094,PUNE,2026-02-03,Clear,0,9.2,38.7
W000095,PUNE,2026-02-04,Clear,0,8.8,36.4
W000096,PUNE,2026-02-05,Clear,0,8.4,41.8
W000097,PUNE,2026-02-06,Clear,0,9.1,24.6
W000098,PUNE,2026-02-07,Clear,0,8.3,18.8
W000099,PUNE,2026-02-08,Clear,0,9.2,18.8
W000100,PUNE,2026-02-09,Clear,0,8.0,36.6
W000101,PUNE,2026-02-10,Clear,0,9.5,26.8
W000102,PUNE,2026-02-11,Clear,0,9.2,16.9
W000103,PUNE,2026-02-12,Fog,2,1.1,27.8
W000104,PUNE,2026-02-13,Clear,0,9.2,24.1
W000105,PUNE,2026-02-14,Rain,1,4.9,23.8
W000106,PUNE,2026-02-15,Clear,0,8.8,28.9
W000107,PUNE,2026-02-16,Clear,0,9.0,40.9
W000108,PUNE,2026-02-17,Rain,1,5.4,20.6
W000109,PUNE,2026-02-18,Clear,0,8.4,9.6
W000110,PUNE,2026-02-19,Storm,3,3.5,17.0
W000111,PUNE,2026-02-20,Clear,0,8.3,25.6
W000112,PUNE,2026-02-21,Clear,0,9.8,24.4
W000113,PUNE,2026-02-22,Clear,0,9.0,15.2
W000114,PUNE,2026-02-23,Clear,0,8.7,32.5
W000115,PUNE,2026-02-24,Clear,0,9.0,9.5
W000116,PUNE,2026-02-25,Clear,0,8.3,16.8
W000117,PUNE,2026-02-26,Clear,0,9.9,30.5
W000118,PUNE,2026-02-27,Clear,0,8.2,36.2
W000119,PUNE,2026-02-28,Clear,0,9.6,32.6
W000120,PUNE,2026-03-01,Clear,0,8.9,14.9
W000121,NGP,2026-01-01,Heavy Rain,2,1.3,28.9
W000122,NGP,2026-01-02,Clear,0,9.6,28.5
W000123,NGP,2026-01-03,Heavy Rain,2,2.3,9.5
W000124,NGP,2026-01-04,Clear,0,8.5,33.2
W000125,NGP,2026-01-05,Rain,1,4.4,37.2
W000126,NGP,2026-01-06,Clear,0,9.8,27.7
W000127,NGP,2026-01-07,Clear,0,8.0,13.3
W000128,NGP,2026-01-08,Rain,1,7.4,31.1
W000129,NGP,2026-01-09,Rain,1,7.1,16.6
W000130,NGP,2026-01-10,Clear,0,8.7,33.4
W000131,NGP,2026-01-11,Clear,0,9.4,26.7
W000132,NGP,2026-01-12,Rain,1,4.6,12.9
W000133,NGP,2026-01-13,Fog,2,0.3,21.1
W000134,NGP,2026-01-14,Storm,3,3.8,35.9
W000135,NGP,2026-01-15,Clear,0,8.9,9.1
W000136,NGP,2026-01-16,Clear,0,9.0,8.0
W000137,NGP,2026-01-17,Clear,0,10.0,25.6
W000138,NGP,2026-01-18,Rain,1,4.4,19.8
W000139,NGP,2026-01-19,Storm,3,2.7,16.9
W000140,NGP,2026-01-20,Clear,0,8.2,40.5
W000141,NGP,2026-01-21,Fog,2,1.9,34.2
W000142,NGP,2026-01-22,Rain,1,5.8,12.0
W000143,NGP,2026-01-23,Clear,0,9.3,40.5
W000144,NGP,2026-01-24,Clear,0,8.0,35.9
W000145,NGP,2026-01-25,Clear,0,9.9,40.2
W000146,NGP,2026-01-26,Rain,1,6.0,15.0
W000147,NGP,2026-01-27,Clear,0,8.5,31.0
W000148,NGP,2026-01-28,Rain,1,7.1,29.1
W000149,NGP,2026-01-29,Clear,0,10.0,39.1
W000150,NGP,2026-01-30,Clear,0,8.4,26.4
W000151,NGP,2026-01-31,Clear,0,8.8,23.6
W000152,NGP,2026-02-01,Rain,1,4.8,16.8
W000153,NGP,2026-02-02,Clear,0,8.5,15.2
W000154,NGP,2026-02-03,Rain,1,7.4,27.6
W000155,NGP,2026-02-04,Clear,0,8.2,13.0
W000156,NGP,2026-02-05,Fog,2,1.1,36.9
W000157,NGP,2026-02-06,Clear,0,9.4,21.5
W000158,NGP,2026-02-07,Rain,1,7.3,19.4
W000159,NGP,2026-02-08,Clear,0,9.1,37.5
W000160,NGP,2026-02-09,Storm,3,3.3,20.1
W000161,NGP,2026-02-10,Rain,1,6.9,29.5
W000162,NGP,2026-02-11,Clear,0,8.3,36.9
W000163,NGP,2026-02-12,Clear,0,8.3,29.9
W000164,NGP,2026-02-13,Clear,0,8.9,22.1
W000165,NGP,2026-02-14,Clear,0,8.0,10.7
W000166,NGP,2026-02-15,Clear,0,8.2,21.5
W000167,NGP,2026-02-16,Rain,1,5.0,18.5
W000168,NGP,2026-02-17,Clear,0,8.6,30.6
W000169,NGP,2026-02-18,Fog,2,1.2,23.1
W000170,NGP,2026-02-19,Storm,3,2.9,27.2
W000171,NGP,2026-02-20,Clear,0,9.3,23.0
W000172,NGP,2026-02-21,Clear,0,8.5,19.7
W000173,NGP,2026-02-22,Clear,0,8.0,22.6
W000174,NGP,2026-02-23,Clear,0,8.5,21.4
W000175,NGP,2026-02-24,Clear,0,9.5,16.1
W000176,NGP,2026-02-25,Rain,1,7.2,35.5
W000177,NGP,2026-02-26,Clear,0,9.7,17.3
W000178,NGP,2026-02-27,Clear,0,8.4,11.5
W000179,NGP,2026-02-28,Clear,0,9.4,19.6
W000180,NGP,2026-03-01,Clear,0,9.6,36.7
W000181,BSL,2026-01-01,Fog,2,1.0,36.6
W000182,BSL,2026-01-02,Heavy Rain,2,2.5,23.1
W000183,BSL,2026-01-03,Rain,1,5.8,24.1
W000184,BSL,2026-01-04,Rain,1,5.3,25.7
W000185,BSL,2026-01-05,Clear,0,9.3,11.8
W000186,BSL,2026-01-06,Clear,0,8.6,8.3
W000187,BSL,2026-01-07,Clear,0,9.6,13.4
W000188,BSL,2026-01-08,Clear,0,9.2,29.9
W000189,BSL,2026-01-09,Rain,1,4.5,33.7
W000190,BSL,2026-01-10,Heavy Rain,2,2.4,38.6
W000191,BSL,2026-01-11,Clear,0,8.9,19.8
W000192,BSL,2026-01-12,Rain,1,7.3,13.3
W000193,BSL,2026-01-13,Clear,0,8.5,14.3
W000194,BSL,2026-01-14,Clear,0,9.7,26.3
W000195,BSL,2026-01-15,Clear,0,9.0,29.8
W000196,BSL,2026-01-16,Clear,0,9.0,14.9
W000197,BSL,2026-01-17,Clear,0,8.2,31.8
W000198,BSL,2026-01-18,Clear,0,8.7,24.7
W000199,BSL,2026-01-19,Fog,2,1.2,22.1
W000200,BSL,2026-01-20,Clear,0,9.4,18.3
W000201,BSL,2026-01-21,Fog,2,1.2,25.9
W000202,BSL,2026-01-22,Clear,0,9.3,29.7
W000203,BSL,2026-01-23,Clear,0,8.9,21.7
W000204,BSL,2026-01-24,Clear,0,8.3,41.7
W000205,BSL,2026-01-25,Clear,0,8.7,27.1
W000206,BSL,2026-01-26,Clear,0,9.5,21.5
W000207,BSL,2026-01-27,Rain,1,6.4,18.2
W000208,BSL,2026-01-28,Clear,0,9.7,26.8
W000209,BSL,2026-01-29,Clear,0,9.9,20.5
W000210,BSL,2026-01-30,Clear,0,8.5,33.0
W000211,BSL,2026-01-31,Rain,1,4.7,38.9
W000212,BSL,2026-02-01,Clear,0,8.6,34.2
W000213,BSL,2026-02-02,Clear,0,9.6,30.2
W000214,BSL,2026-02-03,Clear,0,8.0,26.4
W000215,BSL,2026-02-04,Clear,0,9.0,23.2
W000216,BSL,2026-02-05,Clear,0,9.0,10.8
W000217,BSL,2026-02-06,Clear,0,8.1,12.4
W000218,BSL,2026-02-07,Clear,0,9.1,33.0
W000219,BSL,2026-02-08,Clear,0,8.1,30.8
W000220,BSL,2026-02-09,Clear,0,8.7,41.6
W000221,BSL,2026-02-10,Clear,0,10.0,14.8
W000222,BSL,2026-02-11,Clear,0,9.5,39.5
W000223,BSL,2026-02-12,Fog,2,0.4,8.8
W000224,BSL,2026-02-13,Clear,0,9.1,32.8
W000225,BSL,2026-02-14,Clear,0,9.4,13.8
W000226,BSL,2026-02-15,Clear,0,9.6,21.2
W000227,BSL,2026-02-16,Clear,0,9.7,30.1
W000228,BSL,2026-02-17,Clear,0,8.8,26.1
W000229,BSL,2026-02-18,Clear,0,9.0,26.0
W000230,BSL,2026-02-19,Clear,0,8.8,16.0
W000231,BSL,2026-02-20,Storm,3,3.7,35.7
W000232,BSL,2026-02-21,Clear,0,9.1,11.0
W000233,BSL,2026-02-22,Clear,0,9.9,13.2
W000234,BSL,2026-02-23,Storm,3,1.4,26.4
W000235,BSL,2026-02-24,Heavy Rain,2,2.4,41.9
W000236,BSL,2026-02-25,Storm,3,2.7,40.3
W000237,BSL,2026-02-26,Clear,0,8.6,22.1
W000238,BSL,2026-02-27,Clear,0,8.9,34.5
W000239,BSL,2026-02-28,Clear,0,8.4,15.9
W000240,BSL,2026-03-01,Clear,0,9.4,28.6
W000241,SUR,2026-01-01,Rain,1,7.4,9.1
W000242,SUR,2026-01-02,Rain,1,5.1,33.8
W000243,SUR,2026-01-03,Clear,0,9.9,23.6
W000244,SUR,2026-01-04,Clear,0,8.8,28.8
W000245,SUR,2026-01-05,Rain,1,6.1,23.4
W000246,SUR,2026-01-06,Heavy Rain,2,2.0,27.0
W000247,SUR,2026-01-07,Clear,0,9.3,36.1
W000248,SUR,2026-01-08,Clear,0,8.8,36.2
W000249,SUR,2026-01-09,Clear,0,9.4,12.6
W000250,SUR,2026-01-10,Clear,0,8.9,23.5
W000251,SUR,2026-01-11,Clear,0,9.4,11.9
W000252,SUR,2026-01-12,Clear,0,8.7,40.3
W000253,SUR,2026-01-13,Clear,0,8.8,13.1
W000254,SUR,2026-01-14,Fog,2,0.8,23.2
W000255,SUR,2026-01-15,Clear,0,8.2,23.6
W000256,SUR,2026-01-16,Heavy Rain,2,2.8,24.2
W000257,SUR,2026-01-17,Clear,0,8.2,27.0
W000258,SUR,2026-01-18,Heavy Rain,2,2.3,30.7
W000259,SUR,2026-01-19,Heavy Rain,2,1.1,30.9
W000260,SUR,2026-01-20,Clear,0,9.4,27.7
W000261,SUR,2026-01-21,Fog,2,0.9,22.5
W000262,SUR,2026-01-22,Clear,0,8.6,25.8
W000263,SUR,2026-01-23,Rain,1,4.4,24.4
W000264,SUR,2026-01-24,Rain,1,7.9,25.9
W000265,SUR,2026-01-25,Storm,3,2.9,24.7
W000266,SUR,2026-01-26,Clear,0,9.2,29.3
W000267,SUR,2026-01-27,Clear,0,9.7,27.1
W000268,SUR,2026-01-28,Clear,0,8.0,25.2
W000269,SUR,2026-01-29,Clear,0,8.0,9.0
W000270,SUR,2026-01-30,Clear,0,8.7,30.0
W000271,SUR,2026-01-31,Clear,0,9.3,22.1
W000272,SUR,2026-02-01,Rain,1,5.2,15.1
W000273,SUR,2026-02-02,Rain,1,7.6,9.1
W000274,SUR,2026-02-03,Storm,3,2.8,37.4
W000275,SUR,2026-02-04,Rain,1,5.3,16.1
W000276,SUR,2026-02-05,Clear,0,9.9,34.4
W000277,SUR,2026-02-06,Fog,2,1.1,39.4
W000278,SUR,2026-02-07,Rain,1,7.1,39.9
W000279,SUR,2026-02-08,Rain,1,6.9,8.1
W000280,SUR,2026-02-09,Fog,2,1.0,25.7
W000281,SUR,2026-02-10,Rain,1,6.3,14.5
W000282,SUR,2026-02-11,Clear,0,8.6,8.5
W000283,SUR,2026-02-12,Clear,0,9.0,31.9
W000284,SUR,2026-02-13,Clear,0,8.5,12.4
W000285,SUR,2026-02-14,Clear,0,9.4,28.3
W000286,SUR,2026-02-15,Clear,0,9.7,32.2
W000287,SUR,2026-02-16,Rain,1,7.9,35.6
W000288,SUR,2026-02-17,Fog,2,1.5,15.9
W000289,SUR,2026-02-18,Clear,0,9.7,30.6
W000290,SUR,2026-02-19,Rain,1,5.8,23.7
W000291,SUR,2026-02-20,Clear,0,9.5,35.1
W000292,SUR,2026-02-21,Clear,0,9.3,29.1
W000293,SUR,2026-02-22,Clear,0,9.9,34.7
W000294,SUR,2026-02-23,Clear,0,9.6,39.6
W000295,SUR,2026-02-24,Clear,0,9.0,14.0
W000296,SUR,2026-02-25,Fog,2,1.6,24.8
W000297,SUR,2026-02-26,Rain,1,7.3,8.0
W000298,SUR,2026-02-27,Clear,0,8.3,31.2
W000299,SUR,2026-02-28,Clear,0,9.1,41.4
W000300,SUR,2026-03-01,Clear,0,8.2,18.0
W000301,KYN,2026-01-01,Clear,0,9.1,37.3
W000302,KYN,2026-01-02,Fog,2,0.8,21.0
W000303,KYN,2026-01-03,Clear,0,9.3,36.6
W000304,KYN,2026-01-04,Clear,0,10.0,32.5
W000305,KYN,2026-01-05,Clear,0,8.9,23.5
W000306,KYN,2026-01-06,Rain,1,5.7,23.3
W000307,KYN,2026-01-07,Clear,0,8.4,25.1
W000308,KYN,2026-01-08,Clear,0,9.1,11.8
W000309,KYN,2026-01-09,Clear,0,9.4,34.5
W000310,KYN,2026-01-10,Clear,0,8.2,40.7
W000311,KYN,2026-01-11,Clear,0,9.3,34.5
W000312,KYN,2026-01-12,Clear,0,9.0,35.1
W000313,KYN,2026-01-13,Clear,0,8.1,10.1
W000314,KYN,2026-01-14,Clear,0,8.3,17.8
W000315,KYN,2026-01-15,Clear,0,9.0,37.2
W000316,KYN,2026-01-16,Clear,0,8.2,35.5
W000317,KYN,2026-01-17,Clear,0,9.4,10.9
W000318,KYN,2026-01-18,Clear,0,9.9,16.1
W000319,KYN,2026-01-19,Clear,0,9.3,33.7
W000320,KYN,2026-01-20,Clear,0,8.3,26.1
W000321,KYN,2026-01-21,Clear,0,9.4,39.5
W000322,KYN,2026-01-22,Clear,0,9.4,29.7
W000323,KYN,2026-01-23,Fog,2,0.8,11.3
W000324,KYN,2026-01-24,Rain,1,7.1,14.6
W000325,KYN,2026-01-25,Clear,0,9.4,8.4
W000326,KYN,2026-01-26,Clear,0,8.2,8.8
W000327,KYN,2026-01-27,Clear,0,9.9,32.1
W000328,KYN,2026-01-28,Clear,0,9.7,40.9
W000329,KYN,2026-01-29,Fog,2,1.9,39.4
W000330,KYN,2026-01-30,Clear,0,8.9,10.5
W000331,KYN,2026-01-31,Rain,1,5.3,23.0
W000332,KYN,2026-02-01,Clear,0,9.9,34.1
W000333,KYN,2026-02-02,Clear,0,9.3,27.4
W000334,KYN,2026-02-03,Clear,0,8.9,30.6
W000335,KYN,2026-02-04,Clear,0,9.4,24.7
W000336,KYN,2026-02-05,Clear,0,9.7,40.4
W000337,KYN,2026-02-06,Heavy Rain,2,2.9,21.6
W000338,KYN,2026-02-07,Clear,0,9.9,23.6
W000339,KYN,2026-02-08,Rain,1,4.7,31.7
W000340,KYN,2026-02-09,Fog,2,1.3,12.8
W000341,KYN,2026-02-10,Clear,0,9.4,18.5
W000342,KYN,2026-02-11,Clear,0,9.7,34.8
W000343,KYN,2026-02-12,Clear,0,8.2,37.7
W000344,KYN,2026-02-13,Clear,0,9.2,24.0
W000345,KYN,2026-02-14,Fog,2,0.5,18.4
W000346,KYN,2026-02-15,Rain,1,4.7,24.9
W000347,KYN,2026-02-16,Rain,1,7.2,31.1
W000348,KYN,2026-02-17,Clear,0,10.0,34.0
W000349,KYN,2026-02-18,Clear,0,8.7,26.8
W000350,KYN,2026-02-19,Clear,0,9.9,34.4
W000351,KYN,2026-02-20,Clear,0,9.0,38.2
W000352,KYN,2026-02-21,Clear,0,9.6,25.8
W000353,KYN,2026-02-22,Clear,0,9.9,40.3
W000354,KYN,2026-02-23,Clear,0,9.6,26.0
W000355,KYN,2026-02-24,Clear,0,8.7,30.4
W000356,KYN,2026-02-25,Clear,0,8.4,14.0
W000357,KYN,2026-02-26,Rain,1,6.6,35.4
W000358,KYN,2026-02-27,Rain,1,7.0,24.5
W000359,KYN,2026-02-28,Clear,0,9.8,31.0
W000360,KYN,2026-03-01,Clear,0,9.6,20.8
W000361,DD,2026-01-01,Clear,0,8.9,23.5
W000362,DD,2026-01-02,Clear,0,8.3,12.3
W000363,DD,2026-01-03,Rain,1,4.5,19.7
W000364,DD,2026-01-04,Fog,2,1.3,41.0
W000365,DD,2026-01-05,Heavy Rain,2,2.0,36.5
W000366,DD,2026-01-06,Clear,0,9.5,38.3
W000367,DD,2026-01-07,Clear,0,8.3,24.0
W000368,DD,2026-01-08,Rain,1,6.1,23.4
W000369,DD,2026-01-09,Clear,0,9.1,18.1
W000370,DD,2026-01-10,Clear,0,8.2,33.4
W000371,DD,2026-01-11,Clear,0,8.9,20.6
W000372,DD,2026-01-12,Clear,0,9.3,9.1
W000373,DD,2026-01-13,Clear,0,8.5,10.8
W000374,DD,2026-01-14,Fog,2,1.4,11.8
W000375,DD,2026-01-15,Clear,0,9.2,32.1
W000376,DD,2026-01-16,Clear,0,10.0,27.7
W000377,DD,2026-01-17,Fog,2,0.8,31.1
W000378,DD,2026-01-18,Clear,0,8.1,32.1
W000379,DD,2026-01-19,Rain,1,5.2,35.5
W000380,DD,2026-01-20,Fog,2,0.3,17.8
W000381,DD,2026-01-21,Fog,2,1.1,25.7
W000382,DD,2026-01-22,Clear,0,8.6,23.1
W000383,DD,2026-01-23,Clear,0,8.6,29.9
W000384,DD,2026-01-24,Clear,0,8.7,36.6
W000385,DD,2026-01-25,Clear,0,8.6,24.5
W000386,DD,2026-01-26,Storm,3,1.5,39.4
W000387,DD,2026-01-27,Rain,1,7.9,13.2
W000388,DD,2026-01-28,Clear,0,8.1,27.1
W000389,DD,2026-01-29,Clear,0,8.6,18.3
W000390,DD,2026-01-30,Fog,2,1.0,8.1
W000391,DD,2026-01-31,Rain,1,5.3,40.1
W000392,DD,2026-02-01,Storm,3,2.3,31.4
W000393,DD,2026-02-02,Rain,1,4.6,36.6
W000394,DD,2026-02-03,Clear,0,8.2,39.8
W000395,DD,2026-02-04,Clear,0,8.0,25.4
W000396,DD,2026-02-05,Clear,0,8.6,13.0
W000397,DD,2026-02-06,Heavy Rain,2,1.6,37.7
W000398,DD,2026-02-07,Clear,0,9.5,35.4
W000399,DD,2026-02-08,Storm,3,1.3,15.1
W000400,DD,2026-02-09,Clear,0,9.7,11.0
W000401,DD,2026-02-10,Clear,0,9.8,12.7
W000402,DD,2026-02-11,Clear,0,8.8,18.3
W000403,DD,2026-02-12,Clear,0,8.9,36.4
W000404,DD,2026-02-13,Clear,0,9.3,16.3
W000405,DD,2026-02-14,Clear,0,8.6,27.2
W000406,DD,2026-02-15,Fog,2,0.4,27.6
W000407,DD,2026-02-16,Heavy Rain,2,1.6,13.6
W000408,DD,2026-02-17,Clear,0,8.8,39.8
W000409,DD,2026-02-18,Clear,0,9.5,37.7
W000410,DD,2026-02-19,Heavy Rain,2,2.4,27.7
W000411,DD,2026-02-20,Heavy Rain,2,1.7,39.0
W000412,DD,2026-02-21,Clear,0,8.3,36.3
W000413,DD,2026-02-22,Clear,0,9.1,10.6
W000414,DD,2026-02-23,Heavy Rain,2,1.6,38.3
W000415,DD,2026-02-24,Clear,0,9.5,15.6
W000416,DD,2026-02-25,Heavy Rain,2,1.3,31.5
W000417,DD,2026-02-26,Rain,1,7.1,35.0
W000418,DD,2026-02-27,Clear,0,8.1,33.7
W000419,DD,2026-02-28,Rain,1,4.8,11.1
W000420,DD,2026-03-01,Heavy Rain,2,1.7,32.8
W000421,HWH,2026-01-01,Clear,0,9.1,14.5
W000422,HWH,2026-01-02,Clear,0,9.8,25.1
W000423,HWH,2026-01-03,Rain,1,6.4,20.1
W000424,HWH,2026-01-04,Clear,0,8.4,11.8
W000425,HWH,2026-01-05,Clear,0,9.5,11.9
W000426,HWH,2026-01-06,Clear,0,9.2,17.9
W000427,HWH,2026-01-07,Heavy Rain,2,2.7,14.1
W000428,HWH,2026-01-08,Storm,3,1.3,12.9
W000429,HWH,2026-01-09,Clear,0,9.2,41.2
W000430,HWH,2026-01-10,Clear,0,9.2,17.5
W000431,HWH,2026-01-11,Rain,1,5.1,24.2
W000432,HWH,2026-01-12,Clear,0,8.8,16.5
W000433,HWH,2026-01-13,Clear,0,9.3,31.1
W000434,HWH,2026-01-14,Storm,3,1.3,10.6
W000435,HWH,2026-01-15,Rain,1,7.2,16.9
W000436,HWH,2026-01-16,Clear,0,9.7,39.1
W000437,HWH,2026-01-17,Clear,0,8.6,37.3
W000438,HWH,2026-01-18,Clear,0,9.4,11.7
W000439,HWH,2026-01-19,Rain,1,6.7,25.2
W000440,HWH,2026-01-20,Clear,0,9.0,18.9
W000441,HWH,2026-01-21,Clear,0,8.1,38.3
W000442,HWH,2026-01-22,Clear,0,8.2,16.4
W000443,HWH,2026-01-23,Clear,0,9.2,8.7
W000444,HWH,2026-01-24,Clear,0,8.9,31.7
W000445,HWH,2026-01-25,Clear,0,10.0,11.4
W000446,HWH,2026-01-26,Rain,1,6.0,20.4
W000447,HWH,2026-01-27,Clear,0,9.0,17.8
W000448,HWH,2026-01-28,Clear,0,10.0,36.7
W000449,HWH,2026-01-29,Clear,0,8.7,35.1
W000450,HWH,2026-01-30,Rain,1,7.2,21.7
W000451,HWH,2026-01-31,Clear,0,8.9,37.3
W000452,HWH,2026-02-01,Clear,0,8.4,26.1
W000453,HWH,2026-02-02,Clear,0,9.5,20.4
W000454,HWH,2026-02-03,Clear,0,8.3,36.2
W000455,HWH,2026-02-04,Clear,0,8.4,28.4
W000456,HWH,2026-02-05,Clear,0,8.2,27.0
W000457,HWH,2026-02-06,Clear,0,9.3,35.3
W000458,HWH,2026-02-07,Rain,1,7.4,37.2
W000459,HWH,2026-02-08,Clear,0,9.2,30.4
W000460,HWH,2026-02-09,Clear,0,9.9,39.7
W000461,HWH,2026-02-10,Clear,0,9.7,16.1
W000462,HWH,2026-02-11,Clear,0,9.6,16.0
W000463,HWH,2026-02-12,Clear,0,8.3,28.0
W000464,HWH,2026-02-13,Clear,0,8.7,40.8
W000465,HWH,2026-02-14,Fog,2,1.7,40.9
W000466,HWH,2026-02-15,Clear,0,9.7,16.1
W000467,HWH,2026-02-16,Clear,0,8.6,37.5
W000468,HWH,2026-02-17,Heavy Rain,2,1.8,11.1
W000469,HWH,2026-02-18,Heavy Rain,2,2.8,37.9
W000470,HWH,2026-02-19,Rain,1,4.1,24.0
W000471,HWH,2026-02-20,Clear,0,9.7,31.7
W000472,HWH,2026-02-21,Clear,0,8.7,8.9
W000473,HWH,2026-02-22,Clear,0,9.3,29.4
W000474,HWH,2026-02-23,Clear,0,8.2,33.9
W000475,HWH,2026-02-24,Heavy Rain,2,1.6,16.9
W000476,HWH,2026-02-25,Rain,1,7.2,37.8
W000477,HWH,2026-02-26,Fog,2,1.9,29.3
W000478,HWH,2026-02-27,Fog,2,0.5,22.6
W000479,HWH,2026-02-28,Clear,0,8.2,22.8
W000480,HWH,2026-03-01,Fog,2,1.5,37.3
W000481,SDAH,2026-01-01,Rain,1,6.0,41.8
W000482,SDAH,2026-01-02,Clear,0,9.4,16.9
W000483,SDAH,2026-01-03,Clear,0,9.8,12.5
W000484,SDAH,2026-01-04,Clear,0,9.4,16.7
W000485,SDAH,2026-01-05,Clear,0,8.1,39.9
W000486,SDAH,2026-01-06,Storm,3,2.9,18.3
W000487,SDAH,2026-01-07,Clear,0,8.7,25.1
W000488,SDAH,2026-01-08,Fog,2,1.2,12.0
W000489,SDAH,2026-01-09,Clear,0,8.3,17.6
W000490,SDAH,2026-01-10,Fog,2,0.8,18.7
W000491,SDAH,2026-01-11,Storm,3,3.4,9.8
W000492,SDAH,2026-01-12,Clear,0,8.5,41.8
W000493,SDAH,2026-01-13,Fog,2,1.1,36.8
W000494,SDAH,2026-01-14,Fog,2,0.5,25.3
W000495,SDAH,2026-01-15,Clear,0,9.8,27.4
W000496,SDAH,2026-01-16,Clear,0,8.2,31.2
W000497,SDAH,2026-01-17,Rain,1,6.4,10.8
W000498,SDAH,2026-01-18,Heavy Rain,2,2.9,41.0
W000499,SDAH,2026-01-19,Rain,1,5.3,27.4
W000500,SDAH,2026-01-20,Clear,0,8.1,40.4
W000501,SDAH,2026-01-21,Clear,0,8.8,37.0
W000502,SDAH,2026-01-22,Clear,0,9.6,24.7
W000503,SDAH,2026-01-23,Clear,0,9.6,36.3
W000504,SDAH,2026-01-24,Clear,0,9.0,33.7
W000505,SDAH,2026-01-25,Heavy Rain,2,1.9,23.8
W000506,SDAH,2026-01-26,Clear,0,9.4,17.9
W000507,SDAH,2026-01-27,Clear,0,9.8,36.6
W000508,SDAH,2026-01-28,Clear,0,8.6,22.4
W000509,SDAH,2026-01-29,Clear,0,9.3,25.1
W000510,SDAH,2026-01-30,Clear,0,9.3,37.8
W000511,SDAH,2026-01-31,Clear,0,9.2,40.9
W000512,SDAH,2026-02-01,Fog,2,1.3,11.6
W000513,SDAH,2026-02-02,Clear,0,8.0,37.5
W000514,SDAH,2026-02-03,Storm,3,2.1,30.9
W000515,SDAH,2026-02-04,Rain,1,5.2,8.5
W000516,SDAH,2026-02-05,Storm,3,2.3,29.3
W000517,SDAH,2026-02-06,Rain,1,5.2,13.6
W000518,SDAH,2026-02-07,Clear,0,9.4,14.8
W000519,SDAH,2026-02-08,Clear,0,9.7,41.3
W000520,SDAH,2026-02-09,Heavy Rain,2,2.1,24.5
W000521,SDAH,2026-02-10,Clear,0,9.2,26.0
W000522,SDAH,2026-02-11,Clear,0,8.6,24.8
W000523,SDAH,2026-02-12,Fog,2,0.7,19.7
W000524,SDAH,2026-02-13,Clear,0,8.4,30.3
W000525,SDAH,2026-02-14,Clear,0,8.6,33.0
W000526,SDAH,2026-02-15,Rain,1,7.4,30.7
W000527,SDAH,2026-02-16,Clear,0,8.4,18.3
W000528,SDAH,2026-02-17,Clear,0,8.1,36.2
W000529,SDAH,2026-02-18,Fog,2,1.3,15.6
W000530,SDAH,2026-02-19,Clear,0,8.7,13.1
W000531,SDAH,2026-02-20,Rain,1,6.7,23.5
W000532,SDAH,2026-02-21,Heavy Rain,2,2.2,36.0
W000533,SDAH,2026-02-22,Clear,0,8.2,17.9
W000534,SDAH,2026-02-23,Clear,0,9.0,12.7
W000535,SDAH,2026-02-24,Heavy Rain,2,2.5,19.6
W000536,SDAH,2026-02-25,Clear,0,8.2,13.2
W000537,SDAH,2026-02-26,Rain,1,4.9,23.6
W000538,SDAH,2026-02-27,Heavy Rain,2,1.1,35.4
W000539,SDAH,2026-02-28,Fog,2,0.5,33.8
W000540,SDAH,2026-03-01,Rain,1,7.6,30.5
W000541,ASN,2026-01-01,Clear,0,8.6,33.3
W000542,ASN,2026-01-02,Fog,2,1.9,23.2
W000543,ASN,2026-01-03,Clear,0,9.1,34.6
W000544,ASN,2026-01-04,Clear,0,8.4,33.2
W000545,ASN,2026-01-05,Clear,0,10.0,33.7
W000546,ASN,2026-01-06,Clear,0,8.1,32.7
W000547,ASN,2026-01-07,Storm,3,2.1,9.6
W000548,ASN,2026-01-08,Rain,1,5.2,35.4
W000549,ASN,2026-01-09,Storm,3,2.8,19.9
W000550,ASN,2026-01-10,Clear,0,9.6,16.4
W000551,ASN,2026-01-11,Clear,0,9.2,36.2
W000552,ASN,2026-01-12,Clear,0,8.1,25.9
W000553,ASN,2026-01-13,Clear,0,9.0,23.0
W000554,ASN,2026-01-14,Fog,2,0.5,32.2
W000555,ASN,2026-01-15,Clear,0,9.4,33.4
W000556,ASN,2026-01-16,Fog,2,0.9,27.4
W000557,ASN,2026-01-17,Clear,0,8.3,34.9
W000558,ASN,2026-01-18,Clear,0,9.2,35.9
W000559,ASN,2026-01-19,Clear,0,8.2,27.2
W000560,ASN,2026-01-20,Fog,2,1.3,25.2
W000561,ASN,2026-01-21,Clear,0,8.9,30.6
W000562,ASN,2026-01-22,Clear,0,8.5,33.0
W000563,ASN,2026-01-23,Clear,0,9.7,27.1
W000564,ASN,2026-01-24,Clear,0,9.1,27.4
W000565,ASN,2026-01-25,Clear,0,9.0,8.6
W000566,ASN,2026-01-26,Rain,1,6.8,28.6
W000567,ASN,2026-01-27,Clear,0,8.1,37.2
W000568,ASN,2026-01-28,Clear,0,8.5,16.7
W000569,ASN,2026-01-29,Clear,0,8.6,8.9
W000570,ASN,2026-01-30,Clear,0,8.8,36.1
W000571,ASN,2026-01-31,Clear,0,8.4,21.1
W000572,ASN,2026-02-01,Clear,0,8.1,15.9
W000573,ASN,2026-02-02,Fog,2,0.6,34.7
W000574,ASN,2026-02-03,Clear,0,8.8,20.7
W000575,ASN,2026-02-04,Storm,3,2.4,8.0
W000576,ASN,2026-02-05,Clear,0,9.7,24.4
W000577,ASN,2026-02-06,Clear,0,9.7,25.4
W000578,ASN,2026-02-07,Clear,0,9.5,12.7
W000579,ASN,2026-02-08,Clear,0,8.6,31.2
W000580,ASN,2026-02-09,Clear,0,8.5,19.6
W000581,ASN,2026-02-10,Clear,0,9.2,24.2
W000582,ASN,2026-02-11,Fog,2,1.5,26.3
W000583,ASN,2026-02-12,Rain,1,4.3,30.9
W000584,ASN,2026-02-13,Clear,0,9.6,31.7
W000585,ASN,2026-02-14,Clear,0,8.9,17.6
W000586,ASN,2026-02-15,Fog,2,0.7,16.0
W000587,ASN,2026-02-16,Clear,0,8.7,14.7
W000588,ASN,2026-02-17,Heavy Rain,2,2.1,30.4
W000589,ASN,2026-02-18,Clear,0,9.4,16.8
W000590,ASN,2026-02-19,Clear,0,8.5,41.7
W000591,ASN,2026-02-20,Rain,1,5.0,29.8
W000592,ASN,2026-02-21,Fog,2,2.0,31.1
W000593,ASN,2026-02-22,Clear,0,8.7,22.3
W000594,ASN,2026-02-23,Clear,0,8.0,33.1
W000595,ASN,2026-02-24,Storm,3,1.9,29.3
W000596,ASN,2026-02-25,Clear,0,9.0,16.5
W000597,ASN,2026-02-26,Clear,0,8.5,40.1
W000598,ASN,2026-02-27,Rain,1,7.1,10.1
W000599,ASN,2026-02-28,Clear,0,8.6,23.0
W000600,ASN,2026-03-01,Clear,0,9.3,21.0
W000601,BWN,2026-01-01,Clear,0,9.5,21.1
W000602,BWN,2026-01-02,Rain,1,6.5,23.4
W000603,BWN,2026-01-03,Clear,0,8.4,14.6
W000604,BWN,2026-01-04,Clear,0,9.3,16.3
W000605,BWN,2026-01-05,Rain,1,5.2,18.6
W000606,BWN,2026-01-06,Fog,2,0.8,8.3
W000607,BWN,2026-01-07,Clear,0,9.4,22.4
W000608,BWN,2026-01-08,Clear,0,8.4,31.6
W000609,BWN,2026-01-09,Storm,3,2.8,22.2
W000610,BWN,2026-01-10,Clear,0,8.9,15.6
W000611,BWN,2026-01-11,Clear,0,9.2,33.2
W000612,BWN,2026-01-12,Clear,0,8.4,11.9
W000613,BWN,2026-01-13,Clear,0,8.4,14.7
W000614,BWN,2026-01-14,Clear,0,9.8,8.7
W000615,BWN,2026-01-15,Heavy Rain,2,2.4,11.8
W000616,BWN,2026-01-16,Fog,2,1.4,41.2
W000617,BWN,2026-01-17,Storm,3,3.8,35.0
W000618,BWN,2026-01-18,Clear,0,8.8,9.6
W000619,BWN,2026-01-19,Clear,0,8.4,35.1
W000620,BWN,2026-01-20,Fog,2,0.6,24.0
W000621,BWN,2026-01-21,Rain,1,6.0,25.0
W000622,BWN,2026-01-22,Clear,0,8.6,17.1
W000623,BWN,2026-01-23,Clear,0,9.8,37.3
W000624,BWN,2026-01-24,Clear,0,8.6,26.7
W000625,BWN,2026-01-25,Clear,0,8.2,29.1
W000626,BWN,2026-01-26,Clear,0,8.9,14.1
W000627,BWN,2026-01-27,Clear,0,9.3,29.9
W000628,BWN,2026-01-28,Rain,1,4.4,14.7
W000629,BWN,2026-01-29,Clear,0,8.6,41.9
W000630,BWN,2026-01-30,Storm,3,1.9,36.0
W000631,BWN,2026-01-31,Rain,1,5.6,25.4
W000632,BWN,2026-02-01,Rain,1,5.6,25.5
W000633,BWN,2026-02-02,Rain,1,6.9,14.4
W000634,BWN,2026-02-03,Rain,1,4.8,27.6
W000635,BWN,2026-02-04,Clear,0,9.9,22.3
W000636,BWN,2026-02-05,Rain,1,7.1,34.7
W000637,BWN,2026-02-06,Fog,2,1.3,28.7
W000638,BWN,2026-02-07,Fog,2,1.2,11.7
W000639,BWN,2026-02-08,Clear,0,8.9,9.1
W000640,BWN,2026-02-09,Rain,1,4.7,15.9
W000641,BWN,2026-02-10,Rain,1,4.2,22.0
W000642,BWN,2026-02-11,Clear,0,8.2,37.4
W000643,BWN,2026-02-12,Clear,0,8.4,39.9
W000644,BWN,2026-02-13,Clear,0,9.0,10.2
W000645,BWN,2026-02-14,Clear,0,9.6,27.6
W000646,BWN,2026-02-15,Rain,1,7.5,18.1
W000647,BWN,2026-02-16,Clear,0,9.6,23.6
W000648,BWN,2026-02-17,Fog,2,1.9,37.6
W000649,BWN,2026-02-18,Clear,0,9.3,15.4
W000650,BWN,2026-02-19,Clear,0,10.0,34.1
W000651,BWN,2026-02-20,Clear,0,8.9,31.6
W000652,BWN,2026-02-21,Rain,1,7.0,11.9
W000653,BWN,2026-02-22,Fog,2,0.3,16.2
W000654,BWN,2026-02-23,Fog,2,0.5,11.4
W000655,BWN,2026-02-24,Clear,0,9.1,13.2
W000656,BWN,2026-02-25,Clear,0,8.4,36.4
W000657,BWN,2026-02-26,Heavy Rain,2,2.8,9.8
W000658,BWN,2026-02-27,Clear,0,9.5,11.1
W000659,BWN,2026-02-28,Clear,0,10.0,38.0
W000660,BWN,2026-03-01,Rain,1,4.7,19.1
W000661,MLDT,2026-01-01,Clear,0,8.4,15.3
W000662,MLDT,2026-01-02,Clear,0,8.3,10.2
W000663,MLDT,2026-01-03,Heavy Rain,2,1.1,28.4
W000664,MLDT,2026-01-04,Storm,3,1.5,40.6
W000665,MLDT,2026-01-05,Clear,0,10.0,19.3
W000666,MLDT,2026-01-06,Clear,0,9.8,28.7
W000667,MLDT,2026-01-07,Clear,0,8.8,15.9
W000668,MLDT,2026-01-08,Clear,0,9.8,10.0
W000669,MLDT,2026-01-09,Clear,0,8.6,28.3
W000670,MLDT,2026-01-10,Fog,2,1.4,25.7
W000671,MLDT,2026-01-11,Storm,3,2.0,16.2
W000672,MLDT,2026-01-12,Clear,0,9.8,28.7
W000673,MLDT,2026-01-13,Clear,0,8.6,14.5
W000674,MLDT,2026-01-14,Clear,0,8.3,39.7
W000675,MLDT,2026-01-15,Clear,0,8.2,14.0
W000676,MLDT,2026-01-16,Clear,0,8.6,10.7
W000677,MLDT,2026-01-17,Storm,3,3.2,33.9
W000678,MLDT,2026-01-18,Heavy Rain,2,1.8,39.3
W000679,MLDT,2026-01-19,Clear,0,8.3,20.8
W000680,MLDT,2026-01-20,Clear,0,8.1,8.4
W000681,MLDT,2026-01-21,Clear,0,9.5,20.7
W000682,MLDT,2026-01-22,Clear,0,9.3,21.1
W000683,MLDT,2026-01-23,Clear,0,8.4,25.3
W000684,MLDT,2026-01-24,Clear,0,9.4,16.2
W000685,MLDT,2026-01-25,Clear,0,9.6,16.9
W000686,MLDT,2026-01-26,Clear,0,9.4,8.4
W000687,MLDT,2026-01-27,Rain,1,7.7,25.6
W000688,MLDT,2026-01-28,Clear,0,8.8,30.4
W000689,MLDT,2026-01-29,Clear,0,8.6,29.6
W000690,MLDT,2026-01-30,Rain,1,4.6,18.5
W000691,MLDT,2026-01-31,Storm,3,2.6,30.3
W000692,MLDT,2026-02-01,Rain,1,5.5,40.2
W000693,MLDT,2026-02-02,Clear,0,9.6,16.8
W000694,MLDT,2026-02-03,Fog,2,1.8,18.0
W000695,MLDT,2026-02-04,Clear,0,8.6,11.4
W000696,MLDT,2026-02-05,Clear,0,9.5,25.8
W000697,MLDT,2026-02-06,Clear,0,9.2,19.5
W000698,MLDT,2026-02-07,Clear,0,8.7,30.6
W000699,MLDT,2026-02-08,Clear,0,8.1,31.7
W000700,MLDT,2026-02-09,Rain,1,4.6,31.8
W000701,MLDT,2026-02-10,Heavy Rain,2,2.3,14.4
W000702,MLDT,2026-02-11,Storm,3,1.1,35.5
W000703,MLDT,2026-02-12,Clear,0,8.9,22.5
W000704,MLDT,2026-02-13,Fog,2,1.8,18.0
W000705,MLDT,2026-02-14,Clear,0,8.3,12.3
W000706,MLDT,2026-02-15,Rain,1,6.7,23.2
W000707,MLDT,2026-02-16,Clear,0,9.3,11.0
W000708,MLDT,2026-02-17,Clear,0,9.4,15.5
W000709,MLDT,2026-02-18,Clear,0,9.0,32.7
W000710,MLDT,2026-02-19,Clear,0,9.4,29.9
W000711,MLDT,2026-02-20,Clear,0,9.4,37.1
W000712,MLDT,2026-02-21,Heavy Rain,2,1.2,39.9
W000713,MLDT,2026-02-22,Rain,1,5.5,8.1
W000714,MLDT,2026-02-23,Clear,0,9.1,31.1
W000715,MLDT,2026-02-24,Rain,1,6.4,23.7
W000716,MLDT,2026-02-25,Clear,0,9.9,13.0
W000717,MLDT,2026-02-26,Rain,1,6.8,12.2
W000718,MLDT,2026-02-27,Storm,3,3.1,20.8
W000719,MLDT,2026-02-28,Storm,3,3.4,31.8
W000720,MLDT,2026-03-01,Clear,0,9.7,30.4
W000721,PNBE,2026-01-01,Heavy Rain,2,1.7,33.8
W000722,PNBE,2026-01-02,Clear,0,9.1,21.4
W000723,PNBE,2026-01-03,Clear,0,9.5,23.6
W000724,PNBE,2026-01-04,Clear,0,8.3,33.4
W000725,PNBE,2026-01-05,Rain,1,6.9,13.0
W000726,PNBE,2026-01-06,Fog,2,0.4,14.1
W000727,PNBE,2026-01-07,Clear,0,10.0,21.7
W000728,PNBE,2026-01-08,Clear,0,8.5,20.8
W000729,PNBE,2026-01-09,Rain,1,6.6,17.4
W000730,PNBE,2026-01-10,Rain,1,4.5,25.3
W000731,PNBE,2026-01-11,Clear,0,9.1,14.2
W000732,PNBE,2026-01-12,Clear,0,9.3,38.9
W000733,PNBE,2026-01-13,Rain,1,7.3,35.6
W000734,PNBE,2026-01-14,Clear,0,9.0,33.6
W000735,PNBE,2026-01-15,Storm,3,2.7,35.2
W000736,PNBE,2026-01-16,Clear,0,8.3,9.2
W000737,PNBE,2026-01-17,Storm,3,3.8,8.0
W000738,PNBE,2026-01-18,Clear,0,9.9,27.6
W000739,PNBE,2026-01-19,Rain,1,7.9,11.4
W000740,PNBE,2026-01-20,Heavy Rain,2,1.6,28.5
W000741,PNBE,2026-01-21,Clear,0,8.7,21.0
W000742,PNBE,2026-01-22,Fog,2,1.0,26.2
W000743,PNBE,2026-01-23,Clear,0,9.5,30.3
W000744,PNBE,2026-01-24,Heavy Rain,2,1.3,8.9
W000745,PNBE,2026-01-25,Clear,0,8.2,29.8
W000746,PNBE,2026-01-26,Clear,0,8.7,20.8
W000747,PNBE,2026-01-27,Storm,3,3.2,18.4
W000748,PNBE,2026-01-28,Heavy Rain,2,2.4,28.7
W000749,PNBE,2026-01-29,Fog,2,0.8,40.9
W000750,PNBE,2026-01-30,Clear,0,9.2,25.5
W000751,PNBE,2026-01-31,Clear,0,8.3,41.1
W000752,PNBE,2026-02-01,Rain,1,6.4,35.1
W000753,PNBE,2026-02-02,Clear,0,8.6,18.4
W000754,PNBE,2026-02-03,Heavy Rain,2,1.6,32.8
W000755,PNBE,2026-02-04,Fog,2,1.2,37.7
W000756,PNBE,2026-02-05,Storm,3,2.5,41.9
W000757,PNBE,2026-02-06,Fog,2,1.8,32.3
W000758,PNBE,2026-02-07,Rain,1,5.0,37.9
W000759,PNBE,2026-02-08,Clear,0,9.2,25.8
W000760,PNBE,2026-02-09,Clear,0,8.2,20.9
W000761,PNBE,2026-02-10,Clear,0,8.2,12.0
W000762,PNBE,2026-02-11,Clear,0,8.6,18.4
W000763,PNBE,2026-02-12,Fog,2,1.0,24.6
W000764,PNBE,2026-02-13,Clear,0,9.2,14.3
W000765,PNBE,2026-02-14,Clear,0,8.2,12.2
W000766,PNBE,2026-02-15,Clear,0,8.3,22.6
W000767,PNBE,2026-02-16,Clear,0,9.6,20.0
W000768,PNBE,2026-02-17,Clear,0,8.7,21.4
W000769,PNBE,2026-02-18,Rain,1,4.6,17.0
W000770,PNBE,2026-02-19,Clear,0,9.1,38.0
W000771,PNBE,2026-02-20,Clear,0,9.8,8.7
W000772,PNBE,2026-02-21,Clear,0,9.0,41.2
W000773,PNBE,2026-02-22,Rain,1,5.2,13.2
W000774,PNBE,2026-02-23,Clear,0,8.5,35.9
W000775,PNBE,2026-02-24,Clear,0,9.4,41.7
W000776,PNBE,2026-02-25,Clear,0,9.3,39.6
W000777,PNBE,2026-02-26,Clear,0,9.2,29.5
W000778,PNBE,2026-02-27,Clear,0,8.7,17.2
W000779,PNBE,2026-02-28,Clear,0,8.7,9.8
W000780,PNBE,2026-03-01,Rain,1,5.9,40.2
W000781,DNR,2026-01-01,Clear,0,8.6,19.3
W000782,DNR,2026-01-02,Rain,1,7.1,15.1
W000783,DNR,2026-01-03,Clear,0,9.8,39.0
W000784,DNR,2026-01-04,Rain,1,6.8,19.7
W000785,DNR,2026-01-05,Rain,1,4.8,26.7
W000786,DNR,2026-01-06,Clear,0,9.8,23.2
W000787,DNR,2026-01-07,Rain,1,4.3,8.7
W000788,DNR,2026-01-08,Clear,0,9.4,31.6
W000789,DNR,2026-01-09,Rain,1,6.7,33.5
W000790,DNR,2026-01-10,Clear,0,9.6,15.4
W000791,DNR,2026-01-11,Rain,1,7.2,18.3
W000792,DNR,2026-01-12,Clear,0,9.4,9.3
W000793,DNR,2026-01-13,Clear,0,9.8,16.5
W000794,DNR,2026-01-14,Heavy Rain,2,1.7,10.8
W000795,DNR,2026-01-15,Rain,1,6.9,9.9
W000796,DNR,2026-01-16,Heavy Rain,2,2.9,26.3
W000797,DNR,2026-01-17,Storm,3,2.1,30.2
W000798,DNR,2026-01-18,Fog,2,0.6,27.8
W000799,DNR,2026-01-19,Heavy Rain,2,1.5,38.7
W000800,DNR,2026-01-20,Clear,0,8.4,32.8
W000801,DNR,2026-01-21,Clear,0,8.0,10.4
W000802,DNR,2026-01-22,Clear,0,8.5,32.7
W000803,DNR,2026-01-23,Heavy Rain,2,1.0,29.9
W000804,DNR,2026-01-24,Clear,0,8.5,40.9
W000805,DNR,2026-01-25,Fog,2,1.5,24.3
W000806,DNR,2026-01-26,Clear,0,8.9,31.5
W000807,DNR,2026-01-27,Clear,0,8.2,36.4
W000808,DNR,2026-01-28,Clear,0,9.8,15.7
W000809,DNR,2026-01-29,Fog,2,0.4,11.7
W000810,DNR,2026-01-30,Clear,0,9.9,39.3
W000811,DNR,2026-01-31,Fog,2,1.3,13.1
W000812,DNR,2026-02-01,Rain,1,7.3,30.5
W000813,DNR,2026-02-02,Fog,2,0.2,13.1
W000814,DNR,2026-02-03,Rain,1,5.6,10.3
W000815,DNR,2026-02-04,Clear,0,9.9,21.1
W000816,DNR,2026-02-05,Clear,0,8.8,35.3
W000817,DNR,2026-02-06,Rain,1,5.7,35.9
W000818,DNR,2026-02-07,Clear,0,9.2,31.9
W000819,DNR,2026-02-08,Clear,0,8.0,39.3
W000820,DNR,2026-02-09,Clear,0,8.7,12.9
W000821,DNR,2026-02-10,Heavy Rain,2,1.5,12.7
W000822,DNR,2026-02-11,Storm,3,2.1,31.8
W000823,DNR,2026-02-12,Rain,1,7.3,10.7
W000824,DNR,2026-02-13,Clear,0,9.1,33.4
W000825,DNR,2026-02-14,Rain,1,5.6,17.8
W000826,DNR,2026-02-15,Clear,0,9.8,36.3
W000827,DNR,2026-02-16,Rain,1,6.2,32.1
W000828,DNR,2026-02-17,Clear,0,8.3,15.2
W000829,DNR,2026-02-18,Clear,0,8.4,35.8
W000830,DNR,2026-02-19,Clear,0,8.6,30.0
W000831,DNR,2026-02-20,Clear,0,8.2,17.6
W000832,DNR,2026-02-21,Clear,0,8.1,29.7
W000833,DNR,2026-02-22,Clear,0,8.5,9.6
W000834,DNR,2026-02-23,Clear,0,9.9,14.6
W000835,DNR,2026-02-24,Rain,1,7.9,33.2
W000836,DNR,2026-02-25,Clear,0,9.6,37.0
W000837,DNR,2026-02-26,Clear,0,8.3,38.1
W000838,DNR,2026-02-27,Heavy Rain,2,1.3,32.8
W000839,DNR,2026-02-28,Rain,1,5.4,37.1
W000840,DNR,2026-03-01,Clear,0,9.8,10.5
W000841,MFP,2026-01-01,Clear,0,9.3,26.6
W000842,MFP,2026-01-02,Storm,3,3.8,13.5
W000843,MFP,2026-01-03,Clear,0,8.7,24.1
W000844,MFP,2026-01-04,Clear,0,9.8,9.3
W000845,MFP,2026-01-05,Heavy Rain,2,2.8,36.7
W000846,MFP,2026-01-06,Fog,2,0.7,31.2
W000847,MFP,2026-01-07,Clear,0,9.3,37.0
W000848,MFP,2026-01-08,Clear,0,8.3,11.2
W000849,MFP,2026-01-09,Clear,0,9.3,39.2
W000850,MFP,2026-01-10,Fog,2,0.8,24.5
W000851,MFP,2026-01-11,Rain,1,5.1,29.8
W000852,MFP,2026-01-12,Clear,0,8.1,22.6
W000853,MFP,2026-01-13,Clear,0,8.1,29.6
W000854,MFP,2026-01-14,Clear,0,8.1,25.8
W000855,MFP,2026-01-15,Rain,1,7.3,33.6
W000856,MFP,2026-01-16,Clear,0,8.7,31.7
W000857,MFP,2026-01-17,Clear,0,9.4,10.6
W000858,MFP,2026-01-18,Rain,1,5.3,33.0
W000859,MFP,2026-01-19,Clear,0,8.3,41.0
W000860,MFP,2026-01-20,Clear,0,9.0,23.3
W000861,MFP,2026-01-21,Storm,3,2.6,13.6
W000862,MFP,2026-01-22,Clear,0,8.7,35.7
W000863,MFP,2026-01-23,Clear,0,9.8,23.5
W000864,MFP,2026-01-24,Clear,0,8.7,14.0
W000865,MFP,2026-01-25,Clear,0,8.4,31.4
W000866,MFP,2026-01-26,Clear,0,8.6,35.4
W000867,MFP,2026-01-27,Clear,0,9.3,39.5
W000868,MFP,2026-01-28,Clear,0,8.9,15.6
W000869,MFP,2026-01-29,Clear,0,8.8,39.1
W000870,MFP,2026-01-30,Clear,0,9.6,15.6
W000871,MFP,2026-01-31,Clear,0,9.8,16.2
W000872,MFP,2026-02-01,Fog,2,0.9,35.9
W000873,MFP,2026-02-02,Clear,0,8.7,14.6
W000874,MFP,2026-02-03,Clear,0,9.7,41.2
W000875,MFP,2026-02-04,Clear,0,9.8,25.1
W000876,MFP,2026-02-05,Clear,0,9.6,40.3
W000877,MFP,2026-02-06,Clear,0,8.2,32.1
W000878,MFP,2026-02-07,Fog,2,0.4,29.5
W000879,MFP,2026-02-08,Clear,0,8.5,34.5
W000880,MFP,2026-02-09,Rain,1,6.6,29.7
W000881,MFP,2026-02-10,Clear,0,8.2,38.4
W000882,MFP,2026-02-11,Clear,0,9.0,8.7
W000883,MFP,2026-02-12,Clear,0,9.9,38.9
W000884,MFP,2026-02-13,Heavy Rain,2,1.4,9.1
W000885,MFP,2026-02-14,Storm,3,1.5,33.2
W000886,MFP,2026-02-15,Fog,2,1.1,37.5
W000887,MFP,2026-02-16,Clear,0,8.4,17.1
W000888,MFP,2026-02-17,Clear,0,9.9,24.9
W000889,MFP,2026-02-18,Clear,0,8.8,17.6
W000890,MFP,2026-02-19,Clear,0,9.2,24.6
W000891,MFP,2026-02-20,Fog,2,1.3,22.6
W000892,MFP,2026-02-21,Clear,0,8.7,25.4
W000893,MFP,2026-02-22,Clear,0,8.6,9.0
W000894,MFP,2026-02-23,Clear,0,8.6,20.6
W000895,MFP,2026-02-24,Rain,1,5.3,35.0
W000896,MFP,2026-02-25,Fog,2,1.1,17.5
W000897,MFP,2026-02-26,Clear,0,9.8,33.7
W000898,MFP,2026-02-27,Clear,0,8.6,22.3
W000899,MFP,2026-02-28,Clear,0,8.3,29.9
W000900,MFP,2026-03-01,Heavy Rain,2,1.6,38.5
W000901,GAYA,2026-01-01,Fog,2,0.4,32.6
W000902,GAYA,2026-01-02,Clear,0,9.5,21.4
W000903,GAYA,2026-01-03,Rain,1,7.4,29.0
W000904,GAYA,2026-01-04,Clear,0,8.1,22.8
W000905,GAYA,2026-01-05,Clear,0,8.4,39.8
W000906,GAYA,2026-01-06,Fog,2,1.9,19.2
W000907,GAYA,2026-01-07,Clear,0,9.6,12.3
W000908,GAYA,2026-01-08,Fog,2,0.9,12.2
W000909,GAYA,2026-01-09,Clear,0,9.2,15.7
W000910,GAYA,2026-01-10,Clear,0,8.6,33.0
W000911,GAYA,2026-01-11,Clear,0,8.2,35.8
W000912,GAYA,2026-01-12,Clear,0,8.2,33.9
W000913,GAYA,2026-01-13,Clear,0,8.9,20.4
W000914,GAYA,2026-01-14,Storm,3,1.8,13.6
W000915,GAYA,2026-01-15,Clear,0,9.7,16.2
W000916,GAYA,2026-01-16,Fog,2,1.0,39.5
W000917,GAYA,2026-01-17,Clear,0,8.9,17.3
W000918,GAYA,2026-01-18,Clear,0,9.3,28.2
W000919,GAYA,2026-01-19,Clear,0,9.0,15.5
W000920,GAYA,2026-01-20,Clear,0,8.1,29.1
W000921,GAYA,2026-01-21,Rain,1,4.4,15.0
W000922,GAYA,2026-01-22,Rain,1,5.2,25.1
W000923,GAYA,2026-01-23,Rain,1,5.2,10.4
W000924,GAYA,2026-01-24,Clear,0,9.8,14.0
W000925,GAYA,2026-01-25,Clear,0,8.2,27.8
W000926,GAYA,2026-01-26,Clear,0,8.5,36.4
W000927,GAYA,2026-01-27,Clear,0,8.3,23.4
W000928,GAYA,2026-01-28,Rain,1,5.0,20.0
W000929,GAYA,2026-01-29,Rain,1,7.1,11.8
W000930,GAYA,2026-01-30,Rain,1,4.1,12.8
W000931,GAYA,2026-01-31,Clear,0,8.5,14.6
W000932,GAYA,2026-02-01,Fog,2,1.4,23.3
W000933,GAYA,2026-02-02,Fog,2,1.8,22.2
W000934,GAYA,2026-02-03,Storm,3,2.8,22.7
W000935,GAYA,2026-02-04,Clear,0,9.9,31.3
W000936,GAYA,2026-02-05,Clear,0,8.3,17.8
W000937,GAYA,2026-02-06,Rain,1,4.2,18.4
W000938,GAYA,2026-02-07,Clear,0,9.3,37.2
W000939,GAYA,2026-02-08,Rain,1,4.6,14.7
W000940,GAYA,2026-02-09,Clear,0,8.2,29.7
W000941,GAYA,2026-02-10,Clear,0,9.9,27.2
W000942,GAYA,2026-02-11,Rain,1,6.3,26.8
W000943,GAYA,2026-02-12,Clear,0,8.2,37.8
W000944,GAYA,2026-02-13,Clear,0,8.3,23.9
W000945,GAYA,2026-02-14,Clear,0,8.8,22.3
W000946,GAYA,2026-02-15,Rain,1,5.2,26.5
W000947,GAYA,2026-02-16,Clear,0,8.6,35.5
W000948,GAYA,2026-02-17,Fog,2,1.7,19.3
W000949,GAYA,2026-02-18,Clear,0,8.6,30.9
W000950,GAYA,2026-02-19,Rain,1,4.8,15.6
W000951,GAYA,2026-02-20,Rain,1,5.2,24.5
W000952,GAYA,2026-02-21,Rain,1,4.0,14.9
W000953,GAYA,2026-02-22,Clear,0,9.7,41.4
W000954,GAYA,2026-02-23,Heavy Rain,2,2.6,29.0
W000955,GAYA,2026-02-24,Clear,0,9.3,33.2
W000956,GAYA,2026-02-25,Clear,0,9.0,30.7
W000957,GAYA,2026-02-26,Clear,0,9.4,23.5
W000958,GAYA,2026-02-27,Clear,0,8.0,9.4
W000959,GAYA,2026-02-28,Fog,2,0.7,20.2
W000960,GAYA,2026-03-01,Heavy Rain,2,2.4,30.3
W000961,DHN,2026-01-01,Clear,0,9.4,33.9
W000962,DHN,2026-01-02,Clear,0,8.8,30.4
W000963,DHN,2026-01-03,Clear,0,9.9,40.5
W000964,DHN,2026-01-04,Clear,0,9.2,11.3
W000965,DHN,2026-01-05,Clear,0,9.9,32.9
W000966,DHN,2026-01-06,Clear,0,9.8,10.2
W000967,DHN,2026-01-07,Clear,0,8.2,36.6
W000968,DHN,2026-01-08,Fog,2,2.0,14.8
W000969,DHN,2026-01-09,Clear,0,8.9,35.5
W000970,DHN,2026-01-10,Clear,0,9.2,38.4
W000971,DHN,2026-01-11,Clear,0,8.8,39.0
W000972,DHN,2026-01-12,Clear,0,9.0,29.0
W000973,DHN,2026-01-13,Clear,0,8.3,10.7
W000974,DHN,2026-01-14,Rain,1,4.5,15.6
W000975,DHN,2026-01-15,Fog,2,0.3,40.9
W000976,DHN,2026-01-16,Clear,0,9.2,9.9
W000977,DHN,2026-01-17,Rain,1,5.9,19.5
W000978,DHN,2026-01-18,Clear,0,8.7,39.4
W000979,DHN,2026-01-19,Rain,1,4.9,31.9
W000980,DHN,2026-01-20,Rain,1,7.9,10.7
W000981,DHN,2026-01-21,Clear,0,9.9,30.1
W000982,DHN,2026-01-22,Clear,0,8.6,34.3
W000983,DHN,2026-01-23,Heavy Rain,2,2.4,9.8
W000984,DHN,2026-01-24,Rain,1,5.7,38.5
W000985,DHN,2026-01-25,Storm,3,1.7,28.0
W000986,DHN,2026-01-26,Clear,0,9.5,8.5
W000987,DHN,2026-01-27,Rain,1,4.3,19.9
W000988,DHN,2026-01-28,Rain,1,5.2,10.6
W000989,DHN,2026-01-29,Clear,0,9.1,15.5
W000990,DHN,2026-01-30,Rain,1,7.1,17.1
W000991,DHN,2026-01-31,Rain,1,4.2,17.5
W000992,DHN,2026-02-01,Clear,0,8.3,20.7
W000993,DHN,2026-02-02,Heavy Rain,2,2.4,11.9
W000994,DHN,2026-02-03,Clear,0,8.1,17.5
W000995,DHN,2026-02-04,Clear,0,9.0,14.3
W000996,DHN,2026-02-05,Clear,0,8.1,28.7
W000997,DHN,2026-02-06,Fog,2,1.3,19.6
W000998,DHN,2026-02-07,Heavy Rain,2,2.5,11.7
W000999,DHN,2026-02-08,Clear,0,9.4,27.5
W001000,DHN,2026-02-09,Clear,0,9.0,12.5
W001001,DHN,2026-02-10,Clear,0,9.6,19.5
W001002,DHN,2026-02-11,Clear,0,9.2,28.7
W001003,DHN,2026-02-12,Clear,0,9.1,23.0
W001004,DHN,2026-02-13,Clear,0,9.9,39.9
W001005,DHN,2026-02-14,Clear,0,9.2,17.4
W001006,DHN,2026-02-15,Fog,2,1.3,11.9
W001007,DHN,2026-02-16,Clear,0,9.4,10.1
W001008,DHN,2026-02-17,Rain,1,5.0,32.4
W001009,DHN,2026-02-18,Clear,0,8.7,19.1
W001010,DHN,2026-02-19,Clear,0,9.6,19.1
W001011,DHN,2026-02-20,Rain,1,5.6,29.1
W001012,DHN,2026-02-21,Clear,0,8.1,35.5
W001013,DHN,2026-02-22,Clear,0,9.6,36.2
W001014,DHN,2026-02-23,Clear,0,9.5,39.8
W001015,DHN,2026-02-24,Clear,0,9.0,36.8
W001016,DHN,2026-02-25,Clear,0,8.1,36.4
W001017,DHN,2026-02-26,Clear,0,8.5,33.4
W001018,DHN,2026-02-27,Clear,0,8.5,25.2
W001019,DHN,2026-02-28,Fog,2,1.0,36.1
W001020,DHN,2026-03-01,Clear,0,9.1,16.8
W001021,BBS,2026-01-01,Clear,0,8.6,29.5
W001022,BBS,2026-01-02,Rain,1,7.5,26.9
W001023,BBS,2026-01-03,Fog,2,1.0,41.7
W001024,BBS,2026-01-04,Clear,0,9.7,26.9
W001025,BBS,2026-01-05,Rain,1,7.6,41.8
W001026,BBS,2026-01-06,Clear,0,9.5,36.4
W001027,BBS,2026-01-07,Clear,0,9.0,39.8
W001028,BBS,2026-01-08,Clear,0,9.8,22.9
W001029,BBS,2026-01-09,Clear,0,9.2,27.2
W001030,BBS,2026-01-10,Fog,2,0.8,14.1
W001031,BBS,2026-01-11,Clear,0,9.6,27.6
W001032,BBS,2026-01-12,Clear,0,8.2,38.1
W001033,BBS,2026-01-13,Clear,0,9.8,12.8
W001034,BBS,2026-01-14,Clear,0,9.7,26.4
W001035,BBS,2026-01-15,Rain,1,7.3,27.4
W001036,BBS,2026-01-16,Rain,1,7.3,36.7
W001037,BBS,2026-01-17,Clear,0,8.9,12.0
W001038,BBS,2026-01-18,Clear,0,8.2,17.4
W001039,BBS,2026-01-19,Clear,0,9.0,22.7
W001040,BBS,2026-01-20,Fog,2,1.4,9.2
W001041,BBS,2026-01-21,Clear,0,8.0,17.0
W001042,BBS,2026-01-22,Clear,0,9.6,40.3
W001043,BBS,2026-01-23,Heavy Rain,2,1.1,14.1
W001044,BBS,2026-01-24,Clear,0,8.5,30.3
W001045,BBS,2026-01-25,Clear,0,8.6,21.3
W001046,BBS,2026-01-26,Clear,0,9.0,17.8
W001047,BBS,2026-01-27,Storm,3,2.0,11.9
W001048,BBS,2026-01-28,Rain,1,7.1,22.0
W001049,BBS,2026-01-29,Clear,0,8.6,34.2
W001050,BBS,2026-01-30,Clear,0,8.6,17.1
W001051,BBS,2026-01-31,Rain,1,7.3,13.7
W001052,BBS,2026-02-01,Clear,0,9.3,8.7
W001053,BBS,2026-02-02,Rain,1,4.4,26.8
W001054,BBS,2026-02-03,Rain,1,5.4,37.2
W001055,BBS,2026-02-04,Clear,0,9.6,40.0
W001056,BBS,2026-02-05,Clear,0,8.0,13.3
W001057,BBS,2026-02-06,Clear,0,8.5,34.7
W001058,BBS,2026-02-07,Rain,1,7.0,32.6
W001059,BBS,2026-02-08,Rain,1,4.1,33.0
W001060,BBS,2026-02-09,Rain,1,6.4,8.8
W001061,BBS,2026-02-10,Clear,0,8.4,11.2
W001062,BBS,2026-02-11,Storm,3,1.7,8.6
W001063,BBS,2026-02-12,Clear,0,8.8,41.2
W001064,BBS,2026-02-13,Clear,0,8.5,35.5
W001065,BBS,2026-02-14,Storm,3,1.7,12.8
W001066,BBS,2026-02-15,Clear,0,8.9,16.6
W001067,BBS,2026-02-16,Clear,0,8.7,8.2
W001068,BBS,2026-02-17,Rain,1,7.2,18.9
W001069,BBS,2026-02-18,Rain,1,7.4,31.8
W001070,BBS,2026-02-19,Clear,0,9.5,41.0
W001071,BBS,2026-02-20,Clear,0,8.8,26.6
W001072,BBS,2026-02-21,Clear,0,8.6,25.8
W001073,BBS,2026-02-22,Clear,0,8.7,28.9
W001074,BBS,2026-02-23,Rain,1,5.0,32.5
W001075,BBS,2026-02-24,Heavy Rain,2,2.7,13.1
W001076,BBS,2026-02-25,Clear,0,10.0,19.3
W001077,BBS,2026-02-26,Clear,0,8.9,29.4
W001078,BBS,2026-02-27,Fog,2,1.3,29.2
W001079,BBS,2026-02-28,Clear,0,8.5,32.8
W001080,BBS,2026-03-01,Clear,0,8.5,19.2
W001081,PURI,2026-01-01,Rain,1,5.1,24.1
W001082,PURI,2026-01-02,Clear,0,9.6,13.6
W001083,PURI,2026-01-03,Fog,2,1.1,30.6
W001084,PURI,2026-01-04,Clear,0,9.0,24.1
W001085,PURI,2026-01-05,Clear,0,9.0,40.1
W001086,PURI,2026-01-06,Heavy Rain,2,2.1,31.3
W001087,PURI,2026-01-07,Clear,0,8.9,30.8
W001088,PURI,2026-01-08,Rain,1,6.2,14.1
W001089,PURI,2026-01-09,Rain,1,5.8,11.2
W001090,PURI,2026-01-10,Clear,0,8.5,24.3
W001091,PURI,2026-01-11,Clear,0,9.4,37.3
W001092,PURI,2026-01-12,Fog,2,1.1,33.5
W001093,PURI,2026-01-13,Heavy Rain,2,2.8,37.6
W001094,PURI,2026-01-14,Clear,0,8.8,11.3
W001095,PURI,2026-01-15,Clear,0,10.0,36.8
W001096,PURI,2026-01-16,Clear,0,9.4,40.0
W001097,PURI,2026-01-17,Clear,0,9.7,32.8
W001098,PURI,2026-01-18,Clear,0,8.9,33.4
W001099,PURI,2026-01-19,Heavy Rain,2,1.7,31.7
W001100,PURI,2026-01-20,Clear,0,8.9,28.1
W001101,PURI,2026-01-21,Storm,3,1.2,32.6
W001102,PURI,2026-01-22,Clear,0,9.7,12.5
W001103,PURI,2026-01-23,Clear,0,9.4,14.4
W001104,PURI,2026-01-24,Fog,2,0.7,27.7
W001105,PURI,2026-01-25,Clear,0,9.3,36.4
W001106,PURI,2026-01-26,Clear,0,9.1,35.1
W001107,PURI,2026-01-27,Clear,0,9.4,34.3
W001108,PURI,2026-01-28,Clear,0,8.9,12.8
W001109,PURI,2026-01-29,Clear,0,8.7,29.4
W001110,PURI,2026-01-30,Fog,2,1.4,39.0
W001111,PURI,2026-01-31,Clear,0,8.9,27.6
W001112,PURI,2026-02-01,Clear,0,8.8,31.1
W001113,PURI,2026-02-02,Clear,0,9.9,22.3
W001114,PURI,2026-02-03,Rain,1,5.6,38.1
W001115,PURI,2026-02-04,Storm,3,1.4,19.3
W001116,PURI,2026-02-05,Fog,2,1.6,13.6
W001117,PURI,2026-02-06,Clear,0,8.3,14.9
W001118,PURI,2026-02-07,Clear,0,8.5,19.7
W001119,PURI,2026-02-08,Clear,0,9.4,32.0
W001120,PURI,2026-02-09,Rain,1,4.5,38.5
W001121,PURI,2026-02-10,Heavy Rain,2,1.8,33.2
W001122,PURI,2026-02-11,Clear,0,8.4,36.0
W001123,PURI,2026-02-12,Clear,0,9.5,15.2
W001124,PURI,2026-02-13,Clear,0,8.7,35.9
W001125,PURI,2026-02-14,Clear,0,9.9,23.8
W001126,PURI,2026-02-15,Clear,0,9.4,18.8
W001127,PURI,2026-02-16,Clear,0,8.8,34.2
W001128,PURI,2026-02-17,Clear,0,8.5,20.7
W001129,PURI,2026-02-18,Clear,0,8.7,26.1
W001130,PURI,2026-02-19,Clear,0,9.3,14.7
W001131,PURI,2026-02-20,Heavy Rain,2,1.1,24.6
W001132,PURI,2026-02-21,Clear,0,9.8,35.9
W001133,PURI,2026-02-22,Clear,0,8.4,28.3
W001134,PURI,2026-02-23,Clear,0,8.1,32.7
W001135,PURI,2026-02-24,Clear,0,8.9,36.1
W001136,PURI,2026-02-25,Heavy Rain,2,1.9,13.0
W001137,PURI,2026-02-26,Storm,3,1.2,39.5
W001138,PURI,2026-02-27,Rain,1,4.1,38.0
W001139,PURI,2026-02-28,Heavy Rain,2,1.4,25.5
W001140,PURI,2026-03-01,Heavy Rain,2,1.7,22.9
W001141,CTC,2026-01-01,Rain,1,5.1,31.1
W001142,CTC,2026-01-02,Clear,0,8.8,28.4
W001143,CTC,2026-01-03,Storm,3,1.2,17.8
W001144,CTC,2026-01-04,Rain,1,6.4,39.6
W001145,CTC,2026-01-05,Clear,0,8.7,15.2
W001146,CTC,2026-01-06,Rain,1,5.0,29.5
W001147,CTC,2026-01-07,Clear,0,8.7,18.7
W001148,CTC,2026-01-08,Rain,1,6.5,41.9
W001149,CTC,2026-01-09,Clear,0,9.9,12.5
W001150,CTC,2026-01-10,Clear,0,9.7,14.1
W001151,CTC,2026-01-11,Clear,0,9.6,22.2
W001152,CTC,2026-01-12,Clear,0,8.6,33.9
W001153,CTC,2026-01-13,Clear,0,9.1,36.1
W001154,CTC,2026-01-14,Clear,0,9.8,23.8
W001155,CTC,2026-01-15,Clear,0,9.8,29.6
W001156,CTC,2026-01-16,Clear,0,8.3,40.1
W001157,CTC,2026-01-17,Clear,0,8.5,33.3
W001158,CTC,2026-01-18,Fog,2,1.7,20.5
W001159,CTC,2026-01-19,Fog,2,0.8,38.4
W001160,CTC,2026-01-20,Clear,0,8.9,41.1
W001161,CTC,2026-01-21,Clear,0,8.2,23.7
W001162,CTC,2026-01-22,Storm,3,4.0,37.3
W001163,CTC,2026-01-23,Clear,0,8.8,30.0
W001164,CTC,2026-01-24,Clear,0,8.0,36.0
W001165,CTC,2026-01-25,Rain,1,6.9,12.2
W001166,CTC,2026-01-26,Clear,0,8.5,22.0
W001167,CTC,2026-01-27,Clear,0,9.8,10.5
W001168,CTC,2026-01-28,Fog,2,0.7,34.8
W001169,CTC,2026-01-29,Rain,1,6.4,15.5
W001170,CTC,2026-01-30,Clear,0,8.7,24.2
W001171,CTC,2026-01-31,Clear,0,8.6,21.1
W001172,CTC,2026-02-01,Clear,0,8.1,32.5
W001173,CTC,2026-02-02,Rain,1,5.6,13.3
W001174,CTC,2026-02-03,Heavy Rain,2,2.7,25.9
W001175,CTC,2026-02-04,Clear,0,9.8,15.6
W001176,CTC,2026-02-05,Clear,0,9.6,39.0
W001177,CTC,2026-02-06,Fog,2,1.1,14.9
W001178,CTC,2026-02-07,Rain,1,4.4,26.2
W001179,CTC,2026-02-08,Rain,1,7.9,16.7
W001180,CTC,2026-02-09,Rain,1,6.6,9.4
W001181,CTC,2026-02-10,Clear,0,9.1,38.7
W001182,CTC,2026-02-11,Clear,0,8.1,26.3
W001183,CTC,2026-02-12,Rain,1,6.5,14.7
W001184,CTC,2026-02-13,Clear,0,8.4,11.8
W001185,CTC,2026-02-14,Fog,2,1.3,8.0
W001186,CTC,2026-02-15,Rain,1,6.0,40.3
W001187,CTC,2026-02-16,Clear,0,9.7,23.0
W001188,CTC,2026-02-17,Storm,3,2.4,13.5
W001189,CTC,2026-02-18,Clear,0,8.9,26.3
W001190,CTC,2026-02-19,Clear,0,9.6,26.0
W001191,CTC,2026-02-20,Clear,0,8.6,34.1
W001192,CTC,2026-02-21,Rain,1,6.4,30.2
W001193,CTC,2026-02-22,Rain,1,5.1,18.3
W001194,CTC,2026-02-23,Clear,0,8.7,21.4
W001195,CTC,2026-02-24,Clear,0,9.5,41.1
W001196,CTC,2026-02-25,Rain,1,6.8,20.7
W001197,CTC,2026-02-26,Clear,0,9.6,25.1
W001198,CTC,2026-02-27,Heavy Rain,2,1.7,24.0
W001199,CTC,2026-02-28,Storm,3,2.5,17.5
W001200,CTC,2026-03-01,Clear,0,8.8,39.4
W001201,VSKP,2026-01-01,Clear,0,8.3,13.2
W001202,VSKP,2026-01-02,Clear,0,8.6,33.9
W001203,VSKP,2026-01-03,Clear,0,9.1,34.7
W001204,VSKP,2026-01-04,Rain,1,7.4,14.3
W001205,VSKP,2026-01-05,Clear,0,8.9,33.4
W001206,VSKP,2026-01-06,Clear,0,8.2,26.0
W001207,VSKP,2026-01-07,Fog,2,0.3,35.1
W001208,VSKP,2026-01-08,Rain,1,6.3,41.1
W001209,VSKP,2026-01-09,Rain,1,7.2,28.7
W001210,VSKP,2026-01-10,Storm,3,2.4,37.9
W001211,VSKP,2026-01-11,Rain,1,4.3,31.5
W001212,VSKP,2026-01-12,Heavy Rain,2,2.1,8.6
W001213,VSKP,2026-01-13,Clear,0,8.9,23.6
W001214,VSKP,2026-01-14,Rain,1,6.3,13.2
W001215,VSKP,2026-01-15,Rain,1,4.7,34.5
W001216,VSKP,2026-01-16,Clear,0,9.9,18.3
W001217,VSKP,2026-01-17,Clear,0,8.5,38.6
W001218,VSKP,2026-01-18,Clear,0,9.7,20.9
W001219,VSKP,2026-01-19,Clear,0,8.8,14.0
W001220,VSKP,2026-01-20,Fog,2,0.4,28.6
W001221,VSKP,2026-01-21,Rain,1,4.8,16.7
W001222,VSKP,2026-01-22,Clear,0,8.9,20.1
W001223,VSKP,2026-01-23,Fog,2,0.7,10.9
W001224,VSKP,2026-01-24,Clear,0,8.8,19.0
W001225,VSKP,2026-01-25,Clear,0,8.5,33.9
W001226,VSKP,2026-01-26,Clear,0,9.6,13.4
W001227,VSKP,2026-01-27,Clear,0,9.9,37.9
W001228,VSKP,2026-01-28,Clear,0,8.3,17.0
W001229,VSKP,2026-01-29,Clear,0,9.6,39.1
W001230,VSKP,2026-01-30,Clear,0,8.8,38.5
W001231,VSKP,2026-01-31,Clear,0,10.0,26.2
W001232,VSKP,2026-02-01,Clear,0,9.2,12.4
W001233,VSKP,2026-02-02,Rain,1,6.5,37.0
W001234,VSKP,2026-02-03,Clear,0,8.4,11.2
W001235,VSKP,2026-02-04,Clear,0,9.8,19.2
W001236,VSKP,2026-02-05,Storm,3,3.3,12.5
W001237,VSKP,2026-02-06,Clear,0,9.3,21.1
W001238,VSKP,2026-02-07,Clear,0,8.4,13.5
W001239,VSKP,2026-02-08,Clear,0,9.1,27.6
W001240,VSKP,2026-02-09,Clear,0,8.4,34.1
W001241,VSKP,2026-02-10,Fog,2,1.7,26.7
W001242,VSKP,2026-02-11,Rain,1,5.4,29.8
W001243,VSKP,2026-02-12,Storm,3,2.7,18.1
W001244,VSKP,2026-02-13,Fog,2,0.3,25.2
W001245,VSKP,2026-02-14,Clear,0,9.9,8.6
W001246,VSKP,2026-02-15,Rain,1,6.4,35.2
W001247,VSKP,2026-02-16,Clear,0,8.5,13.6
W001248,VSKP,2026-02-17,Clear,0,9.2,28.7
W001249,VSKP,2026-02-18,Heavy Rain,2,2.9,41.0
W001250,VSKP,2026-02-19,Fog,2,0.2,26.9
W001251,VSKP,2026-02-20,Clear,0,9.8,12.9
W001252,VSKP,2026-02-21,Heavy Rain,2,2.9,30.0
W001253,VSKP,2026-02-22,Clear,0,8.4,38.3
W001254,VSKP,2026-02-23,Clear,0,9.5,33.9
W001255,VSKP,2026-02-24,Clear,0,8.2,30.5
W001256,VSKP,2026-02-25,Clear,0,8.2,39.0
W001257,VSKP,2026-02-26,Clear,0,8.5,23.9
W001258,VSKP,2026-02-27,Clear,0,9.8,11.5
W001259,VSKP,2026-02-28,Storm,3,3.0,36.4
W001260,VSKP,2026-03-01,Storm,3,3.2,17.4
W001261,BAM,2026-01-01,Clear,0,9.0,11.4
W001262,BAM,2026-01-02,Heavy Rain,2,2.2,34.6
W001263,BAM,2026-01-03,Rain,1,7.3,21.0
W001264,BAM,2026-01-04,Clear,0,9.2,34.0
W001265,BAM,2026-01-05,Clear,0,9.3,19.8
W001266,BAM,2026-01-06,Rain,1,6.3,29.4
W001267,BAM,2026-01-07,Rain,1,4.1,11.4
W001268,BAM,2026-01-08,Fog,2,0.7,19.7
W001269,BAM,2026-01-09,Storm,3,4.0,16.9
W001270,BAM,2026-01-10,Rain,1,7.1,19.9
W001271,BAM,2026-01-11,Heavy Rain,2,1.7,36.4
W001272,BAM,2026-01-12,Clear,0,9.7,24.9
W001273,BAM,2026-01-13,Clear,0,8.8,38.5
W001274,BAM,2026-01-14,Rain,1,5.3,31.8
W001275,BAM,2026-01-15,Clear,0,9.5,11.1
W001276,BAM,2026-01-16,Clear,0,9.8,21.5
W001277,BAM,2026-01-17,Fog,2,1.8,27.4
W001278,BAM,2026-01-18,Clear,0,10.0,17.3
W001279,BAM,2026-01-19,Clear,0,9.7,15.3
W001280,BAM,2026-01-20,Clear,0,8.5,26.7
W001281,BAM,2026-01-21,Clear,0,8.8,41.3
W001282,BAM,2026-01-22,Rain,1,7.9,38.6
W001283,BAM,2026-01-23,Fog,2,0.4,41.5
W001284,BAM,2026-01-24,Clear,0,9.1,24.2
W001285,BAM,2026-01-25,Clear,0,9.6,26.8
W001286,BAM,2026-01-26,Storm,3,2.5,22.8
W001287,BAM,2026-01-27,Fog,2,0.3,37.5
W001288,BAM,2026-01-28,Clear,0,9.4,32.7
W001289,BAM,2026-01-29,Rain,1,6.8,23.4
W001290,BAM,2026-01-30,Clear,0,9.3,12.9
W001291,BAM,2026-01-31,Clear,0,9.4,20.2
W001292,BAM,2026-02-01,Clear,0,10.0,16.5
W001293,BAM,2026-02-02,Clear,0,9.5,12.1
W001294,BAM,2026-02-03,Clear,0,9.9,31.7
W001295,BAM,2026-02-04,Clear,0,8.7,25.0
W001296,BAM,2026-02-05,Clear,0,8.8,33.6
W001297,BAM,2026-02-06,Clear,0,8.0,13.7
W001298,BAM,2026-02-07,Storm,3,3.7,27.2
W001299,BAM,2026-02-08,Heavy Rain,2,2.2,19.7
W001300,BAM,2026-02-09,Fog,2,1.8,37.9
W001301,BAM,2026-02-10,Clear,0,8.3,40.6
W001302,BAM,2026-02-11,Fog,2,0.8,25.6
W001303,BAM,2026-02-12,Fog,2,1.9,39.6
W001304,BAM,2026-02-13,Clear,0,8.8,20.4
W001305,BAM,2026-02-14,Clear,0,9.6,39.3
W001306,BAM,2026-02-15,Heavy Rain,2,2.7,30.6
W001307,BAM,2026-02-16,Clear,0,9.1,14.8
W001308,BAM,2026-02-17,Clear,0,8.9,10.8
W001309,BAM,2026-02-18,Clear,0,8.2,34.2
W001310,BAM,2026-02-19,Rain,1,6.1,28.0
W001311,BAM,2026-02-20,Fog,2,1.2,18.3
W001312,BAM,2026-02-21,Clear,0,9.9,25.8
W001313,BAM,2026-02-22,Clear,0,8.7,38.3
W001314,BAM,2026-02-23,Rain,1,4.8,39.4
W001315,BAM,2026-02-24,Clear,0,9.4,36.3
W001316,BAM,2026-02-25,Storm,3,1.1,12.8
W001317,BAM,2026-02-26,Clear,0,9.3,29.3
W001318,BAM,2026-02-27,Clear,0,9.8,22.1
W001319,BAM,2026-02-28,Clear,0,9.8,21.4
W001320,BAM,2026-03-01,Rain,1,6.7,38.7
W001321,NDLS,2026-01-01,Clear,0,8.4,39.6
W001322,NDLS,2026-01-02,Clear,0,9.1,36.0
W001323,NDLS,2026-01-03,Fog,2,0.4,23.9
W001324,NDLS,2026-01-04,Clear,0,8.5,16.2
W001325,NDLS,2026-01-05,Clear,0,8.9,34.1
W001326,NDLS,2026-01-06,Clear,0,8.4,40.3
W001327,NDLS,2026-01-07,Fog,2,0.9,17.9
W001328,NDLS,2026-01-08,Clear,0,8.4,10.4
W001329,NDLS,2026-01-09,Clear,0,9.1,31.3
W001330,NDLS,2026-01-10,Clear,0,9.1,12.9
W001331,NDLS,2026-01-11,Clear,0,8.5,12.1
W001332,NDLS,2026-01-12,Clear,0,9.3,39.9
W001333,NDLS,2026-01-13,Clear,0,8.6,28.8
W001334,NDLS,2026-01-14,Clear,0,10.0,20.2
W001335,NDLS,2026-01-15,Clear,0,9.3,20.5
W001336,NDLS,2026-01-16,Clear,0,9.6,15.7
W001337,NDLS,2026-01-17,Clear,0,9.7,32.9
W001338,NDLS,2026-01-18,Clear,0,8.8,15.0
W001339,NDLS,2026-01-19,Clear,0,8.4,38.6
W001340,NDLS,2026-01-20,Clear,0,9.5,11.7
W001341,NDLS,2026-01-21,Rain,1,7.3,15.4
W001342,NDLS,2026-01-22,Clear,0,8.3,31.6
W001343,NDLS,2026-01-23,Clear,0,9.3,21.7
W001344,NDLS,2026-01-24,Rain,1,5.6,39.7
W001345,NDLS,2026-01-25,Clear,0,9.9,34.8
W001346,NDLS,2026-01-26,Clear,0,8.0,38.7
W001347,NDLS,2026-01-27,Clear,0,8.3,27.8
W001348,NDLS,2026-01-28,Heavy Rain,2,1.6,38.6
W001349,NDLS,2026-01-29,Clear,0,8.8,24.0
W001350,NDLS,2026-01-30,Storm,3,1.4,23.1
W001351,NDLS,2026-01-31,Rain,1,5.5,31.4
W001352,NDLS,2026-02-01,Heavy Rain,2,1.4,40.2
W001353,NDLS,2026-02-02,Clear,0,9.8,18.2
W001354,NDLS,2026-02-03,Clear,0,8.3,18.9
W001355,NDLS,2026-02-04,Rain,1,4.3,38.3
W001356,NDLS,2026-02-05,Clear,0,8.3,39.1
W001357,NDLS,2026-02-06,Clear,0,9.8,22.7
W001358,NDLS,2026-02-07,Clear,0,9.5,12.4
W001359,NDLS,2026-02-08,Storm,3,3.7,20.9
W001360,NDLS,2026-02-09,Clear,0,9.3,34.7
W001361,NDLS,2026-02-10,Clear,0,8.7,17.1
W001362,NDLS,2026-02-11,Fog,2,0.8,11.9
W001363,NDLS,2026-02-12,Heavy Rain,2,1.1,35.2
W001364,NDLS,2026-02-13,Rain,1,4.0,29.0
W001365,NDLS,2026-02-14,Clear,0,9.3,11.6
W001366,NDLS,2026-02-15,Clear,0,9.4,40.3
W001367,NDLS,2026-02-16,Clear,0,9.6,26.0
W001368,NDLS,2026-02-17,Clear,0,8.4,31.0
W001369,NDLS,2026-02-18,Fog,2,0.5,12.9
W001370,NDLS,2026-02-19,Clear,0,9.9,18.9
W001371,NDLS,2026-02-20,Storm,3,2.5,17.7
W001372,NDLS,2026-02-21,Clear,0,9.6,16.6
W001373,NDLS,2026-02-22,Rain,1,4.3,35.8
W001374,NDLS,2026-02-23,Clear,0,9.5,28.0
W001375,NDLS,2026-02-24,Fog,2,0.3,36.6
W001376,NDLS,2026-02-25,Clear,0,9.5,42.0
W001377,NDLS,2026-02-26,Clear,0,9.2,39.4
W001378,NDLS,2026-02-27,Heavy Rain,2,2.8,33.5
W001379,NDLS,2026-02-28,Clear,0,8.0,21.6
W001380,NDLS,2026-03-01,Clear,0,9.6,11.2
W001381,DLI,2026-01-01,Clear,0,8.3,40.5
W001382,DLI,2026-01-02,Clear,0,8.5,13.4
W001383,DLI,2026-01-03,Storm,3,2.4,17.8
W001384,DLI,2026-01-04,Clear,0,9.9,13.4
W001385,DLI,2026-01-05,Clear,0,9.4,32.6
W001386,DLI,2026-01-06,Heavy Rain,2,2.9,22.2
W001387,DLI,2026-01-07,Clear,0,8.7,41.1
W001388,DLI,2026-01-08,Rain,1,6.3,18.9
W001389,DLI,2026-01-09,Clear,0,9.9,24.6
W001390,DLI,2026-01-10,Clear,0,8.0,10.8
W001391,DLI,2026-01-11,Clear,0,9.2,34.4
W001392,DLI,2026-01-12,Rain,1,4.6,29.5
W001393,DLI,2026-01-13,Clear,0,9.6,41.5
W001394,DLI,2026-01-14,Clear,0,9.1,12.1
W001395,DLI,2026-01-15,Rain,1,4.8,22.4
W001396,DLI,2026-01-16,Heavy Rain,2,1.3,33.9
W001397,DLI,2026-01-17,Clear,0,8.9,28.2
W001398,DLI,2026-01-18,Rain,1,5.1,13.5
W001399,DLI,2026-01-19,Clear,0,9.9,18.7
W001400,DLI,2026-01-20,Rain,1,6.5,36.4
W001401,DLI,2026-01-21,Clear,0,8.6,32.4
W001402,DLI,2026-01-22,Clear,0,8.1,16.0
W001403,DLI,2026-01-23,Rain,1,5.4,26.5
W001404,DLI,2026-01-24,Clear,0,9.3,23.2
W001405,DLI,2026-01-25,Clear,0,9.8,9.8
W001406,DLI,2026-01-26,Heavy Rain,2,1.4,37.6
W001407,DLI,2026-01-27,Clear,0,8.6,24.7
W001408,DLI,2026-01-28,Rain,1,6.2,27.8
W001409,DLI,2026-01-29,Clear,0,9.4,15.2
W001410,DLI,2026-01-30,Clear,0,9.8,13.4
W001411,DLI,2026-01-31,Clear,0,9.2,17.7
W001412,DLI,2026-02-01,Clear,0,9.2,9.4
W001413,DLI,2026-02-02,Heavy Rain,2,1.4,36.3
W001414,DLI,2026-02-03,Rain,1,7.3,27.3
W001415,DLI,2026-02-04,Fog,2,0.6,19.4
W001416,DLI,2026-02-05,Clear,0,9.4,39.3
W001417,DLI,2026-02-06,Clear,0,9.2,11.6
W001418,DLI,2026-02-07,Clear,0,8.1,23.1
W001419,DLI,2026-02-08,Rain,1,4.4,33.2
W001420,DLI,2026-02-09,Clear,0,8.6,12.8
W001421,DLI,2026-02-10,Clear,0,9.9,40.4
W001422,DLI,2026-02-11,Rain,1,7.7,23.5
W001423,DLI,2026-02-12,Fog,2,1.2,31.5
W001424,DLI,2026-02-13,Clear,0,8.8,14.0
W001425,DLI,2026-02-14,Clear,0,9.8,32.4
W001426,DLI,2026-02-15,Clear,0,8.5,35.6
W001427,DLI,2026-02-16,Storm,3,3.1,34.9
W001428,DLI,2026-02-17,Rain,1,5.1,26.5
W001429,DLI,2026-02-18,Clear,0,9.8,21.8
W001430,DLI,2026-02-19,Clear,0,8.7,38.2
W001431,DLI,2026-02-20,Rain,1,7.8,39.4
W001432,DLI,2026-02-21,Clear,0,8.9,39.2
W001433,DLI,2026-02-22,Storm,3,3.6,27.5
W001434,DLI,2026-02-23,Storm,3,3.6,41.7
W001435,DLI,2026-02-24,Clear,0,9.0,33.2
W001436,DLI,2026-02-25,Rain,1,6.0,39.9
W001437,DLI,2026-02-26,Clear,0,9.6,11.6
W001438,DLI,2026-02-27,Clear,0,8.9,35.0
W001439,DLI,2026-02-28,Clear,0,8.2,21.8
W001440,DLI,2026-03-01,Heavy Rain,2,2.6,12.1
W001441,UMB,2026-01-01,Clear,0,9.6,20.2
W001442,UMB,2026-01-02,Clear,0,9.4,28.0
W001443,UMB,2026-01-03,Clear,0,9.2,9.1
W001444,UMB,2026-01-04,Rain,1,5.5,29.1
W001445,UMB,2026-01-05,Clear,0,9.9,38.8
W001446,UMB,2026-01-06,Clear,0,9.1,23.5
W001447,UMB,2026-01-07,Rain,1,7.9,37.1
W001448,UMB,2026-01-08,Clear,0,8.8,39.8
W001449,UMB,2026-01-09,Clear,0,9.0,30.2
W001450,UMB,2026-01-10,Clear,0,9.2,13.5
W001451,UMB,2026-01-11,Clear,0,8.7,24.5
W001452,UMB,2026-01-12,Clear,0,9.6,14.2
W001453,UMB,2026-01-13,Clear,0,9.4,39.0
W001454,UMB,2026-01-14,Clear,0,8.3,20.5
W001455,UMB,2026-01-15,Rain,1,6.1,24.1
W001456,UMB,2026-01-16,Clear,0,9.1,20.2
W001457,UMB,2026-01-17,Clear,0,9.8,27.4
W001458,UMB,2026-01-18,Rain,1,8.0,34.9
W001459,UMB,2026-01-19,Clear,0,8.8,31.9
W001460,UMB,2026-01-20,Clear,0,8.1,8.3
W001461,UMB,2026-01-21,Fog,2,1.6,24.1
W001462,UMB,2026-01-22,Clear,0,8.2,13.0
W001463,UMB,2026-01-23,Clear,0,9.0,27.2
W001464,UMB,2026-01-24,Clear,0,9.5,10.0
W001465,UMB,2026-01-25,Clear,0,9.7,21.3
W001466,UMB,2026-01-26,Clear,0,9.7,38.2
W001467,UMB,2026-01-27,Clear,0,9.5,22.7
W001468,UMB,2026-01-28,Clear,0,8.1,20.6
W001469,UMB,2026-01-29,Clear,0,8.9,19.1
W001470,UMB,2026-01-30,Clear,0,9.9,31.6
W001471,UMB,2026-01-31,Fog,2,1.0,24.6
W001472,UMB,2026-02-01,Clear,0,9.0,17.8
W001473,UMB,2026-02-02,Clear,0,8.6,18.4
W001474,UMB,2026-02-03,Heavy Rain,2,1.5,34.1
W001475,UMB,2026-02-04,Fog,2,1.4,26.5
W001476,UMB,2026-02-05,Clear,0,9.6,29.7
W001477,UMB,2026-02-06,Clear,0,9.6,16.4
W001478,UMB,2026-02-07,Clear,0,8.5,16.6
W001479,UMB,2026-02-08,Storm,3,3.8,39.5
W001480,UMB,2026-02-09,Clear,0,10.0,9.7
W001481,UMB,2026-02-10,Clear,0,10.0,14.2
W001482,UMB,2026-02-11,Clear,0,9.6,17.1
W001483,UMB,2026-02-12,Rain,1,6.7,8.3
W001484,UMB,2026-02-13,Clear,0,9.2,27.4
W001485,UMB,2026-02-14,Clear,0,9.1,15.5
W001486,UMB,2026-02-15,Heavy Rain,2,2.2,33.2
W001487,UMB,2026-02-16,Storm,3,1.7,23.6
W001488,UMB,2026-02-17,Clear,0,8.3,27.7
W001489,UMB,2026-02-18,Clear,0,8.8,23.0
W001490,UMB,2026-02-19,Rain,1,6.5,38.0
W001491,UMB,2026-02-20,Clear,0,9.6,36.5
W001492,UMB,2026-02-21,Clear,0,8.7,34.8
W001493,UMB,2026-02-22,Clear,0,8.6,28.4
W001494,UMB,2026-02-23,Clear,0,8.0,35.2
W001495,UMB,2026-02-24,Clear,0,8.7,11.0
W001496,UMB,2026-02-25,Clear,0,8.5,37.0
W001497,UMB,2026-02-26,Clear,0,9.2,33.9
W001498,UMB,2026-02-27,Clear,0,9.8,39.7
W001499,UMB,2026-02-28,Clear,0,8.6,18.6
W001500,UMB,2026-03-01,Clear,0,8.5,40.4
W001501,LDH,2026-01-01,Fog,2,1.8,35.5
W001502,LDH,2026-01-02,Clear,0,9.4,12.2
W001503,LDH,2026-01-03,Clear,0,9.5,8.3
W001504,LDH,2026-01-04,Heavy Rain,2,1.0,12.6
W001505,LDH,2026-01-05,Clear,0,8.3,17.5
W001506,LDH,2026-01-06,Clear,0,8.4,10.3
W001507,LDH,2026-01-07,Clear,0,8.0,26.4
W001508,LDH,2026-01-08,Clear,0,9.1,32.4
W001509,LDH,2026-01-09,Rain,1,6.1,35.4
W001510,LDH,2026-01-10,Clear,0,9.2,20.8
W001511,LDH,2026-01-11,Clear,0,8.6,13.0
W001512,LDH,2026-01-12,Fog,2,0.7,8.6
W001513,LDH,2026-01-13,Clear,0,8.9,23.8
W001514,LDH,2026-01-14,Clear,0,8.1,9.8
W001515,LDH,2026-01-15,Clear,0,8.8,25.4
W001516,LDH,2026-01-16,Clear,0,9.9,39.3
W001517,LDH,2026-01-17,Clear,0,10.0,15.4
W001518,LDH,2026-01-18,Clear,0,8.0,17.7
W001519,LDH,2026-01-19,Clear,0,9.0,9.2
W001520,LDH,2026-01-20,Rain,1,6.3,20.8
W001521,LDH,2026-01-21,Rain,1,6.9,11.2
W001522,LDH,2026-01-22,Clear,0,8.8,27.4
W001523,LDH,2026-01-23,Clear,0,9.7,8.0
W001524,LDH,2026-01-24,Clear,0,9.7,41.4
W001525,LDH,2026-01-25,Fog,2,1.8,41.3
W001526,LDH,2026-01-26,Heavy Rain,2,2.1,19.2
W001527,LDH,2026-01-27,Rain,1,6.7,35.4
W001528,LDH,2026-01-28,Rain,1,7.3,18.2
W001529,LDH,2026-01-29,Storm,3,1.8,36.0
W001530,LDH,2026-01-30,Clear,0,9.7,11.4
W001531,LDH,2026-01-31,Clear,0,8.7,13.5
W001532,LDH,2026-02-01,Clear,0,9.9,35.7
W001533,LDH,2026-02-02,Clear,0,8.9,37.9
W001534,LDH,2026-02-03,Clear,0,9.9,28.8
W001535,LDH,2026-02-04,Clear,0,8.3,35.1
W001536,LDH,2026-02-05,Clear,0,9.1,30.0
W001537,LDH,2026-02-06,Storm,3,2.1,31.3
W001538,LDH,2026-02-07,Heavy Rain,2,1.1,9.3
W001539,LDH,2026-02-08,Clear,0,10.0,21.3
W001540,LDH,2026-02-09,Storm,3,3.5,17.7
W001541,LDH,2026-02-10,Clear,0,9.2,28.6
W001542,LDH,2026-02-11,Rain,1,7.4,20.2
W001543,LDH,2026-02-12,Clear,0,8.6,41.5
W001544,LDH,2026-02-13,Clear,0,8.7,28.0
W001545,LDH,2026-02-14,Clear,0,8.2,31.4
W001546,LDH,2026-02-15,Clear,0,9.4,26.8
W001547,LDH,2026-02-16,Clear,0,9.9,14.5
W001548,LDH,2026-02-17,Clear,0,8.1,30.4
W001549,LDH,2026-02-18,Clear,0,9.4,22.4
W001550,LDH,2026-02-19,Clear,0,9.8,40.4
W001551,LDH,2026-02-20,Clear,0,9.0,28.5
W001552,LDH,2026-02-21,Fog,2,1.6,32.2
W001553,LDH,2026-02-22,Heavy Rain,2,2.0,15.2
W001554,LDH,2026-02-23,Clear,0,9.3,41.8
W001555,LDH,2026-02-24,Clear,0,9.2,32.4
W001556,LDH,2026-02-25,Clear,0,9.1,29.3
W001557,LDH,2026-02-26,Rain,1,7.5,15.9
W001558,LDH,2026-02-27,Clear,0,9.2,15.8
W001559,LDH,2026-02-28,Fog,2,0.3,23.3
W001560,LDH,2026-03-01,Clear,0,8.9,26.6
W001561,ASR,2026-01-01,Clear,0,9.0,28.4
W001562,ASR,2026-01-02,Clear,0,10.0,16.0
W001563,ASR,2026-01-03,Storm,3,3.1,10.7
W001564,ASR,2026-01-04,Clear,0,9.9,30.4
W001565,ASR,2026-01-05,Rain,1,7.6,39.7
W001566,ASR,2026-01-06,Clear,0,9.1,37.0
W001567,ASR,2026-01-07,Clear,0,8.5,11.9
W001568,ASR,2026-01-08,Clear,0,8.2,30.7
W001569,ASR,2026-01-09,Clear,0,8.2,40.1
W001570,ASR,2026-01-10,Rain,1,6.5,13.5
W001571,ASR,2026-01-11,Clear,0,9.0,19.9
W001572,ASR,2026-01-12,Clear,0,8.8,15.2
W001573,ASR,2026-01-13,Clear,0,9.3,15.7
W001574,ASR,2026-01-14,Rain,1,6.0,14.8
W001575,ASR,2026-01-15,Clear,0,8.9,30.1
W001576,ASR,2026-01-16,Clear,0,9.7,28.2
W001577,ASR,2026-01-17,Clear,0,8.2,19.6
W001578,ASR,2026-01-18,Clear,0,8.1,18.0
W001579,ASR,2026-01-19,Heavy Rain,2,2.9,20.9
W001580,ASR,2026-01-20,Clear,0,8.7,18.5
W001581,ASR,2026-01-21,Clear,0,8.0,39.7
W001582,ASR,2026-01-22,Clear,0,9.7,38.2
W001583,ASR,2026-01-23,Clear,0,8.4,26.7
W001584,ASR,2026-01-24,Clear,0,9.7,18.1
W001585,ASR,2026-01-25,Clear,0,8.6,22.3
W001586,ASR,2026-01-26,Rain,1,4.2,11.6
W001587,ASR,2026-01-27,Clear,0,8.9,27.1
W001588,ASR,2026-01-28,Rain,1,4.7,29.4
W001589,ASR,2026-01-29,Clear,0,8.4,25.3
W001590,ASR,2026-01-30,Storm,3,3.3,14.4
W001591,ASR,2026-01-31,Clear,0,8.1,19.7
W001592,ASR,2026-02-01,Clear,0,9.2,12.2
W001593,ASR,2026-02-02,Clear,0,9.3,16.6
W001594,ASR,2026-02-03,Clear,0,8.4,9.4
W001595,ASR,2026-02-04,Storm,3,1.7,40.6
W001596,ASR,2026-02-05,Clear,0,9.3,15.0
W001597,ASR,2026-02-06,Clear,0,9.4,30.4
W001598,ASR,2026-02-07,Rain,1,4.8,37.6
W001599,ASR,2026-02-08,Heavy Rain,2,2.9,22.7
W001600,ASR,2026-02-09,Clear,0,9.6,11.8
W001601,ASR,2026-02-10,Clear,0,8.6,10.2
W001602,ASR,2026-02-11,Clear,0,8.6,40.8
W001603,ASR,2026-02-12,Clear,0,9.0,21.1
W001604,ASR,2026-02-13,Storm,3,2.1,16.7
W001605,ASR,2026-02-14,Clear,0,9.7,40.5
W001606,ASR,2026-02-15,Clear,0,9.8,37.1
W001607,ASR,2026-02-16,Clear,0,9.8,40.6
W001608,ASR,2026-02-17,Clear,0,9.4,11.7
W001609,ASR,2026-02-18,Clear,0,9.5,30.8
W001610,ASR,2026-02-19,Storm,3,3.7,19.0
W001611,ASR,2026-02-20,Heavy Rain,2,2.1,27.1
W001612,ASR,2026-02-21,Rain,1,7.6,22.0
W001613,ASR,2026-02-22,Storm,3,1.4,33.1
W001614,ASR,2026-02-23,Clear,0,8.2,29.9
W001615,ASR,2026-02-24,Fog,2,1.3,16.5
W001616,ASR,2026-02-25,Clear,0,9.5,13.7
W001617,ASR,2026-02-26,Rain,1,7.7,38.2
W001618,ASR,2026-02-27,Clear,0,9.0,39.8
W001619,ASR,2026-02-28,Rain,1,4.7,30.7
W001620,ASR,2026-03-01,Clear,0,9.6,14.7
W001621,SVDK,2026-01-01,Clear,0,8.1,32.6
W001622,SVDK,2026-01-02,Clear,0,9.5,36.3
W001623,SVDK,2026-01-03,Clear,0,8.8,22.3
W001624,SVDK,2026-01-04,Clear,0,8.3,13.7
W001625,SVDK,2026-01-05,Rain,1,7.5,40.7
W001626,SVDK,2026-01-06,Clear,0,8.7,15.3
W001627,SVDK,2026-01-07,Clear,0,8.3,39.5
W001628,SVDK,2026-01-08,Rain,1,4.8,11.1
W001629,SVDK,2026-01-09,Clear,0,9.6,37.1
W001630,SVDK,2026-01-10,Clear,0,8.8,14.1
W001631,SVDK,2026-01-11,Fog,2,1.7,10.5
W001632,SVDK,2026-01-12,Clear,0,8.2,36.2
W001633,SVDK,2026-01-13,Clear,0,9.0,11.0
W001634,SVDK,2026-01-14,Clear,0,8.9,23.7
W001635,SVDK,2026-01-15,Rain,1,5.4,30.6
W001636,SVDK,2026-01-16,Clear,0,9.6,27.9
W001637,SVDK,2026-01-17,Clear,0,8.4,20.6
W001638,SVDK,2026-01-18,Rain,1,6.4,30.9
W001639,SVDK,2026-01-19,Rain,1,5.2,13.0
W001640,SVDK,2026-01-20,Rain,1,5.1,36.0
W001641,SVDK,2026-01-21,Clear,0,9.2,8.9
W001642,SVDK,2026-01-22,Clear,0,8.0,20.3
W001643,SVDK,2026-01-23,Clear,0,9.1,17.2
W001644,SVDK,2026-01-24,Clear,0,8.6,20.8
W001645,SVDK,2026-01-25,Clear,0,9.4,37.1
W001646,SVDK,2026-01-26,Clear,0,9.2,39.9
W001647,SVDK,2026-01-27,Fog,2,0.3,21.3
W001648,SVDK,2026-01-28,Heavy Rain,2,2.1,16.8
W001649,SVDK,2026-01-29,Heavy Rain,2,2.0,20.9
W001650,SVDK,2026-01-30,Rain,1,4.3,31.7
W001651,SVDK,2026-01-31,Clear,0,8.6,21.9
W001652,SVDK,2026-02-01,Clear,0,8.5,26.0
W001653,SVDK,2026-02-02,Clear,0,8.6,17.9
W001654,SVDK,2026-02-03,Storm,3,3.6,9.4
W001655,SVDK,2026-02-04,Clear,0,8.5,40.6
W001656,SVDK,2026-02-05,Fog,2,0.9,17.9
W001657,SVDK,2026-02-06,Clear,0,9.6,20.5
W001658,SVDK,2026-02-07,Clear,0,9.0,23.8
W001659,SVDK,2026-02-08,Heavy Rain,2,1.1,37.0
W001660,SVDK,2026-02-09,Clear,0,9.8,16.8
W001661,SVDK,2026-02-10,Clear,0,9.4,11.2
W001662,SVDK,2026-02-11,Clear,0,9.1,14.8
W001663,SVDK,2026-02-12,Clear,0,9.3,15.7
W001664,SVDK,2026-02-13,Fog,2,1.9,25.2
W001665,SVDK,2026-02-14,Rain,1,5.6,26.8
W001666,SVDK,2026-02-15,Fog,2,1.7,9.0
W001667,SVDK,2026-02-16,Clear,0,9.6,16.3
W001668,SVDK,2026-02-17,Clear,0,8.9,12.1
W001669,SVDK,2026-02-18,Rain,1,4.0,34.9
W001670,SVDK,2026-02-19,Clear,0,8.1,34.2
W001671,SVDK,2026-02-20,Clear,0,9.1,27.9
W001672,SVDK,2026-02-21,Rain,1,4.7,25.2
W001673,SVDK,2026-02-22,Clear,0,8.9,31.6
W001674,SVDK,2026-02-23,Heavy Rain,2,1.8,29.4
W001675,SVDK,2026-02-24,Rain,1,6.0,9.6
W001676,SVDK,2026-02-25,Rain,1,4.5,14.6
W001677,SVDK,2026-02-26,Storm,3,1.3,37.6
W001678,SVDK,2026-02-27,Clear,0,8.3,14.0
W001679,SVDK,2026-02-28,Clear,0,9.8,27.4
W001680,SVDK,2026-03-01,Clear,0,9.7,41.5
W001681,PRYJ,2026-01-01,Heavy Rain,2,1.2,35.0
W001682,PRYJ,2026-01-02,Storm,3,3.7,33.0
W001683,PRYJ,2026-01-03,Clear,0,8.8,11.5
W001684,PRYJ,2026-01-04,Clear,0,9.4,27.7
W001685,PRYJ,2026-01-05,Clear,0,8.6,16.7
W001686,PRYJ,2026-01-06,Heavy Rain,2,2.1,29.2
W001687,PRYJ,2026-01-07,Heavy Rain,2,2.7,33.4
W001688,PRYJ,2026-01-08,Rain,1,7.4,34.6
W001689,PRYJ,2026-01-09,Clear,0,9.3,34.3
W001690,PRYJ,2026-01-10,Fog,2,1.9,11.7
W001691,PRYJ,2026-01-11,Heavy Rain,2,2.6,27.2
W001692,PRYJ,2026-01-12,Storm,3,1.5,29.8
W001693,PRYJ,2026-01-13,Clear,0,8.8,27.1
W001694,PRYJ,2026-01-14,Storm,3,3.7,30.1
W001695,PRYJ,2026-01-15,Fog,2,0.2,17.7
W001696,PRYJ,2026-01-16,Clear,0,8.7,27.3
W001697,PRYJ,2026-01-17,Clear,0,8.1,26.5
W001698,PRYJ,2026-01-18,Clear,0,9.3,29.4
W001699,PRYJ,2026-01-19,Fog,2,0.4,38.0
W001700,PRYJ,2026-01-20,Rain,1,5.3,36.7
W001701,PRYJ,2026-01-21,Rain,1,4.6,17.2
W001702,PRYJ,2026-01-22,Fog,2,1.6,30.7
W001703,PRYJ,2026-01-23,Clear,0,9.2,41.3
W001704,PRYJ,2026-01-24,Clear,0,8.4,36.0
W001705,PRYJ,2026-01-25,Clear,0,9.9,29.4
W001706,PRYJ,2026-01-26,Clear,0,9.5,14.7
W001707,PRYJ,2026-01-27,Clear,0,8.9,17.5
W001708,PRYJ,2026-01-28,Clear,0,9.0,23.3
W001709,PRYJ,2026-01-29,Clear,0,8.8,26.9
W001710,PRYJ,2026-01-30,Clear,0,9.7,41.4
W001711,PRYJ,2026-01-31,Clear,0,9.9,30.9
W001712,PRYJ,2026-02-01,Clear,0,9.9,39.7
W001713,PRYJ,2026-02-02,Clear,0,9.9,39.5
W001714,PRYJ,2026-02-03,Clear,0,8.4,13.6
W001715,PRYJ,2026-02-04,Clear,0,8.4,23.9
W001716,PRYJ,2026-02-05,Clear,0,10.0,26.5
W001717,PRYJ,2026-02-06,Clear,0,9.2,37.4
W001718,PRYJ,2026-02-07,Clear,0,8.1,23.4
W001719,PRYJ,2026-02-08,Rain,1,5.6,33.2
W001720,PRYJ,2026-02-09,Clear,0,9.0,37.9
W001721,PRYJ,2026-02-10,Fog,2,0.5,41.1
W001722,PRYJ,2026-02-11,Clear,0,9.1,16.0
W001723,PRYJ,2026-02-12,Clear,0,9.7,14.0
W001724,PRYJ,2026-02-13,Rain,1,4.1,8.8
W001725,PRYJ,2026-02-14,Rain,1,6.9,23.4
W001726,PRYJ,2026-02-15,Rain,1,7.8,13.0
W001727,PRYJ,2026-02-16,Rain,1,4.0,14.1
W001728,PRYJ,2026-02-17,Clear,0,8.7,8.5
W001729,PRYJ,2026-02-18,Clear,0,10.0,10.5
W001730,PRYJ,2026-02-19,Rain,1,4.3,23.5
W001731,PRYJ,2026-02-20,Clear,0,8.1,28.7
W001732,PRYJ,2026-02-21,Clear,0,9.1,19.2
W001733,PRYJ,2026-02-22,Clear,0,9.2,28.3
W001734,PRYJ,2026-02-23,Rain,1,5.2,33.0
W001735,PRYJ,2026-02-24,Clear,0,9.3,23.6
W001736,PRYJ,2026-02-25,Heavy Rain,2,1.9,38.4
W001737,PRYJ,2026-02-26,Clear,0,8.8,28.9
W001738,PRYJ,2026-02-27,Clear,0,9.6,24.8
W001739,PRYJ,2026-02-28,Clear,0,8.8,32.4
W001740,PRYJ,2026-03-01,Clear,0,9.7,34.9
W001741,AGC,2026-01-01,Clear,0,9.4,20.5
W001742,AGC,2026-01-02,Rain,1,6.7,32.7
W001743,AGC,2026-01-03,Clear,0,8.9,14.0
W001744,AGC,2026-01-04,Rain,1,5.1,21.4
W001745,AGC,2026-01-05,Clear,0,9.7,31.2
W001746,AGC,2026-01-06,Rain,1,7.2,26.6
W001747,AGC,2026-01-07,Fog,2,0.7,39.1
W001748,AGC,2026-01-08,Clear,0,9.5,21.2
W001749,AGC,2026-01-09,Storm,3,2.0,28.7
W001750,AGC,2026-01-10,Rain,1,7.4,20.6
W001751,AGC,2026-01-11,Clear,0,9.3,8.5
W001752,AGC,2026-01-12,Clear,0,9.0,29.4
W001753,AGC,2026-01-13,Clear,0,9.4,24.4
W001754,AGC,2026-01-14,Clear,0,8.1,9.3
W001755,AGC,2026-01-15,Heavy Rain,2,1.7,19.1
W001756,AGC,2026-01-16,Clear,0,9.5,36.8
W001757,AGC,2026-01-17,Clear,0,8.5,17.0
W001758,AGC,2026-01-18,Heavy Rain,2,1.2,9.2
W001759,AGC,2026-01-19,Clear,0,8.9,24.1
W001760,AGC,2026-01-20,Clear,0,9.5,36.7
W001761,AGC,2026-01-21,Clear,0,9.7,35.5
W001762,AGC,2026-01-22,Heavy Rain,2,1.6,34.9
W001763,AGC,2026-01-23,Clear,0,8.9,19.5
W001764,AGC,2026-01-24,Rain,1,6.2,35.1
W001765,AGC,2026-01-25,Clear,0,9.4,39.0
W001766,AGC,2026-01-26,Storm,3,3.6,38.0
W001767,AGC,2026-01-27,Clear,0,9.6,40.6
W001768,AGC,2026-01-28,Clear,0,9.8,10.4
W001769,AGC,2026-01-29,Clear,0,8.7,14.2
W001770,AGC,2026-01-30,Clear,0,8.6,41.8
W001771,AGC,2026-01-31,Clear,0,9.0,29.7
W001772,AGC,2026-02-01,Clear,0,9.9,25.5
W001773,AGC,2026-02-02,Rain,1,5.5,35.4
W001774,AGC,2026-02-03,Clear,0,9.1,14.8
W001775,AGC,2026-02-04,Clear,0,9.7,8.3
W001776,AGC,2026-02-05,Clear,0,8.5,8.8
W001777,AGC,2026-02-06,Clear,0,8.9,38.6
W001778,AGC,2026-02-07,Clear,0,8.6,20.9
W001779,AGC,2026-02-08,Fog,2,1.1,30.8
W001780,AGC,2026-02-09,Clear,0,9.8,14.2
W001781,AGC,2026-02-10,Clear,0,8.2,34.8
W001782,AGC,2026-02-11,Rain,1,6.6,19.1
W001783,AGC,2026-02-12,Clear,0,9.2,40.5
W001784,AGC,2026-02-13,Rain,1,6.6,26.7
W001785,AGC,2026-02-14,Clear,0,8.3,38.4
W001786,AGC,2026-02-15,Clear,0,9.1,33.1
W001787,AGC,2026-02-16,Fog,2,1.9,16.9
W001788,AGC,2026-02-17,Clear,0,9.6,23.2
W001789,AGC,2026-02-18,Heavy Rain,2,1.4,9.9
W001790,AGC,2026-02-19,Clear,0,9.8,24.7
W001791,AGC,2026-02-20,Fog,2,1.8,13.1
W001792,AGC,2026-02-21,Heavy Rain,2,2.6,37.3
W001793,AGC,2026-02-22,Clear,0,8.3,40.0
W001794,AGC,2026-02-23,Fog,2,0.8,33.2
W001795,AGC,2026-02-24,Rain,1,6.1,10.1
W001796,AGC,2026-02-25,Heavy Rain,2,2.5,18.3
W001797,AGC,2026-02-26,Fog,2,1.2,10.3
W001798,AGC,2026-02-27,Heavy Rain,2,2.5,8.8
W001799,AGC,2026-02-28,Clear,0,9.2,8.8
W001800,AGC,2026-03-01,Clear,0,9.0,14.7
W001801,JHS,2026-01-01,Clear,0,8.8,40.9
W001802,JHS,2026-01-02,Clear,0,8.1,31.4
W001803,JHS,2026-01-03,Rain,1,5.9,33.4
W001804,JHS,2026-01-04,Clear,0,8.2,32.5
W001805,JHS,2026-01-05,Clear,0,9.4,14.7
W001806,JHS,2026-01-06,Clear,0,9.5,26.2
W001807,JHS,2026-01-07,Rain,1,7.5,34.0
W001808,JHS,2026-01-08,Clear,0,8.2,12.8
W001809,JHS,2026-01-09,Clear,0,8.0,12.4
W001810,JHS,2026-01-10,Heavy Rain,2,1.7,36.5
W001811,JHS,2026-01-11,Clear,0,9.5,28.3
W001812,JHS,2026-01-12,Clear,0,9.4,12.0
W001813,JHS,2026-01-13,Clear,0,8.8,39.4
W001814,JHS,2026-01-14,Clear,0,8.1,41.7
W001815,JHS,2026-01-15,Fog,2,0.6,10.1
W001816,JHS,2026-01-16,Clear,0,8.1,8.8
W001817,JHS,2026-01-17,Clear,0,8.3,16.9
W001818,JHS,2026-01-18,Fog,2,0.6,17.7
W001819,JHS,2026-01-19,Clear,0,8.2,39.1
W001820,JHS,2026-01-20,Clear,0,8.7,31.0
W001821,JHS,2026-01-21,Storm,3,2.4,11.6
W001822,JHS,2026-01-22,Heavy Rain,2,1.2,35.1
W001823,JHS,2026-01-23,Clear,0,8.1,11.4
W001824,JHS,2026-01-24,Clear,0,9.5,25.6
W001825,JHS,2026-01-25,Heavy Rain,2,1.3,41.1
W001826,JHS,2026-01-26,Rain,1,4.8,23.7
W001827,JHS,2026-01-27,Clear,0,8.2,17.4
W001828,JHS,2026-01-28,Clear,0,9.6,14.2
W001829,JHS,2026-01-29,Clear,0,9.1,9.0
W001830,JHS,2026-01-30,Clear,0,8.0,21.7
W001831,JHS,2026-01-31,Heavy Rain,2,1.5,36.0
W001832,JHS,2026-02-01,Clear,0,9.2,9.1
W001833,JHS,2026-02-02,Storm,3,2.8,33.7
W001834,JHS,2026-02-03,Rain,1,6.4,8.7
W001835,JHS,2026-02-04,Rain,1,6.2,33.7
W001836,JHS,2026-02-05,Heavy Rain,2,1.0,10.2
W001837,JHS,2026-02-06,Rain,1,6.4,36.2
W001838,JHS,2026-02-07,Heavy Rain,2,2.2,30.0
W001839,JHS,2026-02-08,Clear,0,9.2,17.9
W001840,JHS,2026-02-09,Clear,0,8.8,24.3
W001841,JHS,2026-02-10,Clear,0,8.5,40.9
W001842,JHS,2026-02-11,Rain,1,6.3,8.5
W001843,JHS,2026-02-12,Rain,1,4.7,8.9
W001844,JHS,2026-02-13,Clear,0,9.0,9.9
W001845,JHS,2026-02-14,Clear,0,9.3,39.7
W001846,JHS,2026-02-15,Fog,2,1.4,27.4
W001847,JHS,2026-02-16,Clear,0,9.8,41.2
W001848,JHS,2026-02-17,Storm,3,3.8,25.3
W001849,JHS,2026-02-18,Heavy Rain,2,2.9,12.7
W001850,JHS,2026-02-19,Rain,1,7.5,27.4
W001851,JHS,2026-02-20,Clear,0,9.0,16.8
W001852,JHS,2026-02-21,Clear,0,8.9,20.9
W001853,JHS,2026-02-22,Clear,0,9.2,38.3
W001854,JHS,2026-02-23,Rain,1,7.2,13.1
W001855,JHS,2026-02-24,Rain,1,7.8,9.7
W001856,JHS,2026-02-25,Clear,0,8.7,22.4
W001857,JHS,2026-02-26,Clear,0,8.1,38.4
W001858,JHS,2026-02-27,Rain,1,5.3,27.8
W001859,JHS,2026-02-28,Heavy Rain,2,1.4,39.5
W001860,JHS,2026-03-01,Rain,1,6.4,28.8
W001861,GKP,2026-01-01,Clear,0,8.9,11.5
W001862,GKP,2026-01-02,Clear,0,10.0,26.4
W001863,GKP,2026-01-03,Clear,0,9.0,26.1
W001864,GKP,2026-01-04,Clear,0,9.2,41.7
W001865,GKP,2026-01-05,Rain,1,6.3,18.2
W001866,GKP,2026-01-06,Clear,0,9.7,33.7
W001867,GKP,2026-01-07,Clear,0,9.6,15.3
W001868,GKP,2026-01-08,Rain,1,5.4,26.9
W001869,GKP,2026-01-09,Clear,0,8.7,17.5
W001870,GKP,2026-01-10,Clear,0,8.3,14.6
W001871,GKP,2026-01-11,Clear,0,8.1,24.5
W001872,GKP,2026-01-12,Fog,2,0.7,33.6
W001873,GKP,2026-01-13,Clear,0,9.1,26.7
W001874,GKP,2026-01-14,Clear,0,8.2,36.6
W001875,GKP,2026-01-15,Clear,0,9.8,26.3
W001876,GKP,2026-01-16,Heavy Rain,2,1.8,39.6
W001877,GKP,2026-01-17,Clear,0,8.6,18.7
W001878,GKP,2026-01-18,Rain,1,6.5,31.4
W001879,GKP,2026-01-19,Clear,0,8.7,10.4
W001880,GKP,2026-01-20,Clear,0,9.4,35.5
W001881,GKP,2026-01-21,Clear,0,8.6,16.8
W001882,GKP,2026-01-22,Clear,0,8.1,18.2
W001883,GKP,2026-01-23,Clear,0,9.1,20.8
W001884,GKP,2026-01-24,Fog,2,1.0,9.7
W001885,GKP,2026-01-25,Rain,1,4.1,20.4
W001886,GKP,2026-01-26,Rain,1,7.6,18.8
W001887,GKP,2026-01-27,Clear,0,9.6,20.6
W001888,GKP,2026-01-28,Rain,1,7.1,31.8
W001889,GKP,2026-01-29,Clear,0,8.8,31.6
W001890,GKP,2026-01-30,Rain,1,4.7,35.1
W001891,GKP,2026-01-31,Clear,0,9.8,28.9
W001892,GKP,2026-02-01,Clear,0,8.2,41.1
W001893,GKP,2026-02-02,Clear,0,9.9,33.9
W001894,GKP,2026-02-03,Storm,3,3.1,41.7
W001895,GKP,2026-02-04,Clear,0,9.7,34.7
W001896,GKP,2026-02-05,Clear,0,9.6,13.6
W001897,GKP,2026-02-06,Heavy Rain,2,2.8,15.8
W001898,GKP,2026-02-07,Rain,1,4.9,33.6
W001899,GKP,2026-02-08,Clear,0,9.1,25.5
W001900,GKP,2026-02-09,Clear,0,8.2,20.3
W001901,GKP,2026-02-10,Rain,1,4.2,20.5
W001902,GKP,2026-02-11,Rain,1,4.6,40.1
W001903,GKP,2026-02-12,Clear,0,9.4,41.2
W001904,GKP,2026-02-13,Rain,1,7.3,34.0
W001905,GKP,2026-02-14,Clear,0,8.6,37.5
W001906,GKP,2026-02-15,Clear,0,8.8,30.3
W001907,GKP,2026-02-16,Clear,0,9.7,19.2
W001908,GKP,2026-02-17,Clear,0,8.1,25.1
W001909,GKP,2026-02-18,Clear,0,9.2,37.2
W001910,GKP,2026-02-19,Fog,2,1.5,24.1
W001911,GKP,2026-02-20,Clear,0,9.8,39.2
W001912,GKP,2026-02-21,Fog,2,0.6,20.3
W001913,GKP,2026-02-22,Clear,0,9.2,31.3
W001914,GKP,2026-02-23,Rain,1,6.7,23.5
W001915,GKP,2026-02-24,Clear,0,9.3,22.5
W001916,GKP,2026-02-25,Clear,0,9.0,41.8
W001917,GKP,2026-02-26,Clear,0,9.2,12.7
W001918,GKP,2026-02-27,Clear,0,8.1,21.0
W001919,GKP,2026-02-28,Clear,0,8.5,13.5
W001920,GKP,2026-03-01,Clear,0,9.1,25.0
W001921,BST,2026-01-01,Clear,0,9.6,25.5
W001922,BST,2026-01-02,Clear,0,9.2,8.5
W001923,BST,2026-01-03,Clear,0,9.8,11.9
W001924,BST,2026-01-04,Fog,2,1.2,24.3
W001925,BST,2026-01-05,Clear,0,8.0,17.8
W001926,BST,2026-01-06,Fog,2,1.4,10.9
W001927,BST,2026-01-07,Clear,0,8.1,29.8
W001928,BST,2026-01-08,Clear,0,8.6,9.2
W001929,BST,2026-01-09,Clear,0,9.5,20.6
W001930,BST,2026-01-10,Heavy Rain,2,2.2,8.7
W001931,BST,2026-01-11,Rain,1,7.9,8.4
W001932,BST,2026-01-12,Clear,0,9.8,41.8
W001933,BST,2026-01-13,Clear,0,8.6,39.4
W001934,BST,2026-01-14,Clear,0,9.5,33.8
W001935,BST,2026-01-15,Clear,0,9.1,29.1
W001936,BST,2026-01-16,Clear,0,9.2,25.7
W001937,BST,2026-01-17,Clear,0,8.2,10.5
W001938,BST,2026-01-18,Clear,0,9.6,38.5
W001939,BST,2026-01-19,Clear,0,9.2,34.0
W001940,BST,2026-01-20,Clear,0,9.7,8.5
W001941,BST,2026-01-21,Storm,3,2.1,12.7
W001942,BST,2026-01-22,Clear,0,8.9,23.5
W001943,BST,2026-01-23,Rain,1,4.6,11.3
W001944,BST,2026-01-24,Rain,1,6.2,40.0
W001945,BST,2026-01-25,Clear,0,8.4,23.3
W001946,BST,2026-01-26,Heavy Rain,2,1.5,12.5
W001947,BST,2026-01-27,Heavy Rain,2,2.0,34.5
W001948,BST,2026-01-28,Clear,0,9.7,32.2
W001949,BST,2026-01-29,Clear,0,9.5,21.9
W001950,BST,2026-01-30,Fog,2,1.7,14.0
W001951,BST,2026-01-31,Clear,0,9.1,11.0
W001952,BST,2026-02-01,Clear,0,9.9,16.2
W001953,BST,2026-02-02,Clear,0,8.8,20.7
W001954,BST,2026-02-03,Clear,0,8.1,11.1
W001955,BST,2026-02-04,Clear,0,9.9,35.8
W001956,BST,2026-02-05,Clear,0,8.4,35.8
W001957,BST,2026-02-06,Rain,1,6.3,22.6
W001958,BST,2026-02-07,Clear,0,8.0,10.9
W001959,BST,2026-02-08,Clear,0,9.6,12.8
W001960,BST,2026-02-09,Clear,0,8.9,12.5
W001961,BST,2026-02-10,Clear,0,9.9,35.0
W001962,BST,2026-02-11,Clear,0,8.3,38.7
W001963,BST,2026-02-12,Rain,1,5.0,28.8
W001964,BST,2026-02-13,Clear,0,8.4,32.8
W001965,BST,2026-02-14,Clear,0,9.0,26.0
W001966,BST,2026-02-15,Clear,0,8.5,26.6
W001967,BST,2026-02-16,Storm,3,2.6,40.9
W001968,BST,2026-02-17,Clear,0,8.5,21.8
W001969,BST,2026-02-18,Clear,0,8.1,9.7
W001970,BST,2026-02-19,Clear,0,9.2,14.2
W001971,BST,2026-02-20,Heavy Rain,2,1.7,24.8
W001972,BST,2026-02-21,Rain,1,6.7,10.8
W001973,BST,2026-02-22,Clear,0,9.6,19.2
W001974,BST,2026-02-23,Clear,0,9.9,8.8
W001975,BST,2026-02-24,Rain,1,4.9,10.8
W001976,BST,2026-02-25,Clear,0,8.0,35.0
W001977,BST,2026-02-26,Clear,0,9.7,39.2
W001978,BST,2026-02-27,Clear,0,8.2,40.9
W001979,BST,2026-02-28,Rain,1,5.0,17.6
W001980,BST,2026-03-01,Fog,2,1.7,26.7
W001981,GD,2026-01-01,Fog,2,0.3,33.5
W001982,GD,2026-01-02,Clear,0,8.0,34.3
W001983,GD,2026-01-03,Clear,0,9.4,37.9
W001984,GD,2026-01-04,Clear,0,9.0,29.3
W001985,GD,2026-01-05,Fog,2,1.3,40.6
W001986,GD,2026-01-06,Clear,0,9.5,20.3
W001987,GD,2026-01-07,Clear,0,8.1,21.5
W001988,GD,2026-01-08,Clear,0,9.8,24.2
W001989,GD,2026-01-09,Clear,0,9.4,32.4
W001990,GD,2026-01-10,Fog,2,1.2,20.7
W001991,GD,2026-01-11,Clear,0,8.0,19.2
W001992,GD,2026-01-12,Clear,0,9.3,16.7
W001993,GD,2026-01-13,Fog,2,0.5,14.4
W001994,GD,2026-01-14,Fog,2,0.8,10.4
W001995,GD,2026-01-15,Rain,1,4.2,20.1
W001996,GD,2026-01-16,Clear,0,9.5,13.1
W001997,GD,2026-01-17,Fog,2,0.4,17.6
W001998,GD,2026-01-18,Rain,1,7.7,26.9
W001999,GD,2026-01-19,Storm,3,2.8,28.2
W002000,GD,2026-01-20,Clear,0,8.3,38.0
W002001,GD,2026-01-21,Rain,1,4.6,23.7
W002002,GD,2026-01-22,Clear,0,8.0,19.7
W002003,GD,2026-01-23,Clear,0,9.4,11.4
W002004,GD,2026-01-24,Rain,1,4.7,25.8
W002005,GD,2026-01-25,Fog,2,1.0,25.1
W002006,GD,2026-01-26,Clear,0,8.7,33.5
W002007,GD,2026-01-27,Rain,1,6.8,9.7
W002008,GD,2026-01-28,Storm,3,2.8,15.3
W002009,GD,2026-01-29,Clear,0,8.8,35.3
W002010,GD,2026-01-30,Clear,0,9.9,13.7
W002011,GD,2026-01-31,Rain,1,4.2,29.3
W002012,GD,2026-02-01,Heavy Rain,2,1.3,24.6
W002013,GD,2026-02-02,Clear,0,8.4,22.3
W002014,GD,2026-02-03,Fog,2,0.2,29.3
W002015,GD,2026-02-04,Clear,0,8.1,15.4
W002016,GD,2026-02-05,Clear,0,9.4,16.3
W002017,GD,2026-02-06,Rain,1,7.1,9.6
W002018,GD,2026-02-07,Clear,0,8.4,15.8
W002019,GD,2026-02-08,Heavy Rain,2,2.8,12.5
W002020,GD,2026-02-09,Clear,0,8.0,31.3
W002021,GD,2026-02-10,Rain,1,5.5,33.5
W002022,GD,2026-02-11,Clear,0,8.2,35.9
W002023,GD,2026-02-12,Clear,0,8.8,12.0
W002024,GD,2026-02-13,Clear,0,9.0,36.6
W002025,GD,2026-02-14,Fog,2,0.9,39.6
W002026,GD,2026-02-15,Clear,0,9.0,33.9
W002027,GD,2026-02-16,Clear,0,9.3,28.6
W002028,GD,2026-02-17,Clear,0,8.4,23.4
W002029,GD,2026-02-18,Clear,0,8.3,13.0
W002030,GD,2026-02-19,Clear,0,8.8,31.6
W002031,GD,2026-02-20,Clear,0,8.3,26.1
W002032,GD,2026-02-21,Clear,0,10.0,13.0
W002033,GD,2026-02-22,Clear,0,8.6,17.0
W002034,GD,2026-02-23,Clear,0,8.7,40.2
W002035,GD,2026-02-24,Storm,3,1.7,16.9
W002036,GD,2026-02-25,Clear,0,9.6,36.8
W002037,GD,2026-02-26,Clear,0,8.8,32.7
W002038,GD,2026-02-27,Fog,2,1.0,38.4
W002039,GD,2026-02-28,Rain,1,7.1,20.3
W002040,GD,2026-03-01,Clear,0,8.7,28.2
W002041,GHY,2026-01-01,Clear,0,9.9,19.7
W002042,GHY,2026-01-02,Clear,0,9.1,39.2
W002043,GHY,2026-01-03,Clear,0,8.2,40.0
W002044,GHY,2026-01-04,Clear,0,8.8,23.4
W002045,GHY,2026-01-05,Storm,3,1.8,21.1
W002046,GHY,2026-01-06,Fog,2,1.4,16.4
W002047,GHY,2026-01-07,Fog,2,0.8,32.4
W002048,GHY,2026-01-08,Clear,0,9.1,31.1
W002049,GHY,2026-01-09,Clear,0,9.1,39.3
W002050,GHY,2026-01-10,Clear,0,8.2,17.5
W002051,GHY,2026-01-11,Clear,0,8.7,38.8
W002052,GHY,2026-01-12,Rain,1,7.4,24.9
W002053,GHY,2026-01-13,Clear,0,8.3,35.1
W002054,GHY,2026-01-14,Fog,2,1.0,21.6
W002055,GHY,2026-01-15,Clear,0,8.4,9.6
W002056,GHY,2026-01-16,Rain,1,7.3,39.5
W002057,GHY,2026-01-17,Clear,0,9.3,37.1
W002058,GHY,2026-01-18,Clear,0,8.3,12.1
W002059,GHY,2026-01-19,Clear,0,8.6,33.9
W002060,GHY,2026-01-20,Clear,0,9.3,14.7
W002061,GHY,2026-01-21,Clear,0,8.7,28.4
W002062,GHY,2026-01-22,Clear,0,9.5,40.9
W002063,GHY,2026-01-23,Clear,0,9.8,29.8
W002064,GHY,2026-01-24,Rain,1,6.8,8.0
W002065,GHY,2026-01-25,Clear,0,8.9,15.7
W002066,GHY,2026-01-26,Clear,0,8.9,9.7
W002067,GHY,2026-01-27,Storm,3,1.4,25.2
W002068,GHY,2026-01-28,Clear,0,9.7,11.4
W002069,GHY,2026-01-29,Clear,0,9.9,29.5
W002070,GHY,2026-01-30,Clear,0,8.2,32.1
W002071,GHY,2026-01-31,Clear,0,9.7,12.5
W002072,GHY,2026-02-01,Clear,0,9.9,39.3
W002073,GHY,2026-02-02,Clear,0,9.3,41.7
W002074,GHY,2026-02-03,Heavy Rain,2,2.3,14.1
W002075,GHY,2026-02-04,Fog,2,1.3,15.2
W002076,GHY,2026-02-05,Rain,1,5.0,35.2
W002077,GHY,2026-02-06,Clear,0,9.3,11.6
W002078,GHY,2026-02-07,Clear,0,9.0,30.2
W002079,GHY,2026-02-08,Clear,0,8.0,9.9
W002080,GHY,2026-02-09,Rain,1,4.9,10.2
W002081,GHY,2026-02-10,Rain,1,4.2,39.9
W002082,GHY,2026-02-11,Rain,1,5.7,39.2
W002083,GHY,2026-02-12,Clear,0,8.9,28.1
W002084,GHY,2026-02-13,Clear,0,8.6,8.0
W002085,GHY,2026-02-14,Clear,0,8.5,30.2
W002086,GHY,2026-02-15,Clear,0,9.5,33.6
W002087,GHY,2026-02-16,Clear,0,9.9,27.3
W002088,GHY,2026-02-17,Clear,0,8.4,28.5
W002089,GHY,2026-02-18,Rain,1,6.6,31.6
W002090,GHY,2026-02-19,Storm,3,3.5,39.8
W002091,GHY,2026-02-20,Fog,2,0.8,11.1
W002092,GHY,2026-02-21,Rain,1,4.8,29.7
W002093,GHY,2026-02-22,Clear,0,8.2,34.3
W002094,GHY,2026-02-23,Clear,0,8.8,24.3
W002095,GHY,2026-02-24,Rain,1,5.7,30.6
W002096,GHY,2026-02-25,Clear,0,8.8,11.0
W002097,GHY,2026-02-26,Heavy Rain,2,2.4,9.1
W002098,GHY,2026-02-27,Clear,0,8.7,41.2
W002099,GHY,2026-02-28,Clear,0,9.2,30.1
W002100,GHY,2026-03-01,Clear,0,9.4,32.4
W002101,NJP,2026-01-01,Clear,0,8.7,18.2
W002102,NJP,2026-01-02,Storm,3,2.7,27.4
W002103,NJP,2026-01-03,Clear,0,8.8,19.2
W002104,NJP,2026-01-04,Clear,0,9.8,10.5
W002105,NJP,2026-01-05,Fog,2,1.3,16.2
W002106,NJP,2026-01-06,Rain,1,5.1,37.8
W002107,NJP,2026-01-07,Clear,0,9.1,9.6
W002108,NJP,2026-01-08,Clear,0,8.8,30.7
W002109,NJP,2026-01-09,Clear,0,9.5,11.5
W002110,NJP,2026-01-10,Clear,0,9.8,24.3
W002111,NJP,2026-01-11,Clear,0,8.7,34.7
W002112,NJP,2026-01-12,Clear,0,8.9,9.5
W002113,NJP,2026-01-13,Clear,0,8.9,27.3
W002114,NJP,2026-01-14,Heavy Rain,2,1.7,33.0
W002115,NJP,2026-01-15,Clear,0,9.7,27.8
W002116,NJP,2026-01-16,Clear,0,9.7,39.4
W002117,NJP,2026-01-17,Clear,0,9.9,19.1
W002118,NJP,2026-01-18,Clear,0,8.2,18.1
W002119,NJP,2026-01-19,Clear,0,9.7,14.6
W002120,NJP,2026-01-20,Clear,0,8.4,23.3
W002121,NJP,2026-01-21,Clear,0,9.0,36.3
W002122,NJP,2026-01-22,Clear,0,9.6,27.3
W002123,NJP,2026-01-23,Clear,0,9.5,30.5
W002124,NJP,2026-01-24,Clear,0,9.8,36.6
W002125,NJP,2026-01-25,Clear,0,8.5,35.7
W002126,NJP,2026-01-26,Clear,0,8.6,33.6
W002127,NJP,2026-01-27,Rain,1,4.5,12.6
W002128,NJP,2026-01-28,Clear,0,8.8,15.5
W002129,NJP,2026-01-29,Clear,0,8.9,23.5
W002130,NJP,2026-01-30,Fog,2,1.1,33.5
W002131,NJP,2026-01-31,Clear,0,9.8,40.0
W002132,NJP,2026-02-01,Clear,0,8.5,9.0
W002133,NJP,2026-02-02,Clear,0,9.8,40.2
W002134,NJP,2026-02-03,Rain,1,7.2,13.5
W002135,NJP,2026-02-04,Clear,0,9.6,32.6
W002136,NJP,2026-02-05,Fog,2,1.6,39.2
W002137,NJP,2026-02-06,Clear,0,9.4,28.4
W002138,NJP,2026-02-07,Fog,2,1.2,39.3
W002139,NJP,2026-02-08,Clear,0,9.4,13.3
W002140,NJP,2026-02-09,Clear,0,9.6,17.6
W002141,NJP,2026-02-10,Clear,0,9.0,23.3
W002142,NJP,2026-02-11,Rain,1,4.7,26.1
W002143,NJP,2026-02-12,Storm,3,3.4,33.3
W002144,NJP,2026-02-13,Clear,0,9.8,24.5
W002145,NJP,2026-02-14,Rain,1,7.7,29.1
W002146,NJP,2026-02-15,Clear,0,8.7,11.5
W002147,NJP,2026-02-16,Clear,0,9.8,14.2
W002148,NJP,2026-02-17,Clear,0,9.7,31.3
W002149,NJP,2026-02-18,Clear,0,9.8,8.1
W002150,NJP,2026-02-19,Clear,0,8.4,8.6
W002151,NJP,2026-02-20,Clear,0,9.0,8.7
W002152,NJP,2026-02-21,Clear,0,9.7,28.8
W002153,NJP,2026-02-22,Fog,2,1.3,21.5
W002154,NJP,2026-02-23,Clear,0,8.4,14.3
W002155,NJP,2026-02-24,Fog,2,0.8,22.2
W002156,NJP,2026-02-25,Fog,2,0.4,27.5
W002157,NJP,2026-02-26,Fog,2,1.9,34.1
W002158,NJP,2026-02-27,Clear,0,8.3,22.8
W002159,NJP,2026-02-28,Clear,0,9.4,30.6
W002160,NJP,2026-03-01,Fog,2,0.7,30.0
W002161,DBRG,2026-01-01,Clear,0,8.2,9.4
W002162,DBRG,2026-01-02,Clear,0,9.1,10.8
W002163,DBRG,2026-01-03,Heavy Rain,2,2.6,30.5
W002164,DBRG,2026-01-04,Fog,2,1.2,41.7
W002165,DBRG,2026-01-05,Clear,0,8.0,10.0
W002166,DBRG,2026-01-06,Clear,0,8.6,14.0
W002167,DBRG,2026-01-07,Fog,2,1.1,25.7
W002168,DBRG,2026-01-08,Rain,1,6.6,34.4
W002169,DBRG,2026-01-09,Clear,0,8.9,32.3
W002170,DBRG,2026-01-10,Clear,0,8.3,17.7
W002171,DBRG,2026-01-11,Clear,0,9.1,39.2
W002172,DBRG,2026-01-12,Clear,0,9.7,36.1
W002173,DBRG,2026-01-13,Clear,0,9.2,13.5
W002174,DBRG,2026-01-14,Rain,1,6.2,8.7
W002175,DBRG,2026-01-15,Rain,1,4.0,26.3
W002176,DBRG,2026-01-16,Clear,0,8.8,14.1
W002177,DBRG,2026-01-17,Clear,0,9.1,13.5
W002178,DBRG,2026-01-18,Clear,0,9.6,23.3
W002179,DBRG,2026-01-19,Clear,0,8.9,14.0
W002180,DBRG,2026-01-20,Clear,0,9.8,38.0
W002181,DBRG,2026-01-21,Clear,0,9.6,38.0
W002182,DBRG,2026-01-22,Storm,3,2.4,16.4
W002183,DBRG,2026-01-23,Clear,0,9.9,34.9
W002184,DBRG,2026-01-24,Clear,0,8.5,41.0
W002185,DBRG,2026-01-25,Clear,0,8.4,32.1
W002186,DBRG,2026-01-26,Rain,1,4.1,30.1
W002187,DBRG,2026-01-27,Clear,0,9.3,26.3
W002188,DBRG,2026-01-28,Clear,0,9.3,23.1
W002189,DBRG,2026-01-29,Clear,0,8.9,37.0
W002190,DBRG,2026-01-30,Clear,0,9.1,41.7
W002191,DBRG,2026-01-31,Heavy Rain,2,1.7,21.1
W002192,DBRG,2026-02-01,Clear,0,9.7,29.0
W002193,DBRG,2026-02-02,Clear,0,9.8,29.4
W002194,DBRG,2026-02-03,Clear,0,8.9,17.1
W002195,DBRG,2026-02-04,Clear,0,9.5,22.9
W002196,DBRG,2026-02-05,Clear,0,9.0,31.1
W002197,DBRG,2026-02-06,Clear,0,8.7,25.3
W002198,DBRG,2026-02-07,Heavy Rain,2,1.2,23.6
W002199,DBRG,2026-02-08,Fog,2,1.7,20.9
W002200,DBRG,2026-02-09,Rain,1,5.1,29.8
W002201,DBRG,2026-02-10,Heavy Rain,2,1.3,13.6
W002202,DBRG,2026-02-11,Clear,0,8.9,36.6
W002203,DBRG,2026-02-12,Clear,0,9.1,37.8
W002204,DBRG,2026-02-13,Clear,0,8.4,26.4
W002205,DBRG,2026-02-14,Clear,0,9.2,19.8
W002206,DBRG,2026-02-15,Storm,3,3.7,9.6
W002207,DBRG,2026-02-16,Clear,0,9.4,37.6
W002208,DBRG,2026-02-17,Clear,0,9.3,27.0
W002209,DBRG,2026-02-18,Rain,1,5.8,22.7
W002210,DBRG,2026-02-19,Clear,0,9.0,24.1
W002211,DBRG,2026-02-20,Clear,0,9.3,38.2
W002212,DBRG,2026-02-21,Clear,0,8.5,28.2
W002213,DBRG,2026-02-22,Clear,0,9.0,35.8
W002214,DBRG,2026-02-23,Clear,0,8.6,38.9
W002215,DBRG,2026-02-24,Clear,0,8.9,39.9
W002216,DBRG,2026-02-25,Clear,0,9.2,22.9
W002217,DBRG,2026-02-26,Clear,0,9.0,19.1
W002218,DBRG,2026-02-27,Clear,0,9.2,15.7
W002219,DBRG,2026-02-28,Clear,0,9.7,13.7
W002220,DBRG,2026-03-01,Heavy Rain,2,2.5,40.2
W002221,JP,2026-01-01,Fog,2,1.9,29.5
W002222,JP,2026-01-02,Clear,0,8.3,19.8
W002223,JP,2026-01-03,Clear,0,9.4,31.2
W002224,JP,2026-01-04,Clear,0,9.4,20.5
W002225,JP,2026-01-05,Clear,0,8.1,18.5
W002226,JP,2026-01-06,Clear,0,8.9,20.1
W002227,JP,2026-01-07,Clear,0,8.9,34.8
W002228,JP,2026-01-08,Clear,0,8.7,17.8
W002229,JP,2026-01-09,Fog,2,1.2,12.2
W002230,JP,2026-01-10,Clear,0,8.2,39.2
W002231,JP,2026-01-11,Storm,3,1.5,39.1
W002232,JP,2026-01-12,Clear,0,9.6,22.8
W002233,JP,2026-01-13,Clear,0,8.1,30.5
W002234,JP,2026-01-14,Fog,2,1.1,27.2
W002235,JP,2026-01-15,Clear,0,8.8,33.0
W002236,JP,2026-01-16,Clear,0,8.8,18.6
W002237,JP,2026-01-17,Clear,0,8.8,22.6
W002238,JP,2026-01-18,Storm,3,3.1,11.8
W002239,JP,2026-01-19,Clear,0,9.1,39.7
W002240,JP,2026-01-20,Rain,1,6.8,38.8
W002241,JP,2026-01-21,Clear,0,8.6,33.5
W002242,JP,2026-01-22,Fog,2,1.0,37.8
W002243,JP,2026-01-23,Heavy Rain,2,2.4,40.1
W002244,JP,2026-01-24,Rain,1,4.2,32.9
W002245,JP,2026-01-25,Clear,0,9.8,26.4
W002246,JP,2026-01-26,Clear,0,9.8,27.7
W002247,JP,2026-01-27,Clear,0,9.9,15.0
W002248,JP,2026-01-28,Clear,0,9.7,32.7
W002249,JP,2026-01-29,Clear,0,8.4,10.8
W002250,JP,2026-01-30,Clear,0,10.0,27.6
W002251,JP,2026-01-31,Fog,2,1.8,27.5
W002252,JP,2026-02-01,Heavy Rain,2,2.2,37.3
W002253,JP,2026-02-02,Fog,2,0.4,18.6
W002254,JP,2026-02-03,Clear,0,9.5,30.7
W002255,JP,2026-02-04,Clear,0,9.3,27.9
W002256,JP,2026-02-05,Clear,0,9.9,30.0
W002257,JP,2026-02-06,Clear,0,8.2,36.1
W002258,JP,2026-02-07,Rain,1,6.9,18.2
W002259,JP,2026-02-08,Rain,1,4.3,24.9
W002260,JP,2026-02-09,Clear,0,8.8,28.4
W002261,JP,2026-02-10,Clear,0,8.4,26.5
W002262,JP,2026-02-11,Storm,3,3.9,23.3
W002263,JP,2026-02-12,Clear,0,9.3,14.3
W002264,JP,2026-02-13,Clear,0,9.8,9.4
W002265,JP,2026-02-14,Clear,0,9.0,26.5
W002266,JP,2026-02-15,Clear,0,9.5,25.7
W002267,JP,2026-02-16,Clear,0,8.5,11.6
W002268,JP,2026-02-17,Storm,3,2.6,35.8
W002269,JP,2026-02-18,Fog,2,1.9,30.8
W002270,JP,2026-02-19,Clear,0,8.3,22.4
W002271,JP,2026-02-20,Fog,2,1.4,26.0
W002272,JP,2026-02-21,Clear,0,9.2,9.5
W002273,JP,2026-02-22,Clear,0,8.5,31.5
W002274,JP,2026-02-23,Clear,0,8.3,23.4
W002275,JP,2026-02-24,Clear,0,8.6,34.1
W002276,JP,2026-02-25,Clear,0,9.8,8.7
W002277,JP,2026-02-26,Storm,3,3.3,36.5
W002278,JP,2026-02-27,Heavy Rain,2,1.1,25.1
W002279,JP,2026-02-28,Clear,0,8.1,40.7
W002280,JP,2026-03-01,Clear,0,8.5,11.2
W002281,JU,2026-01-01,Rain,1,6.5,36.1
W002282,JU,2026-01-02,Fog,2,0.4,13.7
W002283,JU,2026-01-03,Clear,0,8.5,28.8
W002284,JU,2026-01-04,Rain,1,5.8,9.9
W002285,JU,2026-01-05,Rain,1,7.4,20.6
W002286,JU,2026-01-06,Rain,1,6.6,11.4
W002287,JU,2026-01-07,Clear,0,8.3,33.0
W002288,JU,2026-01-08,Clear,0,9.5,14.0
W002289,JU,2026-01-09,Clear,0,9.0,38.3
W002290,JU,2026-01-10,Clear,0,8.4,14.5
W002291,JU,2026-01-11,Clear,0,8.9,21.6
W002292,JU,2026-01-12,Rain,1,7.7,34.5
W002293,JU,2026-01-13,Clear,0,9.8,40.6
W002294,JU,2026-01-14,Clear,0,8.0,16.3
W002295,JU,2026-01-15,Clear,0,9.6,11.0
W002296,JU,2026-01-16,Rain,1,5.8,20.9
W002297,JU,2026-01-17,Clear,0,9.0,8.8
W002298,JU,2026-01-18,Heavy Rain,2,2.5,42.0
W002299,JU,2026-01-19,Clear,0,8.3,16.7
W002300,JU,2026-01-20,Clear,0,8.1,34.7
W002301,JU,2026-01-21,Fog,2,0.2,15.3
W002302,JU,2026-01-22,Clear,0,9.5,27.8
W002303,JU,2026-01-23,Clear,0,9.6,15.1
W002304,JU,2026-01-24,Clear,0,9.3,10.7
W002305,JU,2026-01-25,Clear,0,9.6,40.2
W002306,JU,2026-01-26,Heavy Rain,2,1.2,27.5
W002307,JU,2026-01-27,Clear,0,9.9,26.4
W002308,JU,2026-01-28,Clear,0,9.5,24.3
W002309,JU,2026-01-29,Clear,0,9.8,42.0
W002310,JU,2026-01-30,Fog,2,0.2,22.9
W002311,JU,2026-01-31,Rain,1,7.9,36.8
W002312,JU,2026-02-01,Clear,0,8.9,39.7
W002313,JU,2026-02-02,Rain,1,4.8,14.7
W002314,JU,2026-02-03,Clear,0,8.5,9.3
W002315,JU,2026-02-04,Clear,0,8.4,32.3
W002316,JU,2026-02-05,Clear,0,8.1,13.0
W002317,JU,2026-02-06,Clear,0,9.8,8.6
W002318,JU,2026-02-07,Clear,0,8.5,11.8
W002319,JU,2026-02-08,Clear,0,9.0,12.0
W002320,JU,2026-02-09,Rain,1,7.8,29.3
W002321,JU,2026-02-10,Heavy Rain,2,2.9,26.1
W002322,JU,2026-02-11,Rain,1,7.0,32.9
W002323,JU,2026-02-12,Clear,0,10.0,24.3
W002324,JU,2026-02-13,Clear,0,8.5,25.5
W002325,JU,2026-02-14,Rain,1,4.5,10.8
W002326,JU,2026-02-15,Clear,0,9.8,16.8
W002327,JU,2026-02-16,Clear,0,9.5,16.8
W002328,JU,2026-02-17,Heavy Rain,2,1.6,9.0
W002329,JU,2026-02-18,Clear,0,9.9,37.3
W002330,JU,2026-02-19,Clear,0,8.3,32.5
W002331,JU,2026-02-20,Heavy Rain,2,1.2,30.2
W002332,JU,2026-02-21,Clear,0,9.2,12.8
W002333,JU,2026-02-22,Clear,0,9.0,15.7
W002334,JU,2026-02-23,Fog,2,1.9,41.9
W002335,JU,2026-02-24,Clear,0,8.6,26.8
W002336,JU,2026-02-25,Clear,0,9.1,41.1
W002337,JU,2026-02-26,Clear,0,8.0,23.8
W002338,JU,2026-02-27,Clear,0,8.1,25.8
W002339,JU,2026-02-28,Clear,0,8.1,12.3
W002340,JU,2026-03-01,Rain,1,5.7,17.0
W002341,BKN,2026-01-01,Clear,0,8.7,35.7
W002342,BKN,2026-01-02,Fog,2,1.5,18.4
W002343,BKN,2026-01-03,Clear,0,8.3,36.1
W002344,BKN,2026-01-04,Clear,0,9.2,29.3
W002345,BKN,2026-01-05,Clear,0,9.5,22.3
W002346,BKN,2026-01-06,Clear,0,8.8,12.3
W002347,BKN,2026-01-07,Clear,0,9.9,31.9
W002348,BKN,2026-01-08,Clear,0,8.7,41.4
W002349,BKN,2026-01-09,Fog,2,1.7,37.1
W002350,BKN,2026-01-10,Clear,0,9.2,29.7
W002351,BKN,2026-01-11,Clear,0,8.1,24.4
W002352,BKN,2026-01-12,Clear,0,8.3,18.4
W002353,BKN,2026-01-13,Clear,0,9.5,34.9
W002354,BKN,2026-01-14,Clear,0,8.5,13.9
W002355,BKN,2026-01-15,Storm,3,3.3,11.4
W002356,BKN,2026-01-16,Rain,1,4.8,8.1
W002357,BKN,2026-01-17,Rain,1,4.9,37.4
W002358,BKN,2026-01-18,Heavy Rain,2,1.6,41.8
W002359,BKN,2026-01-19,Clear,0,9.7,14.2
W002360,BKN,2026-01-20,Clear,0,9.8,14.3
W002361,BKN,2026-01-21,Fog,2,1.5,8.1
W002362,BKN,2026-01-22,Fog,2,1.8,41.6
W002363,BKN,2026-01-23,Clear,0,8.1,29.2
W002364,BKN,2026-01-24,Fog,2,1.9,39.2
W002365,BKN,2026-01-25,Clear,0,8.2,23.9
W002366,BKN,2026-01-26,Rain,1,7.1,39.5
W002367,BKN,2026-01-27,Rain,1,6.7,25.2
W002368,BKN,2026-01-28,Clear,0,9.3,20.4
W002369,BKN,2026-01-29,Clear,0,8.2,32.0
W002370,BKN,2026-01-30,Clear,0,9.8,8.1
W002371,BKN,2026-01-31,Clear,0,8.9,11.6
W002372,BKN,2026-02-01,Clear,0,9.4,38.4
W002373,BKN,2026-02-02,Rain,1,6.4,12.1
W002374,BKN,2026-02-03,Clear,0,8.7,38.6
W002375,BKN,2026-02-04,Clear,0,9.6,20.0
W002376,BKN,2026-02-05,Fog,2,1.4,35.1
W002377,BKN,2026-02-06,Clear,0,9.8,9.3
W002378,BKN,2026-02-07,Storm,3,1.8,30.7
W002379,BKN,2026-02-08,Clear,0,9.6,16.4
W002380,BKN,2026-02-09,Heavy Rain,2,2.5,18.9
W002381,BKN,2026-02-10,Rain,1,7.6,39.5
W002382,BKN,2026-02-11,Clear,0,8.7,38.4
W002383,BKN,2026-02-12,Clear,0,9.7,27.6
W002384,BKN,2026-02-13,Clear,0,9.7,33.1
W002385,BKN,2026-02-14,Clear,0,9.6,20.5
W002386,BKN,2026-02-15,Clear,0,9.0,17.9
W002387,BKN,2026-02-16,Rain,1,6.7,26.7
W002388,BKN,2026-02-17,Clear,0,8.7,16.8
W002389,BKN,2026-02-18,Storm,3,3.9,18.9
W002390,BKN,2026-02-19,Clear,0,8.7,10.6
W002391,BKN,2026-02-20,Clear,0,9.0,24.9
W002392,BKN,2026-02-21,Clear,0,8.7,35.6
W002393,BKN,2026-02-22,Clear,0,8.5,33.1
W002394,BKN,2026-02-23,Storm,3,2.1,23.0
W002395,BKN,2026-02-24,Clear,0,8.4,33.7
W002396,BKN,2026-02-25,Clear,0,10.0,24.5
W002397,BKN,2026-02-26,Clear,0,8.5,36.6
W002398,BKN,2026-02-27,Clear,0,8.6,19.3
W002399,BKN,2026-02-28,Rain,1,6.1,25.6
W002400,BKN,2026-03-01,Clear,0,8.1,20.8
W002401,AII,2026-01-01,Clear,0,9.0,32.7
W002402,AII,2026-01-02,Storm,3,1.7,26.0
W002403,AII,2026-01-03,Rain,1,6.4,17.0
W002404,AII,2026-01-04,Fog,2,0.5,34.5
W002405,AII,2026-01-05,Rain,1,5.4,34.2
W002406,AII,2026-01-06,Clear,0,9.2,22.6
W002407,AII,2026-01-07,Clear,0,8.0,33.0
W002408,AII,2026-01-08,Clear,0,9.8,10.6
W002409,AII,2026-01-09,Rain,1,7.3,15.1
W002410,AII,2026-01-10,Clear,0,9.7,40.1
W002411,AII,2026-01-11,Clear,0,8.2,24.7
W002412,AII,2026-01-12,Clear,0,9.9,38.0
W002413,AII,2026-01-13,Clear,0,8.6,14.0
W002414,AII,2026-01-14,Clear,0,8.8,9.0
W002415,AII,2026-01-15,Clear,0,8.8,41.3
W002416,AII,2026-01-16,Clear,0,9.4,37.5
W002417,AII,2026-01-17,Clear,0,9.8,39.4
W002418,AII,2026-01-18,Clear,0,9.6,14.7
W002419,AII,2026-01-19,Clear,0,9.7,11.8
W002420,AII,2026-01-20,Heavy Rain,2,1.9,8.2
W002421,AII,2026-01-21,Clear,0,9.1,38.0
W002422,AII,2026-01-22,Clear,0,9.2,28.6
W002423,AII,2026-01-23,Clear,0,9.4,38.4
W002424,AII,2026-01-24,Clear,0,8.8,22.6
W002425,AII,2026-01-25,Clear,0,8.9,37.3
W002426,AII,2026-01-26,Clear,0,8.6,27.9
W002427,AII,2026-01-27,Clear,0,9.4,33.4
W002428,AII,2026-01-28,Storm,3,1.0,32.3
W002429,AII,2026-01-29,Clear,0,9.9,38.7
W002430,AII,2026-01-30,Rain,1,7.5,27.5
W002431,AII,2026-01-31,Clear,0,8.5,8.2
W002432,AII,2026-02-01,Clear,0,8.7,19.7
W002433,AII,2026-02-02,Storm,3,2.0,32.4
W002434,AII,2026-02-03,Fog,2,1.2,31.6
W002435,AII,2026-02-04,Clear,0,8.4,21.4
W002436,AII,2026-02-05,Clear,0,8.9,26.3
W002437,AII,2026-02-06,Clear,0,8.2,37.9
W002438,AII,2026-02-07,Clear,0,9.6,28.9
W002439,AII,2026-02-08,Fog,2,0.6,18.5
W002440,AII,2026-02-09,Clear,0,8.3,29.8
W002441,AII,2026-02-10,Clear,0,9.8,21.4
W002442,AII,2026-02-11,Clear,0,8.5,37.1
W002443,AII,2026-02-12,Clear,0,8.6,11.5
W002444,AII,2026-02-13,Fog,2,1.0,8.9
W002445,AII,2026-02-14,Clear,0,8.3,17.2
W002446,AII,2026-02-15,Clear,0,9.4,18.8
W002447,AII,2026-02-16,Clear,0,9.4,36.6
W002448,AII,2026-02-17,Clear,0,8.9,41.1
W002449,AII,2026-02-18,Clear,0,9.5,32.1
W002450,AII,2026-02-19,Clear,0,9.6,33.0
W002451,AII,2026-02-20,Storm,3,2.9,36.2
W002452,AII,2026-02-21,Clear,0,8.4,20.0
W002453,AII,2026-02-22,Clear,0,9.2,40.6
W002454,AII,2026-02-23,Clear,0,9.8,26.0
W002455,AII,2026-02-24,Heavy Rain,2,1.6,12.6
W002456,AII,2026-02-25,Rain,1,6.0,13.7
W002457,AII,2026-02-26,Clear,0,8.4,27.9
W002458,AII,2026-02-27,Clear,0,8.3,20.0
W002459,AII,2026-02-28,Rain,1,5.6,26.8
W002460,AII,2026-03-01,Clear,0,9.5,35.0
W002461,MAS,2026-01-01,Clear,0,8.5,28.6
W002462,MAS,2026-01-02,Rain,1,7.3,16.9
W002463,MAS,2026-01-03,Heavy Rain,2,2.9,10.3
W002464,MAS,2026-01-04,Heavy Rain,2,1.5,10.9
W002465,MAS,2026-01-05,Clear,0,8.7,23.8
W002466,MAS,2026-01-06,Clear,0,9.2,39.7
W002467,MAS,2026-01-07,Clear,0,9.0,33.4
W002468,MAS,2026-01-08,Heavy Rain,2,2.7,25.9
W002469,MAS,2026-01-09,Fog,2,0.5,11.1
W002470,MAS,2026-01-10,Heavy Rain,2,2.3,14.7
W002471,MAS,2026-01-11,Clear,0,8.0,22.8
W002472,MAS,2026-01-12,Clear,0,8.4,39.1
W002473,MAS,2026-01-13,Clear,0,8.4,22.3
W002474,MAS,2026-01-14,Fog,2,0.7,29.2
W002475,MAS,2026-01-15,Clear,0,8.6,25.4
W002476,MAS,2026-01-16,Clear,0,10.0,18.2
W002477,MAS,2026-01-17,Clear,0,9.8,10.6
W002478,MAS,2026-01-18,Clear,0,8.4,21.2
W002479,MAS,2026-01-19,Clear,0,9.1,20.6
W002480,MAS,2026-01-20,Clear,0,9.7,13.9
W002481,MAS,2026-01-21,Clear,0,9.5,19.5
W002482,MAS,2026-01-22,Clear,0,8.7,21.3
W002483,MAS,2026-01-23,Clear,0,8.6,15.5
W002484,MAS,2026-01-24,Clear,0,8.5,33.1
W002485,MAS,2026-01-25,Clear,0,8.9,21.5
W002486,MAS,2026-01-26,Clear,0,9.1,16.7
W002487,MAS,2026-01-27,Clear,0,8.9,35.5
W002488,MAS,2026-01-28,Storm,3,2.1,25.6
W002489,MAS,2026-01-29,Clear,0,8.1,36.7
W002490,MAS,2026-01-30,Clear,0,9.0,21.1
W002491,MAS,2026-01-31,Clear,0,8.5,15.7
W002492,MAS,2026-02-01,Clear,0,8.5,29.9
W002493,MAS,2026-02-02,Rain,1,5.6,39.7
W002494,MAS,2026-02-03,Clear,0,8.4,34.4
W002495,MAS,2026-02-04,Clear,0,9.5,33.8
W002496,MAS,2026-02-05,Rain,1,4.2,18.4
W002497,MAS,2026-02-06,Heavy Rain,2,2.7,21.6
W002498,MAS,2026-02-07,Rain,1,8.0,18.3
W002499,MAS,2026-02-08,Clear,0,9.7,34.0
W002500,MAS,2026-02-09,Rain,1,5.6,14.4
W002501,MAS,2026-02-10,Clear,0,8.1,8.5
W002502,MAS,2026-02-11,Clear,0,9.6,30.9
W002503,MAS,2026-02-12,Clear,0,9.1,40.8
W002504,MAS,2026-02-13,Rain,1,4.9,26.2
W002505,MAS,2026-02-14,Heavy Rain,2,1.8,32.4
W002506,MAS,2026-02-15,Clear,0,9.4,40.6
W002507,MAS,2026-02-16,Clear,0,10.0,28.8
W002508,MAS,2026-02-17,Clear,0,8.1,22.9
W002509,MAS,2026-02-18,Clear,0,8.5,39.0
W002510,MAS,2026-02-19,Rain,1,7.1,31.6
W002511,MAS,2026-02-20,Heavy Rain,2,1.2,8.2
W002512,MAS,2026-02-21,Clear,0,9.9,25.9
W002513,MAS,2026-02-22,Fog,2,1.4,34.3
W002514,MAS,2026-02-23,Fog,2,0.4,39.9
W002515,MAS,2026-02-24,Rain,1,4.2,9.4
W002516,MAS,2026-02-25,Fog,2,1.1,40.7
W002517,MAS,2026-02-26,Clear,0,8.3,30.1
W002518,MAS,2026-02-27,Rain,1,7.4,8.7
W002519,MAS,2026-02-28,Clear,0,9.0,23.9
W002520,MAS,2026-03-01,Clear,0,8.2,28.4
W002521,MS,2026-01-01,Fog,2,0.9,9.1
W002522,MS,2026-01-02,Clear,0,8.0,41.8
W002523,MS,2026-01-03,Clear,0,9.3,21.0
W002524,MS,2026-01-04,Rain,1,5.3,8.2
W002525,MS,2026-01-05,Clear,0,9.5,30.4
W002526,MS,2026-01-06,Clear,0,8.8,23.6
W002527,MS,2026-01-07,Clear,0,8.4,31.9
W002528,MS,2026-01-08,Clear,0,8.8,20.8
W002529,MS,2026-01-09,Clear,0,9.5,22.4
W002530,MS,2026-01-10,Clear,0,8.2,31.1
W002531,MS,2026-01-11,Storm,3,2.5,13.0
W002532,MS,2026-01-12,Clear,0,9.4,32.2
W002533,MS,2026-01-13,Clear,0,10.0,23.8
W002534,MS,2026-01-14,Rain,1,5.6,27.3
W002535,MS,2026-01-15,Clear,0,9.8,16.7
W002536,MS,2026-01-16,Clear,0,8.8,22.2
W002537,MS,2026-01-17,Clear,0,8.9,20.8
W002538,MS,2026-01-18,Storm,3,3.7,28.5
W002539,MS,2026-01-19,Fog,2,1.5,21.6
W002540,MS,2026-01-20,Clear,0,9.4,18.2
W002541,MS,2026-01-21,Clear,0,9.1,35.6
W002542,MS,2026-01-22,Clear,0,8.4,41.7
W002543,MS,2026-01-23,Clear,0,8.1,31.7
W002544,MS,2026-01-24,Fog,2,0.3,33.2
W002545,MS,2026-01-25,Rain,1,7.5,12.0
W002546,MS,2026-01-26,Clear,0,9.6,12.5
W002547,MS,2026-01-27,Clear,0,9.1,34.7
W002548,MS,2026-01-28,Fog,2,1.9,9.9
W002549,MS,2026-01-29,Clear,0,8.7,28.7
W002550,MS,2026-01-30,Heavy Rain,2,2.8,27.3
W002551,MS,2026-01-31,Storm,3,4.0,20.6
W002552,MS,2026-02-01,Clear,0,9.8,23.3
W002553,MS,2026-02-02,Clear,0,8.2,34.0
W002554,MS,2026-02-03,Fog,2,0.2,39.9
W002555,MS,2026-02-04,Clear,0,8.2,30.5
W002556,MS,2026-02-05,Clear,0,8.8,10.5
W002557,MS,2026-02-06,Storm,3,3.0,40.8
W002558,MS,2026-02-07,Clear,0,8.7,14.7
W002559,MS,2026-02-08,Clear,0,8.4,41.9
W002560,MS,2026-02-09,Clear,0,8.9,23.1
W002561,MS,2026-02-10,Fog,2,2.0,38.1
W002562,MS,2026-02-11,Rain,1,5.3,29.4
W002563,MS,2026-02-12,Storm,3,3.1,40.7
W002564,MS,2026-02-13,Clear,0,9.1,9.3
W002565,MS,2026-02-14,Heavy Rain,2,1.0,32.8
W002566,MS,2026-02-15,Heavy Rain,2,1.5,30.7
W002567,MS,2026-02-16,Clear,0,9.3,9.7
W002568,MS,2026-02-17,Clear,0,8.5,12.0
W002569,MS,2026-02-18,Clear,0,8.0,14.1
W002570,MS,2026-02-19,Heavy Rain,2,1.8,33.1
W002571,MS,2026-02-20,Clear,0,9.0,29.4
W002572,MS,2026-02-21,Rain,1,5.8,28.7
W002573,MS,2026-02-22,Clear,0,9.9,14.9
W002574,MS,2026-02-23,Clear,0,9.4,18.2
W002575,MS,2026-02-24,Heavy Rain,2,1.1,9.4
W002576,MS,2026-02-25,Rain,1,5.9,31.1
W002577,MS,2026-02-26,Clear,0,9.4,41.3
W002578,MS,2026-02-27,Fog,2,0.5,11.4
W002579,MS,2026-02-28,Clear,0,8.6,14.3
W002580,MS,2026-03-01,Clear,0,9.2,41.6
W002581,TPJ,2026-01-01,Clear,0,8.6,17.3
W002582,TPJ,2026-01-02,Rain,1,6.9,38.3
W002583,TPJ,2026-01-03,Rain,1,7.6,33.4
W002584,TPJ,2026-01-04,Heavy Rain,2,2.2,35.3
W002585,TPJ,2026-01-05,Storm,3,2.7,39.4
W002586,TPJ,2026-01-06,Clear,0,10.0,12.4
W002587,TPJ,2026-01-07,Clear,0,9.1,19.2
W002588,TPJ,2026-01-08,Heavy Rain,2,1.8,9.5
W002589,TPJ,2026-01-09,Rain,1,4.4,26.5
W002590,TPJ,2026-01-10,Clear,0,9.7,33.2
W002591,TPJ,2026-01-11,Clear,0,8.3,34.1
W002592,TPJ,2026-01-12,Clear,0,8.7,30.1
W002593,TPJ,2026-01-13,Clear,0,8.8,40.9
W002594,TPJ,2026-01-14,Clear,0,9.6,41.4
W002595,TPJ,2026-01-15,Clear,0,8.3,17.7
W002596,TPJ,2026-01-16,Clear,0,9.0,28.2
W002597,TPJ,2026-01-17,Clear,0,8.7,21.5
W002598,TPJ,2026-01-18,Clear,0,9.7,24.8
W002599,TPJ,2026-01-19,Clear,0,8.8,36.6
W002600,TPJ,2026-01-20,Clear,0,8.8,22.3
W002601,TPJ,2026-01-21,Fog,2,0.3,8.9
W002602,TPJ,2026-01-22,Clear,0,8.4,11.1
W002603,TPJ,2026-01-23,Clear,0,8.2,12.4
W002604,TPJ,2026-01-24,Clear,0,8.2,32.1
W002605,TPJ,2026-01-25,Storm,3,3.1,41.6
W002606,TPJ,2026-01-26,Clear,0,8.1,29.9
W002607,TPJ,2026-01-27,Clear,0,9.2,21.8
W002608,TPJ,2026-01-28,Clear,0,8.7,28.6
W002609,TPJ,2026-01-29,Clear,0,9.3,9.7
W002610,TPJ,2026-01-30,Clear,0,8.5,26.4
W002611,TPJ,2026-01-31,Clear,0,8.0,22.7
W002612,TPJ,2026-02-01,Clear,0,8.4,34.7
W002613,TPJ,2026-02-02,Clear,0,9.1,39.3
W002614,TPJ,2026-02-03,Clear,0,9.5,29.0
W002615,TPJ,2026-02-04,Clear,0,8.4,13.4
W002616,TPJ,2026-02-05,Rain,1,6.6,27.6
W002617,TPJ,2026-02-06,Clear,0,10.0,25.6
W002618,TPJ,2026-02-07,Clear,0,8.4,38.2
W002619,TPJ,2026-02-08,Clear,0,9.3,31.5
W002620,TPJ,2026-02-09,Clear,0,8.8,29.2
W002621,TPJ,2026-02-10,Clear,0,9.9,41.5
W002622,TPJ,2026-02-11,Clear,0,8.3,39.1
W002623,TPJ,2026-02-12,Clear,0,8.9,31.8
W002624,TPJ,2026-02-13,Clear,0,8.8,8.1
W002625,TPJ,2026-02-14,Clear,0,8.1,25.1
W002626,TPJ,2026-02-15,Clear,0,9.3,18.1
W002627,TPJ,2026-02-16,Clear,0,9.8,33.8
W002628,TPJ,2026-02-17,Clear,0,8.9,22.6
W002629,TPJ,2026-02-18,Clear,0,9.7,20.1
W002630,TPJ,2026-02-19,Heavy Rain,2,2.9,10.4
W002631,TPJ,2026-02-20,Clear,0,8.5,15.4
W002632,TPJ,2026-02-21,Clear,0,9.5,36.6
W002633,TPJ,2026-02-22,Clear,0,8.2,29.1
W002634,TPJ,2026-02-23,Clear,0,8.6,36.0
W002635,TPJ,2026-02-24,Rain,1,4.9,38.4
W002636,TPJ,2026-02-25,Clear,0,8.2,30.1
W002637,TPJ,2026-02-26,Rain,1,5.3,8.6
W002638,TPJ,2026-02-27,Rain,1,5.8,12.7
W002639,TPJ,2026-02-28,Clear,0,9.2,36.1
W002640,TPJ,2026-03-01,Fog,2,1.1,36.8
W002641,MDU,2026-01-01,Rain,1,7.6,30.1
W002642,MDU,2026-01-02,Clear,0,9.3,31.7
W002643,MDU,2026-01-03,Storm,3,1.9,33.4
W002644,MDU,2026-01-04,Clear,0,9.1,25.5
W002645,MDU,2026-01-05,Rain,1,6.3,16.2
W002646,MDU,2026-01-06,Clear,0,9.2,36.5
W002647,MDU,2026-01-07,Clear,0,9.8,19.0
W002648,MDU,2026-01-08,Fog,2,0.7,39.5
W002649,MDU,2026-01-09,Fog,2,1.1,40.8
W002650,MDU,2026-01-10,Clear,0,8.9,34.8
W002651,MDU,2026-01-11,Clear,0,9.1,20.0
W002652,MDU,2026-01-12,Clear,0,8.3,28.0
W002653,MDU,2026-01-13,Clear,0,8.6,39.0
W002654,MDU,2026-01-14,Storm,3,3.6,32.8
W002655,MDU,2026-01-15,Clear,0,9.9,17.1
W002656,MDU,2026-01-16,Fog,2,1.6,9.6
W002657,MDU,2026-01-17,Clear,0,9.1,15.2
W002658,MDU,2026-01-18,Rain,1,7.1,24.5
W002659,MDU,2026-01-19,Heavy Rain,2,2.0,13.2
W002660,MDU,2026-01-20,Clear,0,8.4,9.4
W002661,MDU,2026-01-21,Clear,0,9.5,41.4
W002662,MDU,2026-01-22,Clear,0,9.0,19.5
W002663,MDU,2026-01-23,Heavy Rain,2,2.3,29.0
W002664,MDU,2026-01-24,Clear,0,9.3,39.0
W002665,MDU,2026-01-25,Clear,0,9.5,14.5
W002666,MDU,2026-01-26,Clear,0,8.1,26.1
W002667,MDU,2026-01-27,Clear,0,9.2,22.5
W002668,MDU,2026-01-28,Clear,0,9.8,32.6
W002669,MDU,2026-01-29,Heavy Rain,2,2.7,17.4
W002670,MDU,2026-01-30,Clear,0,8.3,33.1
W002671,MDU,2026-01-31,Clear,0,9.1,24.3
W002672,MDU,2026-02-01,Fog,2,1.5,14.2
W002673,MDU,2026-02-02,Clear,0,9.3,26.0
W002674,MDU,2026-02-03,Fog,2,0.7,21.0
W002675,MDU,2026-02-04,Clear,0,8.7,22.3
W002676,MDU,2026-02-05,Clear,0,8.3,25.1
W002677,MDU,2026-02-06,Clear,0,10.0,9.2
W002678,MDU,2026-02-07,Heavy Rain,2,2.6,29.3
W002679,MDU,2026-02-08,Clear,0,9.3,31.9
W002680,MDU,2026-02-09,Clear,0,9.6,41.6
W002681,MDU,2026-02-10,Fog,2,1.0,25.5
W002682,MDU,2026-02-11,Clear,0,8.1,41.6
W002683,MDU,2026-02-12,Rain,1,4.7,25.4
W002684,MDU,2026-02-13,Clear,0,9.1,13.1
W002685,MDU,2026-02-14,Clear,0,9.4,29.5
W002686,MDU,2026-02-15,Clear,0,8.2,34.8
W002687,MDU,2026-02-16,Clear,0,8.8,35.5
W002688,MDU,2026-02-17,Clear,0,9.0,9.2
W002689,MDU,2026-02-18,Clear,0,8.9,21.2
W002690,MDU,2026-02-19,Clear,0,8.5,30.5
W002691,MDU,2026-02-20,Clear,0,8.9,23.6
W002692,MDU,2026-02-21,Clear,0,9.7,20.0
W002693,MDU,2026-02-22,Clear,0,9.6,30.4
W002694,MDU,2026-02-23,Fog,2,1.4,23.0
W002695,MDU,2026-02-24,Fog,2,1.3,33.1
W002696,MDU,2026-02-25,Clear,0,9.4,15.1
W002697,MDU,2026-02-26,Storm,3,3.8,11.5
W002698,MDU,2026-02-27,Clear,0,8.5,41.7
W002699,MDU,2026-02-28,Clear,0,9.3,9.3
W002700,MDU,2026-03-01,Clear,0,9.8,15.9
W002701,CBE,2026-01-01,Storm,3,1.8,41.2
W002702,CBE,2026-01-02,Clear,0,8.6,37.1
W002703,CBE,2026-01-03,Fog,2,0.4,15.4
W002704,CBE,2026-01-04,Clear,0,9.3,32.0
W002705,CBE,2026-01-05,Clear,0,9.8,40.7
W002706,CBE,2026-01-06,Rain,1,4.2,39.3
W002707,CBE,2026-01-07,Rain,1,8.0,37.1
W002708,CBE,2026-01-08,Rain,1,5.4,35.1
W002709,CBE,2026-01-09,Clear,0,8.9,16.7
W002710,CBE,2026-01-10,Clear,0,8.2,39.3
W002711,CBE,2026-01-11,Clear,0,9.5,19.4
W002712,CBE,2026-01-12,Fog,2,0.9,29.9
W002713,CBE,2026-01-13,Fog,2,0.7,24.3
W002714,CBE,2026-01-14,Rain,1,6.4,23.3
W002715,CBE,2026-01-15,Clear,0,10.0,30.6
W002716,CBE,2026-01-16,Storm,3,3.9,29.6
W002717,CBE,2026-01-17,Storm,3,3.5,12.0
W002718,CBE,2026-01-18,Fog,2,1.5,22.1
W002719,CBE,2026-01-19,Fog,2,1.8,35.6
W002720,CBE,2026-01-20,Fog,2,1.4,17.1
W002721,CBE,2026-01-21,Clear,0,8.1,15.5
W002722,CBE,2026-01-22,Clear,0,8.7,19.1
W002723,CBE,2026-01-23,Clear,0,8.6,16.3
W002724,CBE,2026-01-24,Heavy Rain,2,1.8,12.8
W002725,CBE,2026-01-25,Heavy Rain,2,1.8,15.4
W002726,CBE,2026-01-26,Clear,0,9.6,19.4
W002727,CBE,2026-01-27,Clear,0,8.3,35.6
W002728,CBE,2026-01-28,Clear,0,8.1,19.0
W002729,CBE,2026-01-29,Storm,3,1.6,39.9
W002730,CBE,2026-01-30,Storm,3,2.4,14.1
W002731,CBE,2026-01-31,Fog,2,0.6,16.6
W002732,CBE,2026-02-01,Clear,0,8.8,36.2
W002733,CBE,2026-02-02,Clear,0,8.2,28.0
W002734,CBE,2026-02-03,Clear,0,8.1,16.3
W002735,CBE,2026-02-04,Clear,0,8.9,25.1
W002736,CBE,2026-02-05,Clear,0,9.4,10.9
W002737,CBE,2026-02-06,Clear,0,8.1,40.1
W002738,CBE,2026-02-07,Clear,0,9.6,29.4
W002739,CBE,2026-02-08,Clear,0,8.6,30.2
W002740,CBE,2026-02-09,Clear,0,9.7,10.5
W002741,CBE,2026-02-10,Fog,2,0.3,9.8
W002742,CBE,2026-02-11,Fog,2,1.9,8.6
W002743,CBE,2026-02-12,Clear,0,9.7,8.9
W002744,CBE,2026-02-13,Clear,0,8.1,8.6
W002745,CBE,2026-02-14,Storm,3,1.4,12.6
W002746,CBE,2026-02-15,Clear,0,8.1,30.6
W002747,CBE,2026-02-16,Clear,0,8.8,9.6
W002748,CBE,2026-02-17,Clear,0,9.5,15.7
W002749,CBE,2026-02-18,Clear,0,8.4,32.9
W002750,CBE,2026-02-19,Clear,0,9.7,25.0
W002751,CBE,2026-02-20,Clear,0,9.6,25.4
W002752,CBE,2026-02-21,Clear,0,8.5,22.9
W002753,CBE,2026-02-22,Clear,0,9.3,26.7
W002754,CBE,2026-02-23,Clear,0,8.4,19.4
W002755,CBE,2026-02-24,Clear,0,8.8,17.1
W002756,CBE,2026-02-25,Rain,1,4.6,29.1
W002757,CBE,2026-02-26,Clear,0,8.6,36.9
W002758,CBE,2026-02-27,Rain,1,7.5,21.4
W002759,CBE,2026-02-28,Rain,1,5.4,21.9
W002760,CBE,2026-03-01,Rain,1,6.3,14.9
W002761,TVC,2026-01-01,Fog,2,0.5,24.1
W002762,TVC,2026-01-02,Clear,0,8.9,26.6
W002763,TVC,2026-01-03,Clear,0,8.5,22.6
W002764,TVC,2026-01-04,Rain,1,7.1,24.0
W002765,TVC,2026-01-05,Clear,0,9.2,11.3
W002766,TVC,2026-01-06,Fog,2,1.8,14.7
W002767,TVC,2026-01-07,Clear,0,8.1,24.0
W002768,TVC,2026-01-08,Clear,0,9.7,24.4
W002769,TVC,2026-01-09,Clear,0,9.4,12.0
W002770,TVC,2026-01-10,Storm,3,3.3,23.0
W002771,TVC,2026-01-11,Clear,0,9.3,21.2
W002772,TVC,2026-01-12,Rain,1,5.6,12.7
W002773,TVC,2026-01-13,Fog,2,0.2,27.5
W002774,TVC,2026-01-14,Clear,0,9.3,21.0
W002775,TVC,2026-01-15,Clear,0,8.9,38.2
W002776,TVC,2026-01-16,Clear,0,8.7,19.9
W002777,TVC,2026-01-17,Rain,1,5.6,27.9
W002778,TVC,2026-01-18,Rain,1,4.9,30.6
W002779,TVC,2026-01-19,Heavy Rain,2,2.4,9.6
W002780,TVC,2026-01-20,Clear,0,9.6,24.8
W002781,TVC,2026-01-21,Clear,0,8.1,17.6
W002782,TVC,2026-01-22,Rain,1,6.6,38.6
W002783,TVC,2026-01-23,Clear,0,9.8,39.5
W002784,TVC,2026-01-24,Clear,0,9.1,16.4
W002785,TVC,2026-01-25,Clear,0,9.9,18.3
W002786,TVC,2026-01-26,Clear,0,8.3,24.3
W002787,TVC,2026-01-27,Storm,3,3.8,21.0
W002788,TVC,2026-01-28,Clear,0,9.6,14.9
W002789,TVC,2026-01-29,Clear,0,9.4,12.6
W002790,TVC,2026-01-30,Fog,2,1.1,11.0
W002791,TVC,2026-01-31,Clear,0,8.3,24.5
W002792,TVC,2026-02-01,Rain,1,6.4,24.7
W002793,TVC,2026-02-02,Clear,0,8.9,39.2
W002794,TVC,2026-02-03,Clear,0,9.2,17.7
W002795,TVC,2026-02-04,Clear,0,8.3,39.3
W002796,TVC,2026-02-05,Clear,0,8.1,21.8
W002797,TVC,2026-02-06,Clear,0,8.7,18.6
W002798,TVC,2026-02-07,Clear,0,8.3,23.9
W002799,TVC,2026-02-08,Clear,0,9.4,28.6
W002800,TVC,2026-02-09,Clear,0,10.0,41.7
W002801,TVC,2026-02-10,Rain,1,5.8,20.4
W002802,TVC,2026-02-11,Clear,0,9.8,13.3
W002803,TVC,2026-02-12,Clear,0,9.5,24.2
W002804,TVC,2026-02-13,Rain,1,7.4,8.2
W002805,TVC,2026-02-14,Heavy Rain,2,1.8,31.8
W002806,TVC,2026-02-15,Clear,0,9.6,21.9
W002807,TVC,2026-02-16,Clear,0,9.3,12.8
W002808,TVC,2026-02-17,Clear,0,8.3,13.5
W002809,TVC,2026-02-18,Clear,0,9.1,24.0
W002810,TVC,2026-02-19,Fog,2,1.3,17.3
W002811,TVC,2026-02-20,Clear,0,9.5,34.6
W002812,TVC,2026-02-21,Rain,1,5.4,14.6
W002813,TVC,2026-02-22,Storm,3,2.8,39.4
W002814,TVC,2026-02-23,Clear,0,9.9,24.6
W002815,TVC,2026-02-24,Storm,3,2.6,37.0
W002816,TVC,2026-02-25,Clear,0,8.6,18.2
W002817,TVC,2026-02-26,Clear,0,9.7,30.3
W002818,TVC,2026-02-27,Clear,0,9.1,9.2
W002819,TVC,2026-02-28,Clear,0,9.0,19.7
W002820,TVC,2026-03-01,Storm,3,2.4,27.9
W002821,ERS,2026-01-01,Clear,0,8.3,16.5
W002822,ERS,2026-01-02,Fog,2,0.2,26.8
W002823,ERS,2026-01-03,Fog,2,0.8,26.5
W002824,ERS,2026-01-04,Clear,0,9.2,29.7
W002825,ERS,2026-01-05,Rain,1,4.6,10.3
W002826,ERS,2026-01-06,Clear,0,8.7,38.4
W002827,ERS,2026-01-07,Clear,0,8.6,10.3
W002828,ERS,2026-01-08,Clear,0,9.1,24.3
W002829,ERS,2026-01-09,Clear,0,9.2,34.3
W002830,ERS,2026-01-10,Clear,0,9.8,14.3
W002831,ERS,2026-01-11,Rain,1,4.7,10.7
W002832,ERS,2026-01-12,Rain,1,6.9,11.7
W002833,ERS,2026-01-13,Clear,0,8.6,36.4
W002834,ERS,2026-01-14,Clear,0,8.8,33.9
W002835,ERS,2026-01-15,Clear,0,8.3,15.6
W002836,ERS,2026-01-16,Clear,0,9.3,8.7
W002837,ERS,2026-01-17,Heavy Rain,2,2.8,23.0
W002838,ERS,2026-01-18,Clear,0,8.6,21.8
W002839,ERS,2026-01-19,Clear,0,9.5,21.8
W002840,ERS,2026-01-20,Clear,0,8.9,20.1
W002841,ERS,2026-01-21,Clear,0,8.4,34.5
W002842,ERS,2026-01-22,Heavy Rain,2,1.8,27.6
W002843,ERS,2026-01-23,Clear,0,8.4,8.1
W002844,ERS,2026-01-24,Clear,0,8.4,36.6
W002845,ERS,2026-01-25,Clear,0,9.4,41.0
W002846,ERS,2026-01-26,Clear,0,9.5,17.7
W002847,ERS,2026-01-27,Rain,1,7.9,30.1
W002848,ERS,2026-01-28,Clear,0,9.8,33.0
W002849,ERS,2026-01-29,Heavy Rain,2,1.2,14.7
W002850,ERS,2026-01-30,Clear,0,9.8,22.3
W002851,ERS,2026-01-31,Clear,0,8.1,12.3
W002852,ERS,2026-02-01,Rain,1,4.3,21.8
W002853,ERS,2026-02-02,Clear,0,9.4,24.3
W002854,ERS,2026-02-03,Clear,0,9.9,19.4
W002855,ERS,2026-02-04,Clear,0,8.4,12.7
W002856,ERS,2026-02-05,Heavy Rain,2,2.0,10.8
W002857,ERS,2026-02-06,Clear,0,8.3,23.4
W002858,ERS,2026-02-07,Clear,0,9.8,16.3
W002859,ERS,2026-02-08,Rain,1,5.0,20.9
W002860,ERS,2026-02-09,Clear,0,8.3,30.4
W002861,ERS,2026-02-10,Clear,0,9.4,15.2
W002862,ERS,2026-02-11,Clear,0,8.1,35.3
W002863,ERS,2026-02-12,Clear,0,8.9,37.6
W002864,ERS,2026-02-13,Clear,0,9.6,40.7
W002865,ERS,2026-02-14,Fog,2,0.8,28.9
W002866,ERS,2026-02-15,Storm,3,1.5,35.7
W002867,ERS,2026-02-16,Clear,0,9.4,8.2
W002868,ERS,2026-02-17,Clear,0,8.3,11.7
W002869,ERS,2026-02-18,Heavy Rain,2,1.3,24.7
W002870,ERS,2026-02-19,Clear,0,8.5,16.8
W002871,ERS,2026-02-20,Fog,2,0.7,30.3
W002872,ERS,2026-02-21,Fog,2,1.1,37.1
W002873,ERS,2026-02-22,Fog,2,1.8,32.6
W002874,ERS,2026-02-23,Clear,0,9.8,23.6
W002875,ERS,2026-02-24,Clear,0,9.3,40.2
W002876,ERS,2026-02-25,Storm,3,1.5,9.9
W002877,ERS,2026-02-26,Clear,0,9.4,32.8
W002878,ERS,2026-02-27,Clear,0,8.4,35.5
W002879,ERS,2026-02-28,Clear,0,8.0,35.9
W002880,ERS,2026-03-01,Heavy Rain,2,2.0,21.2
W002881,SC,2026-01-01,Clear,0,9.9,23.3
W002882,SC,2026-01-02,Clear,0,8.0,21.8
W002883,SC,2026-01-03,Rain,1,6.8,16.6
W002884,SC,2026-01-04,Fog,2,0.2,39.2
W002885,SC,2026-01-05,Clear,0,9.4,34.0
W002886,SC,2026-01-06,Clear,0,9.1,8.0
W002887,SC,2026-01-07,Clear,0,8.7,31.5
W002888,SC,2026-01-08,Rain,1,7.5,29.7
W002889,SC,2026-01-09,Rain,1,5.0,10.2
W002890,SC,2026-01-10,Clear,0,9.8,29.6
W002891,SC,2026-01-11,Clear,0,9.0,14.7
W002892,SC,2026-01-12,Clear,0,8.0,11.7
W002893,SC,2026-01-13,Heavy Rain,2,1.2,38.2
W002894,SC,2026-01-14,Rain,1,5.6,14.9
W002895,SC,2026-01-15,Rain,1,4.4,25.6
W002896,SC,2026-01-16,Clear,0,8.2,33.0
W002897,SC,2026-01-17,Clear,0,9.3,37.4
W002898,SC,2026-01-18,Clear,0,10.0,28.0
W002899,SC,2026-01-19,Clear,0,8.9,16.4
W002900,SC,2026-01-20,Rain,1,6.0,11.2
W002901,SC,2026-01-21,Fog,2,1.4,17.1
W002902,SC,2026-01-22,Clear,0,9.1,8.2
W002903,SC,2026-01-23,Rain,1,4.6,22.6
W002904,SC,2026-01-24,Clear,0,9.3,10.1
W002905,SC,2026-01-25,Clear,0,9.7,35.3
W002906,SC,2026-01-26,Clear,0,8.4,38.1
W002907,SC,2026-01-27,Heavy Rain,2,1.4,40.3
W002908,SC,2026-01-28,Rain,1,7.7,25.0
W002909,SC,2026-01-29,Clear,0,8.3,34.5
W002910,SC,2026-01-30,Clear,0,8.9,17.5
W002911,SC,2026-01-31,Clear,0,9.4,30.4
W002912,SC,2026-02-01,Heavy Rain,2,1.9,34.6
W002913,SC,2026-02-02,Fog,2,1.1,32.1
W002914,SC,2026-02-03,Clear,0,9.5,32.6
W002915,SC,2026-02-04,Clear,0,9.7,20.5
W002916,SC,2026-02-05,Clear,0,9.6,20.4
W002917,SC,2026-02-06,Rain,1,7.8,33.8
W002918,SC,2026-02-07,Clear,0,9.2,16.3
W002919,SC,2026-02-08,Clear,0,8.2,19.2
W002920,SC,2026-02-09,Rain,1,4.3,9.0
W002921,SC,2026-02-10,Clear,0,8.8,38.9
W002922,SC,2026-02-11,Clear,0,9.7,32.3
W002923,SC,2026-02-12,Clear,0,9.8,11.1
W002924,SC,2026-02-13,Clear,0,8.5,37.0
W002925,SC,2026-02-14,Rain,1,4.6,24.8
W002926,SC,2026-02-15,Clear,0,9.3,26.3
W002927,SC,2026-02-16,Clear,0,9.8,8.1
W002928,SC,2026-02-17,Heavy Rain,2,2.3,9.7
W002929,SC,2026-02-18,Clear,0,9.5,19.5
W002930,SC,2026-02-19,Clear,0,8.3,37.9
W002931,SC,2026-02-20,Rain,1,4.9,21.0
W002932,SC,2026-02-21,Rain,1,4.8,9.3
W002933,SC,2026-02-22,Clear,0,9.6,8.1
W002934,SC,2026-02-23,Fog,2,1.1,15.8
W002935,SC,2026-02-24,Rain,1,5.3,31.2
W002936,SC,2026-02-25,Clear,0,8.5,11.0
W002937,SC,2026-02-26,Rain,1,6.1,12.8
W002938,SC,2026-02-27,Clear,0,9.3,18.3
W002939,SC,2026-02-28,Clear,0,9.4,32.4
W002940,SC,2026-03-01,Clear,0,9.7,15.2
W002941,HYB,2026-01-01,Rain,1,7.4,29.0
W002942,HYB,2026-01-02,Clear,0,8.3,22.4
W002943,HYB,2026-01-03,Clear,0,10.0,21.8
W002944,HYB,2026-01-04,Clear,0,9.0,12.3
W002945,HYB,2026-01-05,Clear,0,9.6,30.6
W002946,HYB,2026-01-06,Clear,0,8.2,39.4
W002947,HYB,2026-01-07,Clear,0,8.3,8.4
W002948,HYB,2026-01-08,Rain,1,6.6,13.7
W002949,HYB,2026-01-09,Clear,0,9.3,17.9
W002950,HYB,2026-01-10,Clear,0,9.6,24.3
W002951,HYB,2026-01-11,Clear,0,8.6,14.4
W002952,HYB,2026-01-12,Clear,0,9.9,40.0
W002953,HYB,2026-01-13,Clear,0,9.5,27.8
W002954,HYB,2026-01-14,Clear,0,9.9,19.9
W002955,HYB,2026-01-15,Clear,0,9.1,9.3
W002956,HYB,2026-01-16,Fog,2,0.5,31.9
W002957,HYB,2026-01-17,Clear,0,9.9,9.7
W002958,HYB,2026-01-18,Clear,0,8.0,13.1
W002959,HYB,2026-01-19,Clear,0,8.1,27.4
W002960,HYB,2026-01-20,Storm,3,1.5,36.9
W002961,HYB,2026-01-21,Clear,0,8.4,8.5
W002962,HYB,2026-01-22,Fog,2,0.7,21.1
W002963,HYB,2026-01-23,Rain,1,6.8,34.9
W002964,HYB,2026-01-24,Clear,0,10.0,35.4
W002965,HYB,2026-01-25,Rain,1,7.8,34.4
W002966,HYB,2026-01-26,Clear,0,8.1,18.3
W002967,HYB,2026-01-27,Fog,2,0.9,26.7
W002968,HYB,2026-01-28,Clear,0,9.6,17.1
W002969,HYB,2026-01-29,Clear,0,8.6,26.6
W002970,HYB,2026-01-30,Clear,0,8.3,18.2
W002971,HYB,2026-01-31,Clear,0,8.3,8.2
W002972,HYB,2026-02-01,Clear,0,9.2,28.7
W002973,HYB,2026-02-02,Clear,0,9.7,28.3
W002974,HYB,2026-02-03,Clear,0,9.1,10.0
W002975,HYB,2026-02-04,Storm,3,3.2,8.3
W002976,HYB,2026-02-05,Clear,0,8.6,31.7
W002977,HYB,2026-02-06,Clear,0,9.8,29.6
W002978,HYB,2026-02-07,Fog,2,1.2,22.3
W002979,HYB,2026-02-08,Clear,0,10.0,8.2
W002980,HYB,2026-02-09,Storm,3,2.0,38.1
W002981,HYB,2026-02-10,Clear,0,8.9,15.6
W002982,HYB,2026-02-11,Clear,0,9.7,11.4
W002983,HYB,2026-02-12,Clear,0,9.3,14.3
W002984,HYB,2026-02-13,Clear,0,8.5,30.7
W002985,HYB,2026-02-14,Clear,0,8.1,19.9
W002986,HYB,2026-02-15,Clear,0,9.9,36.0
W002987,HYB,2026-02-16,Clear,0,9.2,19.7
W002988,HYB,2026-02-17,Clear,0,9.5,12.6
W002989,HYB,2026-02-18,Clear,0,9.7,41.9
W002990,HYB,2026-02-19,Clear,0,8.2,33.9
W002991,HYB,2026-02-20,Rain,1,5.0,16.8
W002992,HYB,2026-02-21,Clear,0,10.0,10.0
W002993,HYB,2026-02-22,Clear,0,8.2,29.0
W002994,HYB,2026-02-23,Clear,0,8.1,19.2
W002995,HYB,2026-02-24,Clear,0,9.2,22.2
W002996,HYB,2026-02-25,Clear,0,9.6,36.1
W002997,HYB,2026-02-26,Clear,0,9.1,30.4
W002998,HYB,2026-02-27,Rain,1,5.5,37.2
W002999,HYB,2026-02-28,Clear,0,8.4,34.1
W003000,HYB,2026-03-01,Clear,0,8.9,8.8
W003001,BZA,2026-01-01,Clear,0,8.5,16.5
W003002,BZA,2026-01-02,Fog,2,0.3,13.3
W003003,BZA,2026-01-03,Storm,3,2.2,31.2
W003004,BZA,2026-01-04,Clear,0,9.3,35.5
W003005,BZA,2026-01-05,Fog,2,1.0,10.8
W003006,BZA,2026-01-06,Clear,0,9.0,16.4
W003007,BZA,2026-01-07,Clear,0,8.2,11.9
W003008,BZA,2026-01-08,Clear,0,8.3,19.8
W003009,BZA,2026-01-09,Clear,0,9.2,18.8
W003010,BZA,2026-01-10,Clear,0,10.0,16.3
W003011,BZA,2026-01-11,Clear,0,9.2,9.9
W003012,BZA,2026-01-12,Clear,0,9.0,17.3
W003013,BZA,2026-01-13,Clear,0,9.4,18.1
W003014,BZA,2026-01-14,Clear,0,9.4,10.6
W003015,BZA,2026-01-15,Clear,0,9.1,11.4
W003016,BZA,2026-01-16,Clear,0,8.8,26.2
W003017,BZA,2026-01-17,Clear,0,8.7,32.9
W003018,BZA,2026-01-18,Fog,2,1.3,36.6
W003019,BZA,2026-01-19,Clear,0,9.1,16.3
W003020,BZA,2026-01-20,Clear,0,8.0,24.4
W003021,BZA,2026-01-21,Clear,0,8.0,40.9
W003022,BZA,2026-01-22,Fog,2,0.9,35.0
W003023,BZA,2026-01-23,Rain,1,5.3,10.8
W003024,BZA,2026-01-24,Clear,0,9.6,16.8
W003025,BZA,2026-01-25,Clear,0,9.2,28.4
W003026,BZA,2026-01-26,Clear,0,9.0,33.7
W003027,BZA,2026-01-27,Clear,0,8.8,12.6
W003028,BZA,2026-01-28,Clear,0,9.7,20.4
W003029,BZA,2026-01-29,Clear,0,8.2,41.8
W003030,BZA,2026-01-30,Clear,0,8.3,20.9
W003031,BZA,2026-01-31,Clear,0,8.6,15.4
W003032,BZA,2026-02-01,Clear,0,9.4,13.9
W003033,BZA,2026-02-02,Rain,1,5.2,33.1
W003034,BZA,2026-02-03,Clear,0,9.8,26.3
W003035,BZA,2026-02-04,Clear,0,9.2,34.5
W003036,BZA,2026-02-05,Clear,0,8.1,21.7
W003037,BZA,2026-02-06,Clear,0,9.7,34.5
W003038,BZA,2026-02-07,Rain,1,4.5,19.2
W003039,BZA,2026-02-08,Clear,0,8.1,27.7
W003040,BZA,2026-02-09,Clear,0,8.9,8.7
W003041,BZA,2026-02-10,Clear,0,8.9,36.1
W003042,BZA,2026-02-11,Clear,0,8.9,36.3
W003043,BZA,2026-02-12,Clear,0,8.6,37.5
W003044,BZA,2026-02-13,Clear,0,8.2,20.1
W003045,BZA,2026-02-14,Rain,1,6.1,22.7
W003046,BZA,2026-02-15,Clear,0,9.3,16.3
W003047,BZA,2026-02-16,Storm,3,2.1,20.0
W003048,BZA,2026-02-17,Heavy Rain,2,1.2,15.4
W003049,BZA,2026-02-18,Fog,2,0.6,32.2
W003050,BZA,2026-02-19,Clear,0,9.8,11.9
W003051,BZA,2026-02-20,Clear,0,9.6,31.2
W003052,BZA,2026-02-21,Clear,0,8.8,36.5
W003053,BZA,2026-02-22,Clear,0,9.2,18.6
W003054,BZA,2026-02-23,Clear,0,8.1,25.5
W003055,BZA,2026-02-24,Clear,0,8.4,28.3
W003056,BZA,2026-02-25,Clear,0,9.5,28.5
W003057,BZA,2026-02-26,Clear,0,9.8,10.4
W003058,BZA,2026-02-27,Clear,0,9.5,41.4
W003059,BZA,2026-02-28,Fog,2,0.5,35.8
W003060,BZA,2026-03-01,Storm,3,2.2,27.4
W003061,GNT,2026-01-01,Clear,0,8.5,11.2
W003062,GNT,2026-01-02,Clear,0,9.6,21.6
W003063,GNT,2026-01-03,Rain,1,7.8,18.4
W003064,GNT,2026-01-04,Fog,2,1.8,41.5
W003065,GNT,2026-01-05,Clear,0,9.7,19.2
W003066,GNT,2026-01-06,Fog,2,0.3,40.7
W003067,GNT,2026-01-07,Clear,0,9.9,15.7
W003068,GNT,2026-01-08,Clear,0,8.0,33.0
W003069,GNT,2026-01-09,Fog,2,1.7,35.5
W003070,GNT,2026-01-10,Clear,0,9.8,11.2
W003071,GNT,2026-01-11,Clear,0,9.3,37.7
W003072,GNT,2026-01-12,Clear,0,9.3,33.6
W003073,GNT,2026-01-13,Clear,0,9.2,30.7
W003074,GNT,2026-01-14,Clear,0,9.3,27.6
W003075,GNT,2026-01-15,Clear,0,9.0,23.9
W003076,GNT,2026-01-16,Clear,0,9.7,29.2
W003077,GNT,2026-01-17,Clear,0,9.6,8.9
W003078,GNT,2026-01-18,Clear,0,8.8,9.2
W003079,GNT,2026-01-19,Fog,2,1.2,22.4
W003080,GNT,2026-01-20,Clear,0,8.3,11.2
W003081,GNT,2026-01-21,Clear,0,9.6,35.0
W003082,GNT,2026-01-22,Rain,1,5.1,22.4
W003083,GNT,2026-01-23,Clear,0,9.5,26.3
W003084,GNT,2026-01-24,Clear,0,8.5,21.0
W003085,GNT,2026-01-25,Fog,2,1.7,14.0
W003086,GNT,2026-01-26,Clear,0,9.1,8.7
W003087,GNT,2026-01-27,Clear,0,8.7,37.0
W003088,GNT,2026-01-28,Clear,0,9.9,39.3
W003089,GNT,2026-01-29,Heavy Rain,2,1.9,22.3
W003090,GNT,2026-01-30,Clear,0,8.6,23.6
W003091,GNT,2026-01-31,Heavy Rain,2,2.5,12.6
W003092,GNT,2026-02-01,Clear,0,8.9,21.7
W003093,GNT,2026-02-02,Clear,0,9.9,8.6
W003094,GNT,2026-02-03,Rain,1,7.4,22.7
W003095,GNT,2026-02-04,Clear,0,9.7,15.3
W003096,GNT,2026-02-05,Clear,0,9.6,24.3
W003097,GNT,2026-02-06,Clear,0,8.9,22.4
W003098,GNT,2026-02-07,Clear,0,8.2,14.1
W003099,GNT,2026-02-08,Clear,0,8.4,25.6
W003100,GNT,2026-02-09,Clear,0,10.0,34.6
W003101,GNT,2026-02-10,Clear,0,9.4,36.0
W003102,GNT,2026-02-11,Rain,1,4.7,26.3
W003103,GNT,2026-02-12,Clear,0,8.7,9.9
W003104,GNT,2026-02-13,Fog,2,2.0,13.9
W003105,GNT,2026-02-14,Clear,0,9.7,16.5
W003106,GNT,2026-02-15,Clear,0,9.1,21.1
W003107,GNT,2026-02-16,Clear,0,8.7,34.0
W003108,GNT,2026-02-17,Clear,0,9.2,8.1
W003109,GNT,2026-02-18,Clear,0,9.8,23.6
W003110,GNT,2026-02-19,Clear,0,9.5,40.1
W003111,GNT,2026-02-20,Rain,1,5.2,25.3
W003112,GNT,2026-02-21,Clear,0,9.5,13.1
W003113,GNT,2026-02-22,Clear,0,8.9,23.2
W003114,GNT,2026-02-23,Clear,0,8.2,22.6
W003115,GNT,2026-02-24,Rain,1,5.6,9.4
W003116,GNT,2026-02-25,Clear,0,9.8,24.9
W003117,GNT,2026-02-26,Rain,1,5.1,25.1
W003118,GNT,2026-02-27,Clear,0,9.2,36.1
W003119,GNT,2026-02-28,Clear,0,9.5,8.9
W003120,GNT,2026-03-01,Fog,2,0.8,23.1
W003121,NLDA,2026-01-01,Clear,0,8.2,10.0
W003122,NLDA,2026-01-02,Clear,0,9.6,35.1
W003123,NLDA,2026-01-03,Clear,0,8.7,16.3
W003124,NLDA,2026-01-04,Storm,3,3.9,39.1
W003125,NLDA,2026-01-05,Fog,2,1.3,30.8
W003126,NLDA,2026-01-06,Clear,0,9.9,10.4
W003127,NLDA,2026-01-07,Rain,1,6.3,10.7
W003128,NLDA,2026-01-08,Rain,1,6.3,10.9
W003129,NLDA,2026-01-09,Clear,0,9.8,21.7
W003130,NLDA,2026-01-10,Clear,0,9.5,30.0
W003131,NLDA,2026-01-11,Clear,0,9.3,30.1
W003132,NLDA,2026-01-12,Rain,1,7.5,12.5
W003133,NLDA,2026-01-13,Clear,0,10.0,32.4
W003134,NLDA,2026-01-14,Rain,1,4.0,38.9
W003135,NLDA,2026-01-15,Heavy Rain,2,2.4,39.1
W003136,NLDA,2026-01-16,Clear,0,8.1,18.5
W003137,NLDA,2026-01-17,Clear,0,9.7,33.2
W003138,NLDA,2026-01-18,Clear,0,8.5,28.6
W003139,NLDA,2026-01-19,Clear,0,8.0,34.6
W003140,NLDA,2026-01-20,Clear,0,8.5,33.7
W003141,NLDA,2026-01-21,Clear,0,8.6,41.0
W003142,NLDA,2026-01-22,Fog,2,0.8,17.1
W003143,NLDA,2026-01-23,Fog,2,0.8,39.8
W003144,NLDA,2026-01-24,Rain,1,4.7,37.8
W003145,NLDA,2026-01-25,Heavy Rain,2,1.6,10.6
W003146,NLDA,2026-01-26,Clear,0,10.0,41.1
W003147,NLDA,2026-01-27,Clear,0,8.9,11.3
W003148,NLDA,2026-01-28,Clear,0,9.1,32.9
W003149,NLDA,2026-01-29,Storm,3,1.8,31.9
W003150,NLDA,2026-01-30,Storm,3,2.1,23.8
W003151,NLDA,2026-01-31,Heavy Rain,2,2.7,10.2
W003152,NLDA,2026-02-01,Clear,0,8.9,11.0
W003153,NLDA,2026-02-02,Clear,0,8.7,18.9
W003154,NLDA,2026-02-03,Clear,0,8.1,32.2
W003155,NLDA,2026-02-04,Fog,2,1.3,34.1
W003156,NLDA,2026-02-05,Clear,0,8.8,41.6
W003157,NLDA,2026-02-06,Clear,0,9.6,39.9
W003158,NLDA,2026-02-07,Heavy Rain,2,1.1,29.0
W003159,NLDA,2026-02-08,Rain,1,5.7,29.8
W003160,NLDA,2026-02-09,Rain,1,4.2,25.9
W003161,NLDA,2026-02-10,Clear,0,9.3,36.0
W003162,NLDA,2026-02-11,Fog,2,0.8,13.8
W003163,NLDA,2026-02-12,Rain,1,6.3,29.5
W003164,NLDA,2026-02-13,Clear,0,9.6,12.7
W003165,NLDA,2026-02-14,Rain,1,7.7,26.7
W003166,NLDA,2026-02-15,Clear,0,9.4,39.0
W003167,NLDA,2026-02-16,Clear,0,8.7,39.9
W003168,NLDA,2026-02-17,Clear,0,8.7,31.0
W003169,NLDA,2026-02-18,Clear,0,9.9,25.5
W003170,NLDA,2026-02-19,Clear,0,8.8,16.9
W003171,NLDA,2026-02-20,Clear,0,8.7,31.5
W003172,NLDA,2026-02-21,Clear,0,8.7,41.0
W003173,NLDA,2026-02-22,Clear,0,8.7,21.2
W003174,NLDA,2026-02-23,Clear,0,8.7,39.5
W003175,NLDA,2026-02-24,Clear,0,9.8,36.2
W003176,NLDA,2026-02-25,Clear,0,8.8,36.7
W003177,NLDA,2026-02-26,Clear,0,8.2,39.4
W003178,NLDA,2026-02-27,Clear,0,9.2,28.9
W003179,NLDA,2026-02-28,Clear,0,8.0,25.7
W003180,NLDA,2026-03-01,Rain,1,6.9,18.5
W003181,BSP,2026-01-01,Clear,0,9.5,15.9
W003182,BSP,2026-01-02,Clear,0,9.1,15.3
W003183,BSP,2026-01-03,Clear,0,9.1,35.5
W003184,BSP,2026-01-04,Clear,0,9.0,36.4
W003185,BSP,2026-01-05,Clear,0,9.4,30.5
W003186,BSP,2026-01-06,Rain,1,4.6,33.8
W003187,BSP,2026-01-07,Clear,0,8.4,19.7
W003188,BSP,2026-01-08,Clear,0,8.6,25.1
W003189,BSP,2026-01-09,Clear,0,8.8,17.5
W003190,BSP,2026-01-10,Clear,0,9.1,39.9
W003191,BSP,2026-01-11,Clear,0,8.7,31.8
W003192,BSP,2026-01-12,Clear,0,9.1,29.6
W003193,BSP,2026-01-13,Storm,3,2.0,12.1
W003194,BSP,2026-01-14,Rain,1,6.5,28.8
W003195,BSP,2026-01-15,Clear,0,8.6,28.8
W003196,BSP,2026-01-16,Clear,0,9.2,40.5
W003197,BSP,2026-01-17,Clear,0,9.0,9.3
W003198,BSP,2026-01-18,Rain,1,5.9,12.3
W003199,BSP,2026-01-19,Clear,0,9.1,21.0
W003200,BSP,2026-01-20,Clear,0,9.1,10.8
W003201,BSP,2026-01-21,Clear,0,9.0,26.8
W003202,BSP,2026-01-22,Clear,0,9.7,25.9
W003203,BSP,2026-01-23,Clear,0,9.5,8.5
W003204,BSP,2026-01-24,Clear,0,8.3,39.7
W003205,BSP,2026-01-25,Heavy Rain,2,2.0,15.0
W003206,BSP,2026-01-26,Fog,2,0.4,32.2
W003207,BSP,2026-01-27,Heavy Rain,2,2.3,20.4
W003208,BSP,2026-01-28,Clear,0,10.0,36.9
W003209,BSP,2026-01-29,Clear,0,9.3,37.7
W003210,BSP,2026-01-30,Clear,0,8.2,20.6
W003211,BSP,2026-01-31,Clear,0,9.0,36.3
W003212,BSP,2026-02-01,Heavy Rain,2,2.6,11.4
W003213,BSP,2026-02-02,Clear,0,8.9,18.2
W003214,BSP,2026-02-03,Rain,1,4.7,29.1
W003215,BSP,2026-02-04,Clear,0,9.5,24.2
W003216,BSP,2026-02-05,Clear,0,8.9,20.3
W003217,BSP,2026-02-06,Clear,0,9.2,41.5
W003218,BSP,2026-02-07,Clear,0,8.9,40.3
W003219,BSP,2026-02-08,Rain,1,5.1,40.2
W003220,BSP,2026-02-09,Rain,1,4.5,41.8
W003221,BSP,2026-02-10,Rain,1,7.8,34.1
W003222,BSP,2026-02-11,Clear,0,8.5,24.4
W003223,BSP,2026-02-12,Clear,0,9.9,19.6
W003224,BSP,2026-02-13,Clear,0,9.5,20.7
W003225,BSP,2026-02-14,Clear,0,9.3,19.9
W003226,BSP,2026-02-15,Clear,0,9.6,28.3
W003227,BSP,2026-02-16,Heavy Rain,2,2.3,38.5
W003228,BSP,2026-02-17,Clear,0,9.8,15.3
W003229,BSP,2026-02-18,Rain,1,6.6,16.6
W003230,BSP,2026-02-19,Heavy Rain,2,2.4,30.8
W003231,BSP,2026-02-20,Clear,0,9.6,32.3
W003232,BSP,2026-02-21,Clear,0,10.0,34.1
W003233,BSP,2026-02-22,Clear,0,8.9,19.8
W003234,BSP,2026-02-23,Rain,1,4.2,23.6
W003235,BSP,2026-02-24,Rain,1,4.1,26.0
W003236,BSP,2026-02-25,Clear,0,8.2,35.6
W003237,BSP,2026-02-26,Clear,0,9.1,20.0
W003238,BSP,2026-02-27,Clear,0,8.9,25.9
W003239,BSP,2026-02-28,Clear,0,9.0,10.9
W003240,BSP,2026-03-01,Clear,0,9.6,14.4
W003241,R,2026-01-01,Clear,0,9.8,22.7
W003242,R,2026-01-02,Heavy Rain,2,2.4,34.1
W003243,R,2026-01-03,Fog,2,0.6,41.1
W003244,R,2026-01-04,Rain,1,7.7,29.4
W003245,R,2026-01-05,Heavy Rain,2,2.6,19.7
W003246,R,2026-01-06,Fog,2,1.7,32.1
W003247,R,2026-01-07,Rain,1,6.0,11.5
W003248,R,2026-01-08,Heavy Rain,2,2.6,30.4
W003249,R,2026-01-09,Clear,0,8.3,26.6
W003250,R,2026-01-10,Heavy Rain,2,2.2,33.8
W003251,R,2026-01-11,Clear,0,8.5,20.7
W003252,R,2026-01-12,Heavy Rain,2,1.2,26.1
W003253,R,2026-01-13,Heavy Rain,2,1.4,40.9
W003254,R,2026-01-14,Rain,1,4.8,28.2
W003255,R,2026-01-15,Clear,0,9.9,17.5
W003256,R,2026-01-16,Clear,0,8.2,30.5
W003257,R,2026-01-17,Clear,0,8.5,13.7
W003258,R,2026-01-18,Clear,0,8.8,17.9
W003259,R,2026-01-19,Fog,2,1.4,11.7
W003260,R,2026-01-20,Clear,0,9.6,30.2
W003261,R,2026-01-21,Rain,1,5.7,26.6
W003262,R,2026-01-22,Heavy Rain,2,1.6,15.6
W003263,R,2026-01-23,Clear,0,9.7,16.7
W003264,R,2026-01-24,Clear,0,8.6,31.3
W003265,R,2026-01-25,Clear,0,9.4,40.8
W003266,R,2026-01-26,Rain,1,6.6,41.9
W003267,R,2026-01-27,Rain,1,6.7,27.0
W003268,R,2026-01-28,Clear,0,8.8,17.4
W003269,R,2026-01-29,Clear,0,8.7,12.7
W003270,R,2026-01-30,Fog,2,0.5,33.0
W003271,R,2026-01-31,Rain,1,6.0,37.4
W003272,R,2026-02-01,Fog,2,0.6,18.1
W003273,R,2026-02-02,Rain,1,4.3,19.1
W003274,R,2026-02-03,Clear,0,8.6,19.7
W003275,R,2026-02-04,Clear,0,8.3,39.0
W003276,R,2026-02-05,Clear,0,8.2,27.3
W003277,R,2026-02-06,Clear,0,8.4,24.8
W003278,R,2026-02-07,Heavy Rain,2,1.7,38.4
W003279,R,2026-02-08,Clear,0,8.3,21.3
W003280,R,2026-02-09,Clear,0,8.5,21.1
W003281,R,2026-02-10,Clear,0,9.5,22.8
W003282,R,2026-02-11,Clear,0,8.8,39.7
W003283,R,2026-02-12,Rain,1,6.5,24.1
W003284,R,2026-02-13,Clear,0,8.5,32.7
W003285,R,2026-02-14,Clear,0,9.5,34.5
W003286,R,2026-02-15,Clear,0,8.6,22.9
W003287,R,2026-02-16,Heavy Rain,2,3.0,36.7
W003288,R,2026-02-17,Clear,0,8.1,27.7
W003289,R,2026-02-18,Fog,2,0.4,41.8
W003290,R,2026-02-19,Clear,0,8.6,23.7
W003291,R,2026-02-20,Clear,0,9.6,19.5
W003292,R,2026-02-21,Fog,2,1.3,31.3
W003293,R,2026-02-22,Clear,0,8.7,28.3
W003294,R,2026-02-23,Fog,2,0.6,21.9
W003295,R,2026-02-24,Clear,0,8.1,28.3
W003296,R,2026-02-25,Clear,0,9.5,15.6
W003297,R,2026-02-26,Clear,0,8.4,10.9
W003298,R,2026-02-27,Fog,2,1.2,14.4
W003299,R,2026-02-28,Rain,1,7.9,15.9
W003300,R,2026-03-01,Rain,1,4.2,16.6
W003301,DURG,2026-01-01,Clear,0,9.6,20.8
W003302,DURG,2026-01-02,Storm,3,2.0,12.4
W003303,DURG,2026-01-03,Clear,0,9.1,25.2
W003304,DURG,2026-01-04,Clear,0,9.4,26.1
W003305,DURG,2026-01-05,Heavy Rain,2,2.6,40.7
W003306,DURG,2026-01-06,Clear,0,9.5,18.6
W003307,DURG,2026-01-07,Clear,0,9.6,41.0
W003308,DURG,2026-01-08,Clear,0,9.6,29.7
W003309,DURG,2026-01-09,Clear,0,8.8,13.7
W003310,DURG,2026-01-10,Clear,0,8.2,38.7
W003311,DURG,2026-01-11,Clear,0,9.9,26.4
W003312,DURG,2026-01-12,Clear,0,9.0,35.1
W003313,DURG,2026-01-13,Clear,0,9.6,35.8
W003314,DURG,2026-01-14,Clear,0,9.3,33.8
W003315,DURG,2026-01-15,Clear,0,9.0,25.9
W003316,DURG,2026-01-16,Clear,0,9.4,30.3
W003317,DURG,2026-01-17,Clear,0,9.4,17.4
W003318,DURG,2026-01-18,Clear,0,8.3,22.1
W003319,DURG,2026-01-19,Fog,2,0.8,31.1
W003320,DURG,2026-01-20,Clear,0,8.6,26.2
W003321,DURG,2026-01-21,Rain,1,6.2,40.9
W003322,DURG,2026-01-22,Clear,0,9.0,29.9
W003323,DURG,2026-01-23,Clear,0,9.6,12.6
W003324,DURG,2026-01-24,Clear,0,8.5,23.7
W003325,DURG,2026-01-25,Clear,0,8.1,24.4
W003326,DURG,2026-01-26,Clear,0,9.2,13.3
W003327,DURG,2026-01-27,Rain,1,5.0,8.1
W003328,DURG,2026-01-28,Clear,0,9.3,38.9
W003329,DURG,2026-01-29,Clear,0,9.9,22.6
W003330,DURG,2026-01-30,Clear,0,9.2,34.8
W003331,DURG,2026-01-31,Clear,0,9.9,39.1
W003332,DURG,2026-02-01,Clear,0,9.6,28.4
W003333,DURG,2026-02-02,Clear,0,9.1,40.9
W003334,DURG,2026-02-03,Fog,2,1.0,24.3
W003335,DURG,2026-02-04,Fog,2,1.3,18.3
W003336,DURG,2026-02-05,Fog,2,0.9,19.5
W003337,DURG,2026-02-06,Clear,0,9.4,36.4
W003338,DURG,2026-02-07,Clear,0,9.1,29.8
W003339,DURG,2026-02-08,Clear,0,8.9,27.3
W003340,DURG,2026-02-09,Clear,0,8.1,37.9
W003341,DURG,2026-02-10,Clear,0,9.4,13.2
W003342,DURG,2026-02-11,Clear,0,8.8,17.1
W003343,DURG,2026-02-12,Heavy Rain,2,2.4,40.1
W003344,DURG,2026-02-13,Clear,0,8.9,40.6
W003345,DURG,2026-02-14,Clear,0,9.1,12.3
W003346,DURG,2026-02-15,Clear,0,8.4,35.2
W003347,DURG,2026-02-16,Clear,0,9.2,19.0
W003348,DURG,2026-02-17,Clear,0,8.8,20.0
W003349,DURG,2026-02-18,Fog,2,1.8,23.8
W003350,DURG,2026-02-19,Rain,1,4.0,27.5
W003351,DURG,2026-02-20,Rain,1,5.7,29.9
W003352,DURG,2026-02-21,Clear,0,8.9,30.4
W003353,DURG,2026-02-22,Clear,0,9.8,12.9
W003354,DURG,2026-02-23,Rain,1,5.7,27.4
W003355,DURG,2026-02-24,Clear,0,8.6,37.0
W003356,DURG,2026-02-25,Rain,1,7.5,23.9
W003357,DURG,2026-02-26,Rain,1,4.8,15.5
W003358,DURG,2026-02-27,Clear,0,9.0,9.7
W003359,DURG,2026-02-28,Storm,3,2.4,16.6
W003360,DURG,2026-03-01,Clear,0,9.1,19.8
W003361,KGP,2026-01-01,Clear,0,8.1,9.0
W003362,KGP,2026-01-02,Rain,1,5.4,40.5
W003363,KGP,2026-01-03,Clear,0,10.0,31.0
W003364,KGP,2026-01-04,Fog,2,0.5,37.1
W003365,KGP,2026-01-05,Clear,0,8.5,27.9
W003366,KGP,2026-01-06,Heavy Rain,2,2.8,33.3
W003367,KGP,2026-01-07,Rain,1,7.8,37.7
W003368,KGP,2026-01-08,Clear,0,9.4,39.7
W003369,KGP,2026-01-09,Clear,0,8.5,16.4
W003370,KGP,2026-01-10,Heavy Rain,2,1.3,37.7
W003371,KGP,2026-01-11,Rain,1,6.9,8.0
W003372,KGP,2026-01-12,Clear,0,8.1,21.1
W003373,KGP,2026-01-13,Heavy Rain,2,1.9,31.3
W003374,KGP,2026-01-14,Rain,1,7.7,11.7
W003375,KGP,2026-01-15,Clear,0,8.6,28.4
W003376,KGP,2026-01-16,Clear,0,9.0,35.2
W003377,KGP,2026-01-17,Fog,2,1.1,25.3
W003378,KGP,2026-01-18,Rain,1,4.4,28.3
W003379,KGP,2026-01-19,Storm,3,3.3,26.2
W003380,KGP,2026-01-20,Clear,0,9.0,13.3
W003381,KGP,2026-01-21,Clear,0,9.3,13.2
W003382,KGP,2026-01-22,Clear,0,8.4,32.2
W003383,KGP,2026-01-23,Clear,0,9.1,33.8
W003384,KGP,2026-01-24,Clear,0,10.0,26.7
W003385,KGP,2026-01-25,Clear,0,9.8,20.9
W003386,KGP,2026-01-26,Clear,0,8.8,11.4
W003387,KGP,2026-01-27,Clear,0,8.7,15.0
W003388,KGP,2026-01-28,Clear,0,9.9,28.0
W003389,KGP,2026-01-29,Clear,0,9.4,33.8
W003390,KGP,2026-01-30,Clear,0,9.5,11.4
W003391,KGP,2026-01-31,Clear,0,9.1,17.6
W003392,KGP,2026-02-01,Clear,0,8.3,20.7
W003393,KGP,2026-02-02,Heavy Rain,2,1.1,9.1
W003394,KGP,2026-02-03,Storm,3,1.6,36.8
W003395,KGP,2026-02-04,Clear,0,8.9,15.3
W003396,KGP,2026-02-05,Clear,0,9.6,9.0
W003397,KGP,2026-02-06,Clear,0,8.4,24.7
W003398,KGP,2026-02-07,Storm,3,2.2,41.7
W003399,KGP,2026-02-08,Clear,0,8.8,28.6
W003400,KGP,2026-02-09,Clear,0,8.3,13.6
W003401,KGP,2026-02-10,Clear,0,8.3,23.4
W003402,KGP,2026-02-11,Heavy Rain,2,1.2,9.5
W003403,KGP,2026-02-12,Clear,0,9.8,8.4
W003404,KGP,2026-02-13,Clear,0,8.8,27.7
W003405,KGP,2026-02-14,Clear,0,9.1,21.0
W003406,KGP,2026-02-15,Clear,0,8.2,35.6
W003407,KGP,2026-02-16,Heavy Rain,2,1.3,26.9
W003408,KGP,2026-02-17,Clear,0,9.1,23.7
W003409,KGP,2026-02-18,Clear,0,8.1,9.1
W003410,KGP,2026-02-19,Clear,0,9.4,28.5
W003411,KGP,2026-02-20,Clear,0,9.1,34.8
W003412,KGP,2026-02-21,Fog,2,1.7,28.9
W003413,KGP,2026-02-22,Rain,1,5.5,32.7
W003414,KGP,2026-02-23,Clear,0,9.1,10.7
W003415,KGP,2026-02-24,Clear,0,9.5,29.5
W003416,KGP,2026-02-25,Clear,0,9.9,29.6
W003417,KGP,2026-02-26,Clear,0,9.2,8.0
W003418,KGP,2026-02-27,Rain,1,7.2,35.8
W003419,KGP,2026-02-28,Clear,0,8.4,39.0
W003420,KGP,2026-03-01,Clear,0,8.9,28.4
W003421,TATA,2026-01-01,Rain,1,5.1,17.0
W003422,TATA,2026-01-02,Clear,0,9.2,16.4
W003423,TATA,2026-01-03,Clear,0,8.5,29.4
W003424,TATA,2026-01-04,Storm,3,3.3,23.3
W003425,TATA,2026-01-05,Clear,0,8.1,16.2
W003426,TATA,2026-01-06,Rain,1,4.1,21.8
W003427,TATA,2026-01-07,Clear,0,8.6,23.0
W003428,TATA,2026-01-08,Fog,2,0.9,27.9
W003429,TATA,2026-01-09,Clear,0,8.5,21.8
W003430,TATA,2026-01-10,Clear,0,10.0,23.1
W003431,TATA,2026-01-11,Fog,2,1.2,14.7
W003432,TATA,2026-01-12,Clear,0,10.0,23.0
W003433,TATA,2026-01-13,Clear,0,9.5,39.3
W003434,TATA,2026-01-14,Clear,0,8.6,23.2
W003435,TATA,2026-01-15,Clear,0,8.5,31.8
W003436,TATA,2026-01-16,Clear,0,9.9,35.8
W003437,TATA,2026-01-17,Rain,1,7.6,31.6
W003438,TATA,2026-01-18,Clear,0,8.4,11.8
W003439,TATA,2026-01-19,Rain,1,7.3,27.3
W003440,TATA,2026-01-20,Clear,0,8.9,39.6
W003441,TATA,2026-01-21,Clear,0,9.5,41.0
W003442,TATA,2026-01-22,Clear,0,9.2,11.1
W003443,TATA,2026-01-23,Rain,1,7.8,34.0
W003444,TATA,2026-01-24,Fog,2,0.9,11.4
W003445,TATA,2026-01-25,Fog,2,1.8,12.6
W003446,TATA,2026-01-26,Clear,0,9.4,16.9
W003447,TATA,2026-01-27,Clear,0,8.4,18.1
W003448,TATA,2026-01-28,Storm,3,2.8,16.1
W003449,TATA,2026-01-29,Rain,1,7.4,40.4
W003450,TATA,2026-01-30,Clear,0,8.3,8.8
W003451,TATA,2026-01-31,Fog,2,0.3,35.8
W003452,TATA,2026-02-01,Rain,1,4.3,27.9
W003453,TATA,2026-02-02,Clear,0,8.5,12.7
W003454,TATA,2026-02-03,Clear,0,8.5,14.6
W003455,TATA,2026-02-04,Heavy Rain,2,2.1,40.3
W003456,TATA,2026-02-05,Fog,2,0.6,10.5
W003457,TATA,2026-02-06,Clear,0,8.5,29.4
W003458,TATA,2026-02-07,Clear,0,8.8,28.6
W003459,TATA,2026-02-08,Clear,0,8.1,15.3
W003460,TATA,2026-02-09,Clear,0,9.5,29.4
W003461,TATA,2026-02-10,Storm,3,1.3,29.3
W003462,TATA,2026-02-11,Clear,0,8.8,36.8
W003463,TATA,2026-02-12,Clear,0,8.0,27.4
W003464,TATA,2026-02-13,Clear,0,8.4,29.6
W003465,TATA,2026-02-14,Clear,0,8.9,16.8
W003466,TATA,2026-02-15,Heavy Rain,2,1.3,28.9
W003467,TATA,2026-02-16,Rain,1,6.7,33.4
W003468,TATA,2026-02-17,Clear,0,9.4,10.5
W003469,TATA,2026-02-18,Rain,1,4.2,18.9
W003470,TATA,2026-02-19,Clear,0,8.2,31.6
W003471,TATA,2026-02-20,Rain,1,6.8,28.7
W003472,TATA,2026-02-21,Clear,0,8.7,21.3
W003473,TATA,2026-02-22,Clear,0,8.3,8.8
W003474,TATA,2026-02-23,Clear,0,8.6,19.7
W003475,TATA,2026-02-24,Clear,0,9.1,35.1
W003476,TATA,2026-02-25,Clear,0,9.7,27.2
W003477,TATA,2026-02-26,Clear,0,8.3,31.0
W003478,TATA,2026-02-27,Storm,3,1.4,20.1
W003479,TATA,2026-02-28,Fog,2,0.9,32.8
W003480,TATA,2026-03-01,Clear,0,8.4,9.1
W003481,ROU,2026-01-01,Fog,2,0.7,12.7
W003482,ROU,2026-01-02,Clear,0,9.9,31.2
W003483,ROU,2026-01-03,Clear,0,8.4,33.9
W003484,ROU,2026-01-04,Clear,0,8.7,36.7
W003485,ROU,2026-01-05,Clear,0,8.3,13.4
W003486,ROU,2026-01-06,Clear,0,8.9,32.9
W003487,ROU,2026-01-07,Clear,0,8.7,9.1
W003488,ROU,2026-01-08,Clear,0,8.6,13.9
W003489,ROU,2026-01-09,Rain,1,5.7,9.3
W003490,ROU,2026-01-10,Rain,1,4.0,37.8
W003491,ROU,2026-01-11,Clear,0,8.4,34.1
W003492,ROU,2026-01-12,Clear,0,9.9,15.5
W003493,ROU,2026-01-13,Clear,0,9.8,18.4
W003494,ROU,2026-01-14,Clear,0,9.7,21.2
W003495,ROU,2026-01-15,Clear,0,8.5,33.0
W003496,ROU,2026-01-16,Clear,0,8.2,40.1
W003497,ROU,2026-01-17,Heavy Rain,2,1.3,18.8
W003498,ROU,2026-01-18,Clear,0,9.2,32.8
W003499,ROU,2026-01-19,Rain,1,7.3,31.7
W003500,ROU,2026-01-20,Clear,0,9.6,41.5
W003501,ROU,2026-01-21,Clear,0,9.3,36.9
W003502,ROU,2026-01-22,Clear,0,10.0,20.4
W003503,ROU,2026-01-23,Rain,1,7.7,31.3
W003504,ROU,2026-01-24,Heavy Rain,2,2.1,10.8
W003505,ROU,2026-01-25,Clear,0,9.1,35.3
W003506,ROU,2026-01-26,Clear,0,9.6,22.7
W003507,ROU,2026-01-27,Rain,1,5.2,15.5
W003508,ROU,2026-01-28,Fog,2,1.5,14.2
W003509,ROU,2026-01-29,Clear,0,9.6,41.4
W003510,ROU,2026-01-30,Clear,0,9.4,32.1
W003511,ROU,2026-01-31,Rain,1,7.9,31.2
W003512,ROU,2026-02-01,Clear,0,8.8,27.4
W003513,ROU,2026-02-02,Fog,2,1.4,14.2
W003514,ROU,2026-02-03,Rain,1,6.8,25.5
W003515,ROU,2026-02-04,Clear,0,8.9,25.6
W003516,ROU,2026-02-05,Clear,0,8.5,33.2
W003517,ROU,2026-02-06,Rain,1,6.3,36.8
W003518,ROU,2026-02-07,Clear,0,8.2,34.6
W003519,ROU,2026-02-08,Heavy Rain,2,2.5,38.0
W003520,ROU,2026-02-09,Clear,0,8.7,25.4
W003521,ROU,2026-02-10,Clear,0,9.5,16.3
W003522,ROU,2026-02-11,Rain,1,4.0,28.9
W003523,ROU,2026-02-12,Storm,3,1.8,23.7
W003524,ROU,2026-02-13,Fog,2,0.4,23.4
W003525,ROU,2026-02-14,Clear,0,9.7,17.7
W003526,ROU,2026-02-15,Clear,0,9.5,39.8
W003527,ROU,2026-02-16,Rain,1,6.3,19.2
W003528,ROU,2026-02-17,Clear,0,9.4,27.5
W003529,ROU,2026-02-18,Clear,0,9.0,19.2
W003530,ROU,2026-02-19,Rain,1,4.3,41.7
W003531,ROU,2026-02-20,Rain,1,7.8,11.3
W003532,ROU,2026-02-21,Rain,1,7.8,14.6
W003533,ROU,2026-02-22,Rain,1,4.0,13.1
W003534,ROU,2026-02-23,Clear,0,9.4,28.0
W003535,ROU,2026-02-24,Clear,0,9.9,34.0
W003536,ROU,2026-02-25,Storm,3,2.4,18.7
W003537,ROU,2026-02-26,Rain,1,4.5,9.8
W003538,ROU,2026-02-27,Clear,0,8.3,19.2
W003539,ROU,2026-02-28,Clear,0,8.5,9.4
W003540,ROU,2026-03-01,Storm,3,2.3,18.5
W003541,SBC,2026-01-01,Fog,2,1.6,13.4
W003542,SBC,2026-01-02,Clear,0,8.5,32.9
W003543,SBC,2026-01-03,Rain,1,5.3,13.7
W003544,SBC,2026-01-04,Clear,0,10.0,18.1
W003545,SBC,2026-01-05,Clear,0,9.4,35.6
W003546,SBC,2026-01-06,Clear,0,8.7,25.0
W003547,SBC,2026-01-07,Clear,0,9.1,12.7
W003548,SBC,2026-01-08,Clear,0,10.0,9.2
W003549,SBC,2026-01-09,Clear,0,9.4,35.9
W003550,SBC,2026-01-10,Clear,0,9.9,13.1
W003551,SBC,2026-01-11,Clear,0,8.7,9.3
W003552,SBC,2026-01-12,Clear,0,9.8,13.9
W003553,SBC,2026-01-13,Clear,0,9.2,24.2
W003554,SBC,2026-01-14,Clear,0,8.2,33.7
W003555,SBC,2026-01-15,Heavy Rain,2,2.7,39.3
W003556,SBC,2026-01-16,Rain,1,4.4,13.4
W003557,SBC,2026-01-17,Fog,2,1.8,30.2
W003558,SBC,2026-01-18,Clear,0,8.6,24.7
W003559,SBC,2026-01-19,Clear,0,9.8,14.6
W003560,SBC,2026-01-20,Clear,0,9.3,41.9
W003561,SBC,2026-01-21,Clear,0,9.2,25.1
W003562,SBC,2026-01-22,Clear,0,9.5,31.5
W003563,SBC,2026-01-23,Clear,0,8.9,39.2
W003564,SBC,2026-01-24,Storm,3,1.8,24.8
W003565,SBC,2026-01-25,Fog,2,1.5,18.8
W003566,SBC,2026-01-26,Clear,0,9.6,25.0
W003567,SBC,2026-01-27,Clear,0,9.8,12.6
W003568,SBC,2026-01-28,Rain,1,5.6,16.7
W003569,SBC,2026-01-29,Clear,0,8.0,9.1
W003570,SBC,2026-01-30,Clear,0,9.4,40.8
W003571,SBC,2026-01-31,Clear,0,8.6,12.9
W003572,SBC,2026-02-01,Clear,0,8.4,26.9
W003573,SBC,2026-02-02,Clear,0,10.0,10.9
W003574,SBC,2026-02-03,Clear,0,10.0,39.7
W003575,SBC,2026-02-04,Clear,0,8.0,11.5
W003576,SBC,2026-02-05,Clear,0,9.0,10.0
W003577,SBC,2026-02-06,Clear,0,8.8,31.8
W003578,SBC,2026-02-07,Clear,0,8.6,39.5
W003579,SBC,2026-02-08,Clear,0,8.0,20.3
W003580,SBC,2026-02-09,Rain,1,4.2,31.3
W003581,SBC,2026-02-10,Fog,2,0.3,13.9
W003582,SBC,2026-02-11,Fog,2,1.1,30.9
W003583,SBC,2026-02-12,Rain,1,5.3,37.5
W003584,SBC,2026-02-13,Storm,3,2.2,31.1
W003585,SBC,2026-02-14,Clear,0,9.5,11.8
W003586,SBC,2026-02-15,Rain,1,5.2,11.2
W003587,SBC,2026-02-16,Fog,2,1.3,23.1
W003588,SBC,2026-02-17,Clear,0,9.5,26.1
W003589,SBC,2026-02-18,Rain,1,7.1,34.1
W003590,SBC,2026-02-19,Heavy Rain,2,1.1,32.6
W003591,SBC,2026-02-20,Clear,0,8.2,35.9
W003592,SBC,2026-02-21,Clear,0,8.8,19.2
W003593,SBC,2026-02-22,Clear,0,9.2,12.9
W003594,SBC,2026-02-23,Clear,0,9.2,31.8
W003595,SBC,2026-02-24,Clear,0,9.4,25.4
W003596,SBC,2026-02-25,Clear,0,10.0,36.1
W003597,SBC,2026-02-26,Clear,0,9.0,30.1
W003598,SBC,2026-02-27,Rain,1,4.0,37.2
W003599,SBC,2026-02-28,Clear,0,8.7,37.0
W003600,SBC,2026-03-01,Clear,0,9.7,34.9
W003601,UBL,2026-01-01,Fog,2,1.6,41.0
W003602,UBL,2026-01-02,Clear,0,9.5,16.4
W003603,UBL,2026-01-03,Clear,0,8.2,37.9
W003604,UBL,2026-01-04,Clear,0,8.9,19.7
W003605,UBL,2026-01-05,Clear,0,9.7,39.3
W003606,UBL,2026-01-06,Clear,0,9.2,18.0
W003607,UBL,2026-01-07,Clear,0,8.5,11.9
W003608,UBL,2026-01-08,Clear,0,10.0,41.8
W003609,UBL,2026-01-09,Fog,2,1.5,41.7
W003610,UBL,2026-01-10,Storm,3,1.1,13.2
W003611,UBL,2026-01-11,Clear,0,10.0,34.8
W003612,UBL,2026-01-12,Clear,0,8.2,12.6
W003613,UBL,2026-01-13,Clear,0,9.8,30.3
W003614,UBL,2026-01-14,Clear,0,8.5,12.5
W003615,UBL,2026-01-15,Clear,0,9.3,31.0
W003616,UBL,2026-01-16,Heavy Rain,2,2.8,30.1
W003617,UBL,2026-01-17,Clear,0,8.9,11.6
W003618,UBL,2026-01-18,Clear,0,8.4,24.6
W003619,UBL,2026-01-19,Rain,1,5.6,29.2
W003620,UBL,2026-01-20,Clear,0,9.0,10.7
W003621,UBL,2026-01-21,Fog,2,0.5,39.9
W003622,UBL,2026-01-22,Fog,2,0.3,36.4
W003623,UBL,2026-01-23,Clear,0,8.8,25.1
W003624,UBL,2026-01-24,Clear,0,9.4,9.5
W003625,UBL,2026-01-25,Clear,0,8.4,23.6
W003626,UBL,2026-01-26,Rain,1,4.7,22.7
W003627,UBL,2026-01-27,Clear,0,8.9,26.5
W003628,UBL,2026-01-28,Clear,0,9.9,23.7
W003629,UBL,2026-01-29,Clear,0,8.1,27.1
W003630,UBL,2026-01-30,Heavy Rain,2,2.5,15.7
W003631,UBL,2026-01-31,Clear,0,9.3,31.9
W003632,UBL,2026-02-01,Clear,0,8.7,36.9
W003633,UBL,2026-02-02,Clear,0,9.3,20.1
W003634,UBL,2026-02-03,Clear,0,8.4,36.0
W003635,UBL,2026-02-04,Clear,0,8.7,13.5
W003636,UBL,2026-02-05,Clear,0,9.5,25.7
W003637,UBL,2026-02-06,Rain,1,4.9,23.6
W003638,UBL,2026-02-07,Clear,0,8.2,20.2
W003639,UBL,2026-02-08,Clear,0,9.3,21.3
W003640,UBL,2026-02-09,Rain,1,5.5,30.8
W003641,UBL,2026-02-10,Fog,2,0.6,29.2
W003642,UBL,2026-02-11,Clear,0,9.4,31.4
W003643,UBL,2026-02-12,Clear,0,9.3,18.6
W003644,UBL,2026-02-13,Heavy Rain,2,1.3,8.8
W003645,UBL,2026-02-14,Clear,0,8.6,40.5
W003646,UBL,2026-02-15,Clear,0,8.1,33.8
W003647,UBL,2026-02-16,Clear,0,8.4,26.6
W003648,UBL,2026-02-17,Storm,3,1.7,23.5
W003649,UBL,2026-02-18,Heavy Rain,2,1.0,13.6
W003650,UBL,2026-02-19,Rain,1,5.3,20.5
W003651,UBL,2026-02-20,Rain,1,7.6,28.8
W003652,UBL,2026-02-21,Clear,0,8.7,21.1
W003653,UBL,2026-02-22,Clear,0,9.3,36.6
W003654,UBL,2026-02-23,Fog,2,1.4,37.0
W003655,UBL,2026-02-24,Fog,2,1.8,29.9
W003656,UBL,2026-02-25,Clear,0,9.5,29.4
W003657,UBL,2026-02-26,Clear,0,8.6,10.0
W003658,UBL,2026-02-27,Clear,0,9.6,16.9
W003659,UBL,2026-02-28,Clear,0,9.0,32.8
W003660,UBL,2026-03-01,Rain,1,6.9,37.9
W003661,MYS,2026-01-01,Clear,0,9.5,29.9
W003662,MYS,2026-01-02,Rain,1,5.0,38.6
W003663,MYS,2026-01-03,Clear,0,9.7,32.1
W003664,MYS,2026-01-04,Clear,0,9.6,16.0
W003665,MYS,2026-01-05,Clear,0,8.6,34.6
W003666,MYS,2026-01-06,Clear,0,8.6,20.5
W003667,MYS,2026-01-07,Clear,0,8.4,22.5
W003668,MYS,2026-01-08,Clear,0,8.4,8.9
W003669,MYS,2026-01-09,Clear,0,8.2,11.1
W003670,MYS,2026-01-10,Clear,0,8.6,26.5
W003671,MYS,2026-01-11,Clear,0,8.1,12.0
W003672,MYS,2026-01-12,Clear,0,9.4,14.5
W003673,MYS,2026-01-13,Clear,0,9.1,33.9
W003674,MYS,2026-01-14,Fog,2,2.0,31.7
W003675,MYS,2026-01-15,Clear,0,9.0,11.1
W003676,MYS,2026-01-16,Clear,0,9.0,11.8
W003677,MYS,2026-01-17,Rain,1,4.1,17.0
W003678,MYS,2026-01-18,Clear,0,8.1,19.7
W003679,MYS,2026-01-19,Heavy Rain,2,2.4,23.6
W003680,MYS,2026-01-20,Clear,0,9.7,30.5
W003681,MYS,2026-01-21,Fog,2,1.7,34.2
W003682,MYS,2026-01-22,Clear,0,9.8,33.8
W003683,MYS,2026-01-23,Clear,0,8.8,8.5
W003684,MYS,2026-01-24,Clear,0,8.6,28.6
W003685,MYS,2026-01-25,Fog,2,1.0,11.7
W003686,MYS,2026-01-26,Rain,1,4.0,17.3
W003687,MYS,2026-01-27,Clear,0,8.8,33.6
W003688,MYS,2026-01-28,Clear,0,9.1,26.8
W003689,MYS,2026-01-29,Clear,0,9.3,24.8
W003690,MYS,2026-01-30,Clear,0,9.7,26.7
W003691,MYS,2026-01-31,Clear,0,8.5,38.4
W003692,MYS,2026-02-01,Fog,2,1.1,33.5
W003693,MYS,2026-02-02,Clear,0,9.1,27.1
W003694,MYS,2026-02-03,Clear,0,8.3,16.7
W003695,MYS,2026-02-04,Clear,0,8.6,40.1
W003696,MYS,2026-02-05,Clear,0,8.8,23.6
W003697,MYS,2026-02-06,Clear,0,8.3,18.3
W003698,MYS,2026-02-07,Clear,0,8.2,26.5
W003699,MYS,2026-02-08,Rain,1,6.8,12.0
W003700,MYS,2026-02-09,Clear,0,9.8,13.7
W003701,MYS,2026-02-10,Rain,1,5.3,19.9
W003702,MYS,2026-02-11,Clear,0,9.5,36.9
W003703,MYS,2026-02-12,Rain,1,4.9,14.7
W003704,MYS,2026-02-13,Fog,2,2.0,20.0
W003705,MYS,2026-02-14,Clear,0,8.8,40.5
W003706,MYS,2026-02-15,Clear,0,8.3,35.2
W003707,MYS,2026-02-16,Clear,0,8.5,23.1
W003708,MYS,2026-02-17,Fog,2,0.9,9.9
W003709,MYS,2026-02-18,Clear,0,9.7,9.0
W003710,MYS,2026-02-19,Rain,1,5.6,10.4
W003711,MYS,2026-02-20,Clear,0,9.4,17.4
W003712,MYS,2026-02-21,Clear,0,8.5,9.2
W003713,MYS,2026-02-22,Rain,1,5.9,37.8
W003714,MYS,2026-02-23,Clear,0,9.6,22.5
W003715,MYS,2026-02-24,Clear,0,8.3,31.7
W003716,MYS,2026-02-25,Clear,0,8.9,22.1
W003717,MYS,2026-02-26,Fog,2,0.3,15.0
W003718,MYS,2026-02-27,Clear,0,9.2,18.6
W003719,MYS,2026-02-28,Clear,0,8.8,32.9
W003720,MYS,2026-03-01,Clear,0,9.4,8.4
W003721,BCT,2026-01-01,Clear,0,9.9,23.2
W003722,BCT,2026-01-02,Fog,2,1.8,40.0
W003723,BCT,2026-01-03,Clear,0,8.6,29.7
W003724,BCT,2026-01-04,Fog,2,1.6,38.3
W003725,BCT,2026-01-05,Clear,0,8.4,21.8
W003726,BCT,2026-01-06,Clear,0,10.0,19.1
W003727,BCT,2026-01-07,Clear,0,8.9,12.4
W003728,BCT,2026-01-08,Rain,1,7.3,31.0
W003729,BCT,2026-01-09,Clear,0,9.2,12.1
W003730,BCT,2026-01-10,Storm,3,3.1,10.8
W003731,BCT,2026-01-11,Clear,0,9.2,18.3
W003732,BCT,2026-01-12,Rain,1,7.7,25.6
W003733,BCT,2026-01-13,Clear,0,9.3,30.7
W003734,BCT,2026-01-14,Storm,3,1.2,27.1
W003735,BCT,2026-01-15,Fog,2,1.9,33.5
W003736,BCT,2026-01-16,Rain,1,4.1,27.4
W003737,BCT,2026-01-17,Clear,0,9.2,20.3
W003738,BCT,2026-01-18,Rain,1,8.0,10.1
W003739,BCT,2026-01-19,Clear,0,9.5,36.2
W003740,BCT,2026-01-20,Clear,0,10.0,8.7
W003741,BCT,2026-01-21,Clear,0,8.5,22.2
W003742,BCT,2026-01-22,Rain,1,7.0,35.2
W003743,BCT,2026-01-23,Rain,1,6.3,17.2
W003744,BCT,2026-01-24,Clear,0,9.4,39.8
W003745,BCT,2026-01-25,Clear,0,8.8,35.6
W003746,BCT,2026-01-26,Clear,0,8.9,28.3
W003747,BCT,2026-01-27,Clear,0,8.2,37.2
W003748,BCT,2026-01-28,Heavy Rain,2,1.3,41.1
W003749,BCT,2026-01-29,Clear,0,10.0,40.4
W003750,BCT,2026-01-30,Clear,0,8.3,39.0
W003751,BCT,2026-01-31,Rain,1,5.8,32.9
W003752,BCT,2026-02-01,Clear,0,8.2,33.3
W003753,BCT,2026-02-02,Clear,0,8.3,41.4
W003754,BCT,2026-02-03,Clear,0,9.6,21.9
W003755,BCT,2026-02-04,Fog,2,2.0,26.1
W003756,BCT,2026-02-05,Clear,0,8.8,34.7
W003757,BCT,2026-02-06,Heavy Rain,2,1.4,9.2
W003758,BCT,2026-02-07,Heavy Rain,2,2.5,26.5
W003759,BCT,2026-02-08,Clear,0,8.3,8.4
W003760,BCT,2026-02-09,Clear,0,8.5,35.6
W003761,BCT,2026-02-10,Clear,0,8.6,24.6
W003762,BCT,2026-02-11,Clear,0,9.8,32.2
W003763,BCT,2026-02-12,Clear,0,9.5,21.1
W003764,BCT,2026-02-13,Clear,0,10.0,18.3
W003765,BCT,2026-02-14,Heavy Rain,2,2.3,29.1
W003766,BCT,2026-02-15,Clear,0,8.6,30.0
W003767,BCT,2026-02-16,Storm,3,3.2,12.5
W003768,BCT,2026-02-17,Storm,3,2.8,28.6
W003769,BCT,2026-02-18,Fog,2,0.6,8.8
W003770,BCT,2026-02-19,Clear,0,9.2,35.1
W003771,BCT,2026-02-20,Rain,1,6.9,37.8
W003772,BCT,2026-02-21,Rain,1,6.6,41.7
W003773,BCT,2026-02-22,Clear,0,8.9,16.4
W003774,BCT,2026-02-23,Clear,0,8.7,14.3
W003775,BCT,2026-02-24,Clear,0,8.9,16.2
W003776,BCT,2026-02-25,Rain,1,6.3,28.9
W003777,BCT,2026-02-26,Fog,2,0.8,22.1
W003778,BCT,2026-02-27,Clear,0,9.3,9.1
W003779,BCT,2026-02-28,Clear,0,9.7,14.9
W003780,BCT,2026-03-01,Rain,1,7.0,23.7
W003781,ADI,2026-01-01,Rain,1,4.7,17.1
W003782,ADI,2026-01-02,Clear,0,10.0,9.1
W003783,ADI,2026-01-03,Clear,0,9.1,15.1
W003784,ADI,2026-01-04,Heavy Rain,2,2.8,38.1
W003785,ADI,2026-01-05,Clear,0,8.4,11.1
W003786,ADI,2026-01-06,Storm,3,1.6,11.3
W003787,ADI,2026-01-07,Clear,0,9.8,11.7
W003788,ADI,2026-01-08,Clear,0,9.5,36.4
W003789,ADI,2026-01-09,Clear,0,9.0,26.7
W003790,ADI,2026-01-10,Clear,0,9.5,9.0
W003791,ADI,2026-01-11,Clear,0,8.9,38.4
W003792,ADI,2026-01-12,Rain,1,6.4,23.1
W003793,ADI,2026-01-13,Clear,0,8.5,25.1
W003794,ADI,2026-01-14,Clear,0,9.5,28.1
W003795,ADI,2026-01-15,Rain,1,7.2,18.1
W003796,ADI,2026-01-16,Fog,2,0.5,35.9
W003797,ADI,2026-01-17,Rain,1,7.3,9.5
W003798,ADI,2026-01-18,Clear,0,8.6,35.3
W003799,ADI,2026-01-19,Clear,0,8.8,30.3
W003800,ADI,2026-01-20,Fog,2,0.8,16.1
W003801,ADI,2026-01-21,Clear,0,9.4,25.1
W003802,ADI,2026-01-22,Fog,2,0.3,12.2
W003803,ADI,2026-01-23,Clear,0,8.4,30.5
W003804,ADI,2026-01-24,Clear,0,9.6,13.7
W003805,ADI,2026-01-25,Clear,0,9.7,9.1
W003806,ADI,2026-01-26,Clear,0,8.6,20.7
W003807,ADI,2026-01-27,Clear,0,9.5,27.7
W003808,ADI,2026-01-28,Clear,0,8.8,27.6
W003809,ADI,2026-01-29,Rain,1,6.4,10.8
W003810,ADI,2026-01-30,Clear,0,9.3,40.2
W003811,ADI,2026-01-31,Clear,0,8.4,32.3
W003812,ADI,2026-02-01,Rain,1,5.5,22.4
W003813,ADI,2026-02-02,Clear,0,9.2,20.0
W003814,ADI,2026-02-03,Storm,3,1.1,9.8
W003815,ADI,2026-02-04,Storm,3,2.5,25.8
W003816,ADI,2026-02-05,Clear,0,8.3,31.5
W003817,ADI,2026-02-06,Fog,2,1.5,30.1
W003818,ADI,2026-02-07,Fog,2,1.9,24.7
W003819,ADI,2026-02-08,Clear,0,8.2,38.6
W003820,ADI,2026-02-09,Rain,1,6.7,36.7
W003821,ADI,2026-02-10,Fog,2,1.8,24.8
W003822,ADI,2026-02-11,Rain,1,5.7,30.5
W003823,ADI,2026-02-12,Clear,0,9.1,36.8
W003824,ADI,2026-02-13,Fog,2,0.9,40.9
W003825,ADI,2026-02-14,Clear,0,8.7,22.4
W003826,ADI,2026-02-15,Clear,0,8.8,8.5
W003827,ADI,2026-02-16,Clear,0,9.6,28.8
W003828,ADI,2026-02-17,Fog,2,0.6,19.1
W003829,ADI,2026-02-18,Clear,0,9.8,33.2
W003830,ADI,2026-02-19,Heavy Rain,2,2.7,19.6
W003831,ADI,2026-02-20,Clear,0,9.1,30.2
W003832,ADI,2026-02-21,Clear,0,8.3,8.5
W003833,ADI,2026-02-22,Clear,0,8.9,36.8
W003834,ADI,2026-02-23,Rain,1,5.2,28.4
W003835,ADI,2026-02-24,Clear,0,8.1,41.3
W003836,ADI,2026-02-25,Clear,0,8.9,38.8
W003837,ADI,2026-02-26,Clear,0,9.6,10.9
W003838,ADI,2026-02-27,Rain,1,7.1,18.5
W003839,ADI,2026-02-28,Clear,0,8.5,34.7
W003840,ADI,2026-03-01,Clear,0,9.3,24.7
W003841,ST,2026-01-01,Rain,1,4.3,15.0
W003842,ST,2026-01-02,Rain,1,4.6,36.1
W003843,ST,2026-01-03,Clear,0,8.1,28.4
W003844,ST,2026-01-04,Fog,2,0.3,8.3
W003845,ST,2026-01-05,Clear,0,9.5,25.5
W003846,ST,2026-01-06,Clear,0,8.8,13.1
W003847,ST,2026-01-07,Clear,0,9.5,37.9
W003848,ST,2026-01-08,Clear,0,8.5,31.7
W003849,ST,2026-01-09,Rain,1,4.1,15.6
W003850,ST,2026-01-10,Rain,1,4.8,28.1
W003851,ST,2026-01-11,Clear,0,9.4,39.6
W003852,ST,2026-01-12,Clear,0,8.2,25.6
W003853,ST,2026-01-13,Clear,0,9.3,18.6
W003854,ST,2026-01-14,Storm,3,2.3,15.4
W003855,ST,2026-01-15,Clear,0,9.0,12.3
W003856,ST,2026-01-16,Clear,0,9.4,41.7
W003857,ST,2026-01-17,Heavy Rain,2,2.5,19.1
W003858,ST,2026-01-18,Clear,0,8.9,9.6
W003859,ST,2026-01-19,Clear,0,8.7,13.4
W003860,ST,2026-01-20,Storm,3,1.1,12.4
W003861,ST,2026-01-21,Clear,0,9.0,30.6
W003862,ST,2026-01-22,Clear,0,8.9,21.3
W003863,ST,2026-01-23,Clear,0,8.4,30.3
W003864,ST,2026-01-24,Clear,0,9.7,15.5
W003865,ST,2026-01-25,Clear,0,8.2,28.1
W003866,ST,2026-01-26,Fog,2,0.8,15.3
W003867,ST,2026-01-27,Clear,0,9.2,15.7
W003868,ST,2026-01-28,Clear,0,8.6,23.9
W003869,ST,2026-01-29,Clear,0,9.5,28.4
W003870,ST,2026-01-30,Clear,0,9.5,10.3
W003871,ST,2026-01-31,Clear,0,9.0,41.9
W003872,ST,2026-02-01,Heavy Rain,2,2.2,23.5
W003873,ST,2026-02-02,Storm,3,1.1,39.3
W003874,ST,2026-02-03,Clear,0,8.3,39.6
W003875,ST,2026-02-04,Clear,0,8.6,33.1
W003876,ST,2026-02-05,Fog,2,1.0,24.9
W003877,ST,2026-02-06,Clear,0,8.0,21.7
W003878,ST,2026-02-07,Clear,0,9.9,37.0
W003879,ST,2026-02-08,Clear,0,9.9,39.5
W003880,ST,2026-02-09,Heavy Rain,2,2.1,33.9
W003881,ST,2026-02-10,Clear,0,8.5,18.2
W003882,ST,2026-02-11,Rain,1,8.0,38.6
W003883,ST,2026-02-12,Clear,0,9.9,14.2
W003884,ST,2026-02-13,Clear,0,9.8,37.9
W003885,ST,2026-02-14,Clear,0,8.2,11.3
W003886,ST,2026-02-15,Storm,3,2.7,11.0
W003887,ST,2026-02-16,Rain,1,6.2,29.3
W003888,ST,2026-02-17,Clear,0,8.2,41.5
W003889,ST,2026-02-18,Clear,0,9.3,25.0
W003890,ST,2026-02-19,Rain,1,4.8,19.4
W003891,ST,2026-02-20,Clear,0,9.0,15.1
W003892,ST,2026-02-21,Rain,1,4.8,28.3
W003893,ST,2026-02-22,Clear,0,8.4,35.2
W003894,ST,2026-02-23,Clear,0,9.6,35.6
W003895,ST,2026-02-24,Heavy Rain,2,1.1,11.6
W003896,ST,2026-02-25,Clear,0,9.9,25.0
W003897,ST,2026-02-26,Clear,0,8.1,25.8
W003898,ST,2026-02-27,Clear,0,9.6,31.9
W003899,ST,2026-02-28,Clear,0,9.7,41.4
W003900,ST,2026-03-01,Clear,0,9.1,23.7
W003901,RTM,2026-01-01,Clear,0,8.9,14.2
W003902,RTM,2026-01-02,Clear,0,8.4,21.2
W003903,RTM,2026-01-03,Clear,0,10.0,30.6
W003904,RTM,2026-01-04,Rain,1,7.7,24.6
W003905,RTM,2026-01-05,Clear,0,8.2,31.0
W003906,RTM,2026-01-06,Clear,0,9.6,22.4
W003907,RTM,2026-01-07,Clear,0,9.0,10.1
W003908,RTM,2026-01-08,Fog,2,1.9,41.5
W003909,RTM,2026-01-09,Clear,0,9.7,39.1
W003910,RTM,2026-01-10,Storm,3,1.6,24.7
W003911,RTM,2026-01-11,Heavy Rain,2,2.5,37.6
W003912,RTM,2026-01-12,Clear,0,8.7,27.8
W003913,RTM,2026-01-13,Clear,0,8.9,17.4
W003914,RTM,2026-01-14,Clear,0,8.5,34.3
W003915,RTM,2026-01-15,Clear,0,9.0,33.4
W003916,RTM,2026-01-16,Clear,0,8.6,23.0
W003917,RTM,2026-01-17,Heavy Rain,2,1.1,20.7
W003918,RTM,2026-01-18,Clear,0,8.4,28.6
W003919,RTM,2026-01-19,Clear,0,9.2,35.6
W003920,RTM,2026-01-20,Clear,0,8.4,8.0
W003921,RTM,2026-01-21,Fog,2,1.7,9.6
W003922,RTM,2026-01-22,Rain,1,5.4,22.7
W003923,RTM,2026-01-23,Clear,0,8.6,41.9
W003924,RTM,2026-01-24,Fog,2,0.6,12.6
W003925,RTM,2026-01-25,Clear,0,9.6,34.6
W003926,RTM,2026-01-26,Rain,1,5.1,14.1
W003927,RTM,2026-01-27,Clear,0,8.1,21.3
W003928,RTM,2026-01-28,Storm,3,1.6,14.7
W003929,RTM,2026-01-29,Clear,0,9.7,37.3
W003930,RTM,2026-01-30,Clear,0,9.4,35.5
W003931,RTM,2026-01-31,Clear,0,9.5,9.0
W003932,RTM,2026-02-01,Clear,0,9.1,36.8
W003933,RTM,2026-02-02,Rain,1,4.5,21.6
W003934,RTM,2026-02-03,Clear,0,8.4,29.9
W003935,RTM,2026-02-04,Clear,0,8.6,16.4
W003936,RTM,2026-02-05,Clear,0,9.0,24.6
W003937,RTM,2026-02-06,Clear,0,8.1,9.0
W003938,RTM,2026-02-07,Clear,0,8.1,29.9
W003939,RTM,2026-02-08,Clear,0,9.5,36.6
W003940,RTM,2026-02-09,Clear,0,8.4,37.5
W003941,RTM,2026-02-10,Fog,2,1.3,37.5
W003942,RTM,2026-02-11,Clear,0,9.6,16.4
W003943,RTM,2026-02-12,Fog,2,1.3,40.2
W003944,RTM,2026-02-13,Storm,3,4.0,28.0
W003945,RTM,2026-02-14,Clear,0,10.0,8.2
W003946,RTM,2026-02-15,Rain,1,5.7,13.4
W003947,RTM,2026-02-16,Heavy Rain,2,2.2,21.0
W003948,RTM,2026-02-17,Clear,0,9.9,21.6
W003949,RTM,2026-02-18,Clear,0,8.0,20.0
W003950,RTM,2026-02-19,Heavy Rain,2,2.4,12.0
W003951,RTM,2026-02-20,Fog,2,2.0,8.7
W003952,RTM,2026-02-21,Clear,0,8.2,37.0
W003953,RTM,2026-02-22,Fog,2,1.8,9.1
W003954,RTM,2026-02-23,Clear,0,9.9,15.4
W003955,RTM,2026-02-24,Clear,0,8.9,25.9
W003956,RTM,2026-02-25,Rain,1,6.9,11.6
W003957,RTM,2026-02-26,Heavy Rain,2,2.7,12.7
W003958,RTM,2026-02-27,Fog,2,0.4,37.6
W003959,RTM,2026-02-28,Clear,0,8.9,19.4
W003960,RTM,2026-03-01,Clear,0,8.1,37.0
W003961,BVP,2026-01-01,Clear,0,9.7,19.5
W003962,BVP,2026-01-02,Heavy Rain,2,1.6,36.7
W003963,BVP,2026-01-03,Rain,1,4.5,16.1
W003964,BVP,2026-01-04,Clear,0,8.9,28.4
W003965,BVP,2026-01-05,Rain,1,5.5,25.3
W003966,BVP,2026-01-06,Rain,1,5.8,23.4
W003967,BVP,2026-01-07,Clear,0,9.0,12.0
W003968,BVP,2026-01-08,Clear,0,8.9,28.3
W003969,BVP,2026-01-09,Clear,0,8.0,41.4
W003970,BVP,2026-01-10,Clear,0,8.6,36.7
W003971,BVP,2026-01-11,Clear,0,8.9,24.6
W003972,BVP,2026-01-12,Clear,0,8.7,22.7
W003973,BVP,2026-01-13,Clear,0,9.5,41.5
W003974,BVP,2026-01-14,Clear,0,9.4,20.5
W003975,BVP,2026-01-15,Clear,0,9.3,9.9
W003976,BVP,2026-01-16,Clear,0,8.7,19.4
W003977,BVP,2026-01-17,Heavy Rain,2,2.9,41.0
W003978,BVP,2026-01-18,Clear,0,8.7,22.1
W003979,BVP,2026-01-19,Clear,0,9.1,33.3
W003980,BVP,2026-01-20,Clear,0,9.0,20.6
W003981,BVP,2026-01-21,Clear,0,8.9,27.8
W003982,BVP,2026-01-22,Clear,0,9.1,37.6
W003983,BVP,2026-01-23,Rain,1,6.1,26.6
W003984,BVP,2026-01-24,Clear,0,8.0,28.3
W003985,BVP,2026-01-25,Clear,0,8.7,28.8
W003986,BVP,2026-01-26,Clear,0,9.4,28.0
W003987,BVP,2026-01-27,Clear,0,8.0,13.8
W003988,BVP,2026-01-28,Rain,1,6.2,39.9
W003989,BVP,2026-01-29,Clear,0,9.5,17.3
W003990,BVP,2026-01-30,Heavy Rain,2,1.5,18.0
W003991,BVP,2026-01-31,Rain,1,5.2,17.3
W003992,BVP,2026-02-01,Clear,0,8.9,28.4
W003993,BVP,2026-02-02,Clear,0,8.5,26.7
W003994,BVP,2026-02-03,Clear,0,9.7,30.6
W003995,BVP,2026-02-04,Clear,0,9.9,31.9
W003996,BVP,2026-02-05,Clear,0,9.6,28.9
W003997,BVP,2026-02-06,Clear,0,8.3,39.9
W003998,BVP,2026-02-07,Heavy Rain,2,1.8,25.7
W003999,BVP,2026-02-08,Fog,2,0.5,13.0
W004000,BVP,2026-02-09,Rain,1,7.9,12.7
W004001,BVP,2026-02-10,Fog,2,1.2,41.4
W004002,BVP,2026-02-11,Rain,1,6.1,25.7
W004003,BVP,2026-02-12,Clear,0,9.0,31.3
W004004,BVP,2026-02-13,Fog,2,1.4,34.9
W004005,BVP,2026-02-14,Clear,0,9.6,19.5
W004006,BVP,2026-02-15,Heavy Rain,2,2.5,16.7
W004007,BVP,2026-02-16,Clear,0,8.4,11.7
W004008,BVP,2026-02-17,Storm,3,1.2,13.1
W004009,BVP,2026-02-18,Storm,3,2.1,9.7
W004010,BVP,2026-02-19,Clear,0,9.3,8.7
W004011,BVP,2026-02-20,Clear,0,8.7,9.7
W004012,BVP,2026-02-21,Clear,0,8.5,37.5
W004013,BVP,2026-02-22,Clear,0,8.8,31.5
W004014,BVP,2026-02-23,Clear,0,8.6,41.4
W004015,BVP,2026-02-24,Heavy Rain,2,2.6,12.3
W004016,BVP,2026-02-25,Clear,0,8.5,27.7
W004017,BVP,2026-02-26,Rain,1,6.4,14.1
W004018,BVP,2026-02-27,Clear,0,8.9,25.1
W004019,BVP,2026-02-28,Clear,0,8.6,32.5
W004020,BVP,2026-03-01,Clear,0,8.1,12.8
W004021,JBP,2026-01-01,Clear,0,9.2,17.6
W004022,JBP,2026-01-02,Clear,0,9.9,17.6
W004023,JBP,2026-01-03,Rain,1,5.7,14.8
W004024,JBP,2026-01-04,Clear,0,8.8,23.4
W004025,JBP,2026-01-05,Clear,0,8.3,29.4
W004026,JBP,2026-01-06,Clear,0,8.1,20.1
W004027,JBP,2026-01-07,Rain,1,6.7,8.1
W004028,JBP,2026-01-08,Clear,0,8.2,21.0
W004029,JBP,2026-01-09,Fog,2,0.9,27.5
W004030,JBP,2026-01-10,Clear,0,9.4,33.0
W004031,JBP,2026-01-11,Rain,1,7.5,23.0
W004032,JBP,2026-01-12,Clear,0,8.3,21.5
W004033,JBP,2026-01-13,Clear,0,9.5,27.5
W004034,JBP,2026-01-14,Clear,0,8.1,18.4
W004035,JBP,2026-01-15,Clear,0,9.6,20.4
W004036,JBP,2026-01-16,Clear,0,10.0,20.5
W004037,JBP,2026-01-17,Clear,0,8.9,12.1
W004038,JBP,2026-01-18,Rain,1,5.8,34.7
W004039,JBP,2026-01-19,Clear,0,9.9,31.8
W004040,JBP,2026-01-20,Clear,0,9.1,29.3
W004041,JBP,2026-01-21,Clear,0,8.9,11.7
W004042,JBP,2026-01-22,Clear,0,8.9,40.9
W004043,JBP,2026-01-23,Rain,1,7.1,20.3
W004044,JBP,2026-01-24,Heavy Rain,2,2.5,10.5
W004045,JBP,2026-01-25,Clear,0,10.0,35.8
W004046,JBP,2026-01-26,Rain,1,5.4,37.6
W004047,JBP,2026-01-27,Heavy Rain,2,1.4,30.6
W004048,JBP,2026-01-28,Heavy Rain,2,1.0,8.4
W004049,JBP,2026-01-29,Clear,0,9.3,27.8
W004050,JBP,2026-01-30,Heavy Rain,2,3.0,34.8
W004051,JBP,2026-01-31,Heavy Rain,2,2.0,8.9
W004052,JBP,2026-02-01,Clear,0,9.9,17.5
W004053,JBP,2026-02-02,Clear,0,9.6,12.6
W004054,JBP,2026-02-03,Rain,1,6.1,31.5
W004055,JBP,2026-02-04,Clear,0,9.6,23.8
W004056,JBP,2026-02-05,Rain,1,7.5,30.3
W004057,JBP,2026-02-06,Rain,1,5.2,18.8
W004058,JBP,2026-02-07,Clear,0,8.8,13.1
W004059,JBP,2026-02-08,Clear,0,9.6,39.5
W004060,JBP,2026-02-09,Heavy Rain,2,2.6,28.7
W004061,JBP,2026-02-10,Clear,0,8.1,32.6
W004062,JBP,2026-02-11,Clear,0,8.9,32.7
W004063,JBP,2026-02-12,Clear,0,8.9,41.5
W004064,JBP,2026-02-13,Fog,2,0.8,20.7
W004065,JBP,2026-02-14,Clear,0,9.2,10.7
W004066,JBP,2026-02-15,Clear,0,9.4,35.5
W004067,JBP,2026-02-16,Clear,0,8.2,31.1
W004068,JBP,2026-02-17,Clear,0,8.2,21.4
W004069,JBP,2026-02-18,Clear,0,9.6,19.3
W004070,JBP,2026-02-19,Clear,0,8.3,16.6
W004071,JBP,2026-02-20,Clear,0,8.2,17.9
W004072,JBP,2026-02-21,Clear,0,8.9,10.8
W004073,JBP,2026-02-22,Clear,0,9.0,17.4
W004074,JBP,2026-02-23,Rain,1,5.5,40.8
W004075,JBP,2026-02-24,Rain,1,5.9,10.5
W004076,JBP,2026-02-25,Clear,0,8.6,31.7
W004077,JBP,2026-02-26,Clear,0,8.7,13.4
W004078,JBP,2026-02-27,Clear,0,9.0,23.3
W004079,JBP,2026-02-28,Clear,0,8.8,26.2
W004080,JBP,2026-03-01,Fog,2,1.2,21.6
W004081,BPL,2026-01-01,Rain,1,7.7,10.1
W004082,BPL,2026-01-02,Rain,1,4.6,29.2
W004083,BPL,2026-01-03,Clear,0,9.7,35.2
W004084,BPL,2026-01-04,Clear,0,9.8,15.3
W004085,BPL,2026-01-05,Clear,0,9.7,15.1
W004086,BPL,2026-01-06,Clear,0,9.0,37.1
W004087,BPL,2026-01-07,Clear,0,8.7,36.6
W004088,BPL,2026-01-08,Fog,2,0.8,22.2
W004089,BPL,2026-01-09,Clear,0,9.8,21.2
W004090,BPL,2026-01-10,Rain,1,6.7,10.8
W004091,BPL,2026-01-11,Clear,0,9.3,35.2
W004092,BPL,2026-01-12,Fog,2,1.5,9.7
W004093,BPL,2026-01-13,Rain,1,6.1,34.3
W004094,BPL,2026-01-14,Clear,0,8.4,14.0
W004095,BPL,2026-01-15,Fog,2,0.9,9.4
W004096,BPL,2026-01-16,Clear,0,8.9,17.2
W004097,BPL,2026-01-17,Clear,0,9.3,19.6
W004098,BPL,2026-01-18,Fog,2,1.5,26.8
W004099,BPL,2026-01-19,Clear,0,9.2,31.9
W004100,BPL,2026-01-20,Clear,0,9.6,29.9
W004101,BPL,2026-01-21,Clear,0,8.6,11.7
W004102,BPL,2026-01-22,Clear,0,8.2,27.6
W004103,BPL,2026-01-23,Clear,0,8.2,36.2
W004104,BPL,2026-01-24,Heavy Rain,2,2.8,25.2
W004105,BPL,2026-01-25,Clear,0,8.6,20.4
W004106,BPL,2026-01-26,Clear,0,8.1,16.4
W004107,BPL,2026-01-27,Clear,0,9.8,40.5
W004108,BPL,2026-01-28,Rain,1,8.0,11.9
W004109,BPL,2026-01-29,Rain,1,4.4,11.5
W004110,BPL,2026-01-30,Clear,0,9.8,16.5
W004111,BPL,2026-01-31,Rain,1,4.5,21.4
W004112,BPL,2026-02-01,Fog,2,1.6,12.7
W004113,BPL,2026-02-02,Clear,0,9.7,35.2
W004114,BPL,2026-02-03,Heavy Rain,2,2.5,30.2
W004115,BPL,2026-02-04,Clear,0,9.3,22.5
W004116,BPL,2026-02-05,Clear,0,8.9,24.6
W004117,BPL,2026-02-06,Clear,0,8.1,8.7
W004118,BPL,2026-02-07,Heavy Rain,2,1.7,35.7
W004119,BPL,2026-02-08,Rain,1,6.0,41.1
W004120,BPL,2026-02-09,Clear,0,8.4,41.6
W004121,BPL,2026-02-10,Clear,0,8.4,33.6
W004122,BPL,2026-02-11,Rain,1,5.3,26.7
W004123,BPL,2026-02-12,Rain,1,4.8,13.7
W004124,BPL,2026-02-13,Heavy Rain,2,1.0,9.4
W004125,BPL,2026-02-14,Clear,0,9.8,25.7
W004126,BPL,2026-02-15,Clear,0,9.2,14.4
W004127,BPL,2026-02-16,Clear,0,8.4,35.7
W004128,BPL,2026-02-17,Storm,3,2.7,39.2
W004129,BPL,2026-02-18,Fog,2,1.6,34.6
W004130,BPL,2026-02-19,Clear,0,9.0,39.8
W004131,BPL,2026-02-20,Heavy Rain,2,2.2,33.2
W004132,BPL,2026-02-21,Clear,0,8.3,36.8
W004133,BPL,2026-02-22,Clear,0,8.1,15.1
W004134,BPL,2026-02-23,Rain,1,7.0,24.9
W004135,BPL,2026-02-24,Clear,0,9.3,20.1
W004136,BPL,2026-02-25,Clear,0,9.9,38.0
W004137,BPL,2026-02-26,Fog,2,1.5,34.8
W004138,BPL,2026-02-27,Clear,0,9.9,13.9
W004139,BPL,2026-02-28,Clear,0,9.1,25.9
W004140,BPL,2026-03-01,Clear,0,9.5,33.2
W004141,COR,2026-01-01,Heavy Rain,2,2.6,33.5
W004142,COR,2026-01-02,Fog,2,1.7,18.4
W004143,COR,2026-01-03,Heavy Rain,2,1.2,21.7
W004144,COR,2026-01-04,Storm,3,2.7,16.8
W004145,COR,2026-01-05,Heavy Rain,2,2.1,32.0
W004146,COR,2026-01-06,Clear,0,9.9,25.0
W004147,COR,2026-01-07,Clear,0,9.4,41.1
W004148,COR,2026-01-08,Clear,0,9.3,33.8
W004149,COR,2026-01-09,Clear,0,9.2,40.7
W004150,COR,2026-01-10,Clear,0,9.3,12.4
W004151,COR,2026-01-11,Clear,0,8.7,10.2
W004152,COR,2026-01-12,Clear,0,8.2,27.4
W004153,COR,2026-01-13,Clear,0,9.4,15.9
W004154,COR,2026-01-14,Storm,3,1.3,20.8
W004155,COR,2026-01-15,Rain,1,7.2,26.8
W004156,COR,2026-01-16,Rain,1,7.3,20.6
W004157,COR,2026-01-17,Clear,0,9.0,10.9
W004158,COR,2026-01-18,Storm,3,1.8,24.2
W004159,COR,2026-01-19,Clear,0,8.7,25.3
W004160,COR,2026-01-20,Heavy Rain,2,2.7,26.9
W004161,COR,2026-01-21,Rain,1,7.9,9.4
W004162,COR,2026-01-22,Clear,0,9.6,14.6
W004163,COR,2026-01-23,Clear,0,9.5,9.1
W004164,COR,2026-01-24,Fog,2,1.3,30.9
W004165,COR,2026-01-25,Clear,0,8.1,8.3
W004166,COR,2026-01-26,Storm,3,2.4,30.3
W004167,COR,2026-01-27,Clear,0,9.4,15.4
W004168,COR,2026-01-28,Clear,0,8.6,32.1
W004169,COR,2026-01-29,Rain,1,6.8,28.0
W004170,COR,2026-01-30,Fog,2,2.0,39.4
W004171,COR,2026-01-31,Rain,1,4.6,33.7
W004172,COR,2026-02-01,Clear,0,9.5,31.4
W004173,COR,2026-02-02,Clear,0,9.0,8.8
W004174,COR,2026-02-03,Rain,1,5.7,17.3
W004175,COR,2026-02-04,Fog,2,1.9,16.8
W004176,COR,2026-02-05,Clear,0,8.9,34.5
W004177,COR,2026-02-06,Clear,0,8.3,34.7
W004178,COR,2026-02-07,Clear,0,8.5,41.7
W004179,COR,2026-02-08,Fog,2,1.4,29.7
W004180,COR,2026-02-09,Clear,0,9.6,28.2
W004181,COR,2026-02-10,Rain,1,6.3,23.9
W004182,COR,2026-02-11,Clear,0,9.1,22.5
W004183,COR,2026-02-12,Storm,3,3.1,35.7
W004184,COR,2026-02-13,Clear,0,9.6,9.9
W004185,COR,2026-02-14,Clear,0,8.5,38.2
W004186,COR,2026-02-15,Heavy Rain,2,2.6,15.1
W004187,COR,2026-02-16,Clear,0,8.2,16.8
W004188,COR,2026-02-17,Clear,0,8.2,8.4
W004189,COR,2026-02-18,Clear,0,9.5,12.4
W004190,COR,2026-02-19,Clear,0,9.3,30.2
W004191,COR,2026-02-20,Fog,2,0.7,34.3
W004192,COR,2026-02-21,Clear,0,9.7,32.3
W004193,COR,2026-02-22,Clear,0,9.5,19.2
W004194,COR,2026-02-23,Clear,0,9.5,12.3
W004195,COR,2026-02-24,Clear,0,8.7,30.3
W004196,COR,2026-02-25,Storm,3,2.8,36.1
W004197,COR,2026-02-26,Clear,0,9.4,13.8
W004198,COR,2026-02-27,Clear,0,8.7,30.6
W004199,COR,2026-02-28,Clear,0,9.4,34.8
W004200,COR,2026-03-01,Heavy Rain,2,1.6,24.4
W004201,CDL,2026-01-01,Clear,0,9.8,22.5
W004202,CDL,2026-01-02,Heavy Rain,2,2.1,21.3
W004203,CDL,2026-01-03,Clear,0,8.3,24.9
W004204,CDL,2026-01-04,Clear,0,9.6,30.2
W004205,CDL,2026-01-05,Clear,0,9.2,13.3
W004206,CDL,2026-01-06,Clear,0,9.6,22.8
W004207,CDL,2026-01-07,Clear,0,10.0,16.6
W004208,CDL,2026-01-08,Clear,0,9.1,11.5
W004209,CDL,2026-01-09,Clear,0,8.4,30.1
W004210,CDL,2026-01-10,Clear,0,9.4,25.3
W004211,CDL,2026-01-11,Clear,0,9.9,39.4
W004212,CDL,2026-01-12,Clear,0,9.6,19.4
W004213,CDL,2026-01-13,Rain,1,7.0,32.9
W004214,CDL,2026-01-14,Fog,2,1.1,31.2
W004215,CDL,2026-01-15,Fog,2,0.6,39.7
W004216,CDL,2026-01-16,Clear,0,8.0,12.4
W004217,CDL,2026-01-17,Clear,0,8.9,41.3
W004218,CDL,2026-01-18,Clear,0,9.8,15.9
W004219,CDL,2026-01-19,Clear,0,8.2,12.5
W004220,CDL,2026-01-20,Rain,1,5.9,20.1
W004221,CDL,2026-01-21,Rain,1,7.9,22.3
W004222,CDL,2026-01-22,Clear,0,8.5,33.6
W004223,CDL,2026-01-23,Heavy Rain,2,2.5,40.8
W004224,CDL,2026-01-24,Clear,0,9.5,8.4
W004225,CDL,2026-01-25,Clear,0,9.0,16.5
W004226,CDL,2026-01-26,Storm,3,3.9,39.5
W004227,CDL,2026-01-27,Clear,0,9.7,8.9
W004228,CDL,2026-01-28,Clear,0,9.1,35.5
W004229,CDL,2026-01-29,Storm,3,3.5,38.8
W004230,CDL,2026-01-30,Clear,0,8.3,33.2
W004231,CDL,2026-01-31,Clear,0,8.1,41.9
W004232,CDL,2026-02-01,Clear,0,9.7,8.0
W004233,CDL,2026-02-02,Clear,0,8.3,40.1
W004234,CDL,2026-02-03,Clear,0,9.2,29.9
W004235,CDL,2026-02-04,Clear,0,8.8,29.1
W004236,CDL,2026-02-05,Rain,1,6.9,34.8
W004237,CDL,2026-02-06,Clear,0,8.3,22.8
W004238,CDL,2026-02-07,Clear,0,9.2,33.0
W004239,CDL,2026-02-08,Clear,0,8.4,30.1
W004240,CDL,2026-02-09,Clear,0,9.6,28.0
W004241,CDL,2026-02-10,Clear,0,8.2,38.6
W004242,CDL,2026-02-11,Clear,0,9.2,19.5
W004243,CDL,2026-02-12,Clear,0,8.2,15.7
W004244,CDL,2026-02-13,Clear,0,9.5,21.6
W004245,CDL,2026-02-14,Clear,0,9.8,37.2
W004246,CDL,2026-02-15,Fog,2,1.5,23.3
W004247,CDL,2026-02-16,Storm,3,2.3,25.4
W004248,CDL,2026-02-17,Heavy Rain,2,2.9,29.1
W004249,CDL,2026-02-18,Fog,2,1.0,41.3
W004250,CDL,2026-02-19,Clear,0,8.2,38.4
W004251,CDL,2026-02-20,Clear,0,8.9,11.7
W004252,CDL,2026-02-21,Rain,1,6.7,41.4
W004253,CDL,2026-02-22,Storm,3,2.4,28.0
W004254,CDL,2026-02-23,Clear,0,8.1,41.5
W004255,CDL,2026-02-24,Fog,2,1.9,40.6
W004256,CDL,2026-02-25,Rain,1,4.6,12.0
W004257,CDL,2026-02-26,Clear,0,9.8,8.9
W004258,CDL,2026-02-27,Rain,1,6.0,16.0
W004259,CDL,2026-02-28,Rain,1,7.1,32.6
W004260,CDL,2026-03-01,Clear,0,9.7,9.6
W004261,MAO,2026-01-01,Fog,2,1.7,35.9
W004262,MAO,2026-01-02,Clear,0,9.3,17.1
W004263,MAO,2026-01-03,Fog,2,1.6,8.9
W004264,MAO,2026-01-04,Clear,0,8.1,17.5
W004265,MAO,2026-01-05,Clear,0,9.7,32.8
W004266,MAO,2026-01-06,Rain,1,7.6,30.5
W004267,MAO,2026-01-07,Clear,0,9.7,37.7
W004268,MAO,2026-01-08,Fog,2,1.7,16.7
W004269,MAO,2026-01-09,Clear,0,9.0,25.0
W004270,MAO,2026-01-10,Clear,0,8.3,32.7
W004271,MAO,2026-01-11,Clear,0,9.0,10.8
W004272,MAO,2026-01-12,Clear,0,8.4,36.6
W004273,MAO,2026-01-13,Fog,2,1.0,15.2
W004274,MAO,2026-01-14,Storm,3,1.8,34.5
W004275,MAO,2026-01-15,Clear,0,9.8,33.0
W004276,MAO,2026-01-16,Clear,0,9.4,15.8
W004277,MAO,2026-01-17,Clear,0,8.2,24.7
W004278,MAO,2026-01-18,Rain,1,5.8,32.5
W004279,MAO,2026-01-19,Clear,0,9.7,25.0
W004280,MAO,2026-01-20,Rain,1,6.6,39.5
W004281,MAO,2026-01-21,Clear,0,8.7,28.2
W004282,MAO,2026-01-22,Clear,0,10.0,22.7
W004283,MAO,2026-01-23,Rain,1,6.8,26.2
W004284,MAO,2026-01-24,Rain,1,6.1,35.2
W004285,MAO,2026-01-25,Clear,0,8.8,37.5
W004286,MAO,2026-01-26,Clear,0,8.1,16.1
W004287,MAO,2026-01-27,Heavy Rain,2,1.2,8.7
W004288,MAO,2026-01-28,Clear,0,9.0,17.8
W004289,MAO,2026-01-29,Clear,0,8.8,16.6
W004290,MAO,2026-01-30,Clear,0,9.9,26.6
W004291,MAO,2026-01-31,Rain,1,7.7,40.5
W004292,MAO,2026-02-01,Fog,2,0.6,32.2
W004293,MAO,2026-02-02,Clear,0,9.4,26.2
W004294,MAO,2026-02-03,Clear,0,9.9,27.8
W004295,MAO,2026-02-04,Clear,0,9.6,18.4
W004296,MAO,2026-02-05,Clear,0,9.4,26.2
W004297,MAO,2026-02-06,Clear,0,9.1,22.8
W004298,MAO,2026-02-07,Clear,0,9.7,30.3
W004299,MAO,2026-02-08,Fog,2,0.3,29.1
W004300,MAO,2026-02-09,Heavy Rain,2,2.7,23.4
W004301,MAO,2026-02-10,Clear,0,8.3,29.6
W004302,MAO,2026-02-11,Fog,2,1.7,22.2
W004303,MAO,2026-02-12,Clear,0,8.1,28.5
W004304,MAO,2026-02-13,Storm,3,2.1,19.0
W004305,MAO,2026-02-14,Rain,1,5.1,40.1
W004306,MAO,2026-02-15,Clear,0,9.1,38.1
W004307,MAO,2026-02-16,Clear,0,8.4,40.5
W004308,MAO,2026-02-17,Clear,0,9.5,40.0
W004309,MAO,2026-02-18,Clear,0,9.6,14.9
W004310,MAO,2026-02-19,Clear,0,9.2,19.2
W004311,MAO,2026-02-20,Rain,1,4.5,24.6
W004312,MAO,2026-02-21,Clear,0,8.5,15.7
W004313,MAO,2026-02-22,Clear,0,9.1,21.8
W004314,MAO,2026-02-23,Clear,0,9.8,12.3
W004315,MAO,2026-02-24,Clear,0,8.9,29.8
W004316,MAO,2026-02-25,Clear,0,8.5,24.1
W004317,MAO,2026-02-26,Heavy Rain,2,2.8,35.6
W004318,MAO,2026-02-27,Clear,0,8.4,28.5
W004319,MAO,2026-02-28,Clear,0,8.9,28.4
W004320,MAO,2026-03-01,Clear,0,9.6,14.1
W004321,RN,2026-01-01,Rain,1,7.8,32.0
W004322,RN,2026-01-02,Heavy Rain,2,1.2,16.5
W004323,RN,2026-01-03,Clear,0,9.8,34.5
W004324,RN,2026-01-04,Heavy Rain,2,1.3,32.1
W004325,RN,2026-01-05,Clear,0,8.9,25.0
W004326,RN,2026-01-06,Clear,0,8.9,39.3
W004327,RN,2026-01-07,Clear,0,9.0,15.4
W004328,RN,2026-01-08,Clear,0,9.2,19.6
W004329,RN,2026-01-09,Rain,1,7.8,20.6
W004330,RN,2026-01-10,Clear,0,9.0,17.8
W004331,RN,2026-01-11,Heavy Rain,2,2.4,34.8
W004332,RN,2026-01-12,Rain,1,7.5,18.1
W004333,RN,2026-01-13,Clear,0,8.4,33.7
W004334,RN,2026-01-14,Heavy Rain,2,2.5,30.9
W004335,RN,2026-01-15,Clear,0,9.6,9.4
W004336,RN,2026-01-16,Fog,2,0.6,13.2
W004337,RN,2026-01-17,Clear,0,8.8,13.4
W004338,RN,2026-01-18,Storm,3,3.8,29.6
W004339,RN,2026-01-19,Heavy Rain,2,1.5,10.4
W004340,RN,2026-01-20,Clear,0,8.9,10.6
W004341,RN,2026-01-21,Rain,1,6.4,20.3
W004342,RN,2026-01-22,Rain,1,7.9,20.6
W004343,RN,2026-01-23,Clear,0,10.0,26.9
W004344,RN,2026-01-24,Clear,0,9.6,9.9
W004345,RN,2026-01-25,Clear,0,9.1,23.6
W004346,RN,2026-01-26,Clear,0,8.1,41.3
W004347,RN,2026-01-27,Clear,0,8.6,40.9
W004348,RN,2026-01-28,Clear,0,8.4,32.8
W004349,RN,2026-01-29,Clear,0,8.7,35.0
W004350,RN,2026-01-30,Clear,0,9.1,23.2
W004351,RN,2026-01-31,Heavy Rain,2,1.6,26.4
W004352,RN,2026-02-01,Rain,1,5.9,14.5
W004353,RN,2026-02-02,Rain,1,6.6,11.6
W004354,RN,2026-02-03,Clear,0,9.9,41.3
W004355,RN,2026-02-04,Fog,2,1.6,31.6
W004356,RN,2026-02-05,Fog,2,1.9,41.5
W004357,RN,2026-02-06,Fog,2,1.4,20.2
W004358,RN,2026-02-07,Clear,0,8.9,17.3
W004359,RN,2026-02-08,Heavy Rain,2,2.3,26.5
W004360,RN,2026-02-09,Clear,0,9.2,29.9
W004361,RN,2026-02-10,Rain,1,7.9,28.7
W004362,RN,2026-02-11,Heavy Rain,2,1.3,21.1
W004363,RN,2026-02-12,Clear,0,9.5,20.4
W004364,RN,2026-02-13,Clear,0,9.9,31.1
W004365,RN,2026-02-14,Clear,0,8.0,12.2
W004366,RN,2026-02-15,Clear,0,8.9,8.6
W004367,RN,2026-02-16,Heavy Rain,2,1.9,27.6
W004368,RN,2026-02-17,Rain,1,4.0,33.5
W004369,RN,2026-02-18,Fog,2,0.6,39.9
W004370,RN,2026-02-19,Heavy Rain,2,1.4,24.4
W004371,RN,2026-02-20,Clear,0,8.1,23.8
W004372,RN,2026-02-21,Clear,0,9.8,40.9
W004373,RN,2026-02-22,Fog,2,1.4,25.7
W004374,RN,2026-02-23,Fog,2,1.5,14.1
W004375,RN,2026-02-24,Clear,0,8.2,32.1
W004376,RN,2026-02-25,Clear,0,9.4,32.2
W004377,RN,2026-02-26,Clear,0,8.7,11.4
W004378,RN,2026-02-27,Clear,0,8.7,38.3
W004379,RN,2026-02-28,Clear,0,8.1,35.3
W004380,RN,2026-03-01,Storm,3,3.9,8.2
